[2026-09-03T12:35:40.858+0800][0.005s][info][gc,init] CardTable entry size: 512
[2026-09-03T12:35:40.858+0800][0.005s][info][gc     ] Using G1
[2026-09-03T12:35:40.858+0800][0.006s][info][gc,init] Version: 26+35-2893 (release)
[2026-09-03T12:35:40.858+0800][0.006s][info][gc,init] CPUs: 10 total, 10 available
[2026-09-03T12:35:40.858+0800][0.006s][info][gc,init] Memory: 16384M
[2026-09-03T12:35:40.858+0800][0.006s][info][gc,init] Large Page Support: Disabled
[2026-09-03T12:35:40.858+0800][0.006s][info][gc,init] NUMA Support: Disabled
[2026-09-03T12:35:40.858+0800][0.006s][info][gc,init] Compressed Oops: Enabled (Zero based)
[2026-09-03T12:35:40.858+0800][0.006s][info][gc,init] Heap Region Size: 1M
[2026-09-03T12:35:40.858+0800][0.006s][info][gc,init] Heap Min Capacity: 256M
[2026-09-03T12:35:40.858+0800][0.006s][info][gc,init] Heap Initial Capacity: 256M
[2026-09-03T12:35:40.858+0800][0.006s][info][gc,init] Heap Max Capacity: 256M
[2026-09-03T12:35:40.858+0800][0.006s][info][gc,init] Pre-touch: Disabled
[2026-09-03T12:35:40.858+0800][0.006s][info][gc,init] Parallel Workers: 9
[2026-09-03T12:35:40.858+0800][0.006s][info][gc,init] Concurrent Workers: 2
[2026-09-03T12:35:40.858+0800][0.006s][info][gc,init] Concurrent Refinement Workers: 9
[2026-09-03T12:35:40.858+0800][0.006s][info][gc,init] Periodic GC: Disabled
[2026-09-03T12:35:40.861+0800][0.008s][info][gc,metaspace] CDS archive(s) mapped at: [0x00003e0000000000-0x00003e0000dac000-0x00003e0000dac000), size 14336000, SharedBaseAddress: 0x00003e0000000000, ArchiveRelocationMode: 1.
[2026-09-03T12:35:40.861+0800][0.008s][info][gc,metaspace] Compressed class space mapped at: 0x00003e0001000000-0x00003e0041000000, reserved size: 1073741824
[2026-09-03T12:35:40.861+0800][0.008s][info][gc,metaspace] UseCompressedClassPointers 1, UseCompactObjectHeaders 0
[2026-09-03T12:35:40.861+0800][0.008s][info][gc,metaspace] Narrow klass pointer bits 32, Max shift 3
[2026-09-03T12:35:40.861+0800][0.008s][info][gc,metaspace] Narrow klass base: 0x00003e0000000000, Narrow klass shift: 0
[2026-09-03T12:35:40.861+0800][0.008s][info][gc,metaspace] Encoding Range: [0x00003e0000000000 - 0x00003e0100000000), (4294967296 bytes)
[2026-09-03T12:35:40.861+0800][0.008s][info][gc,metaspace] Klass Range:    [0x00003e0000000000 - 0x00003e0041000000), (1090519040 bytes)
[2026-09-03T12:35:40.861+0800][0.008s][info][gc,metaspace] Klass ID Range:  [8 - 1090519033) (1090519025)
[2026-09-03T12:35:40.861+0800][0.008s][info][gc,metaspace] Protection zone: [0x00003e0000000000 - 0x00003e0000004000), (16384 bytes)
[2026-09-03T12:35:40.990+0800][0.138s][info][gc,start    ] GC(0) Pause Young (Normal) (G1 Evacuation Pause)
[2026-09-03T12:35:40.991+0800][0.138s][info][gc,task     ] GC(0) Using 9 workers of 9 for evacuation
[2026-09-03T12:35:40.992+0800][0.140s][info][gc,phases   ] GC(0)   Pre Evacuate Collection Set: 0.06ms
[2026-09-03T12:35:40.992+0800][0.140s][info][gc,phases   ] GC(0)   Merge Heap Roots: 0.05ms
[2026-09-03T12:35:40.992+0800][0.140s][info][gc,phases   ] GC(0)   Evacuate Collection Set: 1.38ms
[2026-09-03T12:35:40.992+0800][0.140s][info][gc,phases   ] GC(0)   Post Evacuate Collection Set: 0.09ms
[2026-09-03T12:35:40.992+0800][0.140s][info][gc,phases   ] GC(0)   Other: 0.26ms
[2026-09-03T12:35:40.992+0800][0.140s][info][gc,heap     ] GC(0) Eden regions: 47->0(105)
[2026-09-03T12:35:40.992+0800][0.140s][info][gc,heap     ] GC(0) Survivor regions: 0->6(6)
[2026-09-03T12:35:40.992+0800][0.140s][info][gc,heap     ] GC(0) Old regions: 2->5
[2026-09-03T12:35:40.992+0800][0.140s][info][gc,heap     ] GC(0) Humongous regions: 0->0
[2026-09-03T12:35:40.992+0800][0.140s][info][gc,metaspace] GC(0) Metaspace: 1035K(1152K)->1035K(1152K) NonClass: 970K(1024K)->970K(1024K) Class: 64K(128K)->64K(128K)
[2026-09-03T12:35:40.992+0800][0.140s][info][gc          ] GC(0) Pause Young (Normal) (G1 Evacuation Pause) 48M->10M(256M) 2.110ms
[2026-09-03T12:35:40.992+0800][0.140s][info][gc,cpu      ] GC(0) User=0.01s Sys=0.00s Real=0.00s
[2026-09-03T12:35:40.992+0800][0.140s][info][safepoint   ] Safepoint "G1CollectForAllocation", Time since last: 127025500 ns, Reaching safepoint: 25875 ns, At safepoint: 2176750 ns, Leaving safepoint: 36750 ns, Total: 2239375 ns, Threads: 0 runnable, 44 total
[2026-09-03T12:35:41.093+0800][0.240s][info][gc,start    ] GC(1) Pause Young (Normal) (G1 Evacuation Pause)
[2026-09-03T12:35:41.093+0800][0.240s][info][gc,task     ] GC(1) Using 9 workers of 9 for evacuation
[2026-09-03T12:35:41.097+0800][0.244s][info][gc,phases   ] GC(1)   Pre Evacuate Collection Set: 0.06ms
[2026-09-03T12:35:41.097+0800][0.244s][info][gc,phases   ] GC(1)   Merge Heap Roots: 0.02ms
[2026-09-03T12:35:41.097+0800][0.244s][info][gc,phases   ] GC(1)   Evacuate Collection Set: 3.62ms
[2026-09-03T12:35:41.097+0800][0.244s][info][gc,phases   ] GC(1)   Post Evacuate Collection Set: 0.16ms
[2026-09-03T12:35:41.097+0800][0.244s][info][gc,phases   ] GC(1)   Other: 0.09ms
[2026-09-03T12:35:41.097+0800][0.244s][info][gc,heap     ] GC(1) Eden regions: 105->0(118)
[2026-09-03T12:35:41.097+0800][0.244s][info][gc,heap     ] GC(1) Survivor regions: 6->14(14)
[2026-09-03T12:35:41.097+0800][0.244s][info][gc,heap     ] GC(1) Old regions: 5->19
[2026-09-03T12:35:41.097+0800][0.244s][info][gc,heap     ] GC(1) Humongous regions: 0->0
[2026-09-03T12:35:41.097+0800][0.244s][info][gc,metaspace] GC(1) Metaspace: 1046K(1216K)->1046K(1216K) NonClass: 981K(1088K)->981K(1088K) Class: 64K(128K)->64K(128K)
[2026-09-03T12:35:41.097+0800][0.244s][info][gc          ] GC(1) Pause Young (Normal) (G1 Evacuation Pause) 115M->31M(256M) 4.160ms
[2026-09-03T12:35:41.097+0800][0.244s][info][gc,cpu      ] GC(1) User=0.02s Sys=0.01s Real=0.00s
[2026-09-03T12:35:41.097+0800][0.245s][info][safepoint   ] Safepoint "G1CollectForAllocation", Time since last: 100366167 ns, Reaching safepoint: 29625 ns, At safepoint: 4203792 ns, Leaving safepoint: 30791 ns, Total: 4264208 ns, Threads: 1 runnable, 44 total
[2026-09-03T12:35:41.209+0800][0.356s][info][gc,start    ] GC(2) Pause Young (Normal) (G1 Evacuation Pause)
[2026-09-03T12:35:41.209+0800][0.356s][info][gc,task     ] GC(2) Using 9 workers of 9 for evacuation
[2026-09-03T12:35:41.214+0800][0.361s][info][gc,phases   ] GC(2)   Pre Evacuate Collection Set: 0.04ms
[2026-09-03T12:35:41.214+0800][0.361s][info][gc,phases   ] GC(2)   Merge Heap Roots: 0.06ms
[2026-09-03T12:35:41.214+0800][0.361s][info][gc,phases   ] GC(2)   Evacuate Collection Set: 4.35ms
[2026-09-03T12:35:41.214+0800][0.361s][info][gc,phases   ] GC(2)   Post Evacuate Collection Set: 0.15ms
[2026-09-03T12:35:41.214+0800][0.361s][info][gc,phases   ] GC(2)   Other: 0.06ms
[2026-09-03T12:35:41.214+0800][0.361s][info][gc,heap     ] GC(2) Eden regions: 118->0(115)
[2026-09-03T12:35:41.214+0800][0.361s][info][gc,heap     ] GC(2) Survivor regions: 14->17(17)
[2026-09-03T12:35:41.214+0800][0.361s][info][gc,heap     ] GC(2) Old regions: 19->40
[2026-09-03T12:35:41.214+0800][0.361s][info][gc,heap     ] GC(2) Humongous regions: 0->0
[2026-09-03T12:35:41.214+0800][0.361s][info][gc,metaspace] GC(2) Metaspace: 1046K(1216K)->1046K(1216K) NonClass: 981K(1088K)->981K(1088K) Class: 64K(128K)->64K(128K)
[2026-09-03T12:35:41.214+0800][0.361s][info][gc          ] GC(2) Pause Young (Normal) (G1 Evacuation Pause) 149M->56M(256M) 4.823ms
[2026-09-03T12:35:41.214+0800][0.361s][info][gc,cpu      ] GC(2) User=0.02s Sys=0.01s Real=0.01s
[2026-09-03T12:35:41.214+0800][0.361s][info][safepoint   ] Safepoint "G1CollectForAllocation", Time since last: 111665875 ns, Reaching safepoint: 32000 ns, At safepoint: 4881709 ns, Leaving safepoint: 23125 ns, Total: 4936834 ns, Threads: 5 runnable, 44 total
[2026-09-03T12:35:41.329+0800][0.476s][info][gc,start    ] GC(3) Pause Young (Normal) (G1 Evacuation Pause)
[2026-09-03T12:35:41.329+0800][0.476s][info][gc,task     ] GC(3) Using 9 workers of 9 for evacuation
[2026-09-03T12:35:41.334+0800][0.481s][info][gc,phases   ] GC(3)   Pre Evacuate Collection Set: 0.06ms
[2026-09-03T12:35:41.334+0800][0.481s][info][gc,phases   ] GC(3)   Merge Heap Roots: 0.02ms
[2026-09-03T12:35:41.334+0800][0.481s][info][gc,phases   ] GC(3)   Evacuate Collection Set: 4.60ms
[2026-09-03T12:35:41.334+0800][0.481s][info][gc,phases   ] GC(3)   Post Evacuate Collection Set: 0.12ms
[2026-09-03T12:35:41.334+0800][0.481s][info][gc,phases   ] GC(3)   Other: 0.05ms
[2026-09-03T12:35:41.334+0800][0.481s][info][gc,heap     ] GC(3) Eden regions: 115->0(110)
[2026-09-03T12:35:41.334+0800][0.481s][info][gc,heap     ] GC(3) Survivor regions: 17->17(17)
[2026-09-03T12:35:41.334+0800][0.481s][info][gc,heap     ] GC(3) Old regions: 40->62
[2026-09-03T12:35:41.334+0800][0.481s][info][gc,heap     ] GC(3) Humongous regions: 1->1
[2026-09-03T12:35:41.334+0800][0.481s][info][gc,metaspace] GC(3) Metaspace: 1059K(1216K)->1059K(1216K) NonClass: 994K(1088K)->994K(1088K) Class: 64K(128K)->64K(128K)
[2026-09-03T12:35:41.334+0800][0.481s][info][gc          ] GC(3) Pause Young (Normal) (G1 Evacuation Pause) 172M->79M(256M) 4.985ms
[2026-09-03T12:35:41.334+0800][0.481s][info][gc,cpu      ] GC(3) User=0.02s Sys=0.01s Real=0.01s
[2026-09-03T12:35:41.334+0800][0.481s][info][safepoint   ] Safepoint "G1CollectForAllocation", Time since last: 115092416 ns, Reaching safepoint: 59834 ns, At safepoint: 5010708 ns, Leaving safepoint: 27000 ns, Total: 5097542 ns, Threads: 2 runnable, 44 total
[2026-09-03T12:35:41.438+0800][0.586s][info][gc,start    ] GC(4) Pause Young (Normal) (G1 Evacuation Pause)
[2026-09-03T12:35:41.438+0800][0.586s][info][gc,task     ] GC(4) Using 9 workers of 9 for evacuation
[2026-09-03T12:35:41.443+0800][0.590s][info][gc,phases   ] GC(4)   Pre Evacuate Collection Set: 0.04ms
[2026-09-03T12:35:41.443+0800][0.590s][info][gc,phases   ] GC(4)   Merge Heap Roots: 0.04ms
[2026-09-03T12:35:41.443+0800][0.590s][info][gc,phases   ] GC(4)   Evacuate Collection Set: 3.98ms
[2026-09-03T12:35:41.443+0800][0.590s][info][gc,phases   ] GC(4)   Post Evacuate Collection Set: 0.09ms
[2026-09-03T12:35:41.443+0800][0.590s][info][gc,phases   ] GC(4)   Other: 0.07ms
[2026-09-03T12:35:41.443+0800][0.590s][info][gc,heap     ] GC(4) Eden regions: 110->0(101)
[2026-09-03T12:35:41.443+0800][0.590s][info][gc,heap     ] GC(4) Survivor regions: 17->16(16)
[2026-09-03T12:35:41.443+0800][0.590s][info][gc,heap     ] GC(4) Old regions: 62->85
[2026-09-03T12:35:41.443+0800][0.590s][info][gc,heap     ] GC(4) Humongous regions: 1->1
[2026-09-03T12:35:41.443+0800][0.590s][info][gc,metaspace] GC(4) Metaspace: 1059K(1216K)->1059K(1216K) NonClass: 994K(1088K)->994K(1088K) Class: 64K(128K)->64K(128K)
[2026-09-03T12:35:41.443+0800][0.590s][info][gc          ] GC(4) Pause Young (Normal) (G1 Evacuation Pause) 189M->100M(256M) 4.361ms
[2026-09-03T12:35:41.443+0800][0.590s][info][gc,cpu      ] GC(4) User=0.03s Sys=0.01s Real=0.01s
[2026-09-03T12:35:41.443+0800][0.590s][info][safepoint   ] Safepoint "G1CollectForAllocation", Time since last: 104359375 ns, Reaching safepoint: 36792 ns, At safepoint: 4393458 ns, Leaving safepoint: 29292 ns, Total: 4459542 ns, Threads: 4 runnable, 44 total
[2026-09-03T12:35:41.536+0800][0.684s][info][gc,start    ] GC(5) Pause Young (Normal) (G1 Evacuation Pause)
[2026-09-03T12:35:41.536+0800][0.684s][info][gc,task     ] GC(5) Using 9 workers of 9 for evacuation
[2026-09-03T12:35:41.541+0800][0.688s][info][gc,phases   ] GC(5)   Pre Evacuate Collection Set: 0.04ms
[2026-09-03T12:35:41.541+0800][0.688s][info][gc,phases   ] GC(5)   Merge Heap Roots: 0.04ms
[2026-09-03T12:35:41.541+0800][0.688s][info][gc,phases   ] GC(5)   Evacuate Collection Set: 4.23ms
[2026-09-03T12:35:41.541+0800][0.688s][info][gc,phases   ] GC(5)   Post Evacuate Collection Set: 0.10ms
[2026-09-03T12:35:41.541+0800][0.688s][info][gc,phases   ] GC(5)   Other: 0.07ms
[2026-09-03T12:35:41.541+0800][0.688s][info][gc,heap     ] GC(5) Eden regions: 101->0(89)
[2026-09-03T12:35:41.541+0800][0.688s][info][gc,heap     ] GC(5) Survivor regions: 16->15(15)
[2026-09-03T12:35:41.541+0800][0.688s][info][gc,heap     ] GC(5) Old regions: 85->106
[2026-09-03T12:35:41.541+0800][0.688s][info][gc,heap     ] GC(5) Humongous regions: 1->1
[2026-09-03T12:35:41.541+0800][0.688s][info][gc,metaspace] GC(5) Metaspace: 1059K(1216K)->1059K(1216K) NonClass: 994K(1088K)->994K(1088K) Class: 64K(128K)->64K(128K)
[2026-09-03T12:35:41.541+0800][0.688s][info][gc          ] GC(5) Pause Young (Normal) (G1 Evacuation Pause) 201M->121M(256M) 4.629ms
[2026-09-03T12:35:41.541+0800][0.688s][info][gc,cpu      ] GC(5) User=0.03s Sys=0.00s Real=0.01s
[2026-09-03T12:35:41.541+0800][0.688s][info][safepoint   ] Safepoint "G1CollectForAllocation", Time since last: 93424833 ns, Reaching safepoint: 43042 ns, At safepoint: 4668541 ns, Leaving safepoint: 25917 ns, Total: 4737500 ns, Threads: 2 runnable, 43 total
[2026-09-03T12:35:41.625+0800][0.772s][info][gc,start    ] GC(6) Pause Young (Normal) (G1 Evacuation Pause)
[2026-09-03T12:35:41.625+0800][0.772s][info][gc,task     ] GC(6) Using 9 workers of 9 for evacuation
[2026-09-03T12:35:41.627+0800][0.775s][info][gc,phases   ] GC(6)   Pre Evacuate Collection Set: 0.04ms
[2026-09-03T12:35:41.627+0800][0.775s][info][gc,phases   ] GC(6)   Merge Heap Roots: 0.03ms
[2026-09-03T12:35:41.627+0800][0.775s][info][gc,phases   ] GC(6)   Evacuate Collection Set: 2.26ms
[2026-09-03T12:35:41.627+0800][0.775s][info][gc,phases   ] GC(6)   Post Evacuate Collection Set: 0.09ms
[2026-09-03T12:35:41.627+0800][0.775s][info][gc,phases   ] GC(6)   Other: 0.05ms
[2026-09-03T12:35:41.627+0800][0.775s][info][gc,heap     ] GC(6) Eden regions: 89->0(77)
[2026-09-03T12:35:41.627+0800][0.775s][info][gc,heap     ] GC(6) Survivor regions: 15->13(13)
[2026-09-03T12:35:41.627+0800][0.775s][info][gc,heap     ] GC(6) Old regions: 106->127
[2026-09-03T12:35:41.628+0800][0.775s][info][gc,heap     ] GC(6) Humongous regions: 1->1
[2026-09-03T12:35:41.628+0800][0.775s][info][gc,metaspace] GC(6) Metaspace: 1059K(1216K)->1059K(1216K) NonClass: 994K(1088K)->994K(1088K) Class: 64K(128K)->64K(128K)
[2026-09-03T12:35:41.628+0800][0.775s][info][gc          ] GC(6) Pause Young (Normal) (G1 Evacuation Pause) 210M->140M(256M) 2.608ms
[2026-09-03T12:35:41.628+0800][0.775s][info][gc,cpu      ] GC(6) User=0.02s Sys=0.00s Real=0.00s
[2026-09-03T12:35:41.628+0800][0.775s][info][safepoint   ] Safepoint "G1CollectForAllocation", Time since last: 83939917 ns, Reaching safepoint: 66791 ns, At safepoint: 2647792 ns, Leaving safepoint: 36708 ns, Total: 2751291 ns, Threads: 1 runnable, 42 total
[2026-09-03T12:35:41.700+0800][0.847s][info][gc,start    ] GC(7) Pause Young (Concurrent Start) (G1 Evacuation Pause)
[2026-09-03T12:35:41.700+0800][0.847s][info][gc,task     ] GC(7) Using 9 workers of 9 for evacuation
[2026-09-03T12:35:41.702+0800][0.850s][info][gc,phases   ] GC(7)   Pre Evacuate Collection Set: 0.10ms
[2026-09-03T12:35:41.702+0800][0.850s][info][gc,phases   ] GC(7)   Merge Heap Roots: 0.03ms
[2026-09-03T12:35:41.702+0800][0.850s][info][gc,phases   ] GC(7)   Evacuate Collection Set: 2.19ms
[2026-09-03T12:35:41.702+0800][0.850s][info][gc,phases   ] GC(7)   Post Evacuate Collection Set: 0.09ms
[2026-09-03T12:35:41.702+0800][0.850s][info][gc,phases   ] GC(7)   Other: 0.06ms
[2026-09-03T12:35:41.702+0800][0.850s][info][gc,heap     ] GC(7) Eden regions: 77->0(67)
[2026-09-03T12:35:41.702+0800][0.850s][info][gc,heap     ] GC(7) Survivor regions: 13->12(12)
[2026-09-03T12:35:41.702+0800][0.850s][info][gc,heap     ] GC(7) Old regions: 127->144
[2026-09-03T12:35:41.702+0800][0.850s][info][gc,heap     ] GC(7) Humongous regions: 1->1
[2026-09-03T12:35:41.702+0800][0.850s][info][gc,metaspace] GC(7) Metaspace: 1059K(1216K)->1059K(1216K) NonClass: 994K(1088K)->994K(1088K) Class: 64K(128K)->64K(128K)
[2026-09-03T12:35:41.702+0800][0.850s][info][gc          ] GC(7) Pause Young (Concurrent Start) (G1 Evacuation Pause) 217M->156M(256M) 2.583ms
[2026-09-03T12:35:41.702+0800][0.850s][info][gc,cpu      ] GC(7) User=0.01s Sys=0.00s Real=0.00s
[2026-09-03T12:35:41.702+0800][0.850s][info][gc          ] GC(8) Concurrent Mark Cycle
[2026-09-03T12:35:41.702+0800][0.850s][info][gc,marking  ] GC(8) Concurrent Scan Root Regions
[2026-09-03T12:35:41.702+0800][0.850s][info][safepoint   ] Safepoint "G1CollectForAllocation", Time since last: 72158084 ns, Reaching safepoint: 26500 ns, At safepoint: 2615500 ns, Leaving safepoint: 17250 ns, Total: 2659250 ns, Threads: 3 runnable, 42 total
[2026-09-03T12:35:41.704+0800][0.852s][info][gc,marking  ] GC(8) Concurrent Scan Root Regions 2.058ms
[2026-09-03T12:35:41.704+0800][0.852s][info][gc,marking  ] GC(8) Concurrent Mark
[2026-09-03T12:35:41.704+0800][0.852s][info][gc,marking  ] GC(8) Concurrent Mark From Roots
[2026-09-03T12:35:41.704+0800][0.852s][info][gc,task     ] GC(8) Concurrent Mark Using 2 of 2 Workers
[2026-09-03T12:35:41.712+0800][0.860s][info][gc,marking  ] GC(8) Concurrent Mark From Roots 7.957ms
[2026-09-03T12:35:41.713+0800][0.860s][info][gc,marking  ] GC(8) Concurrent Preclean
[2026-09-03T12:35:41.713+0800][0.860s][info][gc,marking  ] GC(8) Concurrent Preclean 0.026ms
[2026-09-03T12:35:41.713+0800][0.860s][info][gc,start    ] GC(8) Pause Remark
[2026-09-03T12:35:41.713+0800][0.861s][info][gc          ] GC(8) Pause Remark 166M->166M(256M) 0.486ms
[2026-09-03T12:35:41.713+0800][0.861s][info][gc,cpu      ] GC(8) User=0.00s Sys=0.00s Real=0.00s
[2026-09-03T12:35:41.713+0800][0.861s][info][safepoint   ] Safepoint "G1PauseRemark", Time since last: 10176166 ns, Reaching safepoint: 27875 ns, At safepoint: 510667 ns, Leaving safepoint: 22625 ns, Total: 561167 ns, Threads: 3 runnable, 42 total
[2026-09-03T12:35:41.713+0800][0.861s][info][gc,marking  ] GC(8) Concurrent Mark 8.673ms
[2026-09-03T12:35:41.713+0800][0.861s][info][gc,marking  ] GC(8) Concurrent Rebuild Remembered Sets and Scrub Regions
[2026-09-03T12:35:41.721+0800][0.869s][info][gc,marking  ] GC(8) Concurrent Rebuild Remembered Sets and Scrub Regions 8.002ms
[2026-09-03T12:35:41.721+0800][0.869s][info][gc,start    ] GC(8) Pause Cleanup
[2026-09-03T12:35:41.721+0800][0.869s][info][gc          ] GC(8) Pause Cleanup 175M->175M(256M) 0.045ms
[2026-09-03T12:35:41.721+0800][0.869s][info][gc,cpu      ] GC(8) User=0.00s Sys=0.00s Real=0.00s
[2026-09-03T12:35:41.721+0800][0.869s][info][safepoint   ] Safepoint "G1PauseCleanup", Time since last: 8122833 ns, Reaching safepoint: 94792 ns, At safepoint: 76000 ns, Leaving safepoint: 25625 ns, Total: 196417 ns, Threads: 3 runnable, 42 total
[2026-09-03T12:35:41.721+0800][0.869s][info][gc,marking  ] GC(8) Concurrent Clear Claimed Marks
[2026-09-03T12:35:41.721+0800][0.869s][info][gc,marking  ] GC(8) Concurrent Clear Claimed Marks 0.008ms
[2026-09-03T12:35:41.721+0800][0.869s][info][gc,marking  ] GC(8) Concurrent Cleanup for Next Mark
[2026-09-03T12:35:41.722+0800][0.869s][info][gc,marking  ] GC(8) Concurrent Cleanup for Next Mark 0.198ms
[2026-09-03T12:35:41.722+0800][0.869s][info][gc          ] GC(8) Concurrent Mark Cycle 19.342ms
[2026-09-03T12:35:41.767+0800][0.915s][info][gc,start    ] GC(9) Pause Young (Prepare Mixed) (G1 Evacuation Pause)
[2026-09-03T12:35:41.767+0800][0.915s][info][gc,task     ] GC(9) Using 9 workers of 9 for evacuation
[2026-09-03T12:35:41.769+0800][0.917s][info][gc,phases   ] GC(9)   Pre Evacuate Collection Set: 0.09ms
[2026-09-03T12:35:41.769+0800][0.917s][info][gc,phases   ] GC(9)   Merge Heap Roots: 0.03ms
[2026-09-03T12:35:41.769+0800][0.917s][info][gc,phases   ] GC(9)   Evacuate Collection Set: 1.81ms
[2026-09-03T12:35:41.769+0800][0.917s][info][gc,phases   ] GC(9)   Post Evacuate Collection Set: 0.08ms
[2026-09-03T12:35:41.769+0800][0.917s][info][gc,phases   ] GC(9)   Other: 0.06ms
[2026-09-03T12:35:41.769+0800][0.917s][info][gc,heap     ] GC(9) Eden regions: 67->0(58)
[2026-09-03T12:35:41.769+0800][0.917s][info][gc,heap     ] GC(9) Survivor regions: 12->10(10)
[2026-09-03T12:35:41.769+0800][0.917s][info][gc,heap     ] GC(9) Old regions: 144->160
[2026-09-03T12:35:41.769+0800][0.917s][info][gc,heap     ] GC(9) Humongous regions: 1->1
[2026-09-03T12:35:41.769+0800][0.917s][info][gc,metaspace] GC(9) Metaspace: 1059K(1216K)->1059K(1216K) NonClass: 994K(1088K)->994K(1088K) Class: 64K(128K)->64K(128K)
[2026-09-03T12:35:41.769+0800][0.917s][info][gc          ] GC(9) Pause Young (Prepare Mixed) (G1 Evacuation Pause) 223M->169M(256M) 2.164ms
[2026-09-03T12:35:41.769+0800][0.917s][info][gc,cpu      ] GC(9) User=0.01s Sys=0.00s Real=0.00s
[2026-09-03T12:35:41.770+0800][0.917s][info][safepoint   ] Safepoint "G1CollectForAllocation", Time since last: 45807458 ns, Reaching safepoint: 41709 ns, At safepoint: 2190458 ns, Leaving safepoint: 21000 ns, Total: 2253167 ns, Threads: 1 runnable, 42 total
[2026-09-03T12:35:41.824+0800][0.971s][info][gc,start    ] GC(10) Pause Young (Mixed) (G1 Evacuation Pause)
[2026-09-03T12:35:41.824+0800][0.971s][info][gc,task     ] GC(10) Using 9 workers of 9 for evacuation
[2026-09-03T12:35:41.826+0800][0.973s][info][gc,phases   ] GC(10)   Pre Evacuate Collection Set: 0.07ms
[2026-09-03T12:35:41.826+0800][0.973s][info][gc,phases   ] GC(10)   Merge Heap Roots: 0.03ms
[2026-09-03T12:35:41.826+0800][0.973s][info][gc,phases   ] GC(10)   Evacuate Collection Set: 1.74ms
[2026-09-03T12:35:41.826+0800][0.973s][info][gc,phases   ] GC(10)   Post Evacuate Collection Set: 0.10ms
[2026-09-03T12:35:41.826+0800][0.973s][info][gc,phases   ] GC(10)   Other: 0.06ms
[2026-09-03T12:35:41.826+0800][0.973s][info][gc,heap     ] GC(10) Eden regions: 58->0(69)
[2026-09-03T12:35:41.826+0800][0.973s][info][gc,heap     ] GC(10) Survivor regions: 10->9(9)
[2026-09-03T12:35:41.826+0800][0.973s][info][gc,heap     ] GC(10) Old regions: 160->146
[2026-09-03T12:35:41.826+0800][0.973s][info][gc,heap     ] GC(10) Humongous regions: 1->1
[2026-09-03T12:35:41.826+0800][0.973s][info][gc,metaspace] GC(10) Metaspace: 1059K(1216K)->1059K(1216K) NonClass: 994K(1088K)->994K(1088K) Class: 64K(128K)->64K(128K)
[2026-09-03T12:35:41.826+0800][0.973s][info][gc          ] GC(10) Pause Young (Mixed) (G1 Evacuation Pause) 227M->154M(256M) 2.115ms
[2026-09-03T12:35:41.826+0800][0.973s][info][gc,cpu      ] GC(10) User=0.02s Sys=0.00s Real=0.00s
[2026-09-03T12:35:41.826+0800][0.973s][info][safepoint   ] Safepoint "G1CollectForAllocation", Time since last: 54134958 ns, Reaching safepoint: 110375 ns, At safepoint: 2141959 ns, Leaving safepoint: 23458 ns, Total: 2275792 ns, Threads: 2 runnable, 42 total
[2026-09-03T12:35:41.890+0800][1.037s][info][gc,start    ] GC(11) Pause Young (Mixed) (G1 Evacuation Pause)
[2026-09-03T12:35:41.890+0800][1.037s][info][gc,task     ] GC(11) Using 9 workers of 9 for evacuation
[2026-09-03T12:35:41.892+0800][1.040s][info][gc,phases   ] GC(11)   Pre Evacuate Collection Set: 0.06ms
[2026-09-03T12:35:41.892+0800][1.040s][info][gc,phases   ] GC(11)   Merge Heap Roots: 0.05ms
[2026-09-03T12:35:41.892+0800][1.040s][info][gc,phases   ] GC(11)   Evacuate Collection Set: 2.06ms
[2026-09-03T12:35:41.892+0800][1.040s][info][gc,phases   ] GC(11)   Post Evacuate Collection Set: 0.10ms
[2026-09-03T12:35:41.892+0800][1.040s][info][gc,phases   ] GC(11)   Other: 0.07ms
[2026-09-03T12:35:41.892+0800][1.040s][info][gc,heap     ] GC(11) Eden regions: 69->0(79)
[2026-09-03T12:35:41.892+0800][1.040s][info][gc,heap     ] GC(11) Survivor regions: 9->10(10)
[2026-09-03T12:35:41.892+0800][1.040s][info][gc,heap     ] GC(11) Old regions: 146->131
[2026-09-03T12:35:41.892+0800][1.040s][info][gc,heap     ] GC(11) Humongous regions: 1->1
[2026-09-03T12:35:41.892+0800][1.040s][info][gc,metaspace] GC(11) Metaspace: 1059K(1216K)->1059K(1216K) NonClass: 994K(1088K)->994K(1088K) Class: 64K(128K)->64K(128K)
[2026-09-03T12:35:41.892+0800][1.040s][info][gc          ] GC(11) Pause Young (Mixed) (G1 Evacuation Pause) 223M->140M(256M) 2.452ms
[2026-09-03T12:35:41.892+0800][1.040s][info][gc,cpu      ] GC(11) User=0.02s Sys=0.01s Real=0.00s
[2026-09-03T12:35:41.892+0800][1.040s][info][safepoint   ] Safepoint "G1CollectForAllocation", Time since last: 63777292 ns, Reaching safepoint: 39208 ns, At safepoint: 2491083 ns, Leaving safepoint: 80084 ns, Total: 2610375 ns, Threads: 2 runnable, 42 total
[2026-09-03T12:35:41.966+0800][1.114s][info][gc,start    ] GC(12) Pause Young (Mixed) (G1 Evacuation Pause)
[2026-09-03T12:35:41.966+0800][1.114s][info][gc,task     ] GC(12) Using 9 workers of 9 for evacuation
[2026-09-03T12:35:41.968+0800][1.116s][info][gc,phases   ] GC(12)   Pre Evacuate Collection Set: 0.07ms
[2026-09-03T12:35:41.968+0800][1.116s][info][gc,phases   ] GC(12)   Merge Heap Roots: 0.03ms
[2026-09-03T12:35:41.968+0800][1.116s][info][gc,phases   ] GC(12)   Evacuate Collection Set: 1.90ms
[2026-09-03T12:35:41.968+0800][1.116s][info][gc,phases   ] GC(12)   Post Evacuate Collection Set: 0.11ms
[2026-09-03T12:35:41.968+0800][1.116s][info][gc,phases   ] GC(12)   Other: 0.06ms
[2026-09-03T12:35:41.968+0800][1.116s][info][gc,heap     ] GC(12) Eden regions: 79->0(87)
[2026-09-03T12:35:41.968+0800][1.116s][info][gc,heap     ] GC(12) Survivor regions: 10->12(12)
[2026-09-03T12:35:41.968+0800][1.116s][info][gc,heap     ] GC(12) Old regions: 131->117
[2026-09-03T12:35:41.968+0800][1.116s][info][gc,heap     ] GC(12) Humongous regions: 1->1
[2026-09-03T12:35:41.968+0800][1.116s][info][gc,metaspace] GC(12) Metaspace: 1059K(1216K)->1059K(1216K) NonClass: 994K(1088K)->994K(1088K) Class: 64K(128K)->64K(128K)
[2026-09-03T12:35:41.968+0800][1.116s][info][gc          ] GC(12) Pause Young (Mixed) (G1 Evacuation Pause) 219M->129M(256M) 2.285ms
[2026-09-03T12:35:41.968+0800][1.116s][info][gc,cpu      ] GC(12) User=0.01s Sys=0.00s Real=0.00s
[2026-09-03T12:35:41.968+0800][1.116s][info][safepoint   ] Safepoint "G1CollectForAllocation", Time since last: 73754166 ns, Reaching safepoint: 40000 ns, At safepoint: 2365292 ns, Leaving safepoint: 23417 ns, Total: 2428709 ns, Threads: 2 runnable, 42 total
[2026-09-03T12:35:42.049+0800][1.196s][info][gc,start    ] GC(13) Pause Young (Mixed) (G1 Evacuation Pause)
[2026-09-03T12:35:42.049+0800][1.196s][info][gc,task     ] GC(13) Using 9 workers of 9 for evacuation
[2026-09-03T12:35:42.051+0800][1.198s][info][gc,phases   ] GC(13)   Pre Evacuate Collection Set: 0.06ms
[2026-09-03T12:35:42.051+0800][1.198s][info][gc,phases   ] GC(13)   Merge Heap Roots: 0.02ms
[2026-09-03T12:35:42.051+0800][1.198s][info][gc,phases   ] GC(13)   Evacuate Collection Set: 1.55ms
[2026-09-03T12:35:42.051+0800][1.198s][info][gc,phases   ] GC(13)   Post Evacuate Collection Set: 0.09ms
[2026-09-03T12:35:42.051+0800][1.198s][info][gc,phases   ] GC(13)   Other: 0.06ms
[2026-09-03T12:35:42.051+0800][1.198s][info][gc,heap     ] GC(13) Eden regions: 87->0(77)
[2026-09-03T12:35:42.051+0800][1.198s][info][gc,heap     ] GC(13) Survivor regions: 12->13(13)
[2026-09-03T12:35:42.051+0800][1.198s][info][gc,heap     ] GC(13) Old regions: 117->132
[2026-09-03T12:35:42.051+0800][1.198s][info][gc,heap     ] GC(13) Humongous regions: 1->1
[2026-09-03T12:35:42.051+0800][1.198s][info][gc,metaspace] GC(13) Metaspace: 1059K(1216K)->1059K(1216K) NonClass: 994K(1088K)->994K(1088K) Class: 64K(128K)->64K(128K)
[2026-09-03T12:35:42.051+0800][1.198s][info][gc          ] GC(13) Pause Young (Mixed) (G1 Evacuation Pause) 216M->144M(256M) 1.894ms
[2026-09-03T12:35:42.051+0800][1.198s][info][gc,cpu      ] GC(13) User=0.01s Sys=0.00s Real=0.01s
[2026-09-03T12:35:42.051+0800][1.198s][info][safepoint   ] Safepoint "G1CollectForAllocation", Time since last: 80282291 ns, Reaching safepoint: 32875 ns, At safepoint: 1921667 ns, Leaving safepoint: 27333 ns, Total: 1981875 ns, Threads: 1 runnable, 42 total
[2026-09-03T12:35:42.122+0800][1.269s][info][gc,start    ] GC(14) Pause Young (Concurrent Start) (G1 Evacuation Pause)
[2026-09-03T12:35:42.122+0800][1.269s][info][gc,task     ] GC(14) Using 9 workers of 9 for evacuation
[2026-09-03T12:35:42.124+0800][1.272s][info][gc,phases   ] GC(14)   Pre Evacuate Collection Set: 0.12ms
[2026-09-03T12:35:42.124+0800][1.272s][info][gc,phases   ] GC(14)   Merge Heap Roots: 0.03ms
[2026-09-03T12:35:42.124+0800][1.272s][info][gc,phases   ] GC(14)   Evacuate Collection Set: 2.19ms
[2026-09-03T12:35:42.124+0800][1.272s][info][gc,phases   ] GC(14)   Post Evacuate Collection Set: 0.10ms
[2026-09-03T12:35:42.124+0800][1.272s][info][gc,phases   ] GC(14)   Other: 0.09ms
[2026-09-03T12:35:42.125+0800][1.272s][info][gc,heap     ] GC(14) Eden regions: 77->0(65)
[2026-09-03T12:35:42.125+0800][1.272s][info][gc,heap     ] GC(14) Survivor regions: 13->12(12)
[2026-09-03T12:35:42.125+0800][1.272s][info][gc,heap     ] GC(14) Old regions: 132->149
[2026-09-03T12:35:42.125+0800][1.272s][info][gc,heap     ] GC(14) Humongous regions: 1->1
[2026-09-03T12:35:42.125+0800][1.272s][info][gc,metaspace] GC(14) Metaspace: 1059K(1216K)->1059K(1216K) NonClass: 994K(1088K)->994K(1088K) Class: 64K(128K)->64K(128K)
[2026-09-03T12:35:42.125+0800][1.272s][info][gc          ] GC(14) Pause Young (Concurrent Start) (G1 Evacuation Pause) 221M->160M(256M) 2.683ms
[2026-09-03T12:35:42.125+0800][1.272s][info][gc,cpu      ] GC(14) User=0.02s Sys=0.00s Real=0.00s
[2026-09-03T12:35:42.125+0800][1.272s][info][gc          ] GC(15) Concurrent Mark Cycle
[2026-09-03T12:35:42.125+0800][1.272s][info][gc,marking  ] GC(15) Concurrent Scan Root Regions
[2026-09-03T12:35:42.125+0800][1.272s][info][safepoint   ] Safepoint "G1CollectForAllocation", Time since last: 71021417 ns, Reaching safepoint: 29583 ns, At safepoint: 2755834 ns, Leaving safepoint: 26791 ns, Total: 2812208 ns, Threads: 2 runnable, 42 total
[2026-09-03T12:35:42.126+0800][1.274s][info][gc,marking  ] GC(15) Concurrent Scan Root Regions 1.741ms
[2026-09-03T12:35:42.126+0800][1.274s][info][gc,marking  ] GC(15) Concurrent Mark
[2026-09-03T12:35:42.126+0800][1.274s][info][gc,marking  ] GC(15) Concurrent Mark From Roots
[2026-09-03T12:35:42.126+0800][1.274s][info][gc,task     ] GC(15) Concurrent Mark Using 2 of 2 Workers
[2026-09-03T12:35:42.133+0800][1.280s][info][gc,marking  ] GC(15) Concurrent Mark From Roots 6.547ms
[2026-09-03T12:35:42.133+0800][1.280s][info][gc,marking  ] GC(15) Concurrent Preclean
[2026-09-03T12:35:42.133+0800][1.280s][info][gc,marking  ] GC(15) Concurrent Preclean 0.037ms
[2026-09-03T12:35:42.133+0800][1.280s][info][gc,start    ] GC(15) Pause Remark
[2026-09-03T12:35:42.133+0800][1.281s][info][gc          ] GC(15) Pause Remark 170M->107M(256M) 0.432ms
[2026-09-03T12:35:42.133+0800][1.281s][info][gc,cpu      ] GC(15) User=0.00s Sys=0.00s Real=0.00s
[2026-09-03T12:35:42.133+0800][1.281s][info][safepoint   ] Safepoint "G1PauseRemark", Time since last: 8403334 ns, Reaching safepoint: 19708 ns, At safepoint: 451542 ns, Leaving safepoint: 22791 ns, Total: 494041 ns, Threads: 1 runnable, 42 total
[2026-09-03T12:35:42.133+0800][1.281s][info][gc,marking  ] GC(15) Concurrent Mark 7.169ms
[2026-09-03T12:35:42.133+0800][1.281s][info][gc,marking  ] GC(15) Concurrent Rebuild Remembered Sets and Scrub Regions
[2026-09-03T12:35:42.137+0800][1.285s][info][gc,marking  ] GC(15) Concurrent Rebuild Remembered Sets and Scrub Regions 3.826ms
[2026-09-03T12:35:42.137+0800][1.285s][info][gc,start    ] GC(15) Pause Cleanup
[2026-09-03T12:35:42.137+0800][1.285s][info][gc          ] GC(15) Pause Cleanup 112M->112M(256M) 0.041ms
[2026-09-03T12:35:42.137+0800][1.285s][info][gc,cpu      ] GC(15) User=0.00s Sys=0.00s Real=0.00s
[2026-09-03T12:35:42.137+0800][1.285s][info][safepoint   ] Safepoint "G1PauseCleanup", Time since last: 3903375 ns, Reaching safepoint: 2042 ns, At safepoint: 60750 ns, Leaving safepoint: 3958 ns, Total: 66750 ns, Threads: 0 runnable, 42 total
[2026-09-03T12:35:42.137+0800][1.285s][info][gc,marking  ] GC(15) Concurrent Clear Claimed Marks
[2026-09-03T12:35:42.137+0800][1.285s][info][gc,marking  ] GC(15) Concurrent Clear Claimed Marks 0.022ms
[2026-09-03T12:35:42.137+0800][1.285s][info][gc,marking  ] GC(15) Concurrent Cleanup for Next Mark
[2026-09-03T12:35:42.138+0800][1.285s][info][gc,marking  ] GC(15) Concurrent Cleanup for Next Mark 0.170ms
[2026-09-03T12:35:42.138+0800][1.285s][info][gc          ] GC(15) Concurrent Mark Cycle 13.129ms
[2026-09-03T12:35:42.184+0800][1.331s][info][gc,start    ] GC(16) Pause Young (Prepare Mixed) (G1 Evacuation Pause)
[2026-09-03T12:35:42.184+0800][1.331s][info][gc,task     ] GC(16) Using 9 workers of 9 for evacuation
[2026-09-03T12:35:42.185+0800][1.333s][info][gc,phases   ] GC(16)   Pre Evacuate Collection Set: 0.07ms
[2026-09-03T12:35:42.185+0800][1.333s][info][gc,phases   ] GC(16)   Merge Heap Roots: 0.02ms
[2026-09-03T12:35:42.185+0800][1.333s][info][gc,phases   ] GC(16)   Evacuate Collection Set: 1.46ms
[2026-09-03T12:35:42.185+0800][1.333s][info][gc,phases   ] GC(16)   Post Evacuate Collection Set: 0.09ms
[2026-09-03T12:35:42.185+0800][1.333s][info][gc,phases   ] GC(16)   Other: 0.05ms
[2026-09-03T12:35:42.185+0800][1.333s][info][gc,heap     ] GC(16) Eden regions: 65->0(100)
[2026-09-03T12:35:42.185+0800][1.333s][info][gc,heap     ] GC(16) Survivor regions: 12->10(10)
[2026-09-03T12:35:42.185+0800][1.333s][info][gc,heap     ] GC(16) Old regions: 86->102
[2026-09-03T12:35:42.185+0800][1.333s][info][gc,heap     ] GC(16) Humongous regions: 1->1
[2026-09-03T12:35:42.185+0800][1.333s][info][gc,metaspace] GC(16) Metaspace: 1059K(1216K)->1059K(1216K) NonClass: 994K(1088K)->994K(1088K) Class: 64K(128K)->64K(128K)
[2026-09-03T12:35:42.185+0800][1.333s][info][gc          ] GC(16) Pause Young (Prepare Mixed) (G1 Evacuation Pause) 162M->111M(256M) 1.797ms
[2026-09-03T12:35:42.185+0800][1.333s][info][gc,cpu      ] GC(16) User=0.01s Sys=0.00s Real=0.00s
[2026-09-03T12:35:42.185+0800][1.333s][info][safepoint   ] Safepoint "G1CollectForAllocation", Time since last: 46061250 ns, Reaching safepoint: 33209 ns, At safepoint: 1824250 ns, Leaving safepoint: 19583 ns, Total: 1877042 ns, Threads: 1 runnable, 42 total
[2026-09-03T12:35:42.276+0800][1.423s][info][gc,start    ] GC(17) Pause Young (Mixed) (G1 Evacuation Pause)
[2026-09-03T12:35:42.276+0800][1.423s][info][gc,task     ] GC(17) Using 9 workers of 9 for evacuation
[2026-09-03T12:35:42.278+0800][1.426s][info][gc,phases   ] GC(17)   Pre Evacuate Collection Set: 0.06ms
[2026-09-03T12:35:42.278+0800][1.426s][info][gc,phases   ] GC(17)   Merge Heap Roots: 0.03ms
[2026-09-03T12:35:42.278+0800][1.426s][info][gc,phases   ] GC(17)   Evacuate Collection Set: 1.80ms
[2026-09-03T12:35:42.278+0800][1.426s][info][gc,phases   ] GC(17)   Post Evacuate Collection Set: 0.10ms
[2026-09-03T12:35:42.278+0800][1.426s][info][gc,phases   ] GC(17)   Other: 0.06ms
[2026-09-03T12:35:42.278+0800][1.426s][info][gc,heap     ] GC(17) Eden regions: 100->0(105)
[2026-09-03T12:35:42.278+0800][1.426s][info][gc,heap     ] GC(17) Survivor regions: 10->14(14)
[2026-09-03T12:35:42.278+0800][1.426s][info][gc,heap     ] GC(17) Old regions: 102->92
[2026-09-03T12:35:42.278+0800][1.426s][info][gc,heap     ] GC(17) Humongous regions: 1->1
[2026-09-03T12:35:42.278+0800][1.426s][info][gc,metaspace] GC(17) Metaspace: 1059K(1216K)->1059K(1216K) NonClass: 994K(1088K)->994K(1088K) Class: 64K(128K)->64K(128K)
[2026-09-03T12:35:42.278+0800][1.426s][info][gc          ] GC(17) Pause Young (Mixed) (G1 Evacuation Pause) 211M->105M(256M) 2.158ms
[2026-09-03T12:35:42.278+0800][1.426s][info][gc,cpu      ] GC(17) User=0.02s Sys=0.00s Real=0.00s
[2026-09-03T12:35:42.278+0800][1.426s][info][safepoint   ] Safepoint "G1CollectForAllocation", Time since last: 90620000 ns, Reaching safepoint: 2917 ns, At safepoint: 2183333 ns, Leaving safepoint: 41292 ns, Total: 2227542 ns, Threads: 0 runnable, 42 total
[2026-09-03T12:35:42.375+0800][1.522s][info][gc,start    ] GC(18) Pause Young (Normal) (G1 Evacuation Pause)
[2026-09-03T12:35:42.375+0800][1.522s][info][gc,task     ] GC(18) Using 9 workers of 9 for evacuation
[2026-09-03T12:35:42.377+0800][1.525s][info][gc,phases   ] GC(18)   Pre Evacuate Collection Set: 0.05ms
[2026-09-03T12:35:42.377+0800][1.525s][info][gc,phases   ] GC(18)   Merge Heap Roots: 0.02ms
[2026-09-03T12:35:42.377+0800][1.525s][info][gc,phases   ] GC(18)   Evacuate Collection Set: 2.13ms
[2026-09-03T12:35:42.377+0800][1.525s][info][gc,phases   ] GC(18)   Post Evacuate Collection Set: 0.10ms
[2026-09-03T12:35:42.377+0800][1.525s][info][gc,phases   ] GC(18)   Other: 0.06ms
[2026-09-03T12:35:42.377+0800][1.525s][info][gc,heap     ] GC(18) Eden regions: 105->0(90)
[2026-09-03T12:35:42.377+0800][1.525s][info][gc,heap     ] GC(18) Survivor regions: 14->15(15)
[2026-09-03T12:35:42.377+0800][1.525s][info][gc,heap     ] GC(18) Old regions: 92->112
[2026-09-03T12:35:42.377+0800][1.525s][info][gc,heap     ] GC(18) Humongous regions: 1->1
[2026-09-03T12:35:42.377+0800][1.525s][info][gc,metaspace] GC(18) Metaspace: 1059K(1216K)->1059K(1216K) NonClass: 994K(1088K)->994K(1088K) Class: 64K(128K)->64K(128K)
[2026-09-03T12:35:42.377+0800][1.525s][info][gc          ] GC(18) Pause Young (Normal) (G1 Evacuation Pause) 210M->127M(256M) 2.486ms
[2026-09-03T12:35:42.377+0800][1.525s][info][gc,cpu      ] GC(18) User=0.02s Sys=0.00s Real=0.00s
[2026-09-03T12:35:42.378+0800][1.525s][info][safepoint   ] Safepoint "G1CollectForAllocation", Time since last: 96701000 ns, Reaching safepoint: 47708 ns, At safepoint: 2520375 ns, Leaving safepoint: 37667 ns, Total: 2605750 ns, Threads: 2 runnable, 42 total
[2026-09-03T12:35:42.463+0800][1.611s][info][gc,start    ] GC(19) Pause Young (Normal) (G1 Evacuation Pause)
[2026-09-03T12:35:42.463+0800][1.611s][info][gc,task     ] GC(19) Using 9 workers of 9 for evacuation
[2026-09-03T12:35:42.466+0800][1.614s][info][gc,phases   ] GC(19)   Pre Evacuate Collection Set: 0.06ms
[2026-09-03T12:35:42.466+0800][1.614s][info][gc,phases   ] GC(19)   Merge Heap Roots: 0.02ms
[2026-09-03T12:35:42.466+0800][1.614s][info][gc,phases   ] GC(19)   Evacuate Collection Set: 2.77ms
[2026-09-03T12:35:42.466+0800][1.614s][info][gc,phases   ] GC(19)   Post Evacuate Collection Set: 0.10ms
[2026-09-03T12:35:42.466+0800][1.614s][info][gc,phases   ] GC(19)   Other: 0.07ms
[2026-09-03T12:35:42.466+0800][1.614s][info][gc,heap     ] GC(19) Eden regions: 90->0(77)
[2026-09-03T12:35:42.466+0800][1.614s][info][gc,heap     ] GC(19) Survivor regions: 15->14(14)
[2026-09-03T12:35:42.466+0800][1.614s][info][gc,heap     ] GC(19) Old regions: 112->131
[2026-09-03T12:35:42.466+0800][1.614s][info][gc,heap     ] GC(19) Humongous regions: 1->1
[2026-09-03T12:35:42.466+0800][1.614s][info][gc,metaspace] GC(19) Metaspace: 1059K(1216K)->1059K(1216K) NonClass: 994K(1088K)->994K(1088K) Class: 64K(128K)->64K(128K)
[2026-09-03T12:35:42.466+0800][1.614s][info][gc          ] GC(19) Pause Young (Normal) (G1 Evacuation Pause) 217M->145M(256M) 3.174ms
[2026-09-03T12:35:42.466+0800][1.614s][info][gc,cpu      ] GC(19) User=0.02s Sys=0.00s Real=0.00s
[2026-09-03T12:35:42.466+0800][1.614s][info][safepoint   ] Safepoint "G1CollectForAllocation", Time since last: 85543000 ns, Reaching safepoint: 46625 ns, At safepoint: 3243416 ns, Leaving safepoint: 27709 ns, Total: 3317750 ns, Threads: 2 runnable, 42 total
[2026-09-03T12:35:42.539+0800][1.686s][info][gc,start    ] GC(20) Pause Young (Concurrent Start) (G1 Evacuation Pause)
[2026-09-03T12:35:42.539+0800][1.686s][info][gc,task     ] GC(20) Using 9 workers of 9 for evacuation
[2026-09-03T12:35:42.541+0800][1.689s][info][gc,phases   ] GC(20)   Pre Evacuate Collection Set: 0.06ms
[2026-09-03T12:35:42.541+0800][1.689s][info][gc,phases   ] GC(20)   Merge Heap Roots: 0.02ms
[2026-09-03T12:35:42.541+0800][1.689s][info][gc,phases   ] GC(20)   Evacuate Collection Set: 2.28ms
[2026-09-03T12:35:42.541+0800][1.689s][info][gc,phases   ] GC(20)   Post Evacuate Collection Set: 0.10ms
[2026-09-03T12:35:42.541+0800][1.689s][info][gc,phases   ] GC(20)   Other: 0.06ms
[2026-09-03T12:35:42.541+0800][1.689s][info][gc,heap     ] GC(20) Eden regions: 77->0(65)
[2026-09-03T12:35:42.541+0800][1.689s][info][gc,heap     ] GC(20) Survivor regions: 14->12(12)
[2026-09-03T12:35:42.541+0800][1.689s][info][gc,heap     ] GC(20) Old regions: 131->150
[2026-09-03T12:35:42.541+0800][1.689s][info][gc,heap     ] GC(20) Humongous regions: 1->1
[2026-09-03T12:35:42.541+0800][1.689s][info][gc,metaspace] GC(20) Metaspace: 1059K(1216K)->1059K(1216K) NonClass: 994K(1088K)->994K(1088K) Class: 64K(128K)->64K(128K)
[2026-09-03T12:35:42.541+0800][1.689s][info][gc          ] GC(20) Pause Young (Concurrent Start) (G1 Evacuation Pause) 222M->161M(256M) 2.668ms
[2026-09-03T12:35:42.541+0800][1.689s][info][gc,cpu      ] GC(20) User=0.01s Sys=0.00s Real=0.01s
[2026-09-03T12:35:42.541+0800][1.689s][info][gc          ] GC(21) Concurrent Mark Cycle
[2026-09-03T12:35:42.541+0800][1.689s][info][gc,marking  ] GC(21) Concurrent Scan Root Regions
[2026-09-03T12:35:42.541+0800][1.689s][info][safepoint   ] Safepoint "G1CollectForAllocation", Time since last: 72141000 ns, Reaching safepoint: 29666 ns, At safepoint: 2702834 ns, Leaving safepoint: 22041 ns, Total: 2754541 ns, Threads: 4 runnable, 42 total
[2026-09-03T12:35:42.543+0800][1.691s][info][gc,marking  ] GC(21) Concurrent Scan Root Regions 1.893ms
[2026-09-03T12:35:42.543+0800][1.691s][info][gc,marking  ] GC(21) Concurrent Mark
[2026-09-03T12:35:42.543+0800][1.691s][info][gc,marking  ] GC(21) Concurrent Mark From Roots
[2026-09-03T12:35:42.543+0800][1.691s][info][gc,task     ] GC(21) Concurrent Mark Using 2 of 2 Workers
[2026-09-03T12:35:42.550+0800][1.697s][info][gc,marking  ] GC(21) Concurrent Mark From Roots 6.813ms
[2026-09-03T12:35:42.550+0800][1.698s][info][gc,marking  ] GC(21) Concurrent Preclean
[2026-09-03T12:35:42.550+0800][1.698s][info][gc,marking  ] GC(21) Concurrent Preclean 0.032ms
[2026-09-03T12:35:42.550+0800][1.698s][info][gc,start    ] GC(21) Pause Remark
[2026-09-03T12:35:42.551+0800][1.698s][info][gc          ] GC(21) Pause Remark 171M->124M(256M) 0.383ms
[2026-09-03T12:35:42.551+0800][1.698s][info][gc,cpu      ] GC(21) User=0.00s Sys=0.00s Real=0.00s
[2026-09-03T12:35:42.551+0800][1.698s][info][safepoint   ] Safepoint "G1PauseRemark", Time since last: 8879209 ns, Reaching safepoint: 3125 ns, At safepoint: 402083 ns, Leaving safepoint: 22125 ns, Total: 427333 ns, Threads: 0 runnable, 42 total
[2026-09-03T12:35:42.551+0800][1.698s][info][gc,marking  ] GC(21) Concurrent Mark 7.386ms
[2026-09-03T12:35:42.551+0800][1.698s][info][gc,marking  ] GC(21) Concurrent Rebuild Remembered Sets and Scrub Regions
[2026-09-03T12:35:42.556+0800][1.704s][info][gc,marking  ] GC(21) Concurrent Rebuild Remembered Sets and Scrub Regions 5.586ms
[2026-09-03T12:35:42.556+0800][1.704s][info][gc,start    ] GC(21) Pause Cleanup
[2026-09-03T12:35:42.556+0800][1.704s][info][gc          ] GC(21) Pause Cleanup 131M->131M(256M) 0.061ms
[2026-09-03T12:35:42.556+0800][1.704s][info][gc,cpu      ] GC(21) User=0.00s Sys=0.00s Real=0.00s
[2026-09-03T12:35:42.556+0800][1.704s][info][safepoint   ] Safepoint "G1PauseCleanup", Time since last: 5675250 ns, Reaching safepoint: 23917 ns, At safepoint: 85750 ns, Leaving safepoint: 13875 ns, Total: 123542 ns, Threads: 2 runnable, 42 total
[2026-09-03T12:35:42.556+0800][1.704s][info][gc,marking  ] GC(21) Concurrent Clear Claimed Marks
[2026-09-03T12:35:42.556+0800][1.704s][info][gc,marking  ] GC(21) Concurrent Clear Claimed Marks 0.008ms
[2026-09-03T12:35:42.556+0800][1.704s][info][gc,marking  ] GC(21) Concurrent Cleanup for Next Mark
[2026-09-03T12:35:42.557+0800][1.704s][info][gc,marking  ] GC(21) Concurrent Cleanup for Next Mark 0.163ms
[2026-09-03T12:35:42.557+0800][1.704s][info][gc          ] GC(21) Concurrent Mark Cycle 15.394ms
[2026-09-03T12:35:42.602+0800][1.749s][info][gc,start    ] GC(22) Pause Young (Prepare Mixed) (G1 Evacuation Pause)
[2026-09-03T12:35:42.602+0800][1.749s][info][gc,task     ] GC(22) Using 9 workers of 9 for evacuation
[2026-09-03T12:35:42.603+0800][1.751s][info][gc,phases   ] GC(22)   Pre Evacuate Collection Set: 0.08ms
[2026-09-03T12:35:42.603+0800][1.751s][info][gc,phases   ] GC(22)   Merge Heap Roots: 0.03ms
[2026-09-03T12:35:42.603+0800][1.751s][info][gc,phases   ] GC(22)   Evacuate Collection Set: 1.47ms
[2026-09-03T12:35:42.603+0800][1.751s][info][gc,phases   ] GC(22)   Post Evacuate Collection Set: 0.09ms
[2026-09-03T12:35:42.603+0800][1.751s][info][gc,phases   ] GC(22)   Other: 0.06ms
[2026-09-03T12:35:42.603+0800][1.751s][info][gc,heap     ] GC(22) Eden regions: 65->0(89)
[2026-09-03T12:35:42.603+0800][1.751s][info][gc,heap     ] GC(22) Survivor regions: 12->10(10)
[2026-09-03T12:35:42.603+0800][1.751s][info][gc,heap     ] GC(22) Old regions: 103->118
[2026-09-03T12:35:42.603+0800][1.751s][info][gc,heap     ] GC(22) Humongous regions: 1->1
[2026-09-03T12:35:42.603+0800][1.751s][info][gc,metaspace] GC(22) Metaspace: 1059K(1216K)->1059K(1216K) NonClass: 994K(1088K)->994K(1088K) Class: 64K(128K)->64K(128K)
[2026-09-03T12:35:42.603+0800][1.751s][info][gc          ] GC(22) Pause Young (Prepare Mixed) (G1 Evacuation Pause) 179M->128M(256M) 1.831ms
[2026-09-03T12:35:42.604+0800][1.751s][info][gc,cpu      ] GC(22) User=0.01s Sys=0.00s Real=0.00s
[2026-09-03T12:35:42.604+0800][1.751s][info][safepoint   ] Safepoint "G1CollectForAllocation", Time since last: 45212291 ns, Reaching safepoint: 29625 ns, At safepoint: 1863167 ns, Leaving safepoint: 19875 ns, Total: 1912667 ns, Threads: 1 runnable, 42 total
[2026-09-03T12:35:42.688+0800][1.835s][info][gc,start    ] GC(23) Pause Young (Mixed) (G1 Evacuation Pause)
[2026-09-03T12:35:42.688+0800][1.835s][info][gc,task     ] GC(23) Using 9 workers of 9 for evacuation
[2026-09-03T12:35:42.691+0800][1.838s][info][gc,phases   ] GC(23)   Pre Evacuate Collection Set: 0.06ms
[2026-09-03T12:35:42.691+0800][1.838s][info][gc,phases   ] GC(23)   Merge Heap Roots: 0.03ms
[2026-09-03T12:35:42.691+0800][1.838s][info][gc,phases   ] GC(23)   Evacuate Collection Set: 2.38ms
[2026-09-03T12:35:42.691+0800][1.838s][info][gc,phases   ] GC(23)   Post Evacuate Collection Set: 0.10ms
[2026-09-03T12:35:42.691+0800][1.838s][info][gc,phases   ] GC(23)   Other: 0.06ms
[2026-09-03T12:35:42.691+0800][1.838s][info][gc,heap     ] GC(23) Eden regions: 89->0(94)
[2026-09-03T12:35:42.691+0800][1.838s][info][gc,heap     ] GC(23) Survivor regions: 10->13(13)
[2026-09-03T12:35:42.691+0800][1.838s][info][gc,heap     ] GC(23) Old regions: 118->108
[2026-09-03T12:35:42.691+0800][1.838s][info][gc,heap     ] GC(23) Humongous regions: 1->1
[2026-09-03T12:35:42.691+0800][1.838s][info][gc,metaspace] GC(23) Metaspace: 1059K(1216K)->1059K(1216K) NonClass: 994K(1088K)->994K(1088K) Class: 64K(128K)->64K(128K)
[2026-09-03T12:35:42.691+0800][1.838s][info][gc          ] GC(23) Pause Young (Mixed) (G1 Evacuation Pause) 217M->120M(256M) 2.766ms
[2026-09-03T12:35:42.691+0800][1.838s][info][gc,cpu      ] GC(23) User=0.02s Sys=0.00s Real=0.01s
[2026-09-03T12:35:42.691+0800][1.838s][info][safepoint   ] Safepoint "G1CollectForAllocation", Time since last: 84255000 ns, Reaching safepoint: 34750 ns, At safepoint: 2792583 ns, Leaving safepoint: 23959 ns, Total: 2851292 ns, Threads: 2 runnable, 42 total
[2026-09-03T12:35:42.780+0800][1.928s][info][gc,start    ] GC(24) Pause Young (Mixed) (G1 Evacuation Pause)
[2026-09-03T12:35:42.780+0800][1.928s][info][gc,task     ] GC(24) Using 9 workers of 9 for evacuation
[2026-09-03T12:35:42.783+0800][1.931s][info][gc,phases   ] GC(24)   Pre Evacuate Collection Set: 0.05ms
[2026-09-03T12:35:42.783+0800][1.931s][info][gc,phases   ] GC(24)   Merge Heap Roots: 0.03ms
[2026-09-03T12:35:42.783+0800][1.931s][info][gc,phases   ] GC(24)   Evacuate Collection Set: 2.51ms
[2026-09-03T12:35:42.783+0800][1.931s][info][gc,phases   ] GC(24)   Post Evacuate Collection Set: 0.11ms
[2026-09-03T12:35:42.783+0800][1.931s][info][gc,phases   ] GC(24)   Other: 0.08ms
[2026-09-03T12:35:42.783+0800][1.931s][info][gc,heap     ] GC(24) Eden regions: 94->0(92)
[2026-09-03T12:35:42.783+0800][1.931s][info][gc,heap     ] GC(24) Survivor regions: 13->14(14)
[2026-09-03T12:35:42.783+0800][1.931s][info][gc,heap     ] GC(24) Old regions: 108->110
[2026-09-03T12:35:42.783+0800][1.931s][info][gc,heap     ] GC(24) Humongous regions: 1->1
[2026-09-03T12:35:42.783+0800][1.931s][info][gc,metaspace] GC(24) Metaspace: 1059K(1216K)->1059K(1216K) NonClass: 994K(1088K)->994K(1088K) Class: 64K(128K)->64K(128K)
[2026-09-03T12:35:42.783+0800][1.931s][info][gc          ] GC(24) Pause Young (Mixed) (G1 Evacuation Pause) 214M->123M(256M) 2.962ms
[2026-09-03T12:35:42.783+0800][1.931s][info][gc,cpu      ] GC(24) User=0.02s Sys=0.00s Real=0.00s
[2026-09-03T12:35:42.783+0800][1.931s][info][safepoint   ] Safepoint "G1CollectForAllocation", Time since last: 89588708 ns, Reaching safepoint: 5667 ns, At safepoint: 3007666 ns, Leaving safepoint: 47750 ns, Total: 3061083 ns, Threads: 0 runnable, 42 total
[2026-09-03T12:35:42.871+0800][2.018s][info][gc,start    ] GC(25) Pause Young (Concurrent Start) (G1 Evacuation Pause)
[2026-09-03T12:35:42.871+0800][2.018s][info][gc,task     ] GC(25) Using 9 workers of 9 for evacuation
[2026-09-03T12:35:42.873+0800][2.021s][info][gc,phases   ] GC(25)   Pre Evacuate Collection Set: 0.10ms
[2026-09-03T12:35:42.874+0800][2.021s][info][gc,phases   ] GC(25)   Merge Heap Roots: 0.02ms
[2026-09-03T12:35:42.874+0800][2.021s][info][gc,phases   ] GC(25)   Evacuate Collection Set: 2.19ms
[2026-09-03T12:35:42.874+0800][2.021s][info][gc,phases   ] GC(25)   Post Evacuate Collection Set: 0.13ms
[2026-09-03T12:35:42.874+0800][2.021s][info][gc,phases   ] GC(25)   Other: 0.06ms
[2026-09-03T12:35:42.874+0800][2.021s][info][gc,heap     ] GC(25) Eden regions: 92->0(80)
[2026-09-03T12:35:42.874+0800][2.021s][info][gc,heap     ] GC(25) Survivor regions: 14->14(14)
[2026-09-03T12:35:42.874+0800][2.021s][info][gc,heap     ] GC(25) Old regions: 110->128
[2026-09-03T12:35:42.874+0800][2.021s][info][gc,heap     ] GC(25) Humongous regions: 1->1
[2026-09-03T12:35:42.874+0800][2.021s][info][gc,metaspace] GC(25) Metaspace: 1059K(1216K)->1059K(1216K) NonClass: 994K(1088K)->994K(1088K) Class: 64K(128K)->64K(128K)
[2026-09-03T12:35:42.874+0800][2.021s][info][gc          ] GC(25) Pause Young (Concurrent Start) (G1 Evacuation Pause) 215M->142M(256M) 2.663ms
[2026-09-03T12:35:42.874+0800][2.021s][info][gc,cpu      ] GC(25) User=0.02s Sys=0.00s Real=0.00s
[2026-09-03T12:35:42.874+0800][2.021s][info][gc          ] GC(26) Concurrent Mark Cycle
[2026-09-03T12:35:42.874+0800][2.021s][info][gc,marking  ] GC(26) Concurrent Scan Root Regions
[2026-09-03T12:35:42.874+0800][2.021s][info][safepoint   ] Safepoint "G1CollectForAllocation", Time since last: 87557167 ns, Reaching safepoint: 32750 ns, At safepoint: 2724750 ns, Leaving safepoint: 40917 ns, Total: 2798417 ns, Threads: 2 runnable, 42 total
[2026-09-03T12:35:42.876+0800][2.023s][info][gc,marking  ] GC(26) Concurrent Scan Root Regions 2.103ms
[2026-09-03T12:35:42.876+0800][2.023s][info][gc,marking  ] GC(26) Concurrent Mark
[2026-09-03T12:35:42.876+0800][2.023s][info][gc,marking  ] GC(26) Concurrent Mark From Roots
[2026-09-03T12:35:42.876+0800][2.023s][info][gc,task     ] GC(26) Concurrent Mark Using 2 of 2 Workers
[2026-09-03T12:35:42.881+0800][2.028s][info][gc,marking  ] GC(26) Concurrent Mark From Roots 5.062ms
[2026-09-03T12:35:42.881+0800][2.028s][info][gc,marking  ] GC(26) Concurrent Preclean
[2026-09-03T12:35:42.881+0800][2.028s][info][gc,marking  ] GC(26) Concurrent Preclean 0.040ms
[2026-09-03T12:35:42.881+0800][2.029s][info][gc,start    ] GC(26) Pause Remark
[2026-09-03T12:35:42.882+0800][2.029s][info][gc          ] GC(26) Pause Remark 150M->95M(256M) 0.601ms
[2026-09-03T12:35:42.882+0800][2.029s][info][gc,cpu      ] GC(26) User=0.00s Sys=0.00s Real=0.00s
[2026-09-03T12:35:42.882+0800][2.029s][info][safepoint   ] Safepoint "G1PauseRemark", Time since last: 7330375 ns, Reaching safepoint: 62125 ns, At safepoint: 673500 ns, Leaving safepoint: 22583 ns, Total: 758208 ns, Threads: 1 runnable, 42 total
[2026-09-03T12:35:42.882+0800][2.029s][info][gc,marking  ] GC(26) Concurrent Mark 6.070ms
[2026-09-03T12:35:42.882+0800][2.029s][info][gc,marking  ] GC(26) Concurrent Rebuild Remembered Sets and Scrub Regions
[2026-09-03T12:35:42.886+0800][2.033s][info][gc,marking  ] GC(26) Concurrent Rebuild Remembered Sets and Scrub Regions 3.967ms
[2026-09-03T12:35:42.886+0800][2.033s][info][gc,start    ] GC(26) Pause Cleanup
[2026-09-03T12:35:42.886+0800][2.033s][info][gc          ] GC(26) Pause Cleanup 99M->99M(256M) 0.042ms
[2026-09-03T12:35:42.886+0800][2.033s][info][gc,cpu      ] GC(26) User=0.00s Sys=0.00s Real=0.00s
[2026-09-03T12:35:42.886+0800][2.033s][info][safepoint   ] Safepoint "G1PauseCleanup", Time since last: 4140417 ns, Reaching safepoint: 23916 ns, At safepoint: 62292 ns, Leaving safepoint: 21042 ns, Total: 107250 ns, Threads: 2 runnable, 42 total
[2026-09-03T12:35:42.886+0800][2.033s][info][gc,marking  ] GC(26) Concurrent Clear Claimed Marks
[2026-09-03T12:35:42.886+0800][2.033s][info][gc,marking  ] GC(26) Concurrent Clear Claimed Marks 0.021ms
[2026-09-03T12:35:42.886+0800][2.033s][info][gc,marking  ] GC(26) Concurrent Cleanup for Next Mark
[2026-09-03T12:35:42.886+0800][2.034s][info][gc,marking  ] GC(26) Concurrent Cleanup for Next Mark 0.144ms
[2026-09-03T12:35:42.886+0800][2.034s][info][gc          ] GC(26) Concurrent Mark Cycle 12.639ms
[2026-09-03T12:35:42.950+0800][2.098s][info][gc,start    ] GC(27) Pause Young (Prepare Mixed) (G1 Evacuation Pause)
[2026-09-03T12:35:42.950+0800][2.098s][info][gc,task     ] GC(27) Using 9 workers of 9 for evacuation
[2026-09-03T12:35:42.952+0800][2.100s][info][gc,phases   ] GC(27)   Pre Evacuate Collection Set: 0.10ms
[2026-09-03T12:35:42.952+0800][2.100s][info][gc,phases   ] GC(27)   Merge Heap Roots: 0.03ms
[2026-09-03T12:35:42.952+0800][2.100s][info][gc,phases   ] GC(27)   Evacuate Collection Set: 1.65ms
[2026-09-03T12:35:42.952+0800][2.100s][info][gc,phases   ] GC(27)   Post Evacuate Collection Set: 0.09ms
[2026-09-03T12:35:42.952+0800][2.100s][info][gc,phases   ] GC(27)   Other: 0.06ms
[2026-09-03T12:35:42.952+0800][2.100s][info][gc,heap     ] GC(27) Eden regions: 80->0(107)
[2026-09-03T12:35:42.952+0800][2.100s][info][gc,heap     ] GC(27) Survivor regions: 14->12(12)
[2026-09-03T12:35:42.952+0800][2.100s][info][gc,heap     ] GC(27) Old regions: 73->92
[2026-09-03T12:35:42.952+0800][2.100s][info][gc,heap     ] GC(27) Humongous regions: 1->1
[2026-09-03T12:35:42.952+0800][2.100s][info][gc,metaspace] GC(27) Metaspace: 1059K(1216K)->1059K(1216K) NonClass: 994K(1088K)->994K(1088K) Class: 64K(128K)->64K(128K)
[2026-09-03T12:35:42.952+0800][2.100s][info][gc          ] GC(27) Pause Young (Prepare Mixed) (G1 Evacuation Pause) 167M->103M(256M) 2.040ms
[2026-09-03T12:35:42.952+0800][2.100s][info][gc,cpu      ] GC(27) User=0.01s Sys=0.00s Real=0.00s
[2026-09-03T12:35:42.952+0800][2.100s][info][safepoint   ] Safepoint "G1CollectForAllocation", Time since last: 64248291 ns, Reaching safepoint: 42542 ns, At safepoint: 2061625 ns, Leaving safepoint: 22000 ns, Total: 2126167 ns, Threads: 1 runnable, 42 total
[2026-09-03T12:35:43.054+0800][2.202s][info][gc,start    ] GC(28) Pause Young (Mixed) (G1 Evacuation Pause)
[2026-09-03T12:35:43.054+0800][2.202s][info][gc,task     ] GC(28) Using 9 workers of 9 for evacuation
[2026-09-03T12:35:43.057+0800][2.205s][info][gc,phases   ] GC(28)   Pre Evacuate Collection Set: 0.08ms
[2026-09-03T12:35:43.057+0800][2.205s][info][gc,phases   ] GC(28)   Merge Heap Roots: 0.03ms
[2026-09-03T12:35:43.057+0800][2.205s][info][gc,phases   ] GC(28)   Evacuate Collection Set: 2.69ms
[2026-09-03T12:35:43.057+0800][2.205s][info][gc,phases   ] GC(28)   Post Evacuate Collection Set: 0.10ms
[2026-09-03T12:35:43.057+0800][2.205s][info][gc,phases   ] GC(28)   Other: 0.07ms
[2026-09-03T12:35:43.057+0800][2.205s][info][gc,heap     ] GC(28) Eden regions: 107->0(102)
[2026-09-03T12:35:43.057+0800][2.205s][info][gc,heap     ] GC(28) Survivor regions: 12->15(15)
[2026-09-03T12:35:43.057+0800][2.205s][info][gc,heap     ] GC(28) Old regions: 92->96
[2026-09-03T12:35:43.057+0800][2.205s][info][gc,heap     ] GC(28) Humongous regions: 1->1
[2026-09-03T12:35:43.057+0800][2.205s][info][gc,metaspace] GC(28) Metaspace: 1059K(1216K)->1059K(1216K) NonClass: 994K(1088K)->994K(1088K) Class: 64K(128K)->64K(128K)
[2026-09-03T12:35:43.057+0800][2.205s][info][gc          ] GC(28) Pause Young (Mixed) (G1 Evacuation Pause) 210M->110M(256M) 3.078ms
[2026-09-03T12:35:43.057+0800][2.205s][info][gc,cpu      ] GC(28) User=0.02s Sys=0.00s Real=0.00s
[2026-09-03T12:35:43.057+0800][2.205s][info][safepoint   ] Safepoint "G1CollectForAllocation", Time since last: 101867458 ns, Reaching safepoint: 74000 ns, At safepoint: 3118125 ns, Leaving safepoint: 27417 ns, Total: 3219542 ns, Threads: 5 runnable, 42 total
[2026-09-03T12:35:43.154+0800][2.302s][info][gc,start    ] GC(29) Pause Young (Concurrent Start) (G1 Evacuation Pause)
[2026-09-03T12:35:43.154+0800][2.302s][info][gc,task     ] GC(29) Using 9 workers of 9 for evacuation
[2026-09-03T12:35:43.158+0800][2.305s][info][gc,phases   ] GC(29)   Pre Evacuate Collection Set: 0.08ms
[2026-09-03T12:35:43.158+0800][2.305s][info][gc,phases   ] GC(29)   Merge Heap Roots: 0.03ms
[2026-09-03T12:35:43.158+0800][2.305s][info][gc,phases   ] GC(29)   Evacuate Collection Set: 2.88ms
[2026-09-03T12:35:43.158+0800][2.305s][info][gc,phases   ] GC(29)   Post Evacuate Collection Set: 0.09ms
[2026-09-03T12:35:43.158+0800][2.305s][info][gc,phases   ] GC(29)   Other: 0.06ms
[2026-09-03T12:35:43.158+0800][2.305s][info][gc,heap     ] GC(29) Eden regions: 102->0(87)
[2026-09-03T12:35:43.158+0800][2.305s][info][gc,heap     ] GC(29) Survivor regions: 15->15(15)
[2026-09-03T12:35:43.158+0800][2.305s][info][gc,heap     ] GC(29) Old regions: 96->117
[2026-09-03T12:35:43.158+0800][2.305s][info][gc,heap     ] GC(29) Humongous regions: 1->1
[2026-09-03T12:35:43.158+0800][2.305s][info][gc,metaspace] GC(29) Metaspace: 1059K(1216K)->1059K(1216K) NonClass: 994K(1088K)->994K(1088K) Class: 64K(128K)->64K(128K)
[2026-09-03T12:35:43.158+0800][2.305s][info][gc          ] GC(29) Pause Young (Concurrent Start) (G1 Evacuation Pause) 212M->131M(256M) 3.269ms
[2026-09-03T12:35:43.158+0800][2.305s][info][gc,cpu      ] GC(29) User=0.02s Sys=0.00s Real=0.00s
[2026-09-03T12:35:43.158+0800][2.305s][info][gc          ] GC(30) Concurrent Mark Cycle
[2026-09-03T12:35:43.158+0800][2.305s][info][gc,marking  ] GC(30) Concurrent Scan Root Regions
[2026-09-03T12:35:43.158+0800][2.305s][info][safepoint   ] Safepoint "G1CollectForAllocation", Time since last: 96855917 ns, Reaching safepoint: 32000 ns, At safepoint: 3301958 ns, Leaving safepoint: 40417 ns, Total: 3374375 ns, Threads: 1 runnable, 42 total
[2026-09-03T12:35:43.160+0800][2.307s][info][gc,marking  ] GC(30) Concurrent Scan Root Regions 2.405ms
[2026-09-03T12:35:43.160+0800][2.307s][info][gc,marking  ] GC(30) Concurrent Mark
[2026-09-03T12:35:43.160+0800][2.307s][info][gc,marking  ] GC(30) Concurrent Mark From Roots
[2026-09-03T12:35:43.160+0800][2.307s][info][gc,task     ] GC(30) Concurrent Mark Using 2 of 2 Workers
[2026-09-03T12:35:43.164+0800][2.311s][info][gc,marking  ] GC(30) Concurrent Mark From Roots 3.721ms
[2026-09-03T12:35:43.164+0800][2.311s][info][gc,marking  ] GC(30) Concurrent Preclean
[2026-09-03T12:35:43.164+0800][2.311s][info][gc,marking  ] GC(30) Concurrent Preclean 0.012ms
[2026-09-03T12:35:43.164+0800][2.311s][info][gc,start    ] GC(30) Pause Remark
[2026-09-03T12:35:43.164+0800][2.312s][info][gc          ] GC(30) Pause Remark 139M->127M(256M) 0.447ms
[2026-09-03T12:35:43.164+0800][2.312s][info][gc,cpu      ] GC(30) User=0.00s Sys=0.00s Real=0.00s
[2026-09-03T12:35:43.164+0800][2.312s][info][safepoint   ] Safepoint "G1PauseRemark", Time since last: 6195958 ns, Reaching safepoint: 39458 ns, At safepoint: 475375 ns, Leaving safepoint: 24084 ns, Total: 538917 ns, Threads: 1 runnable, 42 total
[2026-09-03T12:35:43.164+0800][2.312s][info][gc,marking  ] GC(30) Concurrent Mark 4.392ms
[2026-09-03T12:35:43.165+0800][2.312s][info][gc,marking  ] GC(30) Concurrent Rebuild Remembered Sets and Scrub Regions
[2026-09-03T12:35:43.169+0800][2.317s][info][gc,marking  ] GC(30) Concurrent Rebuild Remembered Sets and Scrub Regions 4.912ms
[2026-09-03T12:35:43.169+0800][2.317s][info][gc,start    ] GC(30) Pause Cleanup
[2026-09-03T12:35:43.170+0800][2.317s][info][gc          ] GC(30) Pause Cleanup 131M->131M(256M) 0.040ms
[2026-09-03T12:35:43.170+0800][2.317s][info][gc,cpu      ] GC(30) User=0.00s Sys=0.00s Real=0.01s
[2026-09-03T12:35:43.170+0800][2.317s][info][safepoint   ] Safepoint "G1PauseCleanup", Time since last: 5074583 ns, Reaching safepoint: 2000 ns, At safepoint: 61958 ns, Leaving safepoint: 21959 ns, Total: 85917 ns, Threads: 0 runnable, 42 total
[2026-09-03T12:35:43.170+0800][2.317s][info][gc,marking  ] GC(30) Concurrent Clear Claimed Marks
[2026-09-03T12:35:43.170+0800][2.317s][info][gc,marking  ] GC(30) Concurrent Clear Claimed Marks 0.005ms
[2026-09-03T12:35:43.170+0800][2.317s][info][gc,marking  ] GC(30) Concurrent Cleanup for Next Mark
[2026-09-03T12:35:43.170+0800][2.317s][info][gc,marking  ] GC(30) Concurrent Cleanup for Next Mark 0.213ms
[2026-09-03T12:35:43.170+0800][2.317s][info][gc          ] GC(30) Concurrent Mark Cycle 12.271ms
[2026-09-03T12:35:43.242+0800][2.389s][info][gc,start    ] GC(31) Pause Young (Prepare Mixed) (G1 Evacuation Pause)
[2026-09-03T12:35:43.242+0800][2.389s][info][gc,task     ] GC(31) Using 9 workers of 9 for evacuation
[2026-09-03T12:35:43.244+0800][2.392s][info][gc,phases   ] GC(31)   Pre Evacuate Collection Set: 0.04ms
[2026-09-03T12:35:43.244+0800][2.392s][info][gc,phases   ] GC(31)   Merge Heap Roots: 0.02ms
[2026-09-03T12:35:43.244+0800][2.392s][info][gc,phases   ] GC(31)   Evacuate Collection Set: 2.03ms
[2026-09-03T12:35:43.244+0800][2.392s][info][gc,phases   ] GC(31)   Post Evacuate Collection Set: 0.09ms
[2026-09-03T12:35:43.244+0800][2.392s][info][gc,phases   ] GC(31)   Other: 0.07ms
[2026-09-03T12:35:43.244+0800][2.392s][info][gc,heap     ] GC(31) Eden regions: 87->0(83)
[2026-09-03T12:35:43.244+0800][2.392s][info][gc,heap     ] GC(31) Survivor regions: 15->13(13)
[2026-09-03T12:35:43.244+0800][2.392s][info][gc,heap     ] GC(31) Old regions: 105->124
[2026-09-03T12:35:43.244+0800][2.392s][info][gc,heap     ] GC(31) Humongous regions: 1->1
[2026-09-03T12:35:43.244+0800][2.392s][info][gc,metaspace] GC(31) Metaspace: 1059K(1216K)->1059K(1216K) NonClass: 994K(1088K)->994K(1088K) Class: 64K(128K)->64K(128K)
[2026-09-03T12:35:43.244+0800][2.392s][info][gc          ] GC(31) Pause Young (Prepare Mixed) (G1 Evacuation Pause) 206M->137M(256M) 2.435ms
[2026-09-03T12:35:43.244+0800][2.392s][info][gc,cpu      ] GC(31) User=0.01s Sys=0.00s Real=0.00s
[2026-09-03T12:35:43.244+0800][2.392s][info][safepoint   ] Safepoint "G1CollectForAllocation", Time since last: 72141458 ns, Reaching safepoint: 28750 ns, At safepoint: 2480167 ns, Leaving safepoint: 24250 ns, Total: 2533167 ns, Threads: 1 runnable, 42 total
[2026-09-03T12:35:43.324+0800][2.471s][info][gc,start    ] GC(32) Pause Young (Mixed) (G1 Evacuation Pause)
[2026-09-03T12:35:43.324+0800][2.471s][info][gc,task     ] GC(32) Using 9 workers of 9 for evacuation
[2026-09-03T12:35:43.326+0800][2.473s][info][gc,phases   ] GC(32)   Pre Evacuate Collection Set: 0.05ms
[2026-09-03T12:35:43.326+0800][2.473s][info][gc,phases   ] GC(32)   Merge Heap Roots: 0.03ms
[2026-09-03T12:35:43.326+0800][2.473s][info][gc,phases   ] GC(32)   Evacuate Collection Set: 1.96ms
[2026-09-03T12:35:43.326+0800][2.473s][info][gc,phases   ] GC(32)   Post Evacuate Collection Set: 0.11ms
[2026-09-03T12:35:43.326+0800][2.473s][info][gc,phases   ] GC(32)   Other: 0.06ms
[2026-09-03T12:35:43.326+0800][2.473s][info][gc,heap     ] GC(32) Eden regions: 83->0(90)
[2026-09-03T12:35:43.326+0800][2.473s][info][gc,heap     ] GC(32) Survivor regions: 13->12(12)
[2026-09-03T12:35:43.326+0800][2.473s][info][gc,heap     ] GC(32) Old regions: 124->116
[2026-09-03T12:35:43.326+0800][2.473s][info][gc,heap     ] GC(32) Humongous regions: 1->1
[2026-09-03T12:35:43.326+0800][2.473s][info][gc,metaspace] GC(32) Metaspace: 1059K(1216K)->1059K(1216K) NonClass: 994K(1088K)->994K(1088K) Class: 64K(128K)->64K(128K)
[2026-09-03T12:35:43.326+0800][2.473s][info][gc          ] GC(32) Pause Young (Mixed) (G1 Evacuation Pause) 220M->127M(256M) 2.334ms
[2026-09-03T12:35:43.326+0800][2.473s][info][gc,cpu      ] GC(32) User=0.02s Sys=0.00s Real=0.00s
[2026-09-03T12:35:43.326+0800][2.473s][info][safepoint   ] Safepoint "G1CollectForAllocation", Time since last: 79278416 ns, Reaching safepoint: 34625 ns, At safepoint: 2361042 ns, Leaving safepoint: 23875 ns, Total: 2419542 ns, Threads: 2 runnable, 42 total
[2026-09-03T12:35:43.412+0800][2.559s][info][gc,start    ] GC(33) Pause Young (Mixed) (G1 Evacuation Pause)
[2026-09-03T12:35:43.412+0800][2.559s][info][gc,task     ] GC(33) Using 9 workers of 9 for evacuation
[2026-09-03T12:35:43.414+0800][2.562s][info][gc,phases   ] GC(33)   Pre Evacuate Collection Set: 0.06ms
[2026-09-03T12:35:43.414+0800][2.562s][info][gc,phases   ] GC(33)   Merge Heap Roots: 0.03ms
[2026-09-03T12:35:43.414+0800][2.562s][info][gc,phases   ] GC(33)   Evacuate Collection Set: 2.23ms
[2026-09-03T12:35:43.414+0800][2.562s][info][gc,phases   ] GC(33)   Post Evacuate Collection Set: 0.11ms
[2026-09-03T12:35:43.414+0800][2.562s][info][gc,phases   ] GC(33)   Other: 0.08ms
[2026-09-03T12:35:43.414+0800][2.562s][info][gc,heap     ] GC(33) Eden regions: 90->0(91)
[2026-09-03T12:35:43.414+0800][2.562s][info][gc,heap     ] GC(33) Survivor regions: 12->13(13)
[2026-09-03T12:35:43.414+0800][2.562s][info][gc,heap     ] GC(33) Old regions: 116->113
[2026-09-03T12:35:43.414+0800][2.562s][info][gc,heap     ] GC(33) Humongous regions: 1->1
[2026-09-03T12:35:43.414+0800][2.562s][info][gc,metaspace] GC(33) Metaspace: 1059K(1216K)->1059K(1216K) NonClass: 994K(1088K)->994K(1088K) Class: 64K(128K)->64K(128K)
[2026-09-03T12:35:43.414+0800][2.562s][info][gc          ] GC(33) Pause Young (Mixed) (G1 Evacuation Pause) 217M->125M(256M) 2.640ms
[2026-09-03T12:35:43.414+0800][2.562s][info][gc,cpu      ] GC(33) User=0.02s Sys=0.00s Real=0.00s
[2026-09-03T12:35:43.414+0800][2.562s][info][safepoint   ] Safepoint "G1CollectForAllocation", Time since last: 85641250 ns, Reaching safepoint: 34417 ns, At safepoint: 2685416 ns, Leaving safepoint: 27709 ns, Total: 2747542 ns, Threads: 3 runnable, 42 total
[2026-09-03T12:35:43.501+0800][2.649s][info][gc,start    ] GC(34) Pause Young (Concurrent Start) (G1 Evacuation Pause)
[2026-09-03T12:35:43.502+0800][2.649s][info][gc,task     ] GC(34) Using 9 workers of 9 for evacuation
[2026-09-03T12:35:43.504+0800][2.651s][info][gc,phases   ] GC(34)   Pre Evacuate Collection Set: 0.10ms
[2026-09-03T12:35:43.504+0800][2.651s][info][gc,phases   ] GC(34)   Merge Heap Roots: 0.03ms
[2026-09-03T12:35:43.504+0800][2.651s][info][gc,phases   ] GC(34)   Evacuate Collection Set: 1.75ms
[2026-09-03T12:35:43.504+0800][2.651s][info][gc,phases   ] GC(34)   Post Evacuate Collection Set: 0.10ms
[2026-09-03T12:35:43.504+0800][2.651s][info][gc,phases   ] GC(34)   Other: 0.06ms
[2026-09-03T12:35:43.504+0800][2.651s][info][gc,heap     ] GC(34) Eden regions: 91->0(78)
[2026-09-03T12:35:43.504+0800][2.651s][info][gc,heap     ] GC(34) Survivor regions: 13->13(13)
[2026-09-03T12:35:43.504+0800][2.651s][info][gc,heap     ] GC(34) Old regions: 113->131
[2026-09-03T12:35:43.504+0800][2.651s][info][gc,heap     ] GC(34) Humongous regions: 1->1
[2026-09-03T12:35:43.504+0800][2.651s][info][gc,metaspace] GC(34) Metaspace: 1059K(1216K)->1059K(1216K) NonClass: 994K(1088K)->994K(1088K) Class: 64K(128K)->64K(128K)
[2026-09-03T12:35:43.504+0800][2.651s][info][gc          ] GC(34) Pause Young (Concurrent Start) (G1 Evacuation Pause) 216M->144M(256M) 2.151ms
[2026-09-03T12:35:43.504+0800][2.651s][info][gc,cpu      ] GC(34) User=0.01s Sys=0.00s Real=0.00s
[2026-09-03T12:35:43.504+0800][2.651s][info][gc          ] GC(35) Concurrent Mark Cycle
[2026-09-03T12:35:43.504+0800][2.651s][info][gc,marking  ] GC(35) Concurrent Scan Root Regions
[2026-09-03T12:35:43.504+0800][2.651s][info][safepoint   ] Safepoint "G1CollectForAllocation", Time since last: 87133750 ns, Reaching safepoint: 2375 ns, At safepoint: 2179333 ns, Leaving safepoint: 40458 ns, Total: 2222166 ns, Threads: 0 runnable, 42 total
[2026-09-03T12:35:43.506+0800][2.653s][info][gc,marking  ] GC(35) Concurrent Scan Root Regions 1.949ms
[2026-09-03T12:35:43.506+0800][2.653s][info][gc,marking  ] GC(35) Concurrent Mark
[2026-09-03T12:35:43.506+0800][2.653s][info][gc,marking  ] GC(35) Concurrent Mark From Roots
[2026-09-03T12:35:43.506+0800][2.653s][info][gc,task     ] GC(35) Concurrent Mark Using 2 of 2 Workers
[2026-09-03T12:35:43.511+0800][2.659s][info][gc,marking  ] GC(35) Concurrent Mark From Roots 5.502ms
[2026-09-03T12:35:43.511+0800][2.659s][info][gc,marking  ] GC(35) Concurrent Preclean
[2026-09-03T12:35:43.511+0800][2.659s][info][gc,marking  ] GC(35) Concurrent Preclean 0.018ms
[2026-09-03T12:35:43.511+0800][2.659s][info][gc,start    ] GC(35) Pause Remark
[2026-09-03T12:35:43.512+0800][2.659s][info][gc          ] GC(35) Pause Remark 152M->117M(256M) 0.395ms
[2026-09-03T12:35:43.512+0800][2.659s][info][gc,cpu      ] GC(35) User=0.00s Sys=0.00s Real=0.00s
[2026-09-03T12:35:43.512+0800][2.659s][info][safepoint   ] Safepoint "G1PauseRemark", Time since last: 7536417 ns, Reaching safepoint: 33708 ns, At safepoint: 443292 ns, Leaving safepoint: 22083 ns, Total: 499083 ns, Threads: 1 runnable, 42 total
[2026-09-03T12:35:43.512+0800][2.659s][info][gc,marking  ] GC(35) Concurrent Mark 6.168ms
[2026-09-03T12:35:43.512+0800][2.659s][info][gc,marking  ] GC(35) Concurrent Rebuild Remembered Sets and Scrub Regions
[2026-09-03T12:35:43.517+0800][2.664s][info][gc,marking  ] GC(35) Concurrent Rebuild Remembered Sets and Scrub Regions 4.989ms
[2026-09-03T12:35:43.517+0800][2.664s][info][gc,start    ] GC(35) Pause Cleanup
[2026-09-03T12:35:43.517+0800][2.664s][info][gc          ] GC(35) Pause Cleanup 122M->122M(256M) 0.034ms
[2026-09-03T12:35:43.517+0800][2.664s][info][gc,cpu      ] GC(35) User=0.00s Sys=0.00s Real=0.00s
[2026-09-03T12:35:43.517+0800][2.664s][info][safepoint   ] Safepoint "G1PauseCleanup", Time since last: 5104084 ns, Reaching safepoint: 2208 ns, At safepoint: 61250 ns, Leaving safepoint: 11500 ns, Total: 74958 ns, Threads: 0 runnable, 42 total
[2026-09-03T12:35:43.517+0800][2.664s][info][gc,marking  ] GC(35) Concurrent Clear Claimed Marks
[2026-09-03T12:35:43.517+0800][2.664s][info][gc,marking  ] GC(35) Concurrent Clear Claimed Marks 0.042ms
[2026-09-03T12:35:43.517+0800][2.664s][info][gc,marking  ] GC(35) Concurrent Cleanup for Next Mark
[2026-09-03T12:35:43.517+0800][2.665s][info][gc,marking  ] GC(35) Concurrent Cleanup for Next Mark 0.114ms
[2026-09-03T12:35:43.517+0800][2.665s][info][gc          ] GC(35) Concurrent Mark Cycle 13.494ms
[2026-09-03T12:35:43.581+0800][2.729s][info][gc,start    ] GC(36) Pause Young (Prepare Mixed) (G1 Evacuation Pause)
[2026-09-03T12:35:43.581+0800][2.729s][info][gc,task     ] GC(36) Using 9 workers of 9 for evacuation
[2026-09-03T12:35:43.584+0800][2.731s][info][gc,phases   ] GC(36)   Pre Evacuate Collection Set: 0.06ms
[2026-09-03T12:35:43.584+0800][2.731s][info][gc,phases   ] GC(36)   Merge Heap Roots: 0.04ms
[2026-09-03T12:35:43.584+0800][2.731s][info][gc,phases   ] GC(36)   Evacuate Collection Set: 1.97ms
[2026-09-03T12:35:43.584+0800][2.731s][info][gc,phases   ] GC(36)   Post Evacuate Collection Set: 0.12ms
[2026-09-03T12:35:43.584+0800][2.731s][info][gc,phases   ] GC(36)   Other: 0.09ms
[2026-09-03T12:35:43.584+0800][2.731s][info][gc,heap     ] GC(36) Eden regions: 78->0(92)
[2026-09-03T12:35:43.584+0800][2.731s][info][gc,heap     ] GC(36) Survivor regions: 13->12(12)
[2026-09-03T12:35:43.584+0800][2.731s][info][gc,heap     ] GC(36) Old regions: 96->113
[2026-09-03T12:35:43.584+0800][2.731s][info][gc,heap     ] GC(36) Humongous regions: 1->1
[2026-09-03T12:35:43.584+0800][2.731s][info][gc,metaspace] GC(36) Metaspace: 1059K(1216K)->1059K(1216K) NonClass: 994K(1088K)->994K(1088K) Class: 64K(128K)->64K(128K)
[2026-09-03T12:35:43.584+0800][2.731s][info][gc          ] GC(36) Pause Young (Prepare Mixed) (G1 Evacuation Pause) 187M->125M(256M) 2.436ms
[2026-09-03T12:35:43.584+0800][2.731s][info][gc,cpu      ] GC(36) User=0.02s Sys=0.00s Real=0.00s
[2026-09-03T12:35:43.584+0800][2.731s][info][safepoint   ] Safepoint "G1CollectForAllocation", Time since last: 64203958 ns, Reaching safepoint: 30709 ns, At safepoint: 2461958 ns, Leaving safepoint: 35333 ns, Total: 2528000 ns, Threads: 2 runnable, 42 total
[2026-09-03T12:35:43.671+0800][2.818s][info][gc,start    ] GC(37) Pause Young (Mixed) (G1 Evacuation Pause)
[2026-09-03T12:35:43.671+0800][2.818s][info][gc,task     ] GC(37) Using 9 workers of 9 for evacuation
[2026-09-03T12:35:43.674+0800][2.821s][info][gc,phases   ] GC(37)   Pre Evacuate Collection Set: 0.08ms
[2026-09-03T12:35:43.674+0800][2.821s][info][gc,phases   ] GC(37)   Merge Heap Roots: 0.03ms
[2026-09-03T12:35:43.674+0800][2.821s][info][gc,phases   ] GC(37)   Evacuate Collection Set: 2.71ms
[2026-09-03T12:35:43.674+0800][2.821s][info][gc,phases   ] GC(37)   Post Evacuate Collection Set: 0.12ms
[2026-09-03T12:35:43.674+0800][2.821s][info][gc,phases   ] GC(37)   Other: 0.06ms
[2026-09-03T12:35:43.674+0800][2.821s][info][gc,heap     ] GC(37) Eden regions: 92->0(100)
[2026-09-03T12:35:43.674+0800][2.821s][info][gc,heap     ] GC(37) Survivor regions: 12->13(13)
[2026-09-03T12:35:43.674+0800][2.821s][info][gc,heap     ] GC(37) Old regions: 113->101
[2026-09-03T12:35:43.674+0800][2.821s][info][gc,heap     ] GC(37) Humongous regions: 1->1
[2026-09-03T12:35:43.674+0800][2.821s][info][gc,metaspace] GC(37) Metaspace: 1059K(1216K)->1059K(1216K) NonClass: 994K(1088K)->994K(1088K) Class: 64K(128K)->64K(128K)
[2026-09-03T12:35:43.674+0800][2.821s][info][gc          ] GC(37) Pause Young (Mixed) (G1 Evacuation Pause) 217M->113M(256M) 3.120ms
[2026-09-03T12:35:43.674+0800][2.821s][info][gc,cpu      ] GC(37) User=0.02s Sys=0.00s Real=0.00s
[2026-09-03T12:35:43.674+0800][2.821s][info][safepoint   ] Safepoint "G1CollectForAllocation", Time since last: 87234667 ns, Reaching safepoint: 2833 ns, At safepoint: 3145209 ns, Leaving safepoint: 24750 ns, Total: 3172792 ns, Threads: 0 runnable, 42 total
[2026-09-03T12:35:43.769+0800][2.917s][info][gc,start    ] GC(38) Pause Young (Mixed) (G1 Evacuation Pause)
[2026-09-03T12:35:43.769+0800][2.917s][info][gc,task     ] GC(38) Using 9 workers of 9 for evacuation
[2026-09-03T12:35:43.772+0800][2.919s][info][gc,phases   ] GC(38)   Pre Evacuate Collection Set: 0.06ms
[2026-09-03T12:35:43.772+0800][2.919s][info][gc,phases   ] GC(38)   Merge Heap Roots: 0.03ms
[2026-09-03T12:35:43.772+0800][2.919s][info][gc,phases   ] GC(38)   Evacuate Collection Set: 2.33ms
[2026-09-03T12:35:43.772+0800][2.919s][info][gc,phases   ] GC(38)   Post Evacuate Collection Set: 0.13ms
[2026-09-03T12:35:43.772+0800][2.919s][info][gc,phases   ] GC(38)   Other: 0.06ms
[2026-09-03T12:35:43.772+0800][2.919s][info][gc,heap     ] GC(38) Eden regions: 100->0(92)
[2026-09-03T12:35:43.772+0800][2.919s][info][gc,heap     ] GC(38) Survivor regions: 13->15(15)
[2026-09-03T12:35:43.772+0800][2.919s][info][gc,heap     ] GC(38) Old regions: 101->109
[2026-09-03T12:35:43.772+0800][2.919s][info][gc,heap     ] GC(38) Humongous regions: 1->1
[2026-09-03T12:35:43.772+0800][2.919s][info][gc,metaspace] GC(38) Metaspace: 1059K(1216K)->1059K(1216K) NonClass: 994K(1088K)->994K(1088K) Class: 64K(128K)->64K(128K)
[2026-09-03T12:35:43.772+0800][2.919s][info][gc          ] GC(38) Pause Young (Mixed) (G1 Evacuation Pause) 213M->124M(256M) 2.721ms
[2026-09-03T12:35:43.772+0800][2.919s][info][gc,cpu      ] GC(38) User=0.02s Sys=0.00s Real=0.01s
[2026-09-03T12:35:43.772+0800][2.919s][info][safepoint   ] Safepoint "G1CollectForAllocation", Time since last: 95089625 ns, Reaching safepoint: 62875 ns, At safepoint: 2759083 ns, Leaving safepoint: 31750 ns, Total: 2853708 ns, Threads: 2 runnable, 42 total
[2026-09-03T12:35:43.860+0800][3.007s][info][gc,start    ] GC(39) Pause Young (Concurrent Start) (G1 Evacuation Pause)
[2026-09-03T12:35:43.860+0800][3.007s][info][gc,task     ] GC(39) Using 9 workers of 9 for evacuation
[2026-09-03T12:35:43.862+0800][3.010s][info][gc,phases   ] GC(39)   Pre Evacuate Collection Set: 0.06ms
[2026-09-03T12:35:43.862+0800][3.010s][info][gc,phases   ] GC(39)   Merge Heap Roots: 0.03ms
[2026-09-03T12:35:43.862+0800][3.010s][info][gc,phases   ] GC(39)   Evacuate Collection Set: 1.96ms
[2026-09-03T12:35:43.862+0800][3.010s][info][gc,phases   ] GC(39)   Post Evacuate Collection Set: 0.10ms
[2026-09-03T12:35:43.862+0800][3.010s][info][gc,phases   ] GC(39)   Other: 0.06ms
[2026-09-03T12:35:43.862+0800][3.010s][info][gc,heap     ] GC(39) Eden regions: 92->0(79)
[2026-09-03T12:35:43.862+0800][3.010s][info][gc,heap     ] GC(39) Survivor regions: 15->14(14)
[2026-09-03T12:35:43.862+0800][3.010s][info][gc,heap     ] GC(39) Old regions: 109->129
[2026-09-03T12:35:43.862+0800][3.010s][info][gc,heap     ] GC(39) Humongous regions: 1->1
[2026-09-03T12:35:43.862+0800][3.010s][info][gc,metaspace] GC(39) Metaspace: 1059K(1216K)->1059K(1216K) NonClass: 994K(1088K)->994K(1088K) Class: 64K(128K)->64K(128K)
[2026-09-03T12:35:43.862+0800][3.010s][info][gc          ] GC(39) Pause Young (Concurrent Start) (G1 Evacuation Pause) 216M->143M(256M) 2.323ms
[2026-09-03T12:35:43.862+0800][3.010s][info][gc,cpu      ] GC(39) User=0.01s Sys=0.00s Real=0.00s
[2026-09-03T12:35:43.862+0800][3.010s][info][gc          ] GC(40) Concurrent Mark Cycle
[2026-09-03T12:35:43.862+0800][3.010s][info][gc,marking  ] GC(40) Concurrent Scan Root Regions
[2026-09-03T12:35:43.862+0800][3.010s][info][safepoint   ] Safepoint "G1CollectForAllocation", Time since last: 87917750 ns, Reaching safepoint: 37917 ns, At safepoint: 2366833 ns, Leaving safepoint: 33125 ns, Total: 2437875 ns, Threads: 3 runnable, 42 total
[2026-09-03T12:35:43.865+0800][3.012s][info][gc,marking  ] GC(40) Concurrent Scan Root Regions 2.529ms
[2026-09-03T12:35:43.865+0800][3.012s][info][gc,marking  ] GC(40) Concurrent Mark
[2026-09-03T12:35:43.865+0800][3.012s][info][gc,marking  ] GC(40) Concurrent Mark From Roots
[2026-09-03T12:35:43.865+0800][3.012s][info][gc,task     ] GC(40) Concurrent Mark Using 2 of 2 Workers
[2026-09-03T12:35:43.870+0800][3.017s][info][gc,marking  ] GC(40) Concurrent Mark From Roots 4.765ms
[2026-09-03T12:35:43.870+0800][3.017s][info][gc,marking  ] GC(40) Concurrent Preclean
[2026-09-03T12:35:43.870+0800][3.017s][info][gc,marking  ] GC(40) Concurrent Preclean 0.010ms
[2026-09-03T12:35:43.870+0800][3.017s][info][gc,start    ] GC(40) Pause Remark
[2026-09-03T12:35:43.870+0800][3.018s][info][gc          ] GC(40) Pause Remark 151M->116M(256M) 0.291ms
[2026-09-03T12:35:43.870+0800][3.018s][info][gc,cpu      ] GC(40) User=0.00s Sys=0.01s Real=0.00s
[2026-09-03T12:35:43.870+0800][3.018s][info][safepoint   ] Safepoint "G1PauseRemark", Time since last: 7389000 ns, Reaching safepoint: 56292 ns, At safepoint: 316000 ns, Leaving safepoint: 21750 ns, Total: 394042 ns, Threads: 3 runnable, 42 total
[2026-09-03T12:35:43.870+0800][3.018s][info][gc,marking  ] GC(40) Concurrent Mark 5.283ms
[2026-09-03T12:35:43.870+0800][3.018s][info][gc,marking  ] GC(40) Concurrent Rebuild Remembered Sets and Scrub Regions
[2026-09-03T12:35:43.875+0800][3.023s][info][gc,marking  ] GC(40) Concurrent Rebuild Remembered Sets and Scrub Regions 5.147ms
[2026-09-03T12:35:43.875+0800][3.023s][info][gc,start    ] GC(40) Pause Cleanup
[2026-09-03T12:35:43.875+0800][3.023s][info][gc          ] GC(40) Pause Cleanup 122M->122M(256M) 0.041ms
[2026-09-03T12:35:43.875+0800][3.023s][info][gc,cpu      ] GC(40) User=0.00s Sys=0.00s Real=0.00s
[2026-09-03T12:35:43.875+0800][3.023s][info][safepoint   ] Safepoint "G1PauseCleanup", Time since last: 5237791 ns, Reaching safepoint: 2334 ns, At safepoint: 61791 ns, Leaving safepoint: 17000 ns, Total: 81125 ns, Threads: 0 runnable, 42 total
[2026-09-03T12:35:43.875+0800][3.023s][info][gc,marking  ] GC(40) Concurrent Clear Claimed Marks
[2026-09-03T12:35:43.876+0800][3.023s][info][gc,marking  ] GC(40) Concurrent Clear Claimed Marks 0.038ms
[2026-09-03T12:35:43.876+0800][3.023s][info][gc,marking  ] GC(40) Concurrent Cleanup for Next Mark
[2026-09-03T12:35:43.876+0800][3.023s][info][gc,marking  ] GC(40) Concurrent Cleanup for Next Mark 0.151ms
[2026-09-03T12:35:43.876+0800][3.023s][info][gc          ] GC(40) Concurrent Mark Cycle 13.420ms
[2026-09-03T12:35:43.938+0800][3.086s][info][gc,start    ] GC(41) Pause Young (Prepare Mixed) (G1 Evacuation Pause)
[2026-09-03T12:35:43.938+0800][3.086s][info][gc,task     ] GC(41) Using 9 workers of 9 for evacuation
[2026-09-03T12:35:43.941+0800][3.088s][info][gc,phases   ] GC(41)   Pre Evacuate Collection Set: 0.05ms
[2026-09-03T12:35:43.941+0800][3.089s][info][gc,phases   ] GC(41)   Merge Heap Roots: 0.02ms
[2026-09-03T12:35:43.941+0800][3.089s][info][gc,phases   ] GC(41)   Evacuate Collection Set: 2.61ms
[2026-09-03T12:35:43.941+0800][3.089s][info][gc,phases   ] GC(41)   Post Evacuate Collection Set: 0.10ms
[2026-09-03T12:35:43.941+0800][3.089s][info][gc,phases   ] GC(41)   Other: 0.07ms
[2026-09-03T12:35:43.941+0800][3.089s][info][gc,heap     ] GC(41) Eden regions: 79->0(92)
[2026-09-03T12:35:43.941+0800][3.089s][info][gc,heap     ] GC(41) Survivor regions: 14->12(12)
[2026-09-03T12:35:43.941+0800][3.089s][info][gc,heap     ] GC(41) Old regions: 94->113
[2026-09-03T12:35:43.941+0800][3.089s][info][gc,heap     ] GC(41) Humongous regions: 1->1
[2026-09-03T12:35:43.941+0800][3.089s][info][gc,metaspace] GC(41) Metaspace: 1059K(1216K)->1059K(1216K) NonClass: 994K(1088K)->994K(1088K) Class: 64K(128K)->64K(128K)
[2026-09-03T12:35:43.941+0800][3.089s][info][gc          ] GC(41) Pause Young (Prepare Mixed) (G1 Evacuation Pause) 187M->124M(256M) 2.979ms
[2026-09-03T12:35:43.941+0800][3.089s][info][gc,cpu      ] GC(41) User=0.02s Sys=0.00s Real=0.01s
[2026-09-03T12:35:43.941+0800][3.089s][info][safepoint   ] Safepoint "G1CollectForAllocation", Time since last: 62670542 ns, Reaching safepoint: 35292 ns, At safepoint: 3008416 ns, Leaving safepoint: 31084 ns, Total: 3074792 ns, Threads: 2 runnable, 42 total
[2026-09-03T12:35:44.029+0800][3.176s][info][gc,start    ] GC(42) Pause Young (Mixed) (G1 Evacuation Pause)
[2026-09-03T12:35:44.029+0800][3.176s][info][gc,task     ] GC(42) Using 9 workers of 9 for evacuation
[2026-09-03T12:35:44.031+0800][3.178s][info][gc,phases   ] GC(42)   Pre Evacuate Collection Set: 0.05ms
[2026-09-03T12:35:44.031+0800][3.178s][info][gc,phases   ] GC(42)   Merge Heap Roots: 0.03ms
[2026-09-03T12:35:44.031+0800][3.178s][info][gc,phases   ] GC(42)   Evacuate Collection Set: 1.80ms
[2026-09-03T12:35:44.031+0800][3.178s][info][gc,phases   ] GC(42)   Post Evacuate Collection Set: 0.12ms
[2026-09-03T12:35:44.031+0800][3.178s][info][gc,phases   ] GC(42)   Other: 0.07ms
[2026-09-03T12:35:44.031+0800][3.178s][info][gc,heap     ] GC(42) Eden regions: 92->0(99)
[2026-09-03T12:35:44.031+0800][3.178s][info][gc,heap     ] GC(42) Survivor regions: 12->13(13)
[2026-09-03T12:35:44.031+0800][3.178s][info][gc,heap     ] GC(42) Old regions: 113->102
[2026-09-03T12:35:44.031+0800][3.178s][info][gc,heap     ] GC(42) Humongous regions: 1->1
[2026-09-03T12:35:44.031+0800][3.178s][info][gc,metaspace] GC(42) Metaspace: 1059K(1216K)->1059K(1216K) NonClass: 994K(1088K)->994K(1088K) Class: 64K(128K)->64K(128K)
[2026-09-03T12:35:44.031+0800][3.178s][info][gc          ] GC(42) Pause Young (Mixed) (G1 Evacuation Pause) 216M->114M(256M) 2.185ms
[2026-09-03T12:35:44.031+0800][3.178s][info][gc,cpu      ] GC(42) User=0.01s Sys=0.00s Real=0.01s
[2026-09-03T12:35:44.031+0800][3.178s][info][safepoint   ] Safepoint "G1CollectForAllocation", Time since last: 87288041 ns, Reaching safepoint: 26667 ns, At safepoint: 2228625 ns, Leaving safepoint: 71833 ns, Total: 2327125 ns, Threads: 1 runnable, 42 total
[2026-09-03T12:35:44.126+0800][3.273s][info][gc,start    ] GC(43) Pause Young (Mixed) (G1 Evacuation Pause)
[2026-09-03T12:35:44.126+0800][3.273s][info][gc,task     ] GC(43) Using 9 workers of 9 for evacuation
[2026-09-03T12:35:44.128+0800][3.275s][info][gc,phases   ] GC(43)   Pre Evacuate Collection Set: 0.08ms
[2026-09-03T12:35:44.128+0800][3.275s][info][gc,phases   ] GC(43)   Merge Heap Roots: 0.03ms
[2026-09-03T12:35:44.128+0800][3.275s][info][gc,phases   ] GC(43)   Evacuate Collection Set: 1.76ms
[2026-09-03T12:35:44.128+0800][3.275s][info][gc,phases   ] GC(43)   Post Evacuate Collection Set: 0.10ms
[2026-09-03T12:35:44.128+0800][3.275s][info][gc,phases   ] GC(43)   Other: 0.06ms
[2026-09-03T12:35:44.128+0800][3.275s][info][gc,heap     ] GC(43) Eden regions: 99->0(90)
[2026-09-03T12:35:44.128+0800][3.275s][info][gc,heap     ] GC(43) Survivor regions: 13->14(14)
[2026-09-03T12:35:44.128+0800][3.275s][info][gc,heap     ] GC(43) Old regions: 102->114
[2026-09-03T12:35:44.128+0800][3.275s][info][gc,heap     ] GC(43) Humongous regions: 1->1
[2026-09-03T12:35:44.128+0800][3.275s][info][gc,metaspace] GC(43) Metaspace: 1059K(1216K)->1059K(1216K) NonClass: 994K(1088K)->994K(1088K) Class: 64K(128K)->64K(128K)
[2026-09-03T12:35:44.128+0800][3.275s][info][gc          ] GC(43) Pause Young (Mixed) (G1 Evacuation Pause) 213M->128M(256M) 2.140ms
[2026-09-03T12:35:44.128+0800][3.275s][info][gc,cpu      ] GC(43) User=0.02s Sys=0.00s Real=0.00s
[2026-09-03T12:35:44.128+0800][3.275s][info][safepoint   ] Safepoint "G1CollectForAllocation", Time since last: 94931584 ns, Reaching safepoint: 19750 ns, At safepoint: 2164416 ns, Leaving safepoint: 42417 ns, Total: 2226583 ns, Threads: 1 runnable, 42 total
[2026-09-03T12:35:44.214+0800][3.361s][info][gc,start    ] GC(44) Pause Young (Concurrent Start) (G1 Evacuation Pause)
[2026-09-03T12:35:44.214+0800][3.361s][info][gc,task     ] GC(44) Using 9 workers of 9 for evacuation
[2026-09-03T12:35:44.216+0800][3.364s][info][gc,phases   ] GC(44)   Pre Evacuate Collection Set: 0.08ms
[2026-09-03T12:35:44.216+0800][3.364s][info][gc,phases   ] GC(44)   Merge Heap Roots: 0.02ms
[2026-09-03T12:35:44.216+0800][3.364s][info][gc,phases   ] GC(44)   Evacuate Collection Set: 2.28ms
[2026-09-03T12:35:44.216+0800][3.364s][info][gc,phases   ] GC(44)   Post Evacuate Collection Set: 0.10ms
[2026-09-03T12:35:44.216+0800][3.364s][info][gc,phases   ] GC(44)   Other: 0.06ms
[2026-09-03T12:35:44.216+0800][3.364s][info][gc,heap     ] GC(44) Eden regions: 90->0(77)
[2026-09-03T12:35:44.216+0800][3.364s][info][gc,heap     ] GC(44) Survivor regions: 14->13(13)
[2026-09-03T12:35:44.216+0800][3.364s][info][gc,heap     ] GC(44) Old regions: 114->133
[2026-09-03T12:35:44.216+0800][3.364s][info][gc,heap     ] GC(44) Humongous regions: 1->1
[2026-09-03T12:35:44.216+0800][3.364s][info][gc,metaspace] GC(44) Metaspace: 1059K(1216K)->1059K(1216K) NonClass: 994K(1088K)->994K(1088K) Class: 64K(128K)->64K(128K)
[2026-09-03T12:35:44.216+0800][3.364s][info][gc          ] GC(44) Pause Young (Concurrent Start) (G1 Evacuation Pause) 218M->146M(256M) 2.667ms
[2026-09-03T12:35:44.216+0800][3.364s][info][gc,cpu      ] GC(44) User=0.02s Sys=0.00s Real=0.00s
[2026-09-03T12:35:44.216+0800][3.364s][info][gc          ] GC(45) Concurrent Mark Cycle
[2026-09-03T12:35:44.216+0800][3.364s][info][gc,marking  ] GC(45) Concurrent Scan Root Regions
[2026-09-03T12:35:44.216+0800][3.364s][info][safepoint   ] Safepoint "G1CollectForAllocation", Time since last: 85788458 ns, Reaching safepoint: 3500 ns, At safepoint: 2700042 ns, Leaving safepoint: 27667 ns, Total: 2731209 ns, Threads: 0 runnable, 42 total
[2026-09-03T12:35:44.219+0800][3.366s][info][gc,marking  ] GC(45) Concurrent Scan Root Regions 2.048ms
[2026-09-03T12:35:44.219+0800][3.366s][info][gc,marking  ] GC(45) Concurrent Mark
[2026-09-03T12:35:44.219+0800][3.366s][info][gc,marking  ] GC(45) Concurrent Mark From Roots
[2026-09-03T12:35:44.219+0800][3.366s][info][gc,task     ] GC(45) Concurrent Mark Using 2 of 2 Workers
[2026-09-03T12:35:44.224+0800][3.372s][info][gc,marking  ] GC(45) Concurrent Mark From Roots 5.594ms
[2026-09-03T12:35:44.224+0800][3.372s][info][gc,marking  ] GC(45) Concurrent Preclean
[2026-09-03T12:35:44.224+0800][3.372s][info][gc,marking  ] GC(45) Concurrent Preclean 0.034ms
[2026-09-03T12:35:44.224+0800][3.372s][info][gc,start    ] GC(45) Pause Remark
[2026-09-03T12:35:44.225+0800][3.372s][info][gc          ] GC(45) Pause Remark 155M->115M(256M) 0.354ms
[2026-09-03T12:35:44.225+0800][3.372s][info][gc,cpu      ] GC(45) User=0.01s Sys=0.00s Real=0.00s
[2026-09-03T12:35:44.225+0800][3.372s][info][safepoint   ] Safepoint "G1PauseRemark", Time since last: 7770500 ns, Reaching safepoint: 19750 ns, At safepoint: 373958 ns, Leaving safepoint: 26458 ns, Total: 420166 ns, Threads: 1 runnable, 42 total
[2026-09-03T12:35:44.225+0800][3.372s][info][gc,marking  ] GC(45) Concurrent Mark 6.218ms
[2026-09-03T12:35:44.225+0800][3.372s][info][gc,marking  ] GC(45) Concurrent Rebuild Remembered Sets and Scrub Regions
[2026-09-03T12:35:44.230+0800][3.377s][info][gc,marking  ] GC(45) Concurrent Rebuild Remembered Sets and Scrub Regions 4.859ms
[2026-09-03T12:35:44.230+0800][3.377s][info][gc,start    ] GC(45) Pause Cleanup
[2026-09-03T12:35:44.230+0800][3.377s][info][gc          ] GC(45) Pause Cleanup 120M->120M(256M) 0.050ms
[2026-09-03T12:35:44.230+0800][3.377s][info][gc,cpu      ] GC(45) User=0.00s Sys=0.00s Real=0.00s
[2026-09-03T12:35:44.230+0800][3.377s][info][safepoint   ] Safepoint "G1PauseCleanup", Time since last: 4979750 ns, Reaching safepoint: 39167 ns, At safepoint: 71667 ns, Leaving safepoint: 46666 ns, Total: 157500 ns, Threads: 3 runnable, 42 total
[2026-09-03T12:35:44.230+0800][3.377s][info][gc,marking  ] GC(45) Concurrent Clear Claimed Marks
[2026-09-03T12:35:44.230+0800][3.377s][info][gc,marking  ] GC(45) Concurrent Clear Claimed Marks 0.037ms
[2026-09-03T12:35:44.230+0800][3.377s][info][gc,marking  ] GC(45) Concurrent Cleanup for Next Mark
[2026-09-03T12:35:44.230+0800][3.377s][info][gc,marking  ] GC(45) Concurrent Cleanup for Next Mark 0.142ms
[2026-09-03T12:35:44.230+0800][3.378s][info][gc          ] GC(45) Concurrent Mark Cycle 13.635ms
[2026-09-03T12:35:44.290+0800][3.438s][info][gc,start    ] GC(46) Pause Young (Prepare Mixed) (G1 Evacuation Pause)
[2026-09-03T12:35:44.290+0800][3.438s][info][gc,task     ] GC(46) Using 9 workers of 9 for evacuation
[2026-09-03T12:35:44.292+0800][3.440s][info][gc,phases   ] GC(46)   Pre Evacuate Collection Set: 0.05ms
[2026-09-03T12:35:44.292+0800][3.440s][info][gc,phases   ] GC(46)   Merge Heap Roots: 0.02ms
[2026-09-03T12:35:44.292+0800][3.440s][info][gc,phases   ] GC(46)   Evacuate Collection Set: 1.92ms
[2026-09-03T12:35:44.292+0800][3.440s][info][gc,phases   ] GC(46)   Post Evacuate Collection Set: 0.09ms
[2026-09-03T12:35:44.292+0800][3.440s][info][gc,phases   ] GC(46)   Other: 0.06ms
[2026-09-03T12:35:44.292+0800][3.440s][info][gc,heap     ] GC(46) Eden regions: 77->0(94)
[2026-09-03T12:35:44.292+0800][3.440s][info][gc,heap     ] GC(46) Survivor regions: 13->12(12)
[2026-09-03T12:35:44.292+0800][3.440s][info][gc,heap     ] GC(46) Old regions: 93->110
[2026-09-03T12:35:44.292+0800][3.440s][info][gc,heap     ] GC(46) Humongous regions: 1->1
[2026-09-03T12:35:44.292+0800][3.440s][info][gc,metaspace] GC(46) Metaspace: 1059K(1216K)->1059K(1216K) NonClass: 994K(1088K)->994K(1088K) Class: 64K(128K)->64K(128K)
[2026-09-03T12:35:44.292+0800][3.440s][info][gc          ] GC(46) Pause Young (Prepare Mixed) (G1 Evacuation Pause) 183M->121M(256M) 2.259ms
[2026-09-03T12:35:44.292+0800][3.440s][info][gc,cpu      ] GC(46) User=0.01s Sys=0.00s Real=0.00s
[2026-09-03T12:35:44.292+0800][3.440s][info][safepoint   ] Safepoint "G1CollectForAllocation", Time since last: 60293709 ns, Reaching safepoint: 2583 ns, At safepoint: 2283500 ns, Leaving safepoint: 36250 ns, Total: 2322333 ns, Threads: 0 runnable, 42 total
[2026-09-03T12:35:44.382+0800][3.529s][info][gc,start    ] GC(47) Pause Young (Mixed) (G1 Evacuation Pause)
[2026-09-03T12:35:44.382+0800][3.529s][info][gc,task     ] GC(47) Using 9 workers of 9 for evacuation
[2026-09-03T12:35:44.384+0800][3.531s][info][gc,phases   ] GC(47)   Pre Evacuate Collection Set: 0.07ms
[2026-09-03T12:35:44.384+0800][3.531s][info][gc,phases   ] GC(47)   Merge Heap Roots: 0.05ms
[2026-09-03T12:35:44.384+0800][3.531s][info][gc,phases   ] GC(47)   Evacuate Collection Set: 1.85ms
[2026-09-03T12:35:44.384+0800][3.531s][info][gc,phases   ] GC(47)   Post Evacuate Collection Set: 0.12ms
[2026-09-03T12:35:44.384+0800][3.531s][info][gc,phases   ] GC(47)   Other: 0.06ms
[2026-09-03T12:35:44.384+0800][3.531s][info][gc,heap     ] GC(47) Eden regions: 94->0(101)
[2026-09-03T12:35:44.384+0800][3.531s][info][gc,heap     ] GC(47) Survivor regions: 12->14(14)
[2026-09-03T12:35:44.384+0800][3.531s][info][gc,heap     ] GC(47) Old regions: 110->98
[2026-09-03T12:35:44.384+0800][3.531s][info][gc,heap     ] GC(47) Humongous regions: 1->1
[2026-09-03T12:35:44.384+0800][3.531s][info][gc,metaspace] GC(47) Metaspace: 1059K(1216K)->1059K(1216K) NonClass: 994K(1088K)->994K(1088K) Class: 64K(128K)->64K(128K)
[2026-09-03T12:35:44.384+0800][3.531s][info][gc          ] GC(47) Pause Young (Mixed) (G1 Evacuation Pause) 215M->111M(256M) 2.251ms
[2026-09-03T12:35:44.384+0800][3.531s][info][gc,cpu      ] GC(47) User=0.01s Sys=0.00s Real=0.00s
[2026-09-03T12:35:44.384+0800][3.531s][info][safepoint   ] Safepoint "G1CollectForAllocation", Time since last: 89206833 ns, Reaching safepoint: 35167 ns, At safepoint: 2293708 ns, Leaving safepoint: 27709 ns, Total: 2356584 ns, Threads: 1 runnable, 42 total
[2026-09-03T12:35:44.480+0800][3.627s][info][gc,start    ] GC(48) Pause Young (Mixed) (G1 Evacuation Pause)
[2026-09-03T12:35:44.480+0800][3.627s][info][gc,task     ] GC(48) Using 9 workers of 9 for evacuation
[2026-09-03T12:35:44.483+0800][3.630s][info][gc,phases   ] GC(48)   Pre Evacuate Collection Set: 0.08ms
[2026-09-03T12:35:44.483+0800][3.630s][info][gc,phases   ] GC(48)   Merge Heap Roots: 0.03ms
[2026-09-03T12:35:44.483+0800][3.630s][info][gc,phases   ] GC(48)   Evacuate Collection Set: 2.39ms
[2026-09-03T12:35:44.483+0800][3.630s][info][gc,phases   ] GC(48)   Post Evacuate Collection Set: 0.10ms
[2026-09-03T12:35:44.483+0800][3.630s][info][gc,phases   ] GC(48)   Other: 0.06ms
[2026-09-03T12:35:44.483+0800][3.630s][info][gc,heap     ] GC(48) Eden regions: 101->0(90)
[2026-09-03T12:35:44.483+0800][3.630s][info][gc,heap     ] GC(48) Survivor regions: 14->15(15)
[2026-09-03T12:35:44.483+0800][3.630s][info][gc,heap     ] GC(48) Old regions: 98->112
[2026-09-03T12:35:44.483+0800][3.630s][info][gc,heap     ] GC(48) Humongous regions: 1->1
[2026-09-03T12:35:44.483+0800][3.630s][info][gc,metaspace] GC(48) Metaspace: 1059K(1216K)->1059K(1216K) NonClass: 994K(1088K)->994K(1088K) Class: 64K(128K)->64K(128K)
[2026-09-03T12:35:44.483+0800][3.630s][info][gc          ] GC(48) Pause Young (Mixed) (G1 Evacuation Pause) 212M->127M(256M) 2.788ms
[2026-09-03T12:35:44.483+0800][3.630s][info][gc,cpu      ] GC(48) User=0.02s Sys=0.00s Real=0.00s
[2026-09-03T12:35:44.483+0800][3.630s][info][safepoint   ] Safepoint "G1CollectForAllocation", Time since last: 95814791 ns, Reaching safepoint: 33750 ns, At safepoint: 2815084 ns, Leaving safepoint: 30333 ns, Total: 2879167 ns, Threads: 2 runnable, 42 total
[2026-09-03T12:35:44.568+0800][3.716s][info][gc,start    ] GC(49) Pause Young (Concurrent Start) (G1 Evacuation Pause)
[2026-09-03T12:35:44.568+0800][3.716s][info][gc,task     ] GC(49) Using 9 workers of 9 for evacuation
[2026-09-03T12:35:44.570+0800][3.718s][info][gc,phases   ] GC(49)   Pre Evacuate Collection Set: 0.08ms
[2026-09-03T12:35:44.570+0800][3.718s][info][gc,phases   ] GC(49)   Merge Heap Roots: 0.02ms
[2026-09-03T12:35:44.570+0800][3.718s][info][gc,phases   ] GC(49)   Evacuate Collection Set: 1.74ms
[2026-09-03T12:35:44.570+0800][3.718s][info][gc,phases   ] GC(49)   Post Evacuate Collection Set: 0.10ms
[2026-09-03T12:35:44.570+0800][3.718s][info][gc,phases   ] GC(49)   Other: 0.06ms
[2026-09-03T12:35:44.570+0800][3.718s][info][gc,heap     ] GC(49) Eden regions: 90->0(77)
[2026-09-03T12:35:44.570+0800][3.718s][info][gc,heap     ] GC(49) Survivor regions: 15->14(14)
[2026-09-03T12:35:44.570+0800][3.718s][info][gc,heap     ] GC(49) Old regions: 112->132
[2026-09-03T12:35:44.570+0800][3.718s][info][gc,heap     ] GC(49) Humongous regions: 1->1
[2026-09-03T12:35:44.570+0800][3.718s][info][gc,metaspace] GC(49) Metaspace: 1059K(1216K)->1059K(1216K) NonClass: 994K(1088K)->994K(1088K) Class: 64K(128K)->64K(128K)
[2026-09-03T12:35:44.570+0800][3.718s][info][gc          ] GC(49) Pause Young (Concurrent Start) (G1 Evacuation Pause) 217M->146M(256M) 2.087ms
[2026-09-03T12:35:44.570+0800][3.718s][info][gc,cpu      ] GC(49) User=0.02s Sys=0.00s Real=0.01s
[2026-09-03T12:35:44.570+0800][3.718s][info][gc          ] GC(50) Concurrent Mark Cycle
[2026-09-03T12:35:44.570+0800][3.718s][info][gc,marking  ] GC(50) Concurrent Scan Root Regions
[2026-09-03T12:35:44.570+0800][3.718s][info][safepoint   ] Safepoint "G1CollectForAllocation", Time since last: 85562417 ns, Reaching safepoint: 2291 ns, At safepoint: 2114417 ns, Leaving safepoint: 71667 ns, Total: 2188375 ns, Threads: 0 runnable, 42 total
[2026-09-03T12:35:44.573+0800][3.720s][info][gc,marking  ] GC(50) Concurrent Scan Root Regions 2.346ms
[2026-09-03T12:35:44.573+0800][3.720s][info][gc,marking  ] GC(50) Concurrent Mark
[2026-09-03T12:35:44.573+0800][3.720s][info][gc,marking  ] GC(50) Concurrent Mark From Roots
[2026-09-03T12:35:44.573+0800][3.720s][info][gc,task     ] GC(50) Concurrent Mark Using 2 of 2 Workers
[2026-09-03T12:35:44.577+0800][3.725s][info][gc,marking  ] GC(50) Concurrent Mark From Roots 4.541ms
[2026-09-03T12:35:44.577+0800][3.725s][info][gc,marking  ] GC(50) Concurrent Preclean
[2026-09-03T12:35:44.577+0800][3.725s][info][gc,marking  ] GC(50) Concurrent Preclean 0.018ms
[2026-09-03T12:35:44.577+0800][3.725s][info][gc,start    ] GC(50) Pause Remark
[2026-09-03T12:35:44.578+0800][3.725s][info][gc          ] GC(50) Pause Remark 153M->119M(256M) 0.350ms
[2026-09-03T12:35:44.578+0800][3.725s][info][gc,cpu      ] GC(50) User=0.00s Sys=0.00s Real=0.00s
[2026-09-03T12:35:44.578+0800][3.725s][info][safepoint   ] Safepoint "G1PauseRemark", Time since last: 7028875 ns, Reaching safepoint: 4750 ns, At safepoint: 391958 ns, Leaving safepoint: 17250 ns, Total: 413958 ns, Threads: 0 runnable, 42 total
[2026-09-03T12:35:44.578+0800][3.725s][info][gc,marking  ] GC(50) Concurrent Mark 5.141ms
[2026-09-03T12:35:44.578+0800][3.725s][info][gc,marking  ] GC(50) Concurrent Rebuild Remembered Sets and Scrub Regions
[2026-09-03T12:35:44.583+0800][3.730s][info][gc,marking  ] GC(50) Concurrent Rebuild Remembered Sets and Scrub Regions 4.677ms
[2026-09-03T12:35:44.583+0800][3.730s][info][gc,start    ] GC(50) Pause Cleanup
[2026-09-03T12:35:44.583+0800][3.730s][info][gc          ] GC(50) Pause Cleanup 124M->124M(256M) 0.061ms
[2026-09-03T12:35:44.583+0800][3.730s][info][gc,cpu      ] GC(50) User=0.00s Sys=0.00s Real=0.00s
[2026-09-03T12:35:44.583+0800][3.730s][info][safepoint   ] Safepoint "G1PauseCleanup", Time since last: 4769833 ns, Reaching safepoint: 30792 ns, At safepoint: 117792 ns, Leaving safepoint: 24958 ns, Total: 173542 ns, Threads: 2 runnable, 42 total
[2026-09-03T12:35:44.583+0800][3.730s][info][gc,marking  ] GC(50) Concurrent Clear Claimed Marks
[2026-09-03T12:35:44.583+0800][3.730s][info][gc,marking  ] GC(50) Concurrent Clear Claimed Marks 0.007ms
[2026-09-03T12:35:44.583+0800][3.730s][info][gc,marking  ] GC(50) Concurrent Cleanup for Next Mark
[2026-09-03T12:35:44.583+0800][3.731s][info][gc,marking  ] GC(50) Concurrent Cleanup for Next Mark 0.176ms
[2026-09-03T12:35:44.583+0800][3.731s][info][gc          ] GC(50) Concurrent Mark Cycle 12.779ms
[2026-09-03T12:35:44.645+0800][3.792s][info][gc,start    ] GC(51) Pause Young (Prepare Mixed) (G1 Evacuation Pause)
[2026-09-03T12:35:44.645+0800][3.792s][info][gc,task     ] GC(51) Using 9 workers of 9 for evacuation
[2026-09-03T12:35:44.647+0800][3.794s][info][gc,phases   ] GC(51)   Pre Evacuate Collection Set: 0.05ms
[2026-09-03T12:35:44.647+0800][3.794s][info][gc,phases   ] GC(51)   Merge Heap Roots: 0.03ms
[2026-09-03T12:35:44.647+0800][3.794s][info][gc,phases   ] GC(51)   Evacuate Collection Set: 1.59ms
[2026-09-03T12:35:44.647+0800][3.794s][info][gc,phases   ] GC(51)   Post Evacuate Collection Set: 0.09ms
[2026-09-03T12:35:44.647+0800][3.794s][info][gc,phases   ] GC(51)   Other: 0.06ms
[2026-09-03T12:35:44.647+0800][3.794s][info][gc,heap     ] GC(51) Eden regions: 77->0(90)
[2026-09-03T12:35:44.647+0800][3.794s][info][gc,heap     ] GC(51) Survivor regions: 14->12(12)
[2026-09-03T12:35:44.647+0800][3.794s][info][gc,heap     ] GC(51) Old regions: 98->116
[2026-09-03T12:35:44.647+0800][3.794s][info][gc,heap     ] GC(51) Humongous regions: 1->1
[2026-09-03T12:35:44.647+0800][3.794s][info][gc,metaspace] GC(51) Metaspace: 1059K(1216K)->1059K(1216K) NonClass: 994K(1088K)->994K(1088K) Class: 64K(128K)->64K(128K)
[2026-09-03T12:35:44.647+0800][3.794s][info][gc          ] GC(51) Pause Young (Prepare Mixed) (G1 Evacuation Pause) 189M->127M(256M) 1.933ms
[2026-09-03T12:35:44.647+0800][3.794s][info][gc,cpu      ] GC(51) User=0.01s Sys=0.00s Real=0.00s
[2026-09-03T12:35:44.647+0800][3.794s][info][safepoint   ] Safepoint "G1CollectForAllocation", Time since last: 61917958 ns, Reaching safepoint: 20834 ns, At safepoint: 1959583 ns, Leaving safepoint: 47250 ns, Total: 2027667 ns, Threads: 2 runnable, 42 total
[2026-09-03T12:35:44.732+0800][3.879s][info][gc,start    ] GC(52) Pause Young (Mixed) (G1 Evacuation Pause)
[2026-09-03T12:35:44.732+0800][3.879s][info][gc,task     ] GC(52) Using 9 workers of 9 for evacuation
[2026-09-03T12:35:44.734+0800][3.881s][info][gc,phases   ] GC(52)   Pre Evacuate Collection Set: 0.09ms
[2026-09-03T12:35:44.734+0800][3.881s][info][gc,phases   ] GC(52)   Merge Heap Roots: 0.03ms
[2026-09-03T12:35:44.734+0800][3.881s][info][gc,phases   ] GC(52)   Evacuate Collection Set: 1.73ms
[2026-09-03T12:35:44.734+0800][3.881s][info][gc,phases   ] GC(52)   Post Evacuate Collection Set: 0.12ms
[2026-09-03T12:35:44.734+0800][3.881s][info][gc,phases   ] GC(52)   Other: 0.06ms
[2026-09-03T12:35:44.734+0800][3.881s][info][gc,heap     ] GC(52) Eden regions: 90->0(97)
[2026-09-03T12:35:44.734+0800][3.881s][info][gc,heap     ] GC(52) Survivor regions: 12->13(13)
[2026-09-03T12:35:44.734+0800][3.881s][info][gc,heap     ] GC(52) Old regions: 116->104
[2026-09-03T12:35:44.734+0800][3.881s][info][gc,heap     ] GC(52) Humongous regions: 1->1
[2026-09-03T12:35:44.734+0800][3.881s][info][gc,metaspace] GC(52) Metaspace: 1059K(1216K)->1059K(1216K) NonClass: 994K(1088K)->994K(1088K) Class: 64K(128K)->64K(128K)
[2026-09-03T12:35:44.734+0800][3.881s][info][gc          ] GC(52) Pause Young (Mixed) (G1 Evacuation Pause) 217M->116M(256M) 2.145ms
[2026-09-03T12:35:44.734+0800][3.881s][info][gc,cpu      ] GC(52) User=0.01s Sys=0.00s Real=0.00s
[2026-09-03T12:35:44.734+0800][3.881s][info][safepoint   ] Safepoint "G1CollectForAllocation", Time since last: 85059083 ns, Reaching safepoint: 32500 ns, At safepoint: 2170917 ns, Leaving safepoint: 42458 ns, Total: 2245875 ns, Threads: 2 runnable, 42 total
[2026-09-03T12:35:44.827+0800][3.975s][info][gc,start    ] GC(53) Pause Young (Mixed) (G1 Evacuation Pause)
[2026-09-03T12:35:44.827+0800][3.975s][info][gc,task     ] GC(53) Using 9 workers of 9 for evacuation
[2026-09-03T12:35:44.829+0800][3.977s][info][gc,phases   ] GC(53)   Pre Evacuate Collection Set: 0.08ms
[2026-09-03T12:35:44.829+0800][3.977s][info][gc,phases   ] GC(53)   Merge Heap Roots: 0.03ms
[2026-09-03T12:35:44.829+0800][3.977s][info][gc,phases   ] GC(53)   Evacuate Collection Set: 1.79ms
[2026-09-03T12:35:44.829+0800][3.977s][info][gc,phases   ] GC(53)   Post Evacuate Collection Set: 0.10ms
[2026-09-03T12:35:44.829+0800][3.977s][info][gc,phases   ] GC(53)   Other: 0.06ms
[2026-09-03T12:35:44.829+0800][3.977s][info][gc,heap     ] GC(53) Eden regions: 97->0(90)
[2026-09-03T12:35:44.829+0800][3.977s][info][gc,heap     ] GC(53) Survivor regions: 13->14(14)
[2026-09-03T12:35:44.829+0800][3.977s][info][gc,heap     ] GC(53) Old regions: 104->113
[2026-09-03T12:35:44.829+0800][3.977s][info][gc,heap     ] GC(53) Humongous regions: 1->1
[2026-09-03T12:35:44.829+0800][3.977s][info][gc,metaspace] GC(53) Metaspace: 1059K(1216K)->1059K(1216K) NonClass: 994K(1088K)->994K(1088K) Class: 64K(128K)->64K(128K)
[2026-09-03T12:35:44.829+0800][3.977s][info][gc          ] GC(53) Pause Young (Mixed) (G1 Evacuation Pause) 213M->126M(256M) 2.177ms
[2026-09-03T12:35:44.829+0800][3.977s][info][gc,cpu      ] GC(53) User=0.01s Sys=0.00s Real=0.00s
[2026-09-03T12:35:44.829+0800][3.977s][info][safepoint   ] Safepoint "G1CollectForAllocation", Time since last: 93128917 ns, Reaching safepoint: 2458 ns, At safepoint: 2201000 ns, Leaving safepoint: 58542 ns, Total: 2262000 ns, Threads: 0 runnable, 42 total
[2026-09-03T12:35:44.915+0800][4.063s][info][gc,start    ] GC(54) Pause Young (Concurrent Start) (G1 Evacuation Pause)
[2026-09-03T12:35:44.916+0800][4.063s][info][gc,task     ] GC(54) Using 9 workers of 9 for evacuation
[2026-09-03T12:35:44.918+0800][4.065s][info][gc,phases   ] GC(54)   Pre Evacuate Collection Set: 0.11ms
[2026-09-03T12:35:44.918+0800][4.065s][info][gc,phases   ] GC(54)   Merge Heap Roots: 0.02ms
[2026-09-03T12:35:44.918+0800][4.065s][info][gc,phases   ] GC(54)   Evacuate Collection Set: 1.89ms
[2026-09-03T12:35:44.918+0800][4.065s][info][gc,phases   ] GC(54)   Post Evacuate Collection Set: 0.10ms
[2026-09-03T12:35:44.918+0800][4.065s][info][gc,phases   ] GC(54)   Other: 0.07ms
[2026-09-03T12:35:44.918+0800][4.065s][info][gc,heap     ] GC(54) Eden regions: 90->0(78)
[2026-09-03T12:35:44.918+0800][4.065s][info][gc,heap     ] GC(54) Survivor regions: 14->13(13)
[2026-09-03T12:35:44.918+0800][4.065s][info][gc,heap     ] GC(54) Old regions: 113->132
[2026-09-03T12:35:44.918+0800][4.065s][info][gc,heap     ] GC(54) Humongous regions: 1->1
[2026-09-03T12:35:44.918+0800][4.065s][info][gc,metaspace] GC(54) Metaspace: 1059K(1216K)->1059K(1216K) NonClass: 994K(1088K)->994K(1088K) Class: 64K(128K)->64K(128K)
[2026-09-03T12:35:44.918+0800][4.065s][info][gc          ] GC(54) Pause Young (Concurrent Start) (G1 Evacuation Pause) 216M->145M(256M) 2.299ms
[2026-09-03T12:35:44.918+0800][4.065s][info][gc,cpu      ] GC(54) User=0.01s Sys=0.00s Real=0.00s
[2026-09-03T12:35:44.918+0800][4.065s][info][gc          ] GC(55) Concurrent Mark Cycle
[2026-09-03T12:35:44.918+0800][4.065s][info][gc,marking  ] GC(55) Concurrent Scan Root Regions
[2026-09-03T12:35:44.918+0800][4.065s][info][safepoint   ] Safepoint "G1CollectForAllocation", Time since last: 86027000 ns, Reaching safepoint: 3042 ns, At safepoint: 2330416 ns, Leaving safepoint: 45792 ns, Total: 2379250 ns, Threads: 0 runnable, 42 total
[2026-09-03T12:35:44.920+0800][4.067s][info][gc,marking  ] GC(55) Concurrent Scan Root Regions 2.210ms
[2026-09-03T12:35:44.920+0800][4.067s][info][gc,marking  ] GC(55) Concurrent Mark
[2026-09-03T12:35:44.920+0800][4.067s][info][gc,marking  ] GC(55) Concurrent Mark From Roots
[2026-09-03T12:35:44.920+0800][4.068s][info][gc,task     ] GC(55) Concurrent Mark Using 2 of 2 Workers
[2026-09-03T12:35:44.925+0800][4.073s][info][gc,marking  ] GC(55) Concurrent Mark From Roots 5.127ms
[2026-09-03T12:35:44.925+0800][4.073s][info][gc,marking  ] GC(55) Concurrent Preclean
[2026-09-03T12:35:44.925+0800][4.073s][info][gc,marking  ] GC(55) Concurrent Preclean 0.009ms
[2026-09-03T12:35:44.925+0800][4.073s][info][gc,start    ] GC(55) Pause Remark
[2026-09-03T12:35:44.926+0800][4.073s][info][gc          ] GC(55) Pause Remark 153M->119M(256M) 0.338ms
[2026-09-03T12:35:44.926+0800][4.073s][info][gc,cpu      ] GC(55) User=0.00s Sys=0.00s Real=0.00s
[2026-09-03T12:35:44.926+0800][4.073s][info][safepoint   ] Safepoint "G1PauseRemark", Time since last: 7382875 ns, Reaching safepoint: 38833 ns, At safepoint: 358334 ns, Leaving safepoint: 22125 ns, Total: 419292 ns, Threads: 2 runnable, 42 total
[2026-09-03T12:35:44.926+0800][4.073s][info][gc,marking  ] GC(55) Concurrent Mark 5.646ms
[2026-09-03T12:35:44.926+0800][4.073s][info][gc,marking  ] GC(55) Concurrent Rebuild Remembered Sets and Scrub Regions
[2026-09-03T12:35:44.929+0800][4.077s][info][gc,marking  ] GC(55) Concurrent Rebuild Remembered Sets and Scrub Regions 3.575ms
[2026-09-03T12:35:44.929+0800][4.077s][info][gc,start    ] GC(55) Pause Cleanup
[2026-09-03T12:35:44.929+0800][4.077s][info][gc          ] GC(55) Pause Cleanup 123M->123M(256M) 0.048ms
[2026-09-03T12:35:44.929+0800][4.077s][info][gc,cpu      ] GC(55) User=0.00s Sys=0.00s Real=0.00s
[2026-09-03T12:35:44.929+0800][4.077s][info][safepoint   ] Safepoint "G1PauseCleanup", Time since last: 3698708 ns, Reaching safepoint: 23167 ns, At safepoint: 70791 ns, Leaving safepoint: 7709 ns, Total: 101667 ns, Threads: 4 runnable, 42 total
[2026-09-03T12:35:44.930+0800][4.077s][info][gc,marking  ] GC(55) Concurrent Clear Claimed Marks
[2026-09-03T12:35:44.930+0800][4.077s][info][gc,marking  ] GC(55) Concurrent Clear Claimed Marks 0.021ms
[2026-09-03T12:35:44.930+0800][4.077s][info][gc,marking  ] GC(55) Concurrent Cleanup for Next Mark
[2026-09-03T12:35:44.930+0800][4.077s][info][gc,marking  ] GC(55) Concurrent Cleanup for Next Mark 0.164ms
[2026-09-03T12:35:44.930+0800][4.077s][info][gc          ] GC(55) Concurrent Mark Cycle 11.991ms
[2026-09-03T12:35:44.993+0800][4.141s][info][gc,start    ] GC(56) Pause Young (Prepare Mixed) (G1 Evacuation Pause)
[2026-09-03T12:35:44.993+0800][4.141s][info][gc,task     ] GC(56) Using 9 workers of 9 for evacuation
[2026-09-03T12:35:44.995+0800][4.142s][info][gc,phases   ] GC(56)   Pre Evacuate Collection Set: 0.07ms
[2026-09-03T12:35:44.995+0800][4.142s][info][gc,phases   ] GC(56)   Merge Heap Roots: 0.04ms
[2026-09-03T12:35:44.995+0800][4.142s][info][gc,phases   ] GC(56)   Evacuate Collection Set: 1.55ms
[2026-09-03T12:35:44.995+0800][4.142s][info][gc,phases   ] GC(56)   Post Evacuate Collection Set: 0.09ms
[2026-09-03T12:35:44.995+0800][4.142s][info][gc,phases   ] GC(56)   Other: 0.06ms
[2026-09-03T12:35:44.995+0800][4.142s][info][gc,heap     ] GC(56) Eden regions: 78->0(90)
[2026-09-03T12:35:44.995+0800][4.142s][info][gc,heap     ] GC(56) Survivor regions: 13->12(12)
[2026-09-03T12:35:44.995+0800][4.142s][info][gc,heap     ] GC(56) Old regions: 98->115
[2026-09-03T12:35:44.995+0800][4.142s][info][gc,heap     ] GC(56) Humongous regions: 1->1
[2026-09-03T12:35:44.995+0800][4.142s][info][gc,metaspace] GC(56) Metaspace: 1059K(1216K)->1059K(1216K) NonClass: 994K(1088K)->994K(1088K) Class: 64K(128K)->64K(128K)
[2026-09-03T12:35:44.995+0800][4.142s][info][gc          ] GC(56) Pause Young (Prepare Mixed) (G1 Evacuation Pause) 189M->127M(256M) 1.913ms
[2026-09-03T12:35:44.995+0800][4.142s][info][gc,cpu      ] GC(56) User=0.01s Sys=0.01s Real=0.00s
[2026-09-03T12:35:44.995+0800][4.143s][info][safepoint   ] Safepoint "G1CollectForAllocation", Time since last: 63615541 ns, Reaching safepoint: 4792 ns, At safepoint: 1958333 ns, Leaving safepoint: 41334 ns, Total: 2004459 ns, Threads: 0 runnable, 42 total
[2026-09-03T12:35:45.077+0800][4.224s][info][gc,start    ] GC(57) Pause Young (Mixed) (G1 Evacuation Pause)
[2026-09-03T12:35:45.077+0800][4.224s][info][gc,task     ] GC(57) Using 9 workers of 9 for evacuation
[2026-09-03T12:35:45.079+0800][4.226s][info][gc,phases   ] GC(57)   Pre Evacuate Collection Set: 0.07ms
[2026-09-03T12:35:45.079+0800][4.226s][info][gc,phases   ] GC(57)   Merge Heap Roots: 0.02ms
[2026-09-03T12:35:45.079+0800][4.226s][info][gc,phases   ] GC(57)   Evacuate Collection Set: 1.66ms
[2026-09-03T12:35:45.079+0800][4.226s][info][gc,phases   ] GC(57)   Post Evacuate Collection Set: 0.11ms
[2026-09-03T12:35:45.079+0800][4.226s][info][gc,phases   ] GC(57)   Other: 0.05ms
[2026-09-03T12:35:45.079+0800][4.226s][info][gc,heap     ] GC(57) Eden regions: 90->0(98)
[2026-09-03T12:35:45.079+0800][4.226s][info][gc,heap     ] GC(57) Survivor regions: 12->13(13)
[2026-09-03T12:35:45.079+0800][4.226s][info][gc,heap     ] GC(57) Old regions: 115->103
[2026-09-03T12:35:45.079+0800][4.226s][info][gc,heap     ] GC(57) Humongous regions: 1->1
[2026-09-03T12:35:45.079+0800][4.226s][info][gc,metaspace] GC(57) Metaspace: 1059K(1216K)->1059K(1216K) NonClass: 994K(1088K)->994K(1088K) Class: 64K(128K)->64K(128K)
[2026-09-03T12:35:45.079+0800][4.226s][info][gc          ] GC(57) Pause Young (Mixed) (G1 Evacuation Pause) 217M->115M(256M) 2.012ms
[2026-09-03T12:35:45.079+0800][4.226s][info][gc,cpu      ] GC(57) User=0.01s Sys=0.00s Real=0.00s
[2026-09-03T12:35:45.079+0800][4.226s][info][safepoint   ] Safepoint "G1CollectForAllocation", Time since last: 81612125 ns, Reaching safepoint: 29750 ns, At safepoint: 2036541 ns, Leaving safepoint: 33750 ns, Total: 2100041 ns, Threads: 3 runnable, 42 total
[2026-09-03T12:35:45.168+0800][4.315s][info][gc,start    ] GC(58) Pause Young (Mixed) (G1 Evacuation Pause)
[2026-09-03T12:35:45.168+0800][4.315s][info][gc,task     ] GC(58) Using 9 workers of 9 for evacuation
[2026-09-03T12:35:45.170+0800][4.317s][info][gc,phases   ] GC(58)   Pre Evacuate Collection Set: 0.07ms
[2026-09-03T12:35:45.170+0800][4.317s][info][gc,phases   ] GC(58)   Merge Heap Roots: 0.04ms
[2026-09-03T12:35:45.170+0800][4.317s][info][gc,phases   ] GC(58)   Evacuate Collection Set: 1.80ms
[2026-09-03T12:35:45.170+0800][4.317s][info][gc,phases   ] GC(58)   Post Evacuate Collection Set: 0.10ms
[2026-09-03T12:35:45.170+0800][4.317s][info][gc,phases   ] GC(58)   Other: 0.06ms
[2026-09-03T12:35:45.170+0800][4.317s][info][gc,heap     ] GC(58) Eden regions: 98->0(91)
[2026-09-03T12:35:45.170+0800][4.317s][info][gc,heap     ] GC(58) Survivor regions: 13->14(14)
[2026-09-03T12:35:45.170+0800][4.317s][info][gc,heap     ] GC(58) Old regions: 103->112
[2026-09-03T12:35:45.170+0800][4.317s][info][gc,heap     ] GC(58) Humongous regions: 1->1
[2026-09-03T12:35:45.170+0800][4.317s][info][gc,metaspace] GC(58) Metaspace: 1059K(1216K)->1059K(1216K) NonClass: 994K(1088K)->994K(1088K) Class: 64K(128K)->64K(128K)
[2026-09-03T12:35:45.170+0800][4.317s][info][gc          ] GC(58) Pause Young (Mixed) (G1 Evacuation Pause) 213M->125M(256M) 2.191ms
[2026-09-03T12:35:45.170+0800][4.317s][info][gc,cpu      ] GC(58) User=0.02s Sys=0.00s Real=0.01s
[2026-09-03T12:35:45.170+0800][4.317s][info][safepoint   ] Safepoint "G1CollectForAllocation", Time since last: 88730042 ns, Reaching safepoint: 5125 ns, At safepoint: 2228500 ns, Leaving safepoint: 19708 ns, Total: 2253333 ns, Threads: 0 runnable, 42 total
[2026-09-03T12:35:45.253+0800][4.400s][info][gc,start    ] GC(59) Pause Young (Concurrent Start) (G1 Evacuation Pause)
[2026-09-03T12:35:45.253+0800][4.400s][info][gc,task     ] GC(59) Using 9 workers of 9 for evacuation
[2026-09-03T12:35:45.255+0800][4.402s][info][gc,phases   ] GC(59)   Pre Evacuate Collection Set: 0.05ms
[2026-09-03T12:35:45.255+0800][4.402s][info][gc,phases   ] GC(59)   Merge Heap Roots: 0.02ms
[2026-09-03T12:35:45.255+0800][4.402s][info][gc,phases   ] GC(59)   Evacuate Collection Set: 1.71ms
[2026-09-03T12:35:45.255+0800][4.402s][info][gc,phases   ] GC(59)   Post Evacuate Collection Set: 0.10ms
[2026-09-03T12:35:45.255+0800][4.402s][info][gc,phases   ] GC(59)   Other: 0.06ms
[2026-09-03T12:35:45.255+0800][4.402s][info][gc,heap     ] GC(59) Eden regions: 91->0(78)
[2026-09-03T12:35:45.255+0800][4.402s][info][gc,heap     ] GC(59) Survivor regions: 14->14(14)
[2026-09-03T12:35:45.255+0800][4.402s][info][gc,heap     ] GC(59) Old regions: 112->130
[2026-09-03T12:35:45.255+0800][4.402s][info][gc,heap     ] GC(59) Humongous regions: 1->1
[2026-09-03T12:35:45.255+0800][4.402s][info][gc,metaspace] GC(59) Metaspace: 1059K(1216K)->1059K(1216K) NonClass: 994K(1088K)->994K(1088K) Class: 64K(128K)->64K(128K)
[2026-09-03T12:35:45.255+0800][4.402s][info][gc          ] GC(59) Pause Young (Concurrent Start) (G1 Evacuation Pause) 216M->144M(256M) 2.047ms
[2026-09-03T12:35:45.255+0800][4.402s][info][gc,cpu      ] GC(59) User=0.02s Sys=0.00s Real=0.00s
[2026-09-03T12:35:45.255+0800][4.402s][info][gc          ] GC(60) Concurrent Mark Cycle
[2026-09-03T12:35:45.255+0800][4.402s][info][gc,marking  ] GC(60) Concurrent Scan Root Regions
[2026-09-03T12:35:45.255+0800][4.402s][info][safepoint   ] Safepoint "G1CollectForAllocation", Time since last: 83108792 ns, Reaching safepoint: 25667 ns, At safepoint: 2120958 ns, Leaving safepoint: 34875 ns, Total: 2181500 ns, Threads: 1 runnable, 42 total
[2026-09-03T12:35:45.258+0800][4.405s][info][gc,marking  ] GC(60) Concurrent Scan Root Regions 2.553ms
[2026-09-03T12:35:45.258+0800][4.405s][info][gc,marking  ] GC(60) Concurrent Mark
[2026-09-03T12:35:45.258+0800][4.405s][info][gc,marking  ] GC(60) Concurrent Mark From Roots
[2026-09-03T12:35:45.258+0800][4.405s][info][gc,task     ] GC(60) Concurrent Mark Using 2 of 2 Workers
[2026-09-03T12:35:45.263+0800][4.410s][info][gc,marking  ] GC(60) Concurrent Mark From Roots 4.950ms
[2026-09-03T12:35:45.263+0800][4.410s][info][gc,marking  ] GC(60) Concurrent Preclean
[2026-09-03T12:35:45.263+0800][4.410s][info][gc,marking  ] GC(60) Concurrent Preclean 0.022ms
[2026-09-03T12:35:45.263+0800][4.410s][info][gc,start    ] GC(60) Pause Remark
[2026-09-03T12:35:45.263+0800][4.411s][info][gc          ] GC(60) Pause Remark 152M->118M(256M) 0.383ms
[2026-09-03T12:35:45.263+0800][4.411s][info][gc,cpu      ] GC(60) User=0.00s Sys=0.00s Real=0.00s
[2026-09-03T12:35:45.263+0800][4.411s][info][safepoint   ] Safepoint "G1PauseRemark", Time since last: 7674917 ns, Reaching safepoint: 36291 ns, At safepoint: 417584 ns, Leaving safepoint: 27000 ns, Total: 480875 ns, Threads: 1 runnable, 42 total
[2026-09-03T12:35:45.263+0800][4.411s][info][gc,marking  ] GC(60) Concurrent Mark 5.627ms
[2026-09-03T12:35:45.263+0800][4.411s][info][gc,marking  ] GC(60) Concurrent Rebuild Remembered Sets and Scrub Regions
[2026-09-03T12:35:45.268+0800][4.415s][info][gc,marking  ] GC(60) Concurrent Rebuild Remembered Sets and Scrub Regions 4.424ms
[2026-09-03T12:35:45.268+0800][4.415s][info][gc,start    ] GC(60) Pause Cleanup
[2026-09-03T12:35:45.268+0800][4.415s][info][gc          ] GC(60) Pause Cleanup 123M->123M(256M) 0.097ms
[2026-09-03T12:35:45.268+0800][4.415s][info][gc,cpu      ] GC(60) User=0.00s Sys=0.00s Real=0.00s
[2026-09-03T12:35:45.268+0800][4.415s][info][safepoint   ] Safepoint "G1PauseCleanup", Time since last: 4555916 ns, Reaching safepoint: 2125 ns, At safepoint: 119459 ns, Leaving safepoint: 28583 ns, Total: 150167 ns, Threads: 0 runnable, 42 total
[2026-09-03T12:35:45.268+0800][4.415s][info][gc,marking  ] GC(60) Concurrent Clear Claimed Marks
[2026-09-03T12:35:45.268+0800][4.415s][info][gc,marking  ] GC(60) Concurrent Clear Claimed Marks 0.025ms
[2026-09-03T12:35:45.268+0800][4.415s][info][gc,marking  ] GC(60) Concurrent Cleanup for Next Mark
[2026-09-03T12:35:45.268+0800][4.416s][info][gc,marking  ] GC(60) Concurrent Cleanup for Next Mark 0.145ms
[2026-09-03T12:35:45.268+0800][4.416s][info][gc          ] GC(60) Concurrent Mark Cycle 13.111ms
[2026-09-03T12:35:45.331+0800][4.478s][info][gc,start    ] GC(61) Pause Young (Prepare Mixed) (G1 Evacuation Pause)
[2026-09-03T12:35:45.331+0800][4.478s][info][gc,task     ] GC(61) Using 9 workers of 9 for evacuation
[2026-09-03T12:35:45.333+0800][4.480s][info][gc,phases   ] GC(61)   Pre Evacuate Collection Set: 0.06ms
[2026-09-03T12:35:45.333+0800][4.481s][info][gc,phases   ] GC(61)   Merge Heap Roots: 0.02ms
[2026-09-03T12:35:45.333+0800][4.481s][info][gc,phases   ] GC(61)   Evacuate Collection Set: 2.18ms
[2026-09-03T12:35:45.333+0800][4.481s][info][gc,phases   ] GC(61)   Post Evacuate Collection Set: 0.09ms
[2026-09-03T12:35:45.333+0800][4.481s][info][gc,phases   ] GC(61)   Other: 0.08ms
[2026-09-03T12:35:45.333+0800][4.481s][info][gc,heap     ] GC(61) Eden regions: 78->0(91)
[2026-09-03T12:35:45.333+0800][4.481s][info][gc,heap     ] GC(61) Survivor regions: 14->12(12)
[2026-09-03T12:35:45.333+0800][4.481s][info][gc,heap     ] GC(61) Old regions: 96->114
[2026-09-03T12:35:45.333+0800][4.481s][info][gc,heap     ] GC(61) Humongous regions: 1->1
[2026-09-03T12:35:45.333+0800][4.481s][info][gc,metaspace] GC(61) Metaspace: 1059K(1216K)->1059K(1216K) NonClass: 994K(1088K)->994K(1088K) Class: 64K(128K)->64K(128K)
[2026-09-03T12:35:45.333+0800][4.481s][info][gc          ] GC(61) Pause Young (Prepare Mixed) (G1 Evacuation Pause) 188M->126M(256M) 2.542ms
[2026-09-03T12:35:45.333+0800][4.481s][info][gc,cpu      ] GC(61) User=0.01s Sys=0.00s Real=0.00s
[2026-09-03T12:35:45.333+0800][4.481s][info][safepoint   ] Safepoint "G1CollectForAllocation", Time since last: 62623167 ns, Reaching safepoint: 38458 ns, At safepoint: 2565042 ns, Leaving safepoint: 23916 ns, Total: 2627416 ns, Threads: 1 runnable, 42 total
[2026-09-03T12:35:45.419+0800][4.566s][info][gc,start    ] GC(62) Pause Young (Mixed) (G1 Evacuation Pause)
[2026-09-03T12:35:45.419+0800][4.566s][info][gc,task     ] GC(62) Using 9 workers of 9 for evacuation
[2026-09-03T12:35:45.421+0800][4.568s][info][gc,phases   ] GC(62)   Pre Evacuate Collection Set: 0.05ms
[2026-09-03T12:35:45.421+0800][4.568s][info][gc,phases   ] GC(62)   Merge Heap Roots: 0.02ms
[2026-09-03T12:35:45.421+0800][4.568s][info][gc,phases   ] GC(62)   Evacuate Collection Set: 1.74ms
[2026-09-03T12:35:45.421+0800][4.568s][info][gc,phases   ] GC(62)   Post Evacuate Collection Set: 0.11ms
[2026-09-03T12:35:45.421+0800][4.568s][info][gc,phases   ] GC(62)   Other: 0.06ms
[2026-09-03T12:35:45.421+0800][4.568s][info][gc,heap     ] GC(62) Eden regions: 91->0(99)
[2026-09-03T12:35:45.421+0800][4.568s][info][gc,heap     ] GC(62) Survivor regions: 12->13(13)
[2026-09-03T12:35:45.421+0800][4.568s][info][gc,heap     ] GC(62) Old regions: 114->102
[2026-09-03T12:35:45.421+0800][4.568s][info][gc,heap     ] GC(62) Humongous regions: 1->1
[2026-09-03T12:35:45.421+0800][4.568s][info][gc,metaspace] GC(62) Metaspace: 1059K(1216K)->1059K(1216K) NonClass: 994K(1088K)->994K(1088K) Class: 64K(128K)->64K(128K)
[2026-09-03T12:35:45.421+0800][4.568s][info][gc          ] GC(62) Pause Young (Mixed) (G1 Evacuation Pause) 217M->115M(256M) 2.086ms
[2026-09-03T12:35:45.421+0800][4.568s][info][gc,cpu      ] GC(62) User=0.01s Sys=0.00s Real=0.01s
[2026-09-03T12:35:45.421+0800][4.568s][info][safepoint   ] Safepoint "G1CollectForAllocation", Time since last: 85316000 ns, Reaching safepoint: 38459 ns, At safepoint: 2111958 ns, Leaving safepoint: 40417 ns, Total: 2190834 ns, Threads: 4 runnable, 42 total
[2026-09-03T12:35:45.512+0800][4.660s][info][gc,start    ] GC(63) Pause Young (Mixed) (G1 Evacuation Pause)
[2026-09-03T12:35:45.512+0800][4.660s][info][gc,task     ] GC(63) Using 9 workers of 9 for evacuation
[2026-09-03T12:35:45.515+0800][4.663s][info][gc,phases   ] GC(63)   Pre Evacuate Collection Set: 0.06ms
[2026-09-03T12:35:45.515+0800][4.663s][info][gc,phases   ] GC(63)   Merge Heap Roots: 0.03ms
[2026-09-03T12:35:45.515+0800][4.663s][info][gc,phases   ] GC(63)   Evacuate Collection Set: 2.53ms
[2026-09-03T12:35:45.515+0800][4.663s][info][gc,phases   ] GC(63)   Post Evacuate Collection Set: 0.10ms
[2026-09-03T12:35:45.515+0800][4.663s][info][gc,phases   ] GC(63)   Other: 0.05ms
[2026-09-03T12:35:45.515+0800][4.663s][info][gc,heap     ] GC(63) Eden regions: 99->0(90)
[2026-09-03T12:35:45.515+0800][4.663s][info][gc,heap     ] GC(63) Survivor regions: 13->14(14)
[2026-09-03T12:35:45.515+0800][4.663s][info][gc,heap     ] GC(63) Old regions: 102->113
[2026-09-03T12:35:45.515+0800][4.663s][info][gc,heap     ] GC(63) Humongous regions: 1->1
[2026-09-03T12:35:45.515+0800][4.663s][info][gc,metaspace] GC(63) Metaspace: 1059K(1216K)->1059K(1216K) NonClass: 994K(1088K)->994K(1088K) Class: 64K(128K)->64K(128K)
[2026-09-03T12:35:45.515+0800][4.663s][info][gc          ] GC(63) Pause Young (Mixed) (G1 Evacuation Pause) 214M->126M(256M) 2.896ms
[2026-09-03T12:35:45.515+0800][4.663s][info][gc,cpu      ] GC(63) User=0.02s Sys=0.00s Real=0.00s
[2026-09-03T12:35:45.515+0800][4.663s][info][safepoint   ] Safepoint "G1CollectForAllocation", Time since last: 91600333 ns, Reaching safepoint: 20583 ns, At safepoint: 2929917 ns, Leaving safepoint: 27458 ns, Total: 2977958 ns, Threads: 1 runnable, 42 total
[2026-09-03T12:35:45.598+0800][4.745s][info][gc,start    ] GC(64) Pause Young (Concurrent Start) (G1 Evacuation Pause)
[2026-09-03T12:35:45.598+0800][4.746s][info][gc,task     ] GC(64) Using 9 workers of 9 for evacuation
[2026-09-03T12:35:45.600+0800][4.748s][info][gc,phases   ] GC(64)   Pre Evacuate Collection Set: 0.08ms
[2026-09-03T12:35:45.600+0800][4.748s][info][gc,phases   ] GC(64)   Merge Heap Roots: 0.04ms
[2026-09-03T12:35:45.600+0800][4.748s][info][gc,phases   ] GC(64)   Evacuate Collection Set: 1.90ms
[2026-09-03T12:35:45.600+0800][4.748s][info][gc,phases   ] GC(64)   Post Evacuate Collection Set: 0.10ms
[2026-09-03T12:35:45.600+0800][4.748s][info][gc,phases   ] GC(64)   Other: 0.09ms
[2026-09-03T12:35:45.600+0800][4.748s][info][gc,heap     ] GC(64) Eden regions: 90->0(78)
[2026-09-03T12:35:45.600+0800][4.748s][info][gc,heap     ] GC(64) Survivor regions: 14->13(13)
[2026-09-03T12:35:45.600+0800][4.748s][info][gc,heap     ] GC(64) Old regions: 113->132
[2026-09-03T12:35:45.600+0800][4.748s][info][gc,heap     ] GC(64) Humongous regions: 1->1
[2026-09-03T12:35:45.600+0800][4.748s][info][gc,metaspace] GC(64) Metaspace: 1059K(1216K)->1059K(1216K) NonClass: 994K(1088K)->994K(1088K) Class: 64K(128K)->64K(128K)
[2026-09-03T12:35:45.600+0800][4.748s][info][gc          ] GC(64) Pause Young (Concurrent Start) (G1 Evacuation Pause) 216M->145M(256M) 2.385ms
[2026-09-03T12:35:45.600+0800][4.748s][info][gc,cpu      ] GC(64) User=0.01s Sys=0.00s Real=0.01s
[2026-09-03T12:35:45.600+0800][4.748s][info][gc          ] GC(65) Concurrent Mark Cycle
[2026-09-03T12:35:45.600+0800][4.748s][info][gc,marking  ] GC(65) Concurrent Scan Root Regions
[2026-09-03T12:35:45.600+0800][4.748s][info][safepoint   ] Safepoint "G1CollectForAllocation", Time since last: 82726334 ns, Reaching safepoint: 5750 ns, At safepoint: 2428208 ns, Leaving safepoint: 37917 ns, Total: 2471875 ns, Threads: 0 runnable, 42 total
[2026-09-03T12:35:45.602+0800][4.750s][info][gc,marking  ] GC(65) Concurrent Scan Root Regions 1.889ms
[2026-09-03T12:35:45.602+0800][4.750s][info][gc,marking  ] GC(65) Concurrent Mark
[2026-09-03T12:35:45.602+0800][4.750s][info][gc,marking  ] GC(65) Concurrent Mark From Roots
[2026-09-03T12:35:45.602+0800][4.750s][info][gc,task     ] GC(65) Concurrent Mark Using 2 of 2 Workers
[2026-09-03T12:35:45.608+0800][4.755s][info][gc,marking  ] GC(65) Concurrent Mark From Roots 5.490ms
[2026-09-03T12:35:45.608+0800][4.755s][info][gc,marking  ] GC(65) Concurrent Preclean
[2026-09-03T12:35:45.608+0800][4.755s][info][gc,marking  ] GC(65) Concurrent Preclean 0.010ms
[2026-09-03T12:35:45.608+0800][4.755s][info][gc,start    ] GC(65) Pause Remark
[2026-09-03T12:35:45.608+0800][4.756s][info][gc          ] GC(65) Pause Remark 153M->123M(256M) 0.370ms
[2026-09-03T12:35:45.608+0800][4.756s][info][gc,cpu      ] GC(65) User=0.00s Sys=0.00s Real=0.00s
[2026-09-03T12:35:45.608+0800][4.756s][info][safepoint   ] Safepoint "G1PauseRemark", Time since last: 7416750 ns, Reaching safepoint: 20000 ns, At safepoint: 391791 ns, Leaving safepoint: 23084 ns, Total: 434875 ns, Threads: 3 runnable, 42 total
[2026-09-03T12:35:45.608+0800][4.756s][info][gc,marking  ] GC(65) Concurrent Mark 5.996ms
[2026-09-03T12:35:45.608+0800][4.756s][info][gc,marking  ] GC(65) Concurrent Rebuild Remembered Sets and Scrub Regions
[2026-09-03T12:35:45.612+0800][4.760s][info][gc,marking  ] GC(65) Concurrent Rebuild Remembered Sets and Scrub Regions 4.061ms
[2026-09-03T12:35:45.612+0800][4.760s][info][gc,start    ] GC(65) Pause Cleanup
[2026-09-03T12:35:45.612+0800][4.760s][info][gc          ] GC(65) Pause Cleanup 128M->128M(256M) 0.035ms
[2026-09-03T12:35:45.612+0800][4.760s][info][gc,cpu      ] GC(65) User=0.00s Sys=0.00s Real=0.00s
[2026-09-03T12:35:45.613+0800][4.760s][info][safepoint   ] Safepoint "G1PauseCleanup", Time since last: 4104625 ns, Reaching safepoint: 17041 ns, At safepoint: 52084 ns, Leaving safepoint: 16000 ns, Total: 85125 ns, Threads: 2 runnable, 42 total
[2026-09-03T12:35:45.613+0800][4.760s][info][gc,marking  ] GC(65) Concurrent Clear Claimed Marks
[2026-09-03T12:35:45.613+0800][4.760s][info][gc,marking  ] GC(65) Concurrent Clear Claimed Marks 0.006ms
[2026-09-03T12:35:45.613+0800][4.760s][info][gc,marking  ] GC(65) Concurrent Cleanup for Next Mark
[2026-09-03T12:35:45.613+0800][4.760s][info][gc,marking  ] GC(65) Concurrent Cleanup for Next Mark 0.090ms
[2026-09-03T12:35:45.613+0800][4.760s][info][gc          ] GC(65) Concurrent Mark Cycle 12.203ms
[2026-09-03T12:35:45.672+0800][4.819s][info][gc,start    ] GC(66) Pause Young (Prepare Mixed) (G1 Evacuation Pause)
[2026-09-03T12:35:45.672+0800][4.819s][info][gc,task     ] GC(66) Using 9 workers of 9 for evacuation
[2026-09-03T12:35:45.674+0800][4.821s][info][gc,phases   ] GC(66)   Pre Evacuate Collection Set: 0.07ms
[2026-09-03T12:35:45.674+0800][4.821s][info][gc,phases   ] GC(66)   Merge Heap Roots: 0.02ms
[2026-09-03T12:35:45.674+0800][4.821s][info][gc,phases   ] GC(66)   Evacuate Collection Set: 1.96ms
[2026-09-03T12:35:45.674+0800][4.821s][info][gc,phases   ] GC(66)   Post Evacuate Collection Set: 0.07ms
[2026-09-03T12:35:45.674+0800][4.821s][info][gc,phases   ] GC(66)   Other: 0.07ms
[2026-09-03T12:35:45.674+0800][4.821s][info][gc,heap     ] GC(66) Eden regions: 78->0(87)
[2026-09-03T12:35:45.674+0800][4.821s][info][gc,heap     ] GC(66) Survivor regions: 13->12(12)
[2026-09-03T12:35:45.674+0800][4.821s][info][gc,heap     ] GC(66) Old regions: 102->120
[2026-09-03T12:35:45.674+0800][4.821s][info][gc,heap     ] GC(66) Humongous regions: 1->1
[2026-09-03T12:35:45.674+0800][4.821s][info][gc,metaspace] GC(66) Metaspace: 1059K(1216K)->1059K(1216K) NonClass: 994K(1088K)->994K(1088K) Class: 64K(128K)->64K(128K)
[2026-09-03T12:35:45.674+0800][4.821s][info][gc          ] GC(66) Pause Young (Prepare Mixed) (G1 Evacuation Pause) 193M->131M(256M) 2.292ms
[2026-09-03T12:35:45.674+0800][4.821s][info][gc,cpu      ] GC(66) User=0.01s Sys=0.01s Real=0.00s
[2026-09-03T12:35:45.674+0800][4.821s][info][safepoint   ] Safepoint "G1CollectForAllocation", Time since last: 59156958 ns, Reaching safepoint: 3125 ns, At safepoint: 2317667 ns, Leaving safepoint: 26333 ns, Total: 2347125 ns, Threads: 0 runnable, 42 total
[2026-09-03T12:35:45.752+0800][4.900s][info][gc,start    ] GC(67) Pause Young (Mixed) (G1 Evacuation Pause)
[2026-09-03T12:35:45.752+0800][4.900s][info][gc,task     ] GC(67) Using 9 workers of 9 for evacuation
[2026-09-03T12:35:45.754+0800][4.902s][info][gc,phases   ] GC(67)   Pre Evacuate Collection Set: 0.05ms
[2026-09-03T12:35:45.754+0800][4.902s][info][gc,phases   ] GC(67)   Merge Heap Roots: 0.02ms
[2026-09-03T12:35:45.754+0800][4.902s][info][gc,phases   ] GC(67)   Evacuate Collection Set: 1.62ms
[2026-09-03T12:35:45.754+0800][4.902s][info][gc,phases   ] GC(67)   Post Evacuate Collection Set: 0.11ms
[2026-09-03T12:35:45.754+0800][4.902s][info][gc,phases   ] GC(67)   Other: 0.06ms
[2026-09-03T12:35:45.754+0800][4.902s][info][gc,heap     ] GC(67) Eden regions: 87->0(92)
[2026-09-03T12:35:45.754+0800][4.902s][info][gc,heap     ] GC(67) Survivor regions: 12->13(13)
[2026-09-03T12:35:45.754+0800][4.902s][info][gc,heap     ] GC(67) Old regions: 120->111
[2026-09-03T12:35:45.754+0800][4.902s][info][gc,heap     ] GC(67) Humongous regions: 1->1
[2026-09-03T12:35:45.754+0800][4.902s][info][gc,metaspace] GC(67) Metaspace: 1059K(1216K)->1059K(1216K) NonClass: 994K(1088K)->994K(1088K) Class: 64K(128K)->64K(128K)
[2026-09-03T12:35:45.754+0800][4.902s][info][gc          ] GC(67) Pause Young (Mixed) (G1 Evacuation Pause) 218M->123M(256M) 1.978ms
[2026-09-03T12:35:45.754+0800][4.902s][info][gc,cpu      ] GC(67) User=0.02s Sys=0.00s Real=0.00s
[2026-09-03T12:35:45.754+0800][4.902s][info][safepoint   ] Safepoint "G1CollectForAllocation", Time since last: 78288292 ns, Reaching safepoint: 27875 ns, At safepoint: 2014458 ns, Leaving safepoint: 41542 ns, Total: 2083875 ns, Threads: 1 runnable, 42 total
[2026-09-03T12:35:45.838+0800][4.985s][info][gc,start    ] GC(68) Pause Young (Mixed) (G1 Evacuation Pause)
[2026-09-03T12:35:45.838+0800][4.985s][info][gc,task     ] GC(68) Using 9 workers of 9 for evacuation
[2026-09-03T12:35:45.841+0800][4.988s][info][gc,phases   ] GC(68)   Pre Evacuate Collection Set: 0.07ms
[2026-09-03T12:35:45.841+0800][4.988s][info][gc,phases   ] GC(68)   Merge Heap Roots: 0.03ms
[2026-09-03T12:35:45.841+0800][4.988s][info][gc,phases   ] GC(68)   Evacuate Collection Set: 2.31ms
[2026-09-03T12:35:45.841+0800][4.988s][info][gc,phases   ] GC(68)   Post Evacuate Collection Set: 0.11ms
[2026-09-03T12:35:45.841+0800][4.988s][info][gc,phases   ] GC(68)   Other: 0.06ms
[2026-09-03T12:35:45.841+0800][4.988s][info][gc,heap     ] GC(68) Eden regions: 92->0(92)
[2026-09-03T12:35:45.841+0800][4.988s][info][gc,heap     ] GC(68) Survivor regions: 13->14(14)
[2026-09-03T12:35:45.841+0800][4.988s][info][gc,heap     ] GC(68) Old regions: 111->111
[2026-09-03T12:35:45.841+0800][4.988s][info][gc,heap     ] GC(68) Humongous regions: 1->1
[2026-09-03T12:35:45.841+0800][4.988s][info][gc,metaspace] GC(68) Metaspace: 1059K(1216K)->1059K(1216K) NonClass: 994K(1088K)->994K(1088K) Class: 64K(128K)->64K(128K)
[2026-09-03T12:35:45.841+0800][4.988s][info][gc          ] GC(68) Pause Young (Mixed) (G1 Evacuation Pause) 215M->125M(256M) 2.690ms
[2026-09-03T12:35:45.841+0800][4.988s][info][gc,cpu      ] GC(68) User=0.02s Sys=0.00s Real=0.01s
[2026-09-03T12:35:45.841+0800][4.988s][info][safepoint   ] Safepoint "G1CollectForAllocation", Time since last: 83441625 ns, Reaching safepoint: 56250 ns, At safepoint: 2718541 ns, Leaving safepoint: 19209 ns, Total: 2794000 ns, Threads: 1 runnable, 42 total
[2026-09-03T12:35:45.924+0800][5.072s][info][gc,start    ] GC(69) Pause Young (Concurrent Start) (G1 Evacuation Pause)
[2026-09-03T12:35:45.924+0800][5.072s][info][gc,task     ] GC(69) Using 9 workers of 9 for evacuation
[2026-09-03T12:35:45.926+0800][5.074s][info][gc,phases   ] GC(69)   Pre Evacuate Collection Set: 0.09ms
[2026-09-03T12:35:45.926+0800][5.074s][info][gc,phases   ] GC(69)   Merge Heap Roots: 0.02ms
[2026-09-03T12:35:45.926+0800][5.074s][info][gc,phases   ] GC(69)   Evacuate Collection Set: 1.88ms
[2026-09-03T12:35:45.926+0800][5.074s][info][gc,phases   ] GC(69)   Post Evacuate Collection Set: 0.11ms
[2026-09-03T12:35:45.926+0800][5.074s][info][gc,phases   ] GC(69)   Other: 0.07ms
[2026-09-03T12:35:45.926+0800][5.074s][info][gc,heap     ] GC(69) Eden regions: 92->0(78)
[2026-09-03T12:35:45.926+0800][5.074s][info][gc,heap     ] GC(69) Survivor regions: 14->14(14)
[2026-09-03T12:35:45.926+0800][5.074s][info][gc,heap     ] GC(69) Old regions: 111->130
[2026-09-03T12:35:45.926+0800][5.074s][info][gc,heap     ] GC(69) Humongous regions: 1->1
[2026-09-03T12:35:45.926+0800][5.074s][info][gc,metaspace] GC(69) Metaspace: 1059K(1216K)->1059K(1216K) NonClass: 994K(1088K)->994K(1088K) Class: 64K(128K)->64K(128K)
[2026-09-03T12:35:45.926+0800][5.074s][info][gc          ] GC(69) Pause Young (Concurrent Start) (G1 Evacuation Pause) 217M->143M(256M) 2.270ms
[2026-09-03T12:35:45.926+0800][5.074s][info][gc,cpu      ] GC(69) User=0.01s Sys=0.00s Real=0.00s
[2026-09-03T12:35:45.926+0800][5.074s][info][gc          ] GC(70) Concurrent Mark Cycle
[2026-09-03T12:35:45.926+0800][5.074s][info][gc,marking  ] GC(70) Concurrent Scan Root Regions
[2026-09-03T12:35:45.926+0800][5.074s][info][safepoint   ] Safepoint "G1CollectForAllocation", Time since last: 83416916 ns, Reaching safepoint: 23750 ns, At safepoint: 2348709 ns, Leaving safepoint: 21666 ns, Total: 2394125 ns, Threads: 1 runnable, 42 total
[2026-09-03T12:35:45.928+0800][5.076s][info][gc,marking  ] GC(70) Concurrent Scan Root Regions 1.890ms
[2026-09-03T12:35:45.928+0800][5.076s][info][gc,marking  ] GC(70) Concurrent Mark
[2026-09-03T12:35:45.928+0800][5.076s][info][gc,marking  ] GC(70) Concurrent Mark From Roots
[2026-09-03T12:35:45.928+0800][5.076s][info][gc,task     ] GC(70) Concurrent Mark Using 2 of 2 Workers
[2026-09-03T12:35:45.934+0800][5.081s][info][gc,marking  ] GC(70) Concurrent Mark From Roots 5.476ms
[2026-09-03T12:35:45.934+0800][5.081s][info][gc,marking  ] GC(70) Concurrent Preclean
[2026-09-03T12:35:45.934+0800][5.081s][info][gc,marking  ] GC(70) Concurrent Preclean 0.010ms
[2026-09-03T12:35:45.934+0800][5.081s][info][gc,start    ] GC(70) Pause Remark
[2026-09-03T12:35:45.934+0800][5.082s][info][gc          ] GC(70) Pause Remark 152M->122M(256M) 0.352ms
[2026-09-03T12:35:45.934+0800][5.082s][info][gc,cpu      ] GC(70) User=0.00s Sys=0.00s Real=0.00s
[2026-09-03T12:35:45.934+0800][5.082s][info][safepoint   ] Safepoint "G1PauseRemark", Time since last: 7414917 ns, Reaching safepoint: 23333 ns, At safepoint: 371250 ns, Leaving safepoint: 23209 ns, Total: 417792 ns, Threads: 4 runnable, 42 total
[2026-09-03T12:35:45.934+0800][5.082s][info][gc,marking  ] GC(70) Concurrent Mark 5.955ms
[2026-09-03T12:35:45.934+0800][5.082s][info][gc,marking  ] GC(70) Concurrent Rebuild Remembered Sets and Scrub Regions
[2026-09-03T12:35:45.939+0800][5.087s][info][gc,marking  ] GC(70) Concurrent Rebuild Remembered Sets and Scrub Regions 5.146ms
[2026-09-03T12:35:45.940+0800][5.087s][info][gc,start    ] GC(70) Pause Cleanup
[2026-09-03T12:35:45.940+0800][5.087s][info][gc          ] GC(70) Pause Cleanup 128M->128M(256M) 0.060ms
[2026-09-03T12:35:45.940+0800][5.087s][info][gc,cpu      ] GC(70) User=0.00s Sys=0.00s Real=0.00s
[2026-09-03T12:35:45.940+0800][5.087s][info][safepoint   ] Safepoint "G1PauseCleanup", Time since last: 5224166 ns, Reaching safepoint: 44292 ns, At safepoint: 103958 ns, Leaving safepoint: 25750 ns, Total: 174000 ns, Threads: 3 runnable, 42 total
[2026-09-03T12:35:45.940+0800][5.087s][info][gc,marking  ] GC(70) Concurrent Clear Claimed Marks
[2026-09-03T12:35:45.940+0800][5.087s][info][gc,marking  ] GC(70) Concurrent Clear Claimed Marks 0.011ms
[2026-09-03T12:35:45.940+0800][5.087s][info][gc,marking  ] GC(70) Concurrent Cleanup for Next Mark
[2026-09-03T12:35:45.940+0800][5.087s][info][gc,marking  ] GC(70) Concurrent Cleanup for Next Mark 0.121ms
[2026-09-03T12:35:45.940+0800][5.087s][info][gc          ] GC(70) Concurrent Mark Cycle 13.417ms
[2026-09-03T12:35:45.999+0800][5.146s][info][gc,start    ] GC(71) Pause Young (Prepare Mixed) (G1 Evacuation Pause)
[2026-09-03T12:35:45.999+0800][5.147s][info][gc,task     ] GC(71) Using 9 workers of 9 for evacuation
[2026-09-03T12:35:46.001+0800][5.148s][info][gc,phases   ] GC(71)   Pre Evacuate Collection Set: 0.06ms
[2026-09-03T12:35:46.001+0800][5.148s][info][gc,phases   ] GC(71)   Merge Heap Roots: 0.02ms
[2026-09-03T12:35:46.001+0800][5.148s][info][gc,phases   ] GC(71)   Evacuate Collection Set: 1.65ms
[2026-09-03T12:35:46.001+0800][5.148s][info][gc,phases   ] GC(71)   Post Evacuate Collection Set: 0.09ms
[2026-09-03T12:35:46.001+0800][5.148s][info][gc,phases   ] GC(71)   Other: 0.06ms
[2026-09-03T12:35:46.001+0800][5.148s][info][gc,heap     ] GC(71) Eden regions: 78->0(88)
[2026-09-03T12:35:46.001+0800][5.148s][info][gc,heap     ] GC(71) Survivor regions: 14->12(12)
[2026-09-03T12:35:46.001+0800][5.148s][info][gc,heap     ] GC(71) Old regions: 100->118
[2026-09-03T12:35:46.001+0800][5.148s][info][gc,heap     ] GC(71) Humongous regions: 1->1
[2026-09-03T12:35:46.001+0800][5.148s][info][gc,metaspace] GC(71) Metaspace: 1059K(1216K)->1059K(1216K) NonClass: 994K(1088K)->994K(1088K) Class: 64K(128K)->64K(128K)
[2026-09-03T12:35:46.001+0800][5.148s][info][gc          ] GC(71) Pause Young (Prepare Mixed) (G1 Evacuation Pause) 191M->130M(256M) 1.974ms
[2026-09-03T12:35:46.001+0800][5.148s][info][gc,cpu      ] GC(71) User=0.01s Sys=0.00s Real=0.01s
[2026-09-03T12:35:46.001+0800][5.148s][info][safepoint   ] Safepoint "G1CollectForAllocation", Time since last: 59356292 ns, Reaching safepoint: 23958 ns, At safepoint: 2001250 ns, Leaving safepoint: 22500 ns, Total: 2047708 ns, Threads: 1 runnable, 42 total
[2026-09-03T12:35:46.085+0800][5.232s][info][gc,start    ] GC(72) Pause Young (Mixed) (G1 Evacuation Pause)
[2026-09-03T12:35:46.085+0800][5.232s][info][gc,task     ] GC(72) Using 9 workers of 9 for evacuation
[2026-09-03T12:35:46.087+0800][5.234s][info][gc,phases   ] GC(72)   Pre Evacuate Collection Set: 0.07ms
[2026-09-03T12:35:46.087+0800][5.234s][info][gc,phases   ] GC(72)   Merge Heap Roots: 0.03ms
[2026-09-03T12:35:46.087+0800][5.234s][info][gc,phases   ] GC(72)   Evacuate Collection Set: 1.63ms
[2026-09-03T12:35:46.087+0800][5.234s][info][gc,phases   ] GC(72)   Post Evacuate Collection Set: 0.11ms
[2026-09-03T12:35:46.087+0800][5.234s][info][gc,phases   ] GC(72)   Other: 0.06ms
[2026-09-03T12:35:46.087+0800][5.234s][info][gc,heap     ] GC(72) Eden regions: 88->0(94)
[2026-09-03T12:35:46.087+0800][5.234s][info][gc,heap     ] GC(72) Survivor regions: 12->13(13)
[2026-09-03T12:35:46.087+0800][5.234s][info][gc,heap     ] GC(72) Old regions: 118->109
[2026-09-03T12:35:46.087+0800][5.234s][info][gc,heap     ] GC(72) Humongous regions: 1->1
[2026-09-03T12:35:46.087+0800][5.234s][info][gc,metaspace] GC(72) Metaspace: 1059K(1216K)->1059K(1216K) NonClass: 994K(1088K)->994K(1088K) Class: 64K(128K)->64K(128K)
[2026-09-03T12:35:46.087+0800][5.234s][info][gc          ] GC(72) Pause Young (Mixed) (G1 Evacuation Pause) 218M->121M(256M) 2.016ms
[2026-09-03T12:35:46.087+0800][5.234s][info][gc,cpu      ] GC(72) User=0.01s Sys=0.00s Real=0.00s
[2026-09-03T12:35:46.087+0800][5.234s][info][safepoint   ] Safepoint "G1CollectForAllocation", Time since last: 83737917 ns, Reaching safepoint: 27792 ns, At safepoint: 2052208 ns, Leaving safepoint: 42667 ns, Total: 2122667 ns, Threads: 1 runnable, 42 total
[2026-09-03T12:35:46.177+0800][5.324s][info][gc,start    ] GC(73) Pause Young (Mixed) (G1 Evacuation Pause)
[2026-09-03T12:35:46.177+0800][5.324s][info][gc,task     ] GC(73) Using 9 workers of 9 for evacuation
[2026-09-03T12:35:46.179+0800][5.326s][info][gc,phases   ] GC(73)   Pre Evacuate Collection Set: 0.09ms
[2026-09-03T12:35:46.179+0800][5.326s][info][gc,phases   ] GC(73)   Merge Heap Roots: 0.04ms
[2026-09-03T12:35:46.179+0800][5.326s][info][gc,phases   ] GC(73)   Evacuate Collection Set: 1.81ms
[2026-09-03T12:35:46.179+0800][5.326s][info][gc,phases   ] GC(73)   Post Evacuate Collection Set: 0.11ms
[2026-09-03T12:35:46.179+0800][5.326s][info][gc,phases   ] GC(73)   Other: 0.06ms
[2026-09-03T12:35:46.179+0800][5.326s][info][gc,heap     ] GC(73) Eden regions: 94->0(92)
[2026-09-03T12:35:46.179+0800][5.326s][info][gc,heap     ] GC(73) Survivor regions: 13->14(14)
[2026-09-03T12:35:46.179+0800][5.326s][info][gc,heap     ] GC(73) Old regions: 109->111
[2026-09-03T12:35:46.179+0800][5.326s][info][gc,heap     ] GC(73) Humongous regions: 1->1
[2026-09-03T12:35:46.179+0800][5.326s][info][gc,metaspace] GC(73) Metaspace: 1059K(1216K)->1059K(1216K) NonClass: 994K(1088K)->994K(1088K) Class: 64K(128K)->64K(128K)
[2026-09-03T12:35:46.179+0800][5.326s][info][gc          ] GC(73) Pause Young (Mixed) (G1 Evacuation Pause) 215M->124M(256M) 2.237ms
[2026-09-03T12:35:46.179+0800][5.326s][info][gc,cpu      ] GC(73) User=0.01s Sys=0.00s Real=0.00s
[2026-09-03T12:35:46.179+0800][5.327s][info][safepoint   ] Safepoint "G1CollectForAllocation", Time since last: 89860375 ns, Reaching safepoint: 2416 ns, At safepoint: 2268750 ns, Leaving safepoint: 27417 ns, Total: 2298583 ns, Threads: 0 runnable, 42 total
[2026-09-03T12:35:46.264+0800][5.412s][info][gc,start    ] GC(74) Pause Young (Concurrent Start) (G1 Evacuation Pause)
[2026-09-03T12:35:46.265+0800][5.412s][info][gc,task     ] GC(74) Using 9 workers of 9 for evacuation
[2026-09-03T12:35:46.267+0800][5.414s][info][gc,phases   ] GC(74)   Pre Evacuate Collection Set: 0.06ms
[2026-09-03T12:35:46.267+0800][5.414s][info][gc,phases   ] GC(74)   Merge Heap Roots: 0.03ms
[2026-09-03T12:35:46.267+0800][5.414s][info][gc,phases   ] GC(74)   Evacuate Collection Set: 2.20ms
[2026-09-03T12:35:46.267+0800][5.414s][info][gc,phases   ] GC(74)   Post Evacuate Collection Set: 0.09ms
[2026-09-03T12:35:46.267+0800][5.414s][info][gc,phases   ] GC(74)   Other: 0.07ms
[2026-09-03T12:35:46.267+0800][5.414s][info][gc,heap     ] GC(74) Eden regions: 92->0(78)
[2026-09-03T12:35:46.267+0800][5.414s][info][gc,heap     ] GC(74) Survivor regions: 14->14(14)
[2026-09-03T12:35:46.267+0800][5.414s][info][gc,heap     ] GC(74) Old regions: 111->130
[2026-09-03T12:35:46.267+0800][5.414s][info][gc,heap     ] GC(74) Humongous regions: 1->1
[2026-09-03T12:35:46.267+0800][5.414s][info][gc,metaspace] GC(74) Metaspace: 1059K(1216K)->1059K(1216K) NonClass: 994K(1088K)->994K(1088K) Class: 64K(128K)->64K(128K)
[2026-09-03T12:35:46.267+0800][5.414s][info][gc          ] GC(74) Pause Young (Concurrent Start) (G1 Evacuation Pause) 216M->143M(256M) 2.570ms
[2026-09-03T12:35:46.267+0800][5.414s][info][gc,cpu      ] GC(74) User=0.01s Sys=0.00s Real=0.00s
[2026-09-03T12:35:46.267+0800][5.414s][info][gc          ] GC(75) Concurrent Mark Cycle
[2026-09-03T12:35:46.267+0800][5.415s][info][gc,marking  ] GC(75) Concurrent Scan Root Regions
[2026-09-03T12:35:46.267+0800][5.415s][info][safepoint   ] Safepoint "G1CollectForAllocation", Time since last: 85363250 ns, Reaching safepoint: 28167 ns, At safepoint: 2602541 ns, Leaving safepoint: 25792 ns, Total: 2656500 ns, Threads: 2 runnable, 42 total
[2026-09-03T12:35:46.269+0800][5.416s][info][gc,marking  ] GC(75) Concurrent Scan Root Regions 1.936ms
[2026-09-03T12:35:46.269+0800][5.416s][info][gc,marking  ] GC(75) Concurrent Mark
[2026-09-03T12:35:46.269+0800][5.416s][info][gc,marking  ] GC(75) Concurrent Mark From Roots
[2026-09-03T12:35:46.269+0800][5.417s][info][gc,task     ] GC(75) Concurrent Mark Using 2 of 2 Workers
[2026-09-03T12:35:46.274+0800][5.421s][info][gc,marking  ] GC(75) Concurrent Mark From Roots 4.653ms
[2026-09-03T12:35:46.274+0800][5.421s][info][gc,marking  ] GC(75) Concurrent Preclean
[2026-09-03T12:35:46.274+0800][5.421s][info][gc,marking  ] GC(75) Concurrent Preclean 0.018ms
[2026-09-03T12:35:46.274+0800][5.421s][info][gc,start    ] GC(75) Pause Remark
[2026-09-03T12:35:46.274+0800][5.422s][info][gc          ] GC(75) Pause Remark 151M->122M(256M) 0.339ms
[2026-09-03T12:35:46.274+0800][5.422s][info][gc,cpu      ] GC(75) User=0.00s Sys=0.00s Real=0.00s
[2026-09-03T12:35:46.274+0800][5.422s][info][safepoint   ] Safepoint "G1PauseRemark", Time since last: 6716083 ns, Reaching safepoint: 2334 ns, At safepoint: 365625 ns, Leaving safepoint: 26416 ns, Total: 394375 ns, Threads: 0 runnable, 42 total
[2026-09-03T12:35:46.274+0800][5.422s][info][gc,marking  ] GC(75) Concurrent Mark 5.165ms
[2026-09-03T12:35:46.274+0800][5.422s][info][gc,marking  ] GC(75) Concurrent Rebuild Remembered Sets and Scrub Regions
[2026-09-03T12:35:46.278+0800][5.426s][info][gc,marking  ] GC(75) Concurrent Rebuild Remembered Sets and Scrub Regions 4.220ms
[2026-09-03T12:35:46.279+0800][5.426s][info][gc,start    ] GC(75) Pause Cleanup
[2026-09-03T12:35:46.279+0800][5.426s][info][gc          ] GC(75) Pause Cleanup 127M->127M(256M) 0.079ms
[2026-09-03T12:35:46.279+0800][5.426s][info][gc,cpu      ] GC(75) User=0.00s Sys=0.00s Real=0.00s
[2026-09-03T12:35:46.279+0800][5.426s][info][safepoint   ] Safepoint "G1PauseCleanup", Time since last: 4282542 ns, Reaching safepoint: 21792 ns, At safepoint: 116583 ns, Leaving safepoint: 20875 ns, Total: 159250 ns, Threads: 3 runnable, 42 total
[2026-09-03T12:35:46.279+0800][5.426s][info][gc,marking  ] GC(75) Concurrent Clear Claimed Marks
[2026-09-03T12:35:46.279+0800][5.426s][info][gc,marking  ] GC(75) Concurrent Clear Claimed Marks 0.006ms
[2026-09-03T12:35:46.279+0800][5.426s][info][gc,marking  ] GC(75) Concurrent Cleanup for Next Mark
[2026-09-03T12:35:46.279+0800][5.426s][info][gc,marking  ] GC(75) Concurrent Cleanup for Next Mark 0.110ms
[2026-09-03T12:35:46.279+0800][5.426s][info][gc          ] GC(75) Concurrent Mark Cycle 11.761ms
[2026-09-03T12:35:46.339+0800][5.486s][info][gc,start    ] GC(76) Pause Young (Prepare Mixed) (G1 Evacuation Pause)
[2026-09-03T12:35:46.339+0800][5.486s][info][gc,task     ] GC(76) Using 9 workers of 9 for evacuation
[2026-09-03T12:35:46.341+0800][5.489s][info][gc,phases   ] GC(76)   Pre Evacuate Collection Set: 0.08ms
[2026-09-03T12:35:46.341+0800][5.489s][info][gc,phases   ] GC(76)   Merge Heap Roots: 0.02ms
[2026-09-03T12:35:46.341+0800][5.489s][info][gc,phases   ] GC(76)   Evacuate Collection Set: 2.22ms
[2026-09-03T12:35:46.341+0800][5.489s][info][gc,phases   ] GC(76)   Post Evacuate Collection Set: 0.10ms
[2026-09-03T12:35:46.341+0800][5.489s][info][gc,phases   ] GC(76)   Other: 0.06ms
[2026-09-03T12:35:46.341+0800][5.489s][info][gc,heap     ] GC(76) Eden regions: 78->0(87)
[2026-09-03T12:35:46.341+0800][5.489s][info][gc,heap     ] GC(76) Survivor regions: 14->12(12)
[2026-09-03T12:35:46.341+0800][5.489s][info][gc,heap     ] GC(76) Old regions: 101->119
[2026-09-03T12:35:46.341+0800][5.489s][info][gc,heap     ] GC(76) Humongous regions: 1->1
[2026-09-03T12:35:46.341+0800][5.489s][info][gc,metaspace] GC(76) Metaspace: 1059K(1216K)->1059K(1216K) NonClass: 994K(1088K)->994K(1088K) Class: 64K(128K)->64K(128K)
[2026-09-03T12:35:46.341+0800][5.489s][info][gc          ] GC(76) Pause Young (Prepare Mixed) (G1 Evacuation Pause) 192M->130M(256M) 2.597ms
[2026-09-03T12:35:46.341+0800][5.489s][info][gc,cpu      ] GC(76) User=0.02s Sys=0.00s Real=0.01s
[2026-09-03T12:35:46.341+0800][5.489s][info][safepoint   ] Safepoint "G1CollectForAllocation", Time since last: 60103292 ns, Reaching safepoint: 50375 ns, At safepoint: 2625958 ns, Leaving safepoint: 26625 ns, Total: 2702958 ns, Threads: 2 runnable, 42 total
[2026-09-03T12:35:46.421+0800][5.568s][info][gc,start    ] GC(77) Pause Young (Mixed) (G1 Evacuation Pause)
[2026-09-03T12:35:46.421+0800][5.568s][info][gc,task     ] GC(77) Using 9 workers of 9 for evacuation
[2026-09-03T12:35:46.423+0800][5.570s][info][gc,phases   ] GC(77)   Pre Evacuate Collection Set: 0.05ms
[2026-09-03T12:35:46.423+0800][5.571s][info][gc,phases   ] GC(77)   Merge Heap Roots: 0.03ms
[2026-09-03T12:35:46.423+0800][5.571s][info][gc,phases   ] GC(77)   Evacuate Collection Set: 2.20ms
[2026-09-03T12:35:46.423+0800][5.571s][info][gc,phases   ] GC(77)   Post Evacuate Collection Set: 0.15ms
[2026-09-03T12:35:46.423+0800][5.571s][info][gc,phases   ] GC(77)   Other: 0.07ms
[2026-09-03T12:35:46.423+0800][5.571s][info][gc,heap     ] GC(77) Eden regions: 87->0(93)
[2026-09-03T12:35:46.423+0800][5.571s][info][gc,heap     ] GC(77) Survivor regions: 12->13(13)
[2026-09-03T12:35:46.423+0800][5.571s][info][gc,heap     ] GC(77) Old regions: 119->110
[2026-09-03T12:35:46.423+0800][5.571s][info][gc,heap     ] GC(77) Humongous regions: 1->1
[2026-09-03T12:35:46.423+0800][5.571s][info][gc,metaspace] GC(77) Metaspace: 1059K(1216K)->1059K(1216K) NonClass: 994K(1088K)->994K(1088K) Class: 64K(128K)->64K(128K)
[2026-09-03T12:35:46.423+0800][5.571s][info][gc          ] GC(77) Pause Young (Mixed) (G1 Evacuation Pause) 217M->122M(256M) 2.676ms
[2026-09-03T12:35:46.423+0800][5.571s][info][gc,cpu      ] GC(77) User=0.02s Sys=0.00s Real=0.00s
[2026-09-03T12:35:46.423+0800][5.571s][info][safepoint   ] Safepoint "G1CollectForAllocation", Time since last: 78964042 ns, Reaching safepoint: 60458 ns, At safepoint: 2738042 ns, Leaving safepoint: 31416 ns, Total: 2829916 ns, Threads: 1 runnable, 42 total
[2026-09-03T12:35:46.509+0800][5.656s][info][gc,start    ] GC(78) Pause Young (Mixed) (G1 Evacuation Pause)
[2026-09-03T12:35:46.509+0800][5.657s][info][gc,task     ] GC(78) Using 9 workers of 9 for evacuation
[2026-09-03T12:35:46.511+0800][5.659s][info][gc,phases   ] GC(78)   Pre Evacuate Collection Set: 0.05ms
[2026-09-03T12:35:46.511+0800][5.659s][info][gc,phases   ] GC(78)   Merge Heap Roots: 0.04ms
[2026-09-03T12:35:46.511+0800][5.659s][info][gc,phases   ] GC(78)   Evacuate Collection Set: 1.85ms
[2026-09-03T12:35:46.511+0800][5.659s][info][gc,phases   ] GC(78)   Post Evacuate Collection Set: 0.09ms
[2026-09-03T12:35:46.511+0800][5.659s][info][gc,phases   ] GC(78)   Other: 0.06ms
[2026-09-03T12:35:46.511+0800][5.659s][info][gc,heap     ] GC(78) Eden regions: 93->0(92)
[2026-09-03T12:35:46.511+0800][5.659s][info][gc,heap     ] GC(78) Survivor regions: 13->14(14)
[2026-09-03T12:35:46.511+0800][5.659s][info][gc,heap     ] GC(78) Old regions: 110->110
[2026-09-03T12:35:46.511+0800][5.659s][info][gc,heap     ] GC(78) Humongous regions: 1->1
[2026-09-03T12:35:46.511+0800][5.659s][info][gc,metaspace] GC(78) Metaspace: 1059K(1216K)->1059K(1216K) NonClass: 994K(1088K)->994K(1088K) Class: 64K(128K)->64K(128K)
[2026-09-03T12:35:46.511+0800][5.659s][info][gc          ] GC(78) Pause Young (Mixed) (G1 Evacuation Pause) 215M->124M(256M) 2.182ms
[2026-09-03T12:35:46.511+0800][5.659s][info][gc,cpu      ] GC(78) User=0.01s Sys=0.00s Real=0.01s
[2026-09-03T12:35:46.511+0800][5.659s][info][safepoint   ] Safepoint "G1CollectForAllocation", Time since last: 85716042 ns, Reaching safepoint: 39000 ns, At safepoint: 2235417 ns, Leaving safepoint: 24916 ns, Total: 2299333 ns, Threads: 1 runnable, 42 total
[2026-09-03T12:35:46.600+0800][5.747s][info][gc,start    ] GC(79) Pause Young (Concurrent Start) (G1 Evacuation Pause)
[2026-09-03T12:35:46.600+0800][5.747s][info][gc,task     ] GC(79) Using 9 workers of 9 for evacuation
[2026-09-03T12:35:46.602+0800][5.749s][info][gc,phases   ] GC(79)   Pre Evacuate Collection Set: 0.08ms
[2026-09-03T12:35:46.602+0800][5.749s][info][gc,phases   ] GC(79)   Merge Heap Roots: 0.03ms
[2026-09-03T12:35:46.602+0800][5.749s][info][gc,phases   ] GC(79)   Evacuate Collection Set: 1.68ms
[2026-09-03T12:35:46.602+0800][5.749s][info][gc,phases   ] GC(79)   Post Evacuate Collection Set: 0.10ms
[2026-09-03T12:35:46.602+0800][5.749s][info][gc,phases   ] GC(79)   Other: 0.06ms
[2026-09-03T12:35:46.602+0800][5.749s][info][gc,heap     ] GC(79) Eden regions: 92->0(79)
[2026-09-03T12:35:46.602+0800][5.749s][info][gc,heap     ] GC(79) Survivor regions: 14->14(14)
[2026-09-03T12:35:46.602+0800][5.749s][info][gc,heap     ] GC(79) Old regions: 110->129
[2026-09-03T12:35:46.602+0800][5.749s][info][gc,heap     ] GC(79) Humongous regions: 1->1
[2026-09-03T12:35:46.602+0800][5.749s][info][gc,metaspace] GC(79) Metaspace: 1059K(1216K)->1059K(1216K) NonClass: 994K(1088K)->994K(1088K) Class: 64K(128K)->64K(128K)
[2026-09-03T12:35:46.602+0800][5.749s][info][gc          ] GC(79) Pause Young (Concurrent Start) (G1 Evacuation Pause) 216M->142M(256M) 2.065ms
[2026-09-03T12:35:46.602+0800][5.749s][info][gc,cpu      ] GC(79) User=0.01s Sys=0.00s Real=0.00s
[2026-09-03T12:35:46.602+0800][5.749s][info][gc          ] GC(80) Concurrent Mark Cycle
[2026-09-03T12:35:46.602+0800][5.749s][info][gc,marking  ] GC(80) Concurrent Scan Root Regions
[2026-09-03T12:35:46.602+0800][5.749s][info][safepoint   ] Safepoint "G1CollectForAllocation", Time since last: 88438375 ns, Reaching safepoint: 24042 ns, At safepoint: 2094417 ns, Leaving safepoint: 45916 ns, Total: 2164375 ns, Threads: 1 runnable, 42 total
[2026-09-03T12:35:46.604+0800][5.751s][info][gc,marking  ] GC(80) Concurrent Scan Root Regions 1.910ms
[2026-09-03T12:35:46.604+0800][5.751s][info][gc,marking  ] GC(80) Concurrent Mark
[2026-09-03T12:35:46.604+0800][5.751s][info][gc,marking  ] GC(80) Concurrent Mark From Roots
[2026-09-03T12:35:46.604+0800][5.751s][info][gc,task     ] GC(80) Concurrent Mark Using 2 of 2 Workers
[2026-09-03T12:35:46.609+0800][5.756s][info][gc,marking  ] GC(80) Concurrent Mark From Roots 4.865ms
[2026-09-03T12:35:46.609+0800][5.756s][info][gc,marking  ] GC(80) Concurrent Preclean
[2026-09-03T12:35:46.609+0800][5.756s][info][gc,marking  ] GC(80) Concurrent Preclean 0.017ms
[2026-09-03T12:35:46.609+0800][5.756s][info][gc,start    ] GC(80) Pause Remark
[2026-09-03T12:35:46.609+0800][5.757s][info][gc          ] GC(80) Pause Remark 150M->119M(256M) 0.351ms
[2026-09-03T12:35:46.609+0800][5.757s][info][gc,cpu      ] GC(80) User=0.00s Sys=0.00s Real=0.00s
[2026-09-03T12:35:46.609+0800][5.757s][info][safepoint   ] Safepoint "G1PauseRemark", Time since last: 6843459 ns, Reaching safepoint: 48458 ns, At safepoint: 369542 ns, Leaving safepoint: 25166 ns, Total: 443166 ns, Threads: 2 runnable, 42 total
[2026-09-03T12:35:46.609+0800][5.757s][info][gc,marking  ] GC(80) Concurrent Mark 5.451ms
[2026-09-03T12:35:46.609+0800][5.757s][info][gc,marking  ] GC(80) Concurrent Rebuild Remembered Sets and Scrub Regions
[2026-09-03T12:35:46.613+0800][5.760s][info][gc,marking  ] GC(80) Concurrent Rebuild Remembered Sets and Scrub Regions 3.369ms
[2026-09-03T12:35:46.613+0800][5.760s][info][gc,start    ] GC(80) Pause Cleanup
[2026-09-03T12:35:46.613+0800][5.760s][info][gc          ] GC(80) Pause Cleanup 123M->123M(256M) 0.055ms
[2026-09-03T12:35:46.613+0800][5.760s][info][gc,cpu      ] GC(80) User=0.00s Sys=0.00s Real=0.00s
[2026-09-03T12:35:46.613+0800][5.760s][info][safepoint   ] Safepoint "G1PauseCleanup", Time since last: 3455000 ns, Reaching safepoint: 23000 ns, At safepoint: 103959 ns, Leaving safepoint: 17833 ns, Total: 144792 ns, Threads: 1 runnable, 42 total
[2026-09-03T12:35:46.613+0800][5.760s][info][gc,marking  ] GC(80) Concurrent Clear Claimed Marks
[2026-09-03T12:35:46.613+0800][5.760s][info][gc,marking  ] GC(80) Concurrent Clear Claimed Marks 0.004ms
[2026-09-03T12:35:46.613+0800][5.760s][info][gc,marking  ] GC(80) Concurrent Cleanup for Next Mark
[2026-09-03T12:35:46.613+0800][5.760s][info][gc,marking  ] GC(80) Concurrent Cleanup for Next Mark 0.095ms
[2026-09-03T12:35:46.613+0800][5.760s][info][gc          ] GC(80) Concurrent Mark Cycle 11.096ms
[2026-09-03T12:35:46.675+0800][5.823s][info][gc,start    ] GC(81) Pause Young (Prepare Mixed) (G1 Evacuation Pause)
[2026-09-03T12:35:46.675+0800][5.823s][info][gc,task     ] GC(81) Using 9 workers of 9 for evacuation
[2026-09-03T12:35:46.677+0800][5.825s][info][gc,phases   ] GC(81)   Pre Evacuate Collection Set: 0.08ms
[2026-09-03T12:35:46.677+0800][5.825s][info][gc,phases   ] GC(81)   Merge Heap Roots: 0.02ms
[2026-09-03T12:35:46.677+0800][5.825s][info][gc,phases   ] GC(81)   Evacuate Collection Set: 1.56ms
[2026-09-03T12:35:46.677+0800][5.825s][info][gc,phases   ] GC(81)   Post Evacuate Collection Set: 0.09ms
[2026-09-03T12:35:46.677+0800][5.825s][info][gc,phases   ] GC(81)   Other: 0.06ms
[2026-09-03T12:35:46.677+0800][5.825s][info][gc,heap     ] GC(81) Eden regions: 79->0(90)
[2026-09-03T12:35:46.677+0800][5.825s][info][gc,heap     ] GC(81) Survivor regions: 14->12(12)
[2026-09-03T12:35:46.677+0800][5.825s][info][gc,heap     ] GC(81) Old regions: 98->116
[2026-09-03T12:35:46.677+0800][5.825s][info][gc,heap     ] GC(81) Humongous regions: 1->1
[2026-09-03T12:35:46.677+0800][5.825s][info][gc,metaspace] GC(81) Metaspace: 1059K(1216K)->1059K(1216K) NonClass: 994K(1088K)->994K(1088K) Class: 64K(128K)->64K(128K)
[2026-09-03T12:35:46.677+0800][5.825s][info][gc          ] GC(81) Pause Young (Prepare Mixed) (G1 Evacuation Pause) 190M->127M(256M) 1.911ms
[2026-09-03T12:35:46.677+0800][5.825s][info][gc,cpu      ] GC(81) User=0.02s Sys=0.00s Real=0.00s
[2026-09-03T12:35:46.677+0800][5.825s][info][safepoint   ] Safepoint "G1CollectForAllocation", Time since last: 62584667 ns, Reaching safepoint: 21083 ns, At safepoint: 1934750 ns, Leaving safepoint: 21417 ns, Total: 1977250 ns, Threads: 1 runnable, 42 total
[2026-09-03T12:35:46.761+0800][5.908s][info][gc,start    ] GC(82) Pause Young (Mixed) (G1 Evacuation Pause)
[2026-09-03T12:35:46.761+0800][5.908s][info][gc,task     ] GC(82) Using 9 workers of 9 for evacuation
[2026-09-03T12:35:46.763+0800][5.910s][info][gc,phases   ] GC(82)   Pre Evacuate Collection Set: 0.05ms
[2026-09-03T12:35:46.763+0800][5.910s][info][gc,phases   ] GC(82)   Merge Heap Roots: 0.02ms
[2026-09-03T12:35:46.763+0800][5.910s][info][gc,phases   ] GC(82)   Evacuate Collection Set: 1.65ms
[2026-09-03T12:35:46.763+0800][5.910s][info][gc,phases   ] GC(82)   Post Evacuate Collection Set: 0.09ms
[2026-09-03T12:35:46.763+0800][5.910s][info][gc,phases   ] GC(82)   Other: 0.05ms
[2026-09-03T12:35:46.763+0800][5.910s][info][gc,heap     ] GC(82) Eden regions: 90->0(95)
[2026-09-03T12:35:46.763+0800][5.910s][info][gc,heap     ] GC(82) Survivor regions: 12->13(13)
[2026-09-03T12:35:46.763+0800][5.910s][info][gc,heap     ] GC(82) Old regions: 116->107
[2026-09-03T12:35:46.763+0800][5.910s][info][gc,heap     ] GC(82) Humongous regions: 1->1
[2026-09-03T12:35:46.763+0800][5.910s][info][gc,metaspace] GC(82) Metaspace: 1059K(1216K)->1059K(1216K) NonClass: 994K(1088K)->994K(1088K) Class: 64K(128K)->64K(128K)
[2026-09-03T12:35:46.763+0800][5.910s][info][gc          ] GC(82) Pause Young (Mixed) (G1 Evacuation Pause) 217M->120M(256M) 1.968ms
[2026-09-03T12:35:46.763+0800][5.910s][info][gc,cpu      ] GC(82) User=0.02s Sys=0.00s Real=0.00s
[2026-09-03T12:35:46.763+0800][5.910s][info][safepoint   ] Safepoint "G1CollectForAllocation", Time since last: 83481791 ns, Reaching safepoint: 83750 ns, At safepoint: 1992959 ns, Leaving safepoint: 44166 ns, Total: 2120875 ns, Threads: 1 runnable, 42 total
[2026-09-03T12:35:46.853+0800][6.001s][info][gc,start    ] GC(83) Pause Young (Mixed) (G1 Evacuation Pause)
[2026-09-03T12:35:46.853+0800][6.001s][info][gc,task     ] GC(83) Using 9 workers of 9 for evacuation
[2026-09-03T12:35:46.855+0800][6.003s][info][gc,phases   ] GC(83)   Pre Evacuate Collection Set: 0.09ms
[2026-09-03T12:35:46.855+0800][6.003s][info][gc,phases   ] GC(83)   Merge Heap Roots: 0.02ms
[2026-09-03T12:35:46.855+0800][6.003s][info][gc,phases   ] GC(83)   Evacuate Collection Set: 1.78ms
[2026-09-03T12:35:46.855+0800][6.003s][info][gc,phases   ] GC(83)   Post Evacuate Collection Set: 0.10ms
[2026-09-03T12:35:46.855+0800][6.003s][info][gc,phases   ] GC(83)   Other: 0.06ms
[2026-09-03T12:35:46.855+0800][6.003s][info][gc,heap     ] GC(83) Eden regions: 95->0(92)
[2026-09-03T12:35:46.855+0800][6.003s][info][gc,heap     ] GC(83) Survivor regions: 13->14(14)
[2026-09-03T12:35:46.855+0800][6.003s][info][gc,heap     ] GC(83) Old regions: 107->111
[2026-09-03T12:35:46.855+0800][6.003s][info][gc,heap     ] GC(83) Humongous regions: 1->1
[2026-09-03T12:35:46.855+0800][6.003s][info][gc,metaspace] GC(83) Metaspace: 1059K(1216K)->1059K(1216K) NonClass: 994K(1088K)->994K(1088K) Class: 64K(128K)->64K(128K)
[2026-09-03T12:35:46.855+0800][6.003s][info][gc          ] GC(83) Pause Young (Mixed) (G1 Evacuation Pause) 215M->125M(256M) 2.169ms
[2026-09-03T12:35:46.855+0800][6.003s][info][gc,cpu      ] GC(83) User=0.02s Sys=0.01s Real=0.00s
[2026-09-03T12:35:46.855+0800][6.003s][info][safepoint   ] Safepoint "G1CollectForAllocation", Time since last: 90267250 ns, Reaching safepoint: 21667 ns, At safepoint: 2194542 ns, Leaving safepoint: 22875 ns, Total: 2239084 ns, Threads: 1 runnable, 42 total
[2026-09-03T12:35:46.944+0800][6.091s][info][gc,start    ] GC(84) Pause Young (Concurrent Start) (G1 Evacuation Pause)
[2026-09-03T12:35:46.944+0800][6.091s][info][gc,task     ] GC(84) Using 9 workers of 9 for evacuation
[2026-09-03T12:35:46.946+0800][6.094s][info][gc,phases   ] GC(84)   Pre Evacuate Collection Set: 0.06ms
[2026-09-03T12:35:46.946+0800][6.094s][info][gc,phases   ] GC(84)   Merge Heap Roots: 0.03ms
[2026-09-03T12:35:46.946+0800][6.094s][info][gc,phases   ] GC(84)   Evacuate Collection Set: 2.15ms
[2026-09-03T12:35:46.946+0800][6.094s][info][gc,phases   ] GC(84)   Post Evacuate Collection Set: 0.11ms
[2026-09-03T12:35:46.946+0800][6.094s][info][gc,phases   ] GC(84)   Other: 0.06ms
[2026-09-03T12:35:46.946+0800][6.094s][info][gc,heap     ] GC(84) Eden regions: 92->0(78)
[2026-09-03T12:35:46.946+0800][6.094s][info][gc,heap     ] GC(84) Survivor regions: 14->14(14)
[2026-09-03T12:35:46.946+0800][6.094s][info][gc,heap     ] GC(84) Old regions: 111->130
[2026-09-03T12:35:46.946+0800][6.094s][info][gc,heap     ] GC(84) Humongous regions: 1->1
[2026-09-03T12:35:46.946+0800][6.094s][info][gc,metaspace] GC(84) Metaspace: 1059K(1216K)->1059K(1216K) NonClass: 994K(1088K)->994K(1088K) Class: 64K(128K)->64K(128K)
[2026-09-03T12:35:46.946+0800][6.094s][info][gc          ] GC(84) Pause Young (Concurrent Start) (G1 Evacuation Pause) 217M->144M(256M) 2.541ms
[2026-09-03T12:35:46.946+0800][6.094s][info][gc,cpu      ] GC(84) User=0.02s Sys=0.00s Real=0.00s
[2026-09-03T12:35:46.946+0800][6.094s][info][gc          ] GC(85) Concurrent Mark Cycle
[2026-09-03T12:35:46.946+0800][6.094s][info][gc,marking  ] GC(85) Concurrent Scan Root Regions
[2026-09-03T12:35:46.947+0800][6.094s][info][safepoint   ] Safepoint "G1CollectForAllocation", Time since last: 88392250 ns, Reaching safepoint: 40083 ns, At safepoint: 2612208 ns, Leaving safepoint: 46500 ns, Total: 2698791 ns, Threads: 4 runnable, 42 total
[2026-09-03T12:35:46.949+0800][6.096s][info][gc,marking  ] GC(85) Concurrent Scan Root Regions 2.296ms
[2026-09-03T12:35:46.949+0800][6.096s][info][gc,marking  ] GC(85) Concurrent Mark
[2026-09-03T12:35:46.949+0800][6.096s][info][gc,marking  ] GC(85) Concurrent Mark From Roots
[2026-09-03T12:35:46.949+0800][6.096s][info][gc,task     ] GC(85) Concurrent Mark Using 2 of 2 Workers
[2026-09-03T12:35:46.954+0800][6.102s][info][gc,marking  ] GC(85) Concurrent Mark From Roots 5.625ms
[2026-09-03T12:35:46.955+0800][6.102s][info][gc,marking  ] GC(85) Concurrent Preclean
[2026-09-03T12:35:46.955+0800][6.102s][info][gc,marking  ] GC(85) Concurrent Preclean 0.020ms
[2026-09-03T12:35:46.955+0800][6.102s][info][gc,start    ] GC(85) Pause Remark
[2026-09-03T12:35:46.955+0800][6.102s][info][gc          ] GC(85) Pause Remark 153M->121M(256M) 0.381ms
[2026-09-03T12:35:46.955+0800][6.102s][info][gc,cpu      ] GC(85) User=0.00s Sys=0.00s Real=0.00s
[2026-09-03T12:35:46.955+0800][6.102s][info][safepoint   ] Safepoint "G1PauseRemark", Time since last: 8022875 ns, Reaching safepoint: 45792 ns, At safepoint: 419500 ns, Leaving safepoint: 24083 ns, Total: 489375 ns, Threads: 1 runnable, 42 total
[2026-09-03T12:35:46.955+0800][6.103s][info][gc,marking  ] GC(85) Concurrent Mark 6.289ms
[2026-09-03T12:35:46.955+0800][6.103s][info][gc,marking  ] GC(85) Concurrent Rebuild Remembered Sets and Scrub Regions
[2026-09-03T12:35:46.960+0800][6.107s][info][gc,marking  ] GC(85) Concurrent Rebuild Remembered Sets and Scrub Regions 4.585ms
[2026-09-03T12:35:46.960+0800][6.107s][info][gc,start    ] GC(85) Pause Cleanup
[2026-09-03T12:35:46.960+0800][6.107s][info][gc          ] GC(85) Pause Cleanup 126M->126M(256M) 0.039ms
[2026-09-03T12:35:46.960+0800][6.107s][info][gc,cpu      ] GC(85) User=0.00s Sys=0.00s Real=0.00s
[2026-09-03T12:35:46.960+0800][6.107s][info][safepoint   ] Safepoint "G1PauseCleanup", Time since last: 4713459 ns, Reaching safepoint: 26208 ns, At safepoint: 56083 ns, Leaving safepoint: 30459 ns, Total: 112750 ns, Threads: 1 runnable, 42 total
[2026-09-03T12:35:46.960+0800][6.107s][info][gc,marking  ] GC(85) Concurrent Clear Claimed Marks
[2026-09-03T12:35:46.960+0800][6.107s][info][gc,marking  ] GC(85) Concurrent Clear Claimed Marks 0.005ms
[2026-09-03T12:35:46.960+0800][6.107s][info][gc,marking  ] GC(85) Concurrent Cleanup for Next Mark
[2026-09-03T12:35:46.960+0800][6.108s][info][gc,marking  ] GC(85) Concurrent Cleanup for Next Mark 0.169ms
[2026-09-03T12:35:46.960+0800][6.108s][info][gc          ] GC(85) Concurrent Mark Cycle 13.656ms
[2026-09-03T12:35:47.021+0800][6.169s][info][gc,start    ] GC(86) Pause Young (Prepare Mixed) (G1 Evacuation Pause)
[2026-09-03T12:35:47.022+0800][6.169s][info][gc,task     ] GC(86) Using 9 workers of 9 for evacuation
[2026-09-03T12:35:47.024+0800][6.171s][info][gc,phases   ] GC(86)   Pre Evacuate Collection Set: 0.05ms
[2026-09-03T12:35:47.024+0800][6.171s][info][gc,phases   ] GC(86)   Merge Heap Roots: 0.02ms
[2026-09-03T12:35:47.024+0800][6.171s][info][gc,phases   ] GC(86)   Evacuate Collection Set: 2.07ms
[2026-09-03T12:35:47.024+0800][6.171s][info][gc,phases   ] GC(86)   Post Evacuate Collection Set: 0.10ms
[2026-09-03T12:35:47.024+0800][6.171s][info][gc,phases   ] GC(86)   Other: 0.08ms
[2026-09-03T12:35:47.024+0800][6.171s][info][gc,heap     ] GC(86) Eden regions: 78->0(90)
[2026-09-03T12:35:47.024+0800][6.171s][info][gc,heap     ] GC(86) Survivor regions: 14->12(12)
[2026-09-03T12:35:47.024+0800][6.171s][info][gc,heap     ] GC(86) Old regions: 98->116
[2026-09-03T12:35:47.024+0800][6.171s][info][gc,heap     ] GC(86) Humongous regions: 1->1
[2026-09-03T12:35:47.024+0800][6.171s][info][gc,metaspace] GC(86) Metaspace: 1059K(1216K)->1059K(1216K) NonClass: 994K(1088K)->994K(1088K) Class: 64K(128K)->64K(128K)
[2026-09-03T12:35:47.024+0800][6.171s][info][gc          ] GC(86) Pause Young (Prepare Mixed) (G1 Evacuation Pause) 190M->128M(256M) 2.513ms
[2026-09-03T12:35:47.024+0800][6.171s][info][gc,cpu      ] GC(86) User=0.02s Sys=0.00s Real=0.00s
[2026-09-03T12:35:47.024+0800][6.171s][info][safepoint   ] Safepoint "G1CollectForAllocation", Time since last: 61576916 ns, Reaching safepoint: 29709 ns, At safepoint: 2540458 ns, Leaving safepoint: 26708 ns, Total: 2596875 ns, Threads: 1 runnable, 42 total
[2026-09-03T12:35:47.109+0800][6.257s][info][gc,start    ] GC(87) Pause Young (Mixed) (G1 Evacuation Pause)
[2026-09-03T12:35:47.110+0800][6.257s][info][gc,task     ] GC(87) Using 9 workers of 9 for evacuation
[2026-09-03T12:35:47.111+0800][6.259s][info][gc,phases   ] GC(87)   Pre Evacuate Collection Set: 0.06ms
[2026-09-03T12:35:47.111+0800][6.259s][info][gc,phases   ] GC(87)   Merge Heap Roots: 0.02ms
[2026-09-03T12:35:47.111+0800][6.259s][info][gc,phases   ] GC(87)   Evacuate Collection Set: 1.62ms
[2026-09-03T12:35:47.111+0800][6.259s][info][gc,phases   ] GC(87)   Post Evacuate Collection Set: 0.10ms
[2026-09-03T12:35:47.111+0800][6.259s][info][gc,phases   ] GC(87)   Other: 0.06ms
[2026-09-03T12:35:47.111+0800][6.259s][info][gc,heap     ] GC(87) Eden regions: 90->0(95)
[2026-09-03T12:35:47.111+0800][6.259s][info][gc,heap     ] GC(87) Survivor regions: 12->13(13)
[2026-09-03T12:35:47.111+0800][6.259s][info][gc,heap     ] GC(87) Old regions: 116->107
[2026-09-03T12:35:47.111+0800][6.259s][info][gc,heap     ] GC(87) Humongous regions: 1->1
[2026-09-03T12:35:47.111+0800][6.259s][info][gc,metaspace] GC(87) Metaspace: 1059K(1216K)->1059K(1216K) NonClass: 994K(1088K)->994K(1088K) Class: 64K(128K)->64K(128K)
[2026-09-03T12:35:47.111+0800][6.259s][info][gc          ] GC(87) Pause Young (Mixed) (G1 Evacuation Pause) 218M->120M(256M) 1.965ms
[2026-09-03T12:35:47.111+0800][6.259s][info][gc,cpu      ] GC(87) User=0.01s Sys=0.01s Real=0.01s
[2026-09-03T12:35:47.111+0800][6.259s][info][safepoint   ] Safepoint "G1CollectForAllocation", Time since last: 85361584 ns, Reaching safepoint: 31208 ns, At safepoint: 2013125 ns, Leaving safepoint: 41667 ns, Total: 2086000 ns, Threads: 3 runnable, 42 total
[2026-09-03T12:35:47.201+0800][6.348s][info][gc,start    ] GC(88) Pause Young (Mixed) (G1 Evacuation Pause)
[2026-09-03T12:35:47.201+0800][6.348s][info][gc,task     ] GC(88) Using 9 workers of 9 for evacuation
[2026-09-03T12:35:47.203+0800][6.350s][info][gc,phases   ] GC(88)   Pre Evacuate Collection Set: 0.06ms
[2026-09-03T12:35:47.203+0800][6.350s][info][gc,phases   ] GC(88)   Merge Heap Roots: 0.02ms
[2026-09-03T12:35:47.203+0800][6.350s][info][gc,phases   ] GC(88)   Evacuate Collection Set: 1.74ms
[2026-09-03T12:35:47.203+0800][6.350s][info][gc,phases   ] GC(88)   Post Evacuate Collection Set: 0.10ms
[2026-09-03T12:35:47.203+0800][6.350s][info][gc,phases   ] GC(88)   Other: 0.06ms
[2026-09-03T12:35:47.203+0800][6.350s][info][gc,heap     ] GC(88) Eden regions: 95->0(91)
[2026-09-03T12:35:47.203+0800][6.350s][info][gc,heap     ] GC(88) Survivor regions: 13->14(14)
[2026-09-03T12:35:47.203+0800][6.350s][info][gc,heap     ] GC(88) Old regions: 107->112
[2026-09-03T12:35:47.203+0800][6.350s][info][gc,heap     ] GC(88) Humongous regions: 1->1
[2026-09-03T12:35:47.203+0800][6.350s][info][gc,metaspace] GC(88) Metaspace: 1059K(1216K)->1059K(1216K) NonClass: 994K(1088K)->994K(1088K) Class: 64K(128K)->64K(128K)
[2026-09-03T12:35:47.203+0800][6.350s][info][gc          ] GC(88) Pause Young (Mixed) (G1 Evacuation Pause) 215M->125M(256M) 2.096ms
[2026-09-03T12:35:47.203+0800][6.350s][info][gc,cpu      ] GC(88) User=0.01s Sys=0.01s Real=0.00s
[2026-09-03T12:35:47.203+0800][6.350s][info][safepoint   ] Safepoint "G1CollectForAllocation", Time since last: 89377583 ns, Reaching safepoint: 2500 ns, At safepoint: 2121250 ns, Leaving safepoint: 43958 ns, Total: 2167708 ns, Threads: 0 runnable, 42 total
[2026-09-03T12:35:47.290+0800][6.437s][info][gc,start    ] GC(89) Pause Young (Concurrent Start) (G1 Evacuation Pause)
[2026-09-03T12:35:47.290+0800][6.437s][info][gc,task     ] GC(89) Using 9 workers of 9 for evacuation
[2026-09-03T12:35:47.292+0800][6.440s][info][gc,phases   ] GC(89)   Pre Evacuate Collection Set: 0.08ms
[2026-09-03T12:35:47.292+0800][6.440s][info][gc,phases   ] GC(89)   Merge Heap Roots: 0.02ms
[2026-09-03T12:35:47.292+0800][6.440s][info][gc,phases   ] GC(89)   Evacuate Collection Set: 2.00ms
[2026-09-03T12:35:47.292+0800][6.440s][info][gc,phases   ] GC(89)   Post Evacuate Collection Set: 0.11ms
[2026-09-03T12:35:47.292+0800][6.440s][info][gc,phases   ] GC(89)   Other: 0.08ms
[2026-09-03T12:35:47.292+0800][6.440s][info][gc,heap     ] GC(89) Eden regions: 91->0(78)
[2026-09-03T12:35:47.292+0800][6.440s][info][gc,heap     ] GC(89) Survivor regions: 14->14(14)
[2026-09-03T12:35:47.292+0800][6.440s][info][gc,heap     ] GC(89) Old regions: 112->130
[2026-09-03T12:35:47.292+0800][6.440s][info][gc,heap     ] GC(89) Humongous regions: 1->1
[2026-09-03T12:35:47.292+0800][6.440s][info][gc,metaspace] GC(89) Metaspace: 1059K(1216K)->1059K(1216K) NonClass: 994K(1088K)->994K(1088K) Class: 64K(128K)->64K(128K)
[2026-09-03T12:35:47.292+0800][6.440s][info][gc          ] GC(89) Pause Young (Concurrent Start) (G1 Evacuation Pause) 216M->144M(256M) 2.445ms
[2026-09-03T12:35:47.292+0800][6.440s][info][gc,cpu      ] GC(89) User=0.01s Sys=0.00s Real=0.00s
[2026-09-03T12:35:47.292+0800][6.440s][info][gc          ] GC(90) Concurrent Mark Cycle
[2026-09-03T12:35:47.292+0800][6.440s][info][gc,marking  ] GC(90) Concurrent Scan Root Regions
[2026-09-03T12:35:47.292+0800][6.440s][info][safepoint   ] Safepoint "G1CollectForAllocation", Time since last: 86733209 ns, Reaching safepoint: 32875 ns, At safepoint: 2499041 ns, Leaving safepoint: 46125 ns, Total: 2578041 ns, Threads: 1 runnable, 42 total
[2026-09-03T12:35:47.294+0800][6.442s][info][gc,marking  ] GC(90) Concurrent Scan Root Regions 2.076ms
[2026-09-03T12:35:47.294+0800][6.442s][info][gc,marking  ] GC(90) Concurrent Mark
[2026-09-03T12:35:47.294+0800][6.442s][info][gc,marking  ] GC(90) Concurrent Mark From Roots
[2026-09-03T12:35:47.294+0800][6.442s][info][gc,task     ] GC(90) Concurrent Mark Using 2 of 2 Workers
[2026-09-03T12:35:47.299+0800][6.446s][info][gc,marking  ] GC(90) Concurrent Mark From Roots 4.555ms
[2026-09-03T12:35:47.299+0800][6.446s][info][gc,marking  ] GC(90) Concurrent Preclean
[2026-09-03T12:35:47.299+0800][6.446s][info][gc,marking  ] GC(90) Concurrent Preclean 0.011ms
[2026-09-03T12:35:47.299+0800][6.446s][info][gc,start    ] GC(90) Pause Remark
[2026-09-03T12:35:47.299+0800][6.447s][info][gc          ] GC(90) Pause Remark 151M->113M(256M) 0.356ms
[2026-09-03T12:35:47.299+0800][6.447s][info][gc,cpu      ] GC(90) User=0.00s Sys=0.00s Real=0.00s
[2026-09-03T12:35:47.299+0800][6.447s][info][safepoint   ] Safepoint "G1PauseRemark", Time since last: 6662459 ns, Reaching safepoint: 32458 ns, At safepoint: 395292 ns, Leaving safepoint: 23000 ns, Total: 450750 ns, Threads: 1 runnable, 42 total
[2026-09-03T12:35:47.299+0800][6.447s][info][gc,marking  ] GC(90) Concurrent Mark 5.080ms
[2026-09-03T12:35:47.300+0800][6.447s][info][gc,marking  ] GC(90) Concurrent Rebuild Remembered Sets and Scrub Regions
[2026-09-03T12:35:47.304+0800][6.452s][info][gc,marking  ] GC(90) Concurrent Rebuild Remembered Sets and Scrub Regions 4.809ms
[2026-09-03T12:35:47.304+0800][6.452s][info][gc,start    ] GC(90) Pause Cleanup
[2026-09-03T12:35:47.304+0800][6.452s][info][gc          ] GC(90) Pause Cleanup 118M->118M(256M) 0.040ms
[2026-09-03T12:35:47.304+0800][6.452s][info][gc,cpu      ] GC(90) User=0.00s Sys=0.00s Real=0.00s
[2026-09-03T12:35:47.304+0800][6.452s][info][safepoint   ] Safepoint "G1PauseCleanup", Time since last: 4926750 ns, Reaching safepoint: 2416 ns, At safepoint: 60667 ns, Leaving safepoint: 15375 ns, Total: 78458 ns, Threads: 0 runnable, 42 total
[2026-09-03T12:35:47.305+0800][6.452s][info][gc,marking  ] GC(90) Concurrent Clear Claimed Marks
[2026-09-03T12:35:47.305+0800][6.452s][info][gc,marking  ] GC(90) Concurrent Clear Claimed Marks 0.008ms
[2026-09-03T12:35:47.305+0800][6.452s][info][gc,marking  ] GC(90) Concurrent Cleanup for Next Mark
[2026-09-03T12:35:47.305+0800][6.452s][info][gc,marking  ] GC(90) Concurrent Cleanup for Next Mark 0.189ms
[2026-09-03T12:35:47.305+0800][6.452s][info][gc          ] GC(90) Concurrent Mark Cycle 12.455ms
[2026-09-03T12:35:47.367+0800][6.514s][info][gc,start    ] GC(91) Pause Young (Prepare Mixed) (G1 Evacuation Pause)
[2026-09-03T12:35:47.367+0800][6.514s][info][gc,task     ] GC(91) Using 9 workers of 9 for evacuation
[2026-09-03T12:35:47.369+0800][6.516s][info][gc,phases   ] GC(91)   Pre Evacuate Collection Set: 0.07ms
[2026-09-03T12:35:47.369+0800][6.516s][info][gc,phases   ] GC(91)   Merge Heap Roots: 0.02ms
[2026-09-03T12:35:47.369+0800][6.516s][info][gc,phases   ] GC(91)   Evacuate Collection Set: 1.61ms
[2026-09-03T12:35:47.369+0800][6.516s][info][gc,phases   ] GC(91)   Post Evacuate Collection Set: 0.08ms
[2026-09-03T12:35:47.369+0800][6.516s][info][gc,phases   ] GC(91)   Other: 0.06ms
[2026-09-03T12:35:47.369+0800][6.516s][info][gc,heap     ] GC(91) Eden regions: 78->0(94)
[2026-09-03T12:35:47.369+0800][6.516s][info][gc,heap     ] GC(91) Survivor regions: 14->12(12)
[2026-09-03T12:35:47.369+0800][6.516s][info][gc,heap     ] GC(91) Old regions: 92->110
[2026-09-03T12:35:47.369+0800][6.516s][info][gc,heap     ] GC(91) Humongous regions: 1->1
[2026-09-03T12:35:47.369+0800][6.516s][info][gc,metaspace] GC(91) Metaspace: 1059K(1216K)->1059K(1216K) NonClass: 994K(1088K)->994K(1088K) Class: 64K(128K)->64K(128K)
[2026-09-03T12:35:47.369+0800][6.516s][info][gc          ] GC(91) Pause Young (Prepare Mixed) (G1 Evacuation Pause) 184M->122M(256M) 1.943ms
[2026-09-03T12:35:47.369+0800][6.516s][info][gc,cpu      ] GC(91) User=0.02s Sys=0.00s Real=0.00s
[2026-09-03T12:35:47.369+0800][6.516s][info][safepoint   ] Safepoint "G1CollectForAllocation", Time since last: 62337208 ns, Reaching safepoint: 28792 ns, At safepoint: 1967750 ns, Leaving safepoint: 20292 ns, Total: 2016834 ns, Threads: 1 runnable, 42 total
[2026-09-03T12:35:47.455+0800][6.603s][info][gc,start    ] GC(92) Pause Young (Mixed) (G1 Evacuation Pause)
[2026-09-03T12:35:47.455+0800][6.603s][info][gc,task     ] GC(92) Using 9 workers of 9 for evacuation
[2026-09-03T12:35:47.458+0800][6.605s][info][gc,phases   ] GC(92)   Pre Evacuate Collection Set: 0.08ms
[2026-09-03T12:35:47.458+0800][6.605s][info][gc,phases   ] GC(92)   Merge Heap Roots: 0.03ms
[2026-09-03T12:35:47.458+0800][6.605s][info][gc,phases   ] GC(92)   Evacuate Collection Set: 2.43ms
[2026-09-03T12:35:47.458+0800][6.605s][info][gc,phases   ] GC(92)   Post Evacuate Collection Set: 0.11ms
[2026-09-03T12:35:47.458+0800][6.605s][info][gc,phases   ] GC(92)   Other: 0.07ms
[2026-09-03T12:35:47.458+0800][6.605s][info][gc,heap     ] GC(92) Eden regions: 94->0(102)
[2026-09-03T12:35:47.458+0800][6.605s][info][gc,heap     ] GC(92) Survivor regions: 12->14(14)
[2026-09-03T12:35:47.458+0800][6.605s][info][gc,heap     ] GC(92) Old regions: 110->97
[2026-09-03T12:35:47.458+0800][6.605s][info][gc,heap     ] GC(92) Humongous regions: 1->1
[2026-09-03T12:35:47.458+0800][6.605s][info][gc,metaspace] GC(92) Metaspace: 1059K(1216K)->1059K(1216K) NonClass: 994K(1088K)->994K(1088K) Class: 64K(128K)->64K(128K)
[2026-09-03T12:35:47.458+0800][6.605s][info][gc          ] GC(92) Pause Young (Mixed) (G1 Evacuation Pause) 216M->111M(256M) 2.878ms
[2026-09-03T12:35:47.458+0800][6.605s][info][gc,cpu      ] GC(92) User=0.02s Sys=0.00s Real=0.00s
[2026-09-03T12:35:47.458+0800][6.605s][info][safepoint   ] Safepoint "G1CollectForAllocation", Time since last: 86215375 ns, Reaching safepoint: 31208 ns, At safepoint: 2940500 ns, Leaving safepoint: 24750 ns, Total: 2996458 ns, Threads: 2 runnable, 42 total
[2026-09-03T12:35:47.552+0800][6.700s][info][gc,start    ] GC(93) Pause Young (Mixed) (G1 Evacuation Pause)
[2026-09-03T12:35:47.552+0800][6.700s][info][gc,task     ] GC(93) Using 9 workers of 9 for evacuation
[2026-09-03T12:35:47.554+0800][6.702s][info][gc,phases   ] GC(93)   Pre Evacuate Collection Set: 0.06ms
[2026-09-03T12:35:47.554+0800][6.702s][info][gc,phases   ] GC(93)   Merge Heap Roots: 0.02ms
[2026-09-03T12:35:47.554+0800][6.702s][info][gc,phases   ] GC(93)   Evacuate Collection Set: 1.92ms
[2026-09-03T12:35:47.554+0800][6.702s][info][gc,phases   ] GC(93)   Post Evacuate Collection Set: 0.08ms
[2026-09-03T12:35:47.554+0800][6.702s][info][gc,phases   ] GC(93)   Other: 0.06ms
[2026-09-03T12:35:47.554+0800][6.702s][info][gc,heap     ] GC(93) Eden regions: 102->0(90)
[2026-09-03T12:35:47.554+0800][6.702s][info][gc,heap     ] GC(93) Survivor regions: 14->15(15)
[2026-09-03T12:35:47.554+0800][6.702s][info][gc,heap     ] GC(93) Old regions: 97->112
[2026-09-03T12:35:47.554+0800][6.702s][info][gc,heap     ] GC(93) Humongous regions: 1->1
[2026-09-03T12:35:47.554+0800][6.702s][info][gc,metaspace] GC(93) Metaspace: 1059K(1216K)->1059K(1216K) NonClass: 994K(1088K)->994K(1088K) Class: 64K(128K)->64K(128K)
[2026-09-03T12:35:47.554+0800][6.702s][info][gc          ] GC(93) Pause Young (Mixed) (G1 Evacuation Pause) 213M->126M(256M) 2.240ms
[2026-09-03T12:35:47.554+0800][6.702s][info][gc,cpu      ] GC(93) User=0.02s Sys=0.00s Real=0.00s
[2026-09-03T12:35:47.554+0800][6.702s][info][safepoint   ] Safepoint "G1CollectForAllocation", Time since last: 94051042 ns, Reaching safepoint: 22833 ns, At safepoint: 2264125 ns, Leaving safepoint: 18292 ns, Total: 2305250 ns, Threads: 1 runnable, 42 total
[2026-09-03T12:35:47.639+0800][6.787s][info][gc,start    ] GC(94) Pause Young (Concurrent Start) (G1 Evacuation Pause)
[2026-09-03T12:35:47.639+0800][6.787s][info][gc,task     ] GC(94) Using 9 workers of 9 for evacuation
[2026-09-03T12:35:47.642+0800][6.789s][info][gc,phases   ] GC(94)   Pre Evacuate Collection Set: 0.05ms
[2026-09-03T12:35:47.642+0800][6.789s][info][gc,phases   ] GC(94)   Merge Heap Roots: 0.02ms
[2026-09-03T12:35:47.642+0800][6.789s][info][gc,phases   ] GC(94)   Evacuate Collection Set: 2.20ms
[2026-09-03T12:35:47.642+0800][6.789s][info][gc,phases   ] GC(94)   Post Evacuate Collection Set: 0.07ms
[2026-09-03T12:35:47.642+0800][6.789s][info][gc,phases   ] GC(94)   Other: 0.06ms
[2026-09-03T12:35:47.642+0800][6.789s][info][gc,heap     ] GC(94) Eden regions: 90->0(78)
[2026-09-03T12:35:47.642+0800][6.789s][info][gc,heap     ] GC(94) Survivor regions: 15->14(14)
[2026-09-03T12:35:47.642+0800][6.789s][info][gc,heap     ] GC(94) Old regions: 112->131
[2026-09-03T12:35:47.642+0800][6.789s][info][gc,heap     ] GC(94) Humongous regions: 1->1
[2026-09-03T12:35:47.642+0800][6.789s][info][gc,metaspace] GC(94) Metaspace: 1059K(1216K)->1059K(1216K) NonClass: 994K(1088K)->994K(1088K) Class: 64K(128K)->64K(128K)
[2026-09-03T12:35:47.642+0800][6.789s][info][gc          ] GC(94) Pause Young (Concurrent Start) (G1 Evacuation Pause) 216M->144M(256M) 2.577ms
[2026-09-03T12:35:47.642+0800][6.789s][info][gc          ] GC(95) Concurrent Mark Cycle
[2026-09-03T12:35:47.642+0800][6.789s][info][gc,cpu      ] GC(94) User=0.01s Sys=0.00s Real=0.01s
[2026-09-03T12:35:47.642+0800][6.789s][info][gc,marking  ] GC(95) Concurrent Scan Root Regions
[2026-09-03T12:35:47.642+0800][6.789s][info][safepoint   ] Safepoint "G1CollectForAllocation", Time since last: 84897541 ns, Reaching safepoint: 73834 ns, At safepoint: 2618916 ns, Leaving safepoint: 21292 ns, Total: 2714042 ns, Threads: 3 runnable, 42 total
[2026-09-03T12:35:47.644+0800][6.792s][info][gc,marking  ] GC(95) Concurrent Scan Root Regions 2.213ms
[2026-09-03T12:35:47.644+0800][6.792s][info][gc,marking  ] GC(95) Concurrent Mark
[2026-09-03T12:35:47.644+0800][6.792s][info][gc,marking  ] GC(95) Concurrent Mark From Roots
[2026-09-03T12:35:47.644+0800][6.792s][info][gc,task     ] GC(95) Concurrent Mark Using 2 of 2 Workers
[2026-09-03T12:35:47.651+0800][6.798s][info][gc,marking  ] GC(95) Concurrent Mark From Roots 6.777ms
[2026-09-03T12:35:47.651+0800][6.798s][info][gc,marking  ] GC(95) Concurrent Preclean
[2026-09-03T12:35:47.651+0800][6.798s][info][gc,marking  ] GC(95) Concurrent Preclean 0.013ms
[2026-09-03T12:35:47.651+0800][6.799s][info][gc,start    ] GC(95) Pause Remark
[2026-09-03T12:35:47.652+0800][6.799s][info][gc          ] GC(95) Pause Remark 155M->120M(256M) 0.343ms
[2026-09-03T12:35:47.652+0800][6.799s][info][gc,cpu      ] GC(95) User=0.01s Sys=0.00s Real=0.00s
[2026-09-03T12:35:47.652+0800][6.799s][info][safepoint   ] Safepoint "G1PauseRemark", Time since last: 9122000 ns, Reaching safepoint: 43042 ns, At safepoint: 364916 ns, Leaving safepoint: 43875 ns, Total: 451833 ns, Threads: 2 runnable, 42 total
[2026-09-03T12:35:47.652+0800][6.799s][info][gc,marking  ] GC(95) Concurrent Mark 7.512ms
[2026-09-03T12:35:47.652+0800][6.799s][info][gc,marking  ] GC(95) Concurrent Rebuild Remembered Sets and Scrub Regions
[2026-09-03T12:35:47.658+0800][6.805s][info][gc,marking  ] GC(95) Concurrent Rebuild Remembered Sets and Scrub Regions 5.760ms
[2026-09-03T12:35:47.658+0800][6.805s][info][gc,start    ] GC(95) Pause Cleanup
[2026-09-03T12:35:47.658+0800][6.805s][info][gc          ] GC(95) Pause Cleanup 126M->126M(256M) 0.052ms
[2026-09-03T12:35:47.658+0800][6.805s][info][gc,cpu      ] GC(95) User=0.00s Sys=0.00s Real=0.00s
[2026-09-03T12:35:47.658+0800][6.805s][info][safepoint   ] Safepoint "G1PauseCleanup", Time since last: 6058834 ns, Reaching safepoint: 24791 ns, At safepoint: 74917 ns, Leaving safepoint: 28292 ns, Total: 128000 ns, Threads: 1 runnable, 42 total
[2026-09-03T12:35:47.658+0800][6.805s][info][gc,marking  ] GC(95) Concurrent Clear Claimed Marks
[2026-09-03T12:35:47.658+0800][6.805s][info][gc,marking  ] GC(95) Concurrent Clear Claimed Marks 0.024ms
[2026-09-03T12:35:47.658+0800][6.805s][info][gc,marking  ] GC(95) Concurrent Cleanup for Next Mark
[2026-09-03T12:35:47.658+0800][6.805s][info][gc,marking  ] GC(95) Concurrent Cleanup for Next Mark 0.220ms
[2026-09-03T12:35:47.658+0800][6.805s][info][gc          ] GC(95) Concurrent Mark Cycle 16.086ms
[2026-09-03T12:35:47.717+0800][6.865s][info][gc,start    ] GC(96) Pause Young (Prepare Mixed) (G1 Evacuation Pause)
[2026-09-03T12:35:47.717+0800][6.865s][info][gc,task     ] GC(96) Using 9 workers of 9 for evacuation
[2026-09-03T12:35:47.719+0800][6.867s][info][gc,phases   ] GC(96)   Pre Evacuate Collection Set: 0.08ms
[2026-09-03T12:35:47.719+0800][6.867s][info][gc,phases   ] GC(96)   Merge Heap Roots: 0.03ms
[2026-09-03T12:35:47.719+0800][6.867s][info][gc,phases   ] GC(96)   Evacuate Collection Set: 1.67ms
[2026-09-03T12:35:47.719+0800][6.867s][info][gc,phases   ] GC(96)   Post Evacuate Collection Set: 0.07ms
[2026-09-03T12:35:47.719+0800][6.867s][info][gc,phases   ] GC(96)   Other: 0.06ms
[2026-09-03T12:35:47.719+0800][6.867s][info][gc,heap     ] GC(96) Eden regions: 78->0(91)
[2026-09-03T12:35:47.719+0800][6.867s][info][gc,heap     ] GC(96) Survivor regions: 14->12(12)
[2026-09-03T12:35:47.719+0800][6.867s][info][gc,heap     ] GC(96) Old regions: 96->114
[2026-09-03T12:35:47.719+0800][6.867s][info][gc,heap     ] GC(96) Humongous regions: 1->1
[2026-09-03T12:35:47.719+0800][6.867s][info][gc,metaspace] GC(96) Metaspace: 1059K(1216K)->1059K(1216K) NonClass: 994K(1088K)->994K(1088K) Class: 64K(128K)->64K(128K)
[2026-09-03T12:35:47.719+0800][6.867s][info][gc          ] GC(96) Pause Young (Prepare Mixed) (G1 Evacuation Pause) 187M->125M(256M) 2.030ms
[2026-09-03T12:35:47.719+0800][6.867s][info][gc,cpu      ] GC(96) User=0.01s Sys=0.00s Real=0.00s
[2026-09-03T12:35:47.719+0800][6.867s][info][safepoint   ] Safepoint "G1CollectForAllocation", Time since last: 59370875 ns, Reaching safepoint: 29833 ns, At safepoint: 2107542 ns, Leaving safepoint: 32750 ns, Total: 2170125 ns, Threads: 2 runnable, 42 total
[2026-09-03T12:35:47.805+0800][6.952s][info][gc,start    ] GC(97) Pause Young (Mixed) (G1 Evacuation Pause)
[2026-09-03T12:35:47.805+0800][6.952s][info][gc,task     ] GC(97) Using 9 workers of 9 for evacuation
[2026-09-03T12:35:47.808+0800][6.955s][info][gc,phases   ] GC(97)   Pre Evacuate Collection Set: 0.08ms
[2026-09-03T12:35:47.808+0800][6.955s][info][gc,phases   ] GC(97)   Merge Heap Roots: 0.03ms
[2026-09-03T12:35:47.808+0800][6.955s][info][gc,phases   ] GC(97)   Evacuate Collection Set: 2.62ms
[2026-09-03T12:35:47.808+0800][6.955s][info][gc,phases   ] GC(97)   Post Evacuate Collection Set: 0.12ms
[2026-09-03T12:35:47.808+0800][6.955s][info][gc,phases   ] GC(97)   Other: 0.06ms
[2026-09-03T12:35:47.808+0800][6.955s][info][gc,heap     ] GC(97) Eden regions: 91->0(99)
[2026-09-03T12:35:47.808+0800][6.955s][info][gc,heap     ] GC(97) Survivor regions: 12->13(13)
[2026-09-03T12:35:47.808+0800][6.955s][info][gc,heap     ] GC(97) Old regions: 114->102
[2026-09-03T12:35:47.808+0800][6.955s][info][gc,heap     ] GC(97) Humongous regions: 1->1
[2026-09-03T12:35:47.808+0800][6.955s][info][gc,metaspace] GC(97) Metaspace: 1059K(1216K)->1059K(1216K) NonClass: 994K(1088K)->994K(1088K) Class: 64K(128K)->64K(128K)
[2026-09-03T12:35:47.808+0800][6.955s][info][gc          ] GC(97) Pause Young (Mixed) (G1 Evacuation Pause) 216M->115M(256M) 3.086ms
[2026-09-03T12:35:47.808+0800][6.955s][info][gc,cpu      ] GC(97) User=0.02s Sys=0.00s Real=0.00s
[2026-09-03T12:35:47.808+0800][6.955s][info][safepoint   ] Safepoint "G1CollectForAllocation", Time since last: 85384000 ns, Reaching safepoint: 22541 ns, At safepoint: 3115667 ns, Leaving safepoint: 18292 ns, Total: 3156500 ns, Threads: 1 runnable, 42 total
[2026-09-03T12:35:47.897+0800][7.044s][info][gc,start    ] GC(98) Pause Young (Mixed) (G1 Evacuation Pause)
[2026-09-03T12:35:47.897+0800][7.044s][info][gc,task     ] GC(98) Using 9 workers of 9 for evacuation
[2026-09-03T12:35:47.899+0800][7.047s][info][gc,phases   ] GC(98)   Pre Evacuate Collection Set: 0.07ms
[2026-09-03T12:35:47.899+0800][7.047s][info][gc,phases   ] GC(98)   Merge Heap Roots: 0.04ms
[2026-09-03T12:35:47.899+0800][7.047s][info][gc,phases   ] GC(98)   Evacuate Collection Set: 2.47ms
[2026-09-03T12:35:47.899+0800][7.047s][info][gc,phases   ] GC(98)   Post Evacuate Collection Set: 0.11ms
[2026-09-03T12:35:47.899+0800][7.047s][info][gc,phases   ] GC(98)   Other: 0.07ms
[2026-09-03T12:35:47.899+0800][7.047s][info][gc,heap     ] GC(98) Eden regions: 99->0(90)
[2026-09-03T12:35:47.899+0800][7.047s][info][gc,heap     ] GC(98) Survivor regions: 13->14(14)
[2026-09-03T12:35:47.899+0800][7.047s][info][gc,heap     ] GC(98) Old regions: 102->114
[2026-09-03T12:35:47.899+0800][7.047s][info][gc,heap     ] GC(98) Humongous regions: 1->1
[2026-09-03T12:35:47.899+0800][7.047s][info][gc,metaspace] GC(98) Metaspace: 1059K(1216K)->1059K(1216K) NonClass: 994K(1088K)->994K(1088K) Class: 64K(128K)->64K(128K)
[2026-09-03T12:35:47.899+0800][7.047s][info][gc          ] GC(98) Pause Young (Mixed) (G1 Evacuation Pause) 214M->127M(256M) 2.909ms
[2026-09-03T12:35:47.899+0800][7.047s][info][gc,cpu      ] GC(98) User=0.02s Sys=0.00s Real=0.00s
[2026-09-03T12:35:47.899+0800][7.047s][info][safepoint   ] Safepoint "G1CollectForAllocation", Time since last: 88608291 ns, Reaching safepoint: 30042 ns, At safepoint: 2953500 ns, Leaving safepoint: 27917 ns, Total: 3011459 ns, Threads: 3 runnable, 42 total
[2026-09-03T12:35:47.981+0800][7.128s][info][gc,start    ] GC(99) Pause Young (Concurrent Start) (G1 Evacuation Pause)
[2026-09-03T12:35:47.981+0800][7.129s][info][gc,task     ] GC(99) Using 9 workers of 9 for evacuation
[2026-09-03T12:35:47.984+0800][7.131s][info][gc,phases   ] GC(99)   Pre Evacuate Collection Set: 0.05ms
[2026-09-03T12:35:47.984+0800][7.131s][info][gc,phases   ] GC(99)   Merge Heap Roots: 0.04ms
[2026-09-03T12:35:47.984+0800][7.131s][info][gc,phases   ] GC(99)   Evacuate Collection Set: 2.12ms
[2026-09-03T12:35:47.984+0800][7.131s][info][gc,phases   ] GC(99)   Post Evacuate Collection Set: 0.10ms
[2026-09-03T12:35:47.984+0800][7.131s][info][gc,phases   ] GC(99)   Other: 0.08ms
[2026-09-03T12:35:47.984+0800][7.131s][info][gc,heap     ] GC(99) Eden regions: 90->0(77)
[2026-09-03T12:35:47.984+0800][7.131s][info][gc,heap     ] GC(99) Survivor regions: 14->13(13)
[2026-09-03T12:35:47.984+0800][7.131s][info][gc,heap     ] GC(99) Old regions: 114->133
[2026-09-03T12:35:47.984+0800][7.131s][info][gc,heap     ] GC(99) Humongous regions: 1->1
[2026-09-03T12:35:47.984+0800][7.131s][info][gc,metaspace] GC(99) Metaspace: 1059K(1216K)->1059K(1216K) NonClass: 994K(1088K)->994K(1088K) Class: 64K(128K)->64K(128K)
[2026-09-03T12:35:47.984+0800][7.131s][info][gc          ] GC(99) Pause Young (Concurrent Start) (G1 Evacuation Pause) 217M->146M(256M) 2.564ms
[2026-09-03T12:35:47.984+0800][7.131s][info][gc,cpu      ] GC(99) User=0.02s Sys=0.00s Real=0.00s
[2026-09-03T12:35:47.984+0800][7.131s][info][gc          ] GC(100) Concurrent Mark Cycle
[2026-09-03T12:35:47.984+0800][7.131s][info][gc,marking  ] GC(100) Concurrent Scan Root Regions
[2026-09-03T12:35:47.984+0800][7.131s][info][safepoint   ] Safepoint "G1CollectForAllocation", Time since last: 81530916 ns, Reaching safepoint: 31084 ns, At safepoint: 2615291 ns, Leaving safepoint: 55334 ns, Total: 2701709 ns, Threads: 4 runnable, 42 total
[2026-09-03T12:35:47.986+0800][7.133s][info][gc,marking  ] GC(100) Concurrent Scan Root Regions 1.990ms
[2026-09-03T12:35:47.986+0800][7.133s][info][gc,marking  ] GC(100) Concurrent Mark
[2026-09-03T12:35:47.986+0800][7.133s][info][gc,marking  ] GC(100) Concurrent Mark From Roots
[2026-09-03T12:35:47.986+0800][7.133s][info][gc,task     ] GC(100) Concurrent Mark Using 2 of 2 Workers
[2026-09-03T12:35:47.991+0800][7.139s][info][gc,marking  ] GC(100) Concurrent Mark From Roots 5.586ms
[2026-09-03T12:35:47.991+0800][7.139s][info][gc,marking  ] GC(100) Concurrent Preclean
[2026-09-03T12:35:47.991+0800][7.139s][info][gc,marking  ] GC(100) Concurrent Preclean 0.011ms
[2026-09-03T12:35:47.991+0800][7.139s][info][gc,start    ] GC(100) Pause Remark
[2026-09-03T12:35:47.992+0800][7.139s][info][gc          ] GC(100) Pause Remark 155M->122M(256M) 0.353ms
[2026-09-03T12:35:47.992+0800][7.139s][info][gc,cpu      ] GC(100) User=0.00s Sys=0.00s Real=0.00s
[2026-09-03T12:35:47.992+0800][7.139s][info][safepoint   ] Safepoint "G1PauseRemark", Time since last: 7617500 ns, Reaching safepoint: 23625 ns, At safepoint: 375416 ns, Leaving safepoint: 15875 ns, Total: 414916 ns, Threads: 1 runnable, 42 total
[2026-09-03T12:35:47.992+0800][7.139s][info][gc,marking  ] GC(100) Concurrent Mark 6.095ms
[2026-09-03T12:35:47.992+0800][7.139s][info][gc,marking  ] GC(100) Concurrent Rebuild Remembered Sets and Scrub Regions
[2026-09-03T12:35:47.996+0800][7.144s][info][gc,marking  ] GC(100) Concurrent Rebuild Remembered Sets and Scrub Regions 4.535ms
[2026-09-03T12:35:47.996+0800][7.144s][info][gc,start    ] GC(100) Pause Cleanup
[2026-09-03T12:35:47.996+0800][7.144s][info][gc          ] GC(100) Pause Cleanup 127M->127M(256M) 0.054ms
[2026-09-03T12:35:47.996+0800][7.144s][info][gc,cpu      ] GC(100) User=0.00s Sys=0.00s Real=0.00s
[2026-09-03T12:35:47.996+0800][7.144s][info][safepoint   ] Safepoint "G1PauseCleanup", Time since last: 4662917 ns, Reaching safepoint: 2375 ns, At safepoint: 79375 ns, Leaving safepoint: 19167 ns, Total: 100917 ns, Threads: 0 runnable, 42 total
[2026-09-03T12:35:47.997+0800][7.144s][info][gc,marking  ] GC(100) Concurrent Clear Claimed Marks
[2026-09-03T12:35:47.997+0800][7.144s][info][gc,marking  ] GC(100) Concurrent Clear Claimed Marks 0.010ms
[2026-09-03T12:35:47.997+0800][7.144s][info][gc,marking  ] GC(100) Concurrent Cleanup for Next Mark
[2026-09-03T12:35:47.997+0800][7.144s][info][gc,marking  ] GC(100) Concurrent Cleanup for Next Mark 0.162ms
[2026-09-03T12:35:47.997+0800][7.144s][info][gc          ] GC(100) Concurrent Mark Cycle 13.107ms
[2026-09-03T12:35:48.053+0800][7.201s][info][gc,start    ] GC(101) Pause Young (Prepare Mixed) (G1 Evacuation Pause)
[2026-09-03T12:35:48.053+0800][7.201s][info][gc,task     ] GC(101) Using 9 workers of 9 for evacuation
[2026-09-03T12:35:48.055+0800][7.202s][info][gc,phases   ] GC(101)   Pre Evacuate Collection Set: 0.04ms
[2026-09-03T12:35:48.055+0800][7.202s][info][gc,phases   ] GC(101)   Merge Heap Roots: 0.02ms
[2026-09-03T12:35:48.055+0800][7.202s][info][gc,phases   ] GC(101)   Evacuate Collection Set: 1.53ms
[2026-09-03T12:35:48.055+0800][7.202s][info][gc,phases   ] GC(101)   Post Evacuate Collection Set: 0.10ms
[2026-09-03T12:35:48.055+0800][7.203s][info][gc,phases   ] GC(101)   Other: 0.06ms
[2026-09-03T12:35:48.055+0800][7.203s][info][gc,heap     ] GC(101) Eden regions: 77->0(89)
[2026-09-03T12:35:48.055+0800][7.203s][info][gc,heap     ] GC(101) Survivor regions: 13->12(12)
[2026-09-03T12:35:48.055+0800][7.203s][info][gc,heap     ] GC(101) Old regions: 100->117
[2026-09-03T12:35:48.055+0800][7.203s][info][gc,heap     ] GC(101) Humongous regions: 1->1
[2026-09-03T12:35:48.055+0800][7.203s][info][gc,metaspace] GC(101) Metaspace: 1059K(1216K)->1059K(1216K) NonClass: 994K(1088K)->994K(1088K) Class: 64K(128K)->64K(128K)
[2026-09-03T12:35:48.055+0800][7.203s][info][gc          ] GC(101) Pause Young (Prepare Mixed) (G1 Evacuation Pause) 190M->128M(256M) 1.865ms
[2026-09-03T12:35:48.055+0800][7.203s][info][gc,cpu      ] GC(101) User=0.01s Sys=0.01s Real=0.00s
[2026-09-03T12:35:48.055+0800][7.203s][info][safepoint   ] Safepoint "G1CollectForAllocation", Time since last: 56694333 ns, Reaching safepoint: 39500 ns, At safepoint: 1909500 ns, Leaving safepoint: 39500 ns, Total: 1988500 ns, Threads: 4 runnable, 42 total
[2026-09-03T12:35:48.137+0800][7.284s][info][gc,start    ] GC(102) Pause Young (Mixed) (G1 Evacuation Pause)
[2026-09-03T12:35:48.137+0800][7.284s][info][gc,task     ] GC(102) Using 9 workers of 9 for evacuation
[2026-09-03T12:35:48.139+0800][7.286s][info][gc,phases   ] GC(102)   Pre Evacuate Collection Set: 0.06ms
[2026-09-03T12:35:48.139+0800][7.286s][info][gc,phases   ] GC(102)   Merge Heap Roots: 0.02ms
[2026-09-03T12:35:48.139+0800][7.286s][info][gc,phases   ] GC(102)   Evacuate Collection Set: 1.68ms
[2026-09-03T12:35:48.139+0800][7.286s][info][gc,phases   ] GC(102)   Post Evacuate Collection Set: 0.12ms
[2026-09-03T12:35:48.139+0800][7.286s][info][gc,phases   ] GC(102)   Other: 0.06ms
[2026-09-03T12:35:48.139+0800][7.286s][info][gc,heap     ] GC(102) Eden regions: 89->0(95)
[2026-09-03T12:35:48.139+0800][7.286s][info][gc,heap     ] GC(102) Survivor regions: 12->13(13)
[2026-09-03T12:35:48.139+0800][7.286s][info][gc,heap     ] GC(102) Old regions: 117->107
[2026-09-03T12:35:48.139+0800][7.286s][info][gc,heap     ] GC(102) Humongous regions: 1->1
[2026-09-03T12:35:48.139+0800][7.286s][info][gc,metaspace] GC(102) Metaspace: 1059K(1216K)->1059K(1216K) NonClass: 994K(1088K)->994K(1088K) Class: 64K(128K)->64K(128K)
[2026-09-03T12:35:48.139+0800][7.286s][info][gc          ] GC(102) Pause Young (Mixed) (G1 Evacuation Pause) 217M->119M(256M) 2.084ms
[2026-09-03T12:35:48.139+0800][7.286s][info][gc,cpu      ] GC(102) User=0.01s Sys=0.00s Real=0.00s
[2026-09-03T12:35:48.139+0800][7.286s][info][safepoint   ] Safepoint "G1CollectForAllocation", Time since last: 81342958 ns, Reaching safepoint: 5000 ns, At safepoint: 2126459 ns, Leaving safepoint: 51041 ns, Total: 2182500 ns, Threads: 0 runnable, 42 total
[2026-09-03T12:35:48.229+0800][7.376s][info][gc,start    ] GC(103) Pause Young (Mixed) (G1 Evacuation Pause)
[2026-09-03T12:35:48.229+0800][7.377s][info][gc,task     ] GC(103) Using 9 workers of 9 for evacuation
[2026-09-03T12:35:48.232+0800][7.379s][info][gc,phases   ] GC(103)   Pre Evacuate Collection Set: 0.05ms
[2026-09-03T12:35:48.232+0800][7.379s][info][gc,phases   ] GC(103)   Merge Heap Roots: 0.03ms
[2026-09-03T12:35:48.232+0800][7.379s][info][gc,phases   ] GC(103)   Evacuate Collection Set: 2.64ms
[2026-09-03T12:35:48.232+0800][7.379s][info][gc,phases   ] GC(103)   Post Evacuate Collection Set: 0.13ms
[2026-09-03T12:35:48.232+0800][7.379s][info][gc,phases   ] GC(103)   Other: 0.07ms
[2026-09-03T12:35:48.232+0800][7.380s][info][gc,heap     ] GC(103) Eden regions: 95->0(92)
[2026-09-03T12:35:48.232+0800][7.380s][info][gc,heap     ] GC(103) Survivor regions: 13->14(14)
[2026-09-03T12:35:48.232+0800][7.380s][info][gc,heap     ] GC(103) Old regions: 107->110
[2026-09-03T12:35:48.232+0800][7.380s][info][gc,heap     ] GC(103) Humongous regions: 1->1
[2026-09-03T12:35:48.232+0800][7.380s][info][gc,metaspace] GC(103) Metaspace: 1059K(1216K)->1059K(1216K) NonClass: 994K(1088K)->994K(1088K) Class: 64K(128K)->64K(128K)
[2026-09-03T12:35:48.232+0800][7.380s][info][gc          ] GC(103) Pause Young (Mixed) (G1 Evacuation Pause) 214M->124M(256M) 3.068ms
[2026-09-03T12:35:48.232+0800][7.380s][info][gc,cpu      ] GC(103) User=0.02s Sys=0.01s Real=0.01s
[2026-09-03T12:35:48.232+0800][7.380s][info][safepoint   ] Safepoint "G1CollectForAllocation", Time since last: 90297584 ns, Reaching safepoint: 40666 ns, At safepoint: 3106042 ns, Leaving safepoint: 24083 ns, Total: 3170791 ns, Threads: 2 runnable, 42 total
[2026-09-03T12:35:48.320+0800][7.467s][info][gc,start    ] GC(104) Pause Young (Concurrent Start) (G1 Evacuation Pause)
[2026-09-03T12:35:48.320+0800][7.467s][info][gc,task     ] GC(104) Using 9 workers of 9 for evacuation
[2026-09-03T12:35:48.322+0800][7.469s][info][gc,phases   ] GC(104)   Pre Evacuate Collection Set: 0.07ms
[2026-09-03T12:35:48.322+0800][7.469s][info][gc,phases   ] GC(104)   Merge Heap Roots: 0.02ms
[2026-09-03T12:35:48.322+0800][7.469s][info][gc,phases   ] GC(104)   Evacuate Collection Set: 1.72ms
[2026-09-03T12:35:48.322+0800][7.469s][info][gc,phases   ] GC(104)   Post Evacuate Collection Set: 0.10ms
[2026-09-03T12:35:48.322+0800][7.469s][info][gc,phases   ] GC(104)   Other: 0.06ms
[2026-09-03T12:35:48.322+0800][7.469s][info][gc,heap     ] GC(104) Eden regions: 92->0(79)
[2026-09-03T12:35:48.322+0800][7.469s][info][gc,heap     ] GC(104) Survivor regions: 14->14(14)
[2026-09-03T12:35:48.322+0800][7.469s][info][gc,heap     ] GC(104) Old regions: 110->129
[2026-09-03T12:35:48.322+0800][7.469s][info][gc,heap     ] GC(104) Humongous regions: 1->1
[2026-09-03T12:35:48.322+0800][7.469s][info][gc,metaspace] GC(104) Metaspace: 1059K(1216K)->1059K(1216K) NonClass: 994K(1088K)->994K(1088K) Class: 64K(128K)->64K(128K)
[2026-09-03T12:35:48.322+0800][7.469s][info][gc          ] GC(104) Pause Young (Concurrent Start) (G1 Evacuation Pause) 216M->143M(256M) 2.096ms
[2026-09-03T12:35:48.322+0800][7.469s][info][gc,cpu      ] GC(104) User=0.02s Sys=0.00s Real=0.00s
[2026-09-03T12:35:48.322+0800][7.469s][info][gc          ] GC(105) Concurrent Mark Cycle
[2026-09-03T12:35:48.322+0800][7.469s][info][gc,marking  ] GC(105) Concurrent Scan Root Regions
[2026-09-03T12:35:48.322+0800][7.469s][info][safepoint   ] Safepoint "G1CollectForAllocation", Time since last: 87353250 ns, Reaching safepoint: 34500 ns, At safepoint: 2146500 ns, Leaving safepoint: 40334 ns, Total: 2221334 ns, Threads: 1 runnable, 42 total
[2026-09-03T12:35:48.324+0800][7.472s][info][gc,marking  ] GC(105) Concurrent Scan Root Regions 2.566ms
[2026-09-03T12:35:48.324+0800][7.472s][info][gc,marking  ] GC(105) Concurrent Mark
[2026-09-03T12:35:48.324+0800][7.472s][info][gc,marking  ] GC(105) Concurrent Mark From Roots
[2026-09-03T12:35:48.324+0800][7.472s][info][gc,task     ] GC(105) Concurrent Mark Using 2 of 2 Workers
[2026-09-03T12:35:48.329+0800][7.476s][info][gc,marking  ] GC(105) Concurrent Mark From Roots 4.534ms
[2026-09-03T12:35:48.329+0800][7.476s][info][gc,marking  ] GC(105) Concurrent Preclean
[2026-09-03T12:35:48.329+0800][7.476s][info][gc,marking  ] GC(105) Concurrent Preclean 0.025ms
[2026-09-03T12:35:48.329+0800][7.477s][info][gc,start    ] GC(105) Pause Remark
[2026-09-03T12:35:48.329+0800][7.477s][info][gc          ] GC(105) Pause Remark 151M->114M(256M) 0.374ms
[2026-09-03T12:35:48.330+0800][7.477s][info][gc,cpu      ] GC(105) User=0.01s Sys=0.00s Real=0.01s
[2026-09-03T12:35:48.330+0800][7.477s][info][safepoint   ] Safepoint "G1PauseRemark", Time since last: 7294833 ns, Reaching safepoint: 44583 ns, At safepoint: 433500 ns, Leaving safepoint: 28375 ns, Total: 506458 ns, Threads: 2 runnable, 42 total
[2026-09-03T12:35:48.330+0800][7.477s][info][gc,marking  ] GC(105) Concurrent Mark 5.288ms
[2026-09-03T12:35:48.330+0800][7.477s][info][gc,marking  ] GC(105) Concurrent Rebuild Remembered Sets and Scrub Regions
[2026-09-03T12:35:48.334+0800][7.482s][info][gc,marking  ] GC(105) Concurrent Rebuild Remembered Sets and Scrub Regions 4.613ms
[2026-09-03T12:35:48.334+0800][7.482s][info][gc,start    ] GC(105) Pause Cleanup
[2026-09-03T12:35:48.334+0800][7.482s][info][gc          ] GC(105) Pause Cleanup 118M->118M(256M) 0.037ms
[2026-09-03T12:35:48.334+0800][7.482s][info][gc,cpu      ] GC(105) User=0.00s Sys=0.00s Real=0.00s
[2026-09-03T12:35:48.334+0800][7.482s][info][safepoint   ] Safepoint "G1PauseCleanup", Time since last: 4708792 ns, Reaching safepoint: 2333 ns, At safepoint: 54334 ns, Leaving safepoint: 25208 ns, Total: 81875 ns, Threads: 0 runnable, 42 total
[2026-09-03T12:35:48.334+0800][7.482s][info][gc,marking  ] GC(105) Concurrent Clear Claimed Marks
[2026-09-03T12:35:48.334+0800][7.482s][info][gc,marking  ] GC(105) Concurrent Clear Claimed Marks 0.034ms
[2026-09-03T12:35:48.334+0800][7.482s][info][gc,marking  ] GC(105) Concurrent Cleanup for Next Mark
[2026-09-03T12:35:48.335+0800][7.482s][info][gc,marking  ] GC(105) Concurrent Cleanup for Next Mark 0.188ms
[2026-09-03T12:35:48.335+0800][7.482s][info][gc          ] GC(105) Concurrent Mark Cycle 12.896ms
[2026-09-03T12:35:48.397+0800][7.545s][info][gc,start    ] GC(106) Pause Young (Prepare Mixed) (G1 Evacuation Pause)
[2026-09-03T12:35:48.397+0800][7.545s][info][gc,task     ] GC(106) Using 9 workers of 9 for evacuation
[2026-09-03T12:35:48.400+0800][7.547s][info][gc,phases   ] GC(106)   Pre Evacuate Collection Set: 0.07ms
[2026-09-03T12:35:48.400+0800][7.547s][info][gc,phases   ] GC(106)   Merge Heap Roots: 0.03ms
[2026-09-03T12:35:48.400+0800][7.547s][info][gc,phases   ] GC(106)   Evacuate Collection Set: 1.90ms
[2026-09-03T12:35:48.400+0800][7.547s][info][gc,phases   ] GC(106)   Post Evacuate Collection Set: 0.11ms
[2026-09-03T12:35:48.400+0800][7.547s][info][gc,phases   ] GC(106)   Other: 0.07ms
[2026-09-03T12:35:48.400+0800][7.547s][info][gc,heap     ] GC(106) Eden regions: 79->0(94)
[2026-09-03T12:35:48.400+0800][7.547s][info][gc,heap     ] GC(106) Survivor regions: 14->12(12)
[2026-09-03T12:35:48.400+0800][7.547s][info][gc,heap     ] GC(106) Old regions: 92->110
[2026-09-03T12:35:48.400+0800][7.547s][info][gc,heap     ] GC(106) Humongous regions: 1->1
[2026-09-03T12:35:48.400+0800][7.547s][info][gc,metaspace] GC(106) Metaspace: 1059K(1216K)->1059K(1216K) NonClass: 994K(1088K)->994K(1088K) Class: 64K(128K)->64K(128K)
[2026-09-03T12:35:48.400+0800][7.547s][info][gc          ] GC(106) Pause Young (Prepare Mixed) (G1 Evacuation Pause) 185M->122M(256M) 2.311ms
[2026-09-03T12:35:48.400+0800][7.547s][info][gc,cpu      ] GC(106) User=0.01s Sys=0.00s Real=0.01s
[2026-09-03T12:35:48.400+0800][7.547s][info][safepoint   ] Safepoint "G1CollectForAllocation", Time since last: 63022333 ns, Reaching safepoint: 45334 ns, At safepoint: 2339125 ns, Leaving safepoint: 44208 ns, Total: 2428667 ns, Threads: 2 runnable, 42 total
[2026-09-03T12:35:48.490+0800][7.637s][info][gc,start    ] GC(107) Pause Young (Mixed) (G1 Evacuation Pause)
[2026-09-03T12:35:48.490+0800][7.637s][info][gc,task     ] GC(107) Using 9 workers of 9 for evacuation
[2026-09-03T12:35:48.492+0800][7.639s][info][gc,phases   ] GC(107)   Pre Evacuate Collection Set: 0.06ms
[2026-09-03T12:35:48.492+0800][7.639s][info][gc,phases   ] GC(107)   Merge Heap Roots: 0.03ms
[2026-09-03T12:35:48.492+0800][7.639s][info][gc,phases   ] GC(107)   Evacuate Collection Set: 1.89ms
[2026-09-03T12:35:48.492+0800][7.639s][info][gc,phases   ] GC(107)   Post Evacuate Collection Set: 0.11ms
[2026-09-03T12:35:48.492+0800][7.639s][info][gc,phases   ] GC(107)   Other: 0.06ms
[2026-09-03T12:35:48.492+0800][7.639s][info][gc,heap     ] GC(107) Eden regions: 94->0(101)
[2026-09-03T12:35:48.492+0800][7.639s][info][gc,heap     ] GC(107) Survivor regions: 12->14(14)
[2026-09-03T12:35:48.492+0800][7.639s][info][gc,heap     ] GC(107) Old regions: 110->98
[2026-09-03T12:35:48.492+0800][7.639s][info][gc,heap     ] GC(107) Humongous regions: 1->1
[2026-09-03T12:35:48.492+0800][7.639s][info][gc,metaspace] GC(107) Metaspace: 1059K(1216K)->1059K(1216K) NonClass: 994K(1088K)->994K(1088K) Class: 64K(128K)->64K(128K)
[2026-09-03T12:35:48.492+0800][7.639s][info][gc          ] GC(107) Pause Young (Mixed) (G1 Evacuation Pause) 216M->111M(256M) 2.264ms
[2026-09-03T12:35:48.492+0800][7.639s][info][gc,cpu      ] GC(107) User=0.02s Sys=0.00s Real=0.00s
[2026-09-03T12:35:48.492+0800][7.639s][info][safepoint   ] Safepoint "G1CollectForAllocation", Time since last: 89854167 ns, Reaching safepoint: 35041 ns, At safepoint: 2288792 ns, Leaving safepoint: 26833 ns, Total: 2350666 ns, Threads: 3 runnable, 42 total
[2026-09-03T12:35:48.588+0800][7.736s][info][gc,start    ] GC(108) Pause Young (Mixed) (G1 Evacuation Pause)
[2026-09-03T12:35:48.588+0800][7.736s][info][gc,task     ] GC(108) Using 9 workers of 9 for evacuation
[2026-09-03T12:35:48.591+0800][7.739s][info][gc,phases   ] GC(108)   Pre Evacuate Collection Set: 0.08ms
[2026-09-03T12:35:48.591+0800][7.739s][info][gc,phases   ] GC(108)   Merge Heap Roots: 0.04ms
[2026-09-03T12:35:48.591+0800][7.739s][info][gc,phases   ] GC(108)   Evacuate Collection Set: 2.49ms
[2026-09-03T12:35:48.591+0800][7.739s][info][gc,phases   ] GC(108)   Post Evacuate Collection Set: 0.11ms
[2026-09-03T12:35:48.591+0800][7.739s][info][gc,phases   ] GC(108)   Other: 0.07ms
[2026-09-03T12:35:48.591+0800][7.739s][info][gc,heap     ] GC(108) Eden regions: 101->0(90)
[2026-09-03T12:35:48.591+0800][7.739s][info][gc,heap     ] GC(108) Survivor regions: 14->15(15)
[2026-09-03T12:35:48.591+0800][7.739s][info][gc,heap     ] GC(108) Old regions: 98->113
[2026-09-03T12:35:48.591+0800][7.739s][info][gc,heap     ] GC(108) Humongous regions: 1->1
[2026-09-03T12:35:48.591+0800][7.739s][info][gc,metaspace] GC(108) Metaspace: 1059K(1216K)->1059K(1216K) NonClass: 994K(1088K)->994K(1088K) Class: 64K(128K)->64K(128K)
[2026-09-03T12:35:48.591+0800][7.739s][info][gc          ] GC(108) Pause Young (Mixed) (G1 Evacuation Pause) 212M->128M(256M) 2.922ms
[2026-09-03T12:35:48.591+0800][7.739s][info][gc,cpu      ] GC(108) User=0.02s Sys=0.01s Real=0.01s
[2026-09-03T12:35:48.591+0800][7.739s][info][safepoint   ] Safepoint "G1CollectForAllocation", Time since last: 96190209 ns, Reaching safepoint: 24708 ns, At safepoint: 2990875 ns, Leaving safepoint: 26792 ns, Total: 3042375 ns, Threads: 2 runnable, 42 total
[2026-09-03T12:35:48.676+0800][7.823s][info][gc,start    ] GC(109) Pause Young (Concurrent Start) (G1 Evacuation Pause)
[2026-09-03T12:35:48.676+0800][7.824s][info][gc,task     ] GC(109) Using 9 workers of 9 for evacuation
[2026-09-03T12:35:48.678+0800][7.826s][info][gc,phases   ] GC(109)   Pre Evacuate Collection Set: 0.08ms
[2026-09-03T12:35:48.678+0800][7.826s][info][gc,phases   ] GC(109)   Merge Heap Roots: 0.03ms
[2026-09-03T12:35:48.678+0800][7.826s][info][gc,phases   ] GC(109)   Evacuate Collection Set: 2.04ms
[2026-09-03T12:35:48.679+0800][7.826s][info][gc,phases   ] GC(109)   Post Evacuate Collection Set: 0.11ms
[2026-09-03T12:35:48.679+0800][7.826s][info][gc,phases   ] GC(109)   Other: 0.07ms
[2026-09-03T12:35:48.679+0800][7.826s][info][gc,heap     ] GC(109) Eden regions: 90->0(76)
[2026-09-03T12:35:48.679+0800][7.826s][info][gc,heap     ] GC(109) Survivor regions: 15->14(14)
[2026-09-03T12:35:48.679+0800][7.826s][info][gc,heap     ] GC(109) Old regions: 113->133
[2026-09-03T12:35:48.679+0800][7.826s][info][gc,heap     ] GC(109) Humongous regions: 1->1
[2026-09-03T12:35:48.679+0800][7.826s][info][gc,metaspace] GC(109) Metaspace: 1059K(1216K)->1059K(1216K) NonClass: 994K(1088K)->994K(1088K) Class: 64K(128K)->64K(128K)
[2026-09-03T12:35:48.679+0800][7.826s][info][gc          ] GC(109) Pause Young (Concurrent Start) (G1 Evacuation Pause) 218M->147M(256M) 2.467ms
[2026-09-03T12:35:48.679+0800][7.826s][info][gc          ] GC(110) Concurrent Mark Cycle
[2026-09-03T12:35:48.679+0800][7.826s][info][gc,cpu      ] GC(109) User=0.01s Sys=0.00s Real=0.00s
[2026-09-03T12:35:48.679+0800][7.826s][info][gc,marking  ] GC(110) Concurrent Scan Root Regions
[2026-09-03T12:35:48.679+0800][7.826s][info][safepoint   ] Safepoint "G1CollectForAllocation", Time since last: 84782041 ns, Reaching safepoint: 43084 ns, At safepoint: 2528500 ns, Leaving safepoint: 29875 ns, Total: 2601459 ns, Threads: 1 runnable, 42 total
[2026-09-03T12:35:48.681+0800][7.828s][info][gc,marking  ] GC(110) Concurrent Scan Root Regions 2.379ms
[2026-09-03T12:35:48.681+0800][7.828s][info][gc,marking  ] GC(110) Concurrent Mark
[2026-09-03T12:35:48.681+0800][7.828s][info][gc,marking  ] GC(110) Concurrent Mark From Roots
[2026-09-03T12:35:48.681+0800][7.828s][info][gc,task     ] GC(110) Concurrent Mark Using 2 of 2 Workers
[2026-09-03T12:35:48.686+0800][7.833s][info][gc,marking  ] GC(110) Concurrent Mark From Roots 4.778ms
[2026-09-03T12:35:48.686+0800][7.833s][info][gc,marking  ] GC(110) Concurrent Preclean
[2026-09-03T12:35:48.686+0800][7.833s][info][gc,marking  ] GC(110) Concurrent Preclean 0.020ms
[2026-09-03T12:35:48.686+0800][7.833s][info][gc,start    ] GC(110) Pause Remark
[2026-09-03T12:35:48.686+0800][7.834s][info][gc          ] GC(110) Pause Remark 154M->117M(256M) 0.304ms
[2026-09-03T12:35:48.686+0800][7.834s][info][gc,cpu      ] GC(110) User=0.00s Sys=0.00s Real=0.00s
[2026-09-03T12:35:48.686+0800][7.834s][info][safepoint   ] Safepoint "G1PauseRemark", Time since last: 7285416 ns, Reaching safepoint: 38500 ns, At safepoint: 338125 ns, Leaving safepoint: 20500 ns, Total: 397125 ns, Threads: 1 runnable, 42 total
[2026-09-03T12:35:48.686+0800][7.834s][info][gc,marking  ] GC(110) Concurrent Mark 5.313ms
[2026-09-03T12:35:48.686+0800][7.834s][info][gc,marking  ] GC(110) Concurrent Rebuild Remembered Sets and Scrub Regions
[2026-09-03T12:35:48.691+0800][7.839s][info][gc,marking  ] GC(110) Concurrent Rebuild Remembered Sets and Scrub Regions 4.816ms
[2026-09-03T12:35:48.691+0800][7.839s][info][gc,start    ] GC(110) Pause Cleanup
[2026-09-03T12:35:48.691+0800][7.839s][info][gc          ] GC(110) Pause Cleanup 123M->123M(256M) 0.044ms
[2026-09-03T12:35:48.691+0800][7.839s][info][gc,cpu      ] GC(110) User=0.00s Sys=0.00s Real=0.00s
[2026-09-03T12:35:48.691+0800][7.839s][info][safepoint   ] Safepoint "G1PauseCleanup", Time since last: 4883459 ns, Reaching safepoint: 2750 ns, At safepoint: 66083 ns, Leaving safepoint: 53167 ns, Total: 122000 ns, Threads: 0 runnable, 42 total
[2026-09-03T12:35:48.691+0800][7.839s][info][gc,marking  ] GC(110) Concurrent Clear Claimed Marks
[2026-09-03T12:35:48.691+0800][7.839s][info][gc,marking  ] GC(110) Concurrent Clear Claimed Marks 0.019ms
[2026-09-03T12:35:48.691+0800][7.839s][info][gc,marking  ] GC(110) Concurrent Cleanup for Next Mark
[2026-09-03T12:35:48.692+0800][7.839s][info][gc,marking  ] GC(110) Concurrent Cleanup for Next Mark 0.138ms
[2026-09-03T12:35:48.692+0800][7.839s][info][gc          ] GC(110) Concurrent Mark Cycle 13.020ms
[2026-09-03T12:35:48.750+0800][7.898s][info][gc,start    ] GC(111) Pause Young (Prepare Mixed) (G1 Evacuation Pause)
[2026-09-03T12:35:48.750+0800][7.898s][info][gc,task     ] GC(111) Using 9 workers of 9 for evacuation
[2026-09-03T12:35:48.752+0800][7.900s][info][gc,phases   ] GC(111)   Pre Evacuate Collection Set: 0.08ms
[2026-09-03T12:35:48.752+0800][7.900s][info][gc,phases   ] GC(111)   Merge Heap Roots: 0.03ms
[2026-09-03T12:35:48.752+0800][7.900s][info][gc,phases   ] GC(111)   Evacuate Collection Set: 1.62ms
[2026-09-03T12:35:48.752+0800][7.900s][info][gc,phases   ] GC(111)   Post Evacuate Collection Set: 0.08ms
[2026-09-03T12:35:48.752+0800][7.900s][info][gc,phases   ] GC(111)   Other: 0.06ms
[2026-09-03T12:35:48.752+0800][7.900s][info][gc,heap     ] GC(111) Eden regions: 76->0(91)
[2026-09-03T12:35:48.752+0800][7.900s][info][gc,heap     ] GC(111) Survivor regions: 14->12(12)
[2026-09-03T12:35:48.752+0800][7.900s][info][gc,heap     ] GC(111) Old regions: 96->114
[2026-09-03T12:35:48.752+0800][7.900s][info][gc,heap     ] GC(111) Humongous regions: 1->1
[2026-09-03T12:35:48.752+0800][7.900s][info][gc,metaspace] GC(111) Metaspace: 1059K(1216K)->1059K(1216K) NonClass: 994K(1088K)->994K(1088K) Class: 64K(128K)->64K(128K)
[2026-09-03T12:35:48.752+0800][7.900s][info][gc          ] GC(111) Pause Young (Prepare Mixed) (G1 Evacuation Pause) 186M->125M(256M) 1.962ms
[2026-09-03T12:35:48.752+0800][7.900s][info][gc,cpu      ] GC(111) User=0.02s Sys=0.00s Real=0.00s
[2026-09-03T12:35:48.752+0800][7.900s][info][safepoint   ] Safepoint "G1CollectForAllocation", Time since last: 59016583 ns, Reaching safepoint: 2458 ns, At safepoint: 1985584 ns, Leaving safepoint: 21875 ns, Total: 2009917 ns, Threads: 0 runnable, 42 total
[2026-09-03T12:35:48.837+0800][7.985s][info][gc,start    ] GC(112) Pause Young (Mixed) (G1 Evacuation Pause)
[2026-09-03T12:35:48.838+0800][7.985s][info][gc,task     ] GC(112) Using 9 workers of 9 for evacuation
[2026-09-03T12:35:48.840+0800][7.988s][info][gc,phases   ] GC(112)   Pre Evacuate Collection Set: 0.06ms
[2026-09-03T12:35:48.841+0800][7.988s][info][gc,phases   ] GC(112)   Merge Heap Roots: 0.04ms
[2026-09-03T12:35:48.841+0800][7.988s][info][gc,phases   ] GC(112)   Evacuate Collection Set: 2.68ms
[2026-09-03T12:35:48.841+0800][7.988s][info][gc,phases   ] GC(112)   Post Evacuate Collection Set: 0.12ms
[2026-09-03T12:35:48.841+0800][7.988s][info][gc,phases   ] GC(112)   Other: 0.06ms
[2026-09-03T12:35:48.841+0800][7.988s][info][gc,heap     ] GC(112) Eden regions: 91->0(99)
[2026-09-03T12:35:48.841+0800][7.988s][info][gc,heap     ] GC(112) Survivor regions: 12->13(13)
[2026-09-03T12:35:48.841+0800][7.988s][info][gc,heap     ] GC(112) Old regions: 114->102
[2026-09-03T12:35:48.841+0800][7.988s][info][gc,heap     ] GC(112) Humongous regions: 1->1
[2026-09-03T12:35:48.841+0800][7.988s][info][gc,metaspace] GC(112) Metaspace: 1059K(1216K)->1059K(1216K) NonClass: 994K(1088K)->994K(1088K) Class: 64K(128K)->64K(128K)
[2026-09-03T12:35:48.841+0800][7.988s][info][gc          ] GC(112) Pause Young (Mixed) (G1 Evacuation Pause) 216M->114M(256M) 3.093ms
[2026-09-03T12:35:48.841+0800][7.988s][info][gc,cpu      ] GC(112) User=0.02s Sys=0.00s Real=0.01s
[2026-09-03T12:35:48.841+0800][7.988s][info][safepoint   ] Safepoint "G1CollectForAllocation", Time since last: 85106375 ns, Reaching safepoint: 31791 ns, At safepoint: 3123667 ns, Leaving safepoint: 23208 ns, Total: 3178666 ns, Threads: 3 runnable, 42 total
[2026-09-03T12:35:48.934+0800][8.081s][info][gc,start    ] GC(113) Pause Young (Mixed) (G1 Evacuation Pause)
[2026-09-03T12:35:48.934+0800][8.081s][info][gc,task     ] GC(113) Using 9 workers of 9 for evacuation
[2026-09-03T12:35:48.936+0800][8.084s][info][gc,phases   ] GC(113)   Pre Evacuate Collection Set: 0.07ms
[2026-09-03T12:35:48.936+0800][8.084s][info][gc,phases   ] GC(113)   Merge Heap Roots: 0.03ms
[2026-09-03T12:35:48.936+0800][8.084s][info][gc,phases   ] GC(113)   Evacuate Collection Set: 1.93ms
[2026-09-03T12:35:48.936+0800][8.084s][info][gc,phases   ] GC(113)   Post Evacuate Collection Set: 0.10ms
[2026-09-03T12:35:48.936+0800][8.084s][info][gc,phases   ] GC(113)   Other: 0.06ms
[2026-09-03T12:35:48.936+0800][8.084s][info][gc,heap     ] GC(113) Eden regions: 99->0(90)
[2026-09-03T12:35:48.936+0800][8.084s][info][gc,heap     ] GC(113) Survivor regions: 13->14(14)
[2026-09-03T12:35:48.936+0800][8.084s][info][gc,heap     ] GC(113) Old regions: 102->113
[2026-09-03T12:35:48.936+0800][8.084s][info][gc,heap     ] GC(113) Humongous regions: 1->1
[2026-09-03T12:35:48.936+0800][8.084s][info][gc,metaspace] GC(113) Metaspace: 1059K(1216K)->1059K(1216K) NonClass: 994K(1088K)->994K(1088K) Class: 64K(128K)->64K(128K)
[2026-09-03T12:35:48.936+0800][8.084s][info][gc          ] GC(113) Pause Young (Mixed) (G1 Evacuation Pause) 213M->126M(256M) 2.301ms
[2026-09-03T12:35:48.936+0800][8.084s][info][gc,cpu      ] GC(113) User=0.01s Sys=0.00s Real=0.00s
[2026-09-03T12:35:48.936+0800][8.084s][info][safepoint   ] Safepoint "G1CollectForAllocation", Time since last: 93240542 ns, Reaching safepoint: 25250 ns, At safepoint: 2331458 ns, Leaving safepoint: 36459 ns, Total: 2393167 ns, Threads: 1 runnable, 42 total
[2026-09-03T12:35:49.023+0800][8.171s][info][gc,start    ] GC(114) Pause Young (Concurrent Start) (G1 Evacuation Pause)
[2026-09-03T12:35:49.023+0800][8.171s][info][gc,task     ] GC(114) Using 9 workers of 9 for evacuation
[2026-09-03T12:35:49.026+0800][8.173s][info][gc,phases   ] GC(114)   Pre Evacuate Collection Set: 0.06ms
[2026-09-03T12:35:49.026+0800][8.173s][info][gc,phases   ] GC(114)   Merge Heap Roots: 0.03ms
[2026-09-03T12:35:49.026+0800][8.173s][info][gc,phases   ] GC(114)   Evacuate Collection Set: 1.96ms
[2026-09-03T12:35:49.026+0800][8.173s][info][gc,phases   ] GC(114)   Post Evacuate Collection Set: 0.09ms
[2026-09-03T12:35:49.026+0800][8.173s][info][gc,phases   ] GC(114)   Other: 0.08ms
[2026-09-03T12:35:49.026+0800][8.173s][info][gc,heap     ] GC(114) Eden regions: 90->0(77)
[2026-09-03T12:35:49.026+0800][8.173s][info][gc,heap     ] GC(114) Survivor regions: 14->13(13)
[2026-09-03T12:35:49.026+0800][8.173s][info][gc,heap     ] GC(114) Old regions: 113->133
[2026-09-03T12:35:49.026+0800][8.173s][info][gc,heap     ] GC(114) Humongous regions: 1->1
[2026-09-03T12:35:49.026+0800][8.173s][info][gc,metaspace] GC(114) Metaspace: 1059K(1216K)->1059K(1216K) NonClass: 994K(1088K)->994K(1088K) Class: 64K(128K)->64K(128K)
[2026-09-03T12:35:49.026+0800][8.173s][info][gc          ] GC(114) Pause Young (Concurrent Start) (G1 Evacuation Pause) 216M->145M(256M) 2.330ms
[2026-09-03T12:35:49.026+0800][8.173s][info][gc,cpu      ] GC(114) User=0.01s Sys=0.00s Real=0.00s
[2026-09-03T12:35:49.026+0800][8.173s][info][gc          ] GC(115) Concurrent Mark Cycle
[2026-09-03T12:35:49.026+0800][8.173s][info][gc,marking  ] GC(115) Concurrent Scan Root Regions
[2026-09-03T12:35:49.026+0800][8.173s][info][safepoint   ] Safepoint "G1CollectForAllocation", Time since last: 87051791 ns, Reaching safepoint: 36875 ns, At safepoint: 2368459 ns, Leaving safepoint: 28041 ns, Total: 2433375 ns, Threads: 2 runnable, 42 total
[2026-09-03T12:35:49.028+0800][8.175s][info][gc,marking  ] GC(115) Concurrent Scan Root Regions 2.026ms
[2026-09-03T12:35:49.028+0800][8.175s][info][gc,marking  ] GC(115) Concurrent Mark
[2026-09-03T12:35:49.028+0800][8.175s][info][gc,marking  ] GC(115) Concurrent Mark From Roots
[2026-09-03T12:35:49.028+0800][8.175s][info][gc,task     ] GC(115) Concurrent Mark Using 2 of 2 Workers
[2026-09-03T12:35:49.033+0800][8.180s][info][gc,marking  ] GC(115) Concurrent Mark From Roots 5.301ms
[2026-09-03T12:35:49.033+0800][8.180s][info][gc,marking  ] GC(115) Concurrent Preclean
[2026-09-03T12:35:49.033+0800][8.181s][info][gc,marking  ] GC(115) Concurrent Preclean 0.010ms
[2026-09-03T12:35:49.033+0800][8.181s][info][gc,start    ] GC(115) Pause Remark
[2026-09-03T12:35:49.033+0800][8.181s][info][gc          ] GC(115) Pause Remark 154M->107M(256M) 0.338ms
[2026-09-03T12:35:49.033+0800][8.181s][info][gc,cpu      ] GC(115) User=0.00s Sys=0.00s Real=0.00s
[2026-09-03T12:35:49.034+0800][8.181s][info][safepoint   ] Safepoint "G1PauseRemark", Time since last: 7379584 ns, Reaching safepoint: 19208 ns, At safepoint: 360500 ns, Leaving safepoint: 20167 ns, Total: 399875 ns, Threads: 1 runnable, 42 total
[2026-09-03T12:35:49.034+0800][8.181s][info][gc,marking  ] GC(115) Concurrent Mark 5.798ms
[2026-09-03T12:35:49.034+0800][8.181s][info][gc,marking  ] GC(115) Concurrent Rebuild Remembered Sets and Scrub Regions
[2026-09-03T12:35:49.038+0800][8.185s][info][gc,marking  ] GC(115) Concurrent Rebuild Remembered Sets and Scrub Regions 4.267ms
[2026-09-03T12:35:49.038+0800][8.185s][info][gc,start    ] GC(115) Pause Cleanup
[2026-09-03T12:35:49.038+0800][8.185s][info][gc          ] GC(115) Pause Cleanup 111M->111M(256M) 0.047ms
[2026-09-03T12:35:49.038+0800][8.185s][info][gc,cpu      ] GC(115) User=0.00s Sys=0.00s Real=0.00s
[2026-09-03T12:35:49.038+0800][8.185s][info][safepoint   ] Safepoint "G1PauseCleanup", Time since last: 4346083 ns, Reaching safepoint: 1917 ns, At safepoint: 71083 ns, Leaving safepoint: 17375 ns, Total: 90375 ns, Threads: 0 runnable, 42 total
[2026-09-03T12:35:49.038+0800][8.185s][info][gc,marking  ] GC(115) Concurrent Clear Claimed Marks
[2026-09-03T12:35:49.038+0800][8.185s][info][gc,marking  ] GC(115) Concurrent Clear Claimed Marks 0.009ms
[2026-09-03T12:35:49.038+0800][8.185s][info][gc,marking  ] GC(115) Concurrent Cleanup for Next Mark
[2026-09-03T12:35:49.038+0800][8.186s][info][gc,marking  ] GC(115) Concurrent Cleanup for Next Mark 0.173ms
[2026-09-03T12:35:49.038+0800][8.186s][info][gc          ] GC(115) Concurrent Mark Cycle 12.483ms
[2026-09-03T12:35:49.099+0800][8.247s][info][gc,start    ] GC(116) Pause Young (Prepare Mixed) (G1 Evacuation Pause)
[2026-09-03T12:35:49.099+0800][8.247s][info][gc,task     ] GC(116) Using 9 workers of 9 for evacuation
[2026-09-03T12:35:49.101+0800][8.249s][info][gc,phases   ] GC(116)   Pre Evacuate Collection Set: 0.08ms
[2026-09-03T12:35:49.101+0800][8.249s][info][gc,phases   ] GC(116)   Merge Heap Roots: 0.02ms
[2026-09-03T12:35:49.102+0800][8.249s][info][gc,phases   ] GC(116)   Evacuate Collection Set: 1.71ms
[2026-09-03T12:35:49.102+0800][8.249s][info][gc,phases   ] GC(116)   Post Evacuate Collection Set: 0.11ms
[2026-09-03T12:35:49.102+0800][8.249s][info][gc,phases   ] GC(116)   Other: 0.06ms
[2026-09-03T12:35:49.102+0800][8.249s][info][gc,heap     ] GC(116) Eden regions: 77->0(99)
[2026-09-03T12:35:49.102+0800][8.249s][info][gc,heap     ] GC(116) Survivor regions: 13->12(12)
[2026-09-03T12:35:49.102+0800][8.249s][info][gc,heap     ] GC(116) Old regions: 86->103
[2026-09-03T12:35:49.102+0800][8.249s][info][gc,heap     ] GC(116) Humongous regions: 1->1
[2026-09-03T12:35:49.102+0800][8.249s][info][gc,metaspace] GC(116) Metaspace: 1059K(1216K)->1059K(1216K) NonClass: 994K(1088K)->994K(1088K) Class: 64K(128K)->64K(128K)
[2026-09-03T12:35:49.102+0800][8.249s][info][gc          ] GC(116) Pause Young (Prepare Mixed) (G1 Evacuation Pause) 175M->114M(256M) 2.081ms
[2026-09-03T12:35:49.102+0800][8.249s][info][gc,cpu      ] GC(116) User=0.02s Sys=0.00s Real=0.01s
[2026-09-03T12:35:49.102+0800][8.249s][info][safepoint   ] Safepoint "G1CollectForAllocation", Time since last: 61466792 ns, Reaching safepoint: 39541 ns, At safepoint: 2113917 ns, Leaving safepoint: 109125 ns, Total: 2262583 ns, Threads: 1 runnable, 42 total
[2026-09-03T12:35:49.195+0800][8.343s][info][gc,start    ] GC(117) Pause Young (Mixed) (G1 Evacuation Pause)
[2026-09-03T12:35:49.195+0800][8.343s][info][gc,task     ] GC(117) Using 9 workers of 9 for evacuation
[2026-09-03T12:35:49.198+0800][8.346s][info][gc,phases   ] GC(117)   Pre Evacuate Collection Set: 0.07ms
[2026-09-03T12:35:49.198+0800][8.346s][info][gc,phases   ] GC(117)   Merge Heap Roots: 0.03ms
[2026-09-03T12:35:49.198+0800][8.346s][info][gc,phases   ] GC(117)   Evacuate Collection Set: 2.65ms
[2026-09-03T12:35:49.198+0800][8.346s][info][gc,phases   ] GC(117)   Post Evacuate Collection Set: 0.24ms
[2026-09-03T12:35:49.199+0800][8.346s][info][gc,phases   ] GC(117)   Other: 0.08ms
[2026-09-03T12:35:49.199+0800][8.346s][info][gc,heap     ] GC(117) Eden regions: 99->0(103)
[2026-09-03T12:35:49.199+0800][8.346s][info][gc,heap     ] GC(117) Survivor regions: 12->14(14)
[2026-09-03T12:35:49.199+0800][8.346s][info][gc,heap     ] GC(117) Old regions: 103->95
[2026-09-03T12:35:49.199+0800][8.346s][info][gc,heap     ] GC(117) Humongous regions: 1->1
[2026-09-03T12:35:49.199+0800][8.346s][info][gc,metaspace] GC(117) Metaspace: 1059K(1216K)->1059K(1216K) NonClass: 994K(1088K)->994K(1088K) Class: 64K(128K)->64K(128K)
[2026-09-03T12:35:49.199+0800][8.346s][info][gc          ] GC(117) Pause Young (Mixed) (G1 Evacuation Pause) 213M->108M(256M) 3.181ms
[2026-09-03T12:35:49.199+0800][8.346s][info][gc,cpu      ] GC(117) User=0.01s Sys=0.00s Real=0.00s
[2026-09-03T12:35:49.199+0800][8.346s][info][safepoint   ] Safepoint "G1CollectForAllocation", Time since last: 93639500 ns, Reaching safepoint: 33958 ns, At safepoint: 3218584 ns, Leaving safepoint: 51333 ns, Total: 3303875 ns, Threads: 1 runnable, 42 total
[2026-09-03T12:35:49.297+0800][8.444s][info][gc,start    ] GC(118) Pause Young (Concurrent Start) (G1 Evacuation Pause)
[2026-09-03T12:35:49.297+0800][8.444s][info][gc,task     ] GC(118) Using 9 workers of 9 for evacuation
[2026-09-03T12:35:49.300+0800][8.447s][info][gc,phases   ] GC(118)   Pre Evacuate Collection Set: 0.07ms
[2026-09-03T12:35:49.300+0800][8.447s][info][gc,phases   ] GC(118)   Merge Heap Roots: 0.04ms
[2026-09-03T12:35:49.300+0800][8.447s][info][gc,phases   ] GC(118)   Evacuate Collection Set: 2.71ms
[2026-09-03T12:35:49.300+0800][8.447s][info][gc,phases   ] GC(118)   Post Evacuate Collection Set: 0.09ms
[2026-09-03T12:35:49.300+0800][8.447s][info][gc,phases   ] GC(118)   Other: 0.08ms
[2026-09-03T12:35:49.300+0800][8.447s][info][gc,heap     ] GC(118) Eden regions: 103->0(88)
[2026-09-03T12:35:49.300+0800][8.447s][info][gc,heap     ] GC(118) Survivor regions: 14->15(15)
[2026-09-03T12:35:49.300+0800][8.447s][info][gc,heap     ] GC(118) Old regions: 95->115
[2026-09-03T12:35:49.300+0800][8.447s][info][gc,heap     ] GC(118) Humongous regions: 1->1
[2026-09-03T12:35:49.300+0800][8.447s][info][gc,metaspace] GC(118) Metaspace: 1059K(1216K)->1059K(1216K) NonClass: 994K(1088K)->994K(1088K) Class: 64K(128K)->64K(128K)
[2026-09-03T12:35:49.300+0800][8.447s][info][gc          ] GC(118) Pause Young (Concurrent Start) (G1 Evacuation Pause) 211M->129M(256M) 3.163ms
[2026-09-03T12:35:49.300+0800][8.447s][info][gc,cpu      ] GC(118) User=0.02s Sys=0.01s Real=0.01s
[2026-09-03T12:35:49.300+0800][8.447s][info][gc          ] GC(119) Concurrent Mark Cycle
[2026-09-03T12:35:49.300+0800][8.447s][info][gc,marking  ] GC(119) Concurrent Scan Root Regions
[2026-09-03T12:35:49.300+0800][8.447s][info][safepoint   ] Safepoint "G1CollectForAllocation", Time since last: 97978125 ns, Reaching safepoint: 41250 ns, At safepoint: 3198417 ns, Leaving safepoint: 24208 ns, Total: 3263875 ns, Threads: 3 runnable, 42 total
[2026-09-03T12:35:49.302+0800][8.450s][info][gc,marking  ] GC(119) Concurrent Scan Root Regions 2.256ms
[2026-09-03T12:35:49.302+0800][8.450s][info][gc,marking  ] GC(119) Concurrent Mark
[2026-09-03T12:35:49.302+0800][8.450s][info][gc,marking  ] GC(119) Concurrent Mark From Roots
[2026-09-03T12:35:49.302+0800][8.450s][info][gc,task     ] GC(119) Concurrent Mark Using 2 of 2 Workers
[2026-09-03T12:35:49.307+0800][8.455s][info][gc,marking  ] GC(119) Concurrent Mark From Roots 5.084ms
[2026-09-03T12:35:49.307+0800][8.455s][info][gc,marking  ] GC(119) Concurrent Preclean
[2026-09-03T12:35:49.307+0800][8.455s][info][gc,marking  ] GC(119) Concurrent Preclean 0.019ms
[2026-09-03T12:35:49.307+0800][8.455s][info][gc,start    ] GC(119) Pause Remark
[2026-09-03T12:35:49.308+0800][8.455s][info][gc          ] GC(119) Pause Remark 138M->102M(256M) 0.359ms
[2026-09-03T12:35:49.308+0800][8.455s][info][gc,cpu      ] GC(119) User=0.00s Sys=0.00s Real=0.00s
[2026-09-03T12:35:49.308+0800][8.455s][info][safepoint   ] Safepoint "G1PauseRemark", Time since last: 7471417 ns, Reaching safepoint: 2333 ns, At safepoint: 380958 ns, Leaving safepoint: 20500 ns, Total: 403791 ns, Threads: 0 runnable, 42 total
[2026-09-03T12:35:49.308+0800][8.455s][info][gc,marking  ] GC(119) Concurrent Mark 5.644ms
[2026-09-03T12:35:49.308+0800][8.455s][info][gc,marking  ] GC(119) Concurrent Rebuild Remembered Sets and Scrub Regions
[2026-09-03T12:35:49.312+0800][8.459s][info][gc,marking  ] GC(119) Concurrent Rebuild Remembered Sets and Scrub Regions 4.172ms
[2026-09-03T12:35:49.312+0800][8.459s][info][gc,start    ] GC(119) Pause Cleanup
[2026-09-03T12:35:49.312+0800][8.460s][info][gc          ] GC(119) Pause Cleanup 107M->107M(256M) 0.042ms
[2026-09-03T12:35:49.312+0800][8.460s][info][gc,cpu      ] GC(119) User=0.00s Sys=0.00s Real=0.00s
[2026-09-03T12:35:49.312+0800][8.460s][info][safepoint   ] Safepoint "G1PauseCleanup", Time since last: 4343292 ns, Reaching safepoint: 1625 ns, At safepoint: 58750 ns, Leaving safepoint: 19958 ns, Total: 80333 ns, Threads: 0 runnable, 42 total
[2026-09-03T12:35:49.312+0800][8.460s][info][gc,marking  ] GC(119) Concurrent Clear Claimed Marks
[2026-09-03T12:35:49.312+0800][8.460s][info][gc,marking  ] GC(119) Concurrent Clear Claimed Marks 0.021ms
[2026-09-03T12:35:49.312+0800][8.460s][info][gc,marking  ] GC(119) Concurrent Cleanup for Next Mark
[2026-09-03T12:35:49.312+0800][8.460s][info][gc,marking  ] GC(119) Concurrent Cleanup for Next Mark 0.138ms
[2026-09-03T12:35:49.312+0800][8.460s][info][gc          ] GC(119) Concurrent Mark Cycle 12.554ms
[2026-09-03T12:35:49.384+0800][8.532s][info][gc,start    ] GC(120) Pause Young (Prepare Mixed) (G1 Evacuation Pause)
[2026-09-03T12:35:49.384+0800][8.532s][info][gc,task     ] GC(120) Using 9 workers of 9 for evacuation
[2026-09-03T12:35:49.386+0800][8.534s][info][gc,phases   ] GC(120)   Pre Evacuate Collection Set: 0.10ms
[2026-09-03T12:35:49.386+0800][8.534s][info][gc,phases   ] GC(120)   Merge Heap Roots: 0.03ms
[2026-09-03T12:35:49.386+0800][8.534s][info][gc,phases   ] GC(120)   Evacuate Collection Set: 1.83ms
[2026-09-03T12:35:49.386+0800][8.534s][info][gc,phases   ] GC(120)   Post Evacuate Collection Set: 0.10ms
[2026-09-03T12:35:49.386+0800][8.534s][info][gc,phases   ] GC(120)   Other: 0.06ms
[2026-09-03T12:35:49.386+0800][8.534s][info][gc,heap     ] GC(120) Eden regions: 88->0(101)
[2026-09-03T12:35:49.386+0800][8.534s][info][gc,heap     ] GC(120) Survivor regions: 15->13(13)
[2026-09-03T12:35:49.386+0800][8.534s][info][gc,heap     ] GC(120) Old regions: 79->99
[2026-09-03T12:35:49.386+0800][8.534s][info][gc,heap     ] GC(120) Humongous regions: 1->1
[2026-09-03T12:35:49.386+0800][8.534s][info][gc,metaspace] GC(120) Metaspace: 1059K(1216K)->1059K(1216K) NonClass: 994K(1088K)->994K(1088K) Class: 64K(128K)->64K(128K)
[2026-09-03T12:35:49.386+0800][8.534s][info][gc          ] GC(120) Pause Young (Prepare Mixed) (G1 Evacuation Pause) 181M->112M(256M) 2.213ms
[2026-09-03T12:35:49.386+0800][8.534s][info][gc,cpu      ] GC(120) User=0.01s Sys=0.00s Real=0.00s
[2026-09-03T12:35:49.387+0800][8.534s][info][safepoint   ] Safepoint "G1CollectForAllocation", Time since last: 72043042 ns, Reaching safepoint: 40333 ns, At safepoint: 2236375 ns, Leaving safepoint: 32584 ns, Total: 2309292 ns, Threads: 2 runnable, 42 total
[2026-09-03T12:35:49.483+0800][8.630s][info][gc,start    ] GC(121) Pause Young (Mixed) (G1 Evacuation Pause)
[2026-09-03T12:35:49.483+0800][8.630s][info][gc,task     ] GC(121) Using 9 workers of 9 for evacuation
[2026-09-03T12:35:49.485+0800][8.632s][info][gc,phases   ] GC(121)   Pre Evacuate Collection Set: 0.08ms
[2026-09-03T12:35:49.485+0800][8.632s][info][gc,phases   ] GC(121)   Merge Heap Roots: 0.03ms
[2026-09-03T12:35:49.485+0800][8.632s][info][gc,phases   ] GC(121)   Evacuate Collection Set: 1.91ms
[2026-09-03T12:35:49.485+0800][8.632s][info][gc,phases   ] GC(121)   Post Evacuate Collection Set: 0.08ms
[2026-09-03T12:35:49.485+0800][8.632s][info][gc,phases   ] GC(121)   Other: 0.06ms
[2026-09-03T12:35:49.485+0800][8.632s][info][gc,heap     ] GC(121) Eden regions: 101->0(102)
[2026-09-03T12:35:49.485+0800][8.632s][info][gc,heap     ] GC(121) Survivor regions: 13->15(15)
[2026-09-03T12:35:49.485+0800][8.632s][info][gc,heap     ] GC(121) Old regions: 99->96
[2026-09-03T12:35:49.485+0800][8.632s][info][gc,heap     ] GC(121) Humongous regions: 1->1
[2026-09-03T12:35:49.485+0800][8.632s][info][gc,metaspace] GC(121) Metaspace: 1059K(1216K)->1059K(1216K) NonClass: 994K(1088K)->994K(1088K) Class: 64K(128K)->64K(128K)
[2026-09-03T12:35:49.485+0800][8.632s][info][gc          ] GC(121) Pause Young (Mixed) (G1 Evacuation Pause) 213M->111M(256M) 2.266ms
[2026-09-03T12:35:49.485+0800][8.632s][info][gc,cpu      ] GC(121) User=0.02s Sys=0.00s Real=0.00s
[2026-09-03T12:35:49.485+0800][8.632s][info][safepoint   ] Safepoint "G1CollectForAllocation", Time since last: 96159500 ns, Reaching safepoint: 63583 ns, At safepoint: 2292250 ns, Leaving safepoint: 22708 ns, Total: 2378541 ns, Threads: 1 runnable, 42 total
[2026-09-03T12:35:49.583+0800][8.730s][info][gc,start    ] GC(122) Pause Young (Concurrent Start) (G1 Evacuation Pause)
[2026-09-03T12:35:49.583+0800][8.730s][info][gc,task     ] GC(122) Using 9 workers of 9 for evacuation
[2026-09-03T12:35:49.585+0800][8.732s][info][gc,phases   ] GC(122)   Pre Evacuate Collection Set: 0.08ms
[2026-09-03T12:35:49.585+0800][8.732s][info][gc,phases   ] GC(122)   Merge Heap Roots: 0.03ms
[2026-09-03T12:35:49.585+0800][8.732s][info][gc,phases   ] GC(122)   Evacuate Collection Set: 2.16ms
[2026-09-03T12:35:49.585+0800][8.732s][info][gc,phases   ] GC(122)   Post Evacuate Collection Set: 0.11ms
[2026-09-03T12:35:49.585+0800][8.733s][info][gc,phases   ] GC(122)   Other: 0.06ms
[2026-09-03T12:35:49.585+0800][8.733s][info][gc,heap     ] GC(122) Eden regions: 102->0(87)
[2026-09-03T12:35:49.585+0800][8.733s][info][gc,heap     ] GC(122) Survivor regions: 15->15(15)
[2026-09-03T12:35:49.585+0800][8.733s][info][gc,heap     ] GC(122) Old regions: 96->117
[2026-09-03T12:35:49.585+0800][8.733s][info][gc,heap     ] GC(122) Humongous regions: 1->1
[2026-09-03T12:35:49.585+0800][8.733s][info][gc,metaspace] GC(122) Metaspace: 1059K(1216K)->1059K(1216K) NonClass: 994K(1088K)->994K(1088K) Class: 64K(128K)->64K(128K)
[2026-09-03T12:35:49.585+0800][8.733s][info][gc          ] GC(122) Pause Young (Concurrent Start) (G1 Evacuation Pause) 213M->131M(256M) 2.532ms
[2026-09-03T12:35:49.585+0800][8.733s][info][gc,cpu      ] GC(122) User=0.02s Sys=0.00s Real=0.00s
[2026-09-03T12:35:49.585+0800][8.733s][info][gc          ] GC(123) Concurrent Mark Cycle
[2026-09-03T12:35:49.585+0800][8.733s][info][gc,marking  ] GC(123) Concurrent Scan Root Regions
[2026-09-03T12:35:49.585+0800][8.733s][info][safepoint   ] Safepoint "G1CollectForAllocation", Time since last: 97414917 ns, Reaching safepoint: 116583 ns, At safepoint: 2559584 ns, Leaving safepoint: 25875 ns, Total: 2702042 ns, Threads: 1 runnable, 42 total
[2026-09-03T12:35:49.587+0800][8.735s][info][gc,marking  ] GC(123) Concurrent Scan Root Regions 2.206ms
[2026-09-03T12:35:49.587+0800][8.735s][info][gc,marking  ] GC(123) Concurrent Mark
[2026-09-03T12:35:49.587+0800][8.735s][info][gc,marking  ] GC(123) Concurrent Mark From Roots
[2026-09-03T12:35:49.587+0800][8.735s][info][gc,task     ] GC(123) Concurrent Mark Using 2 of 2 Workers
[2026-09-03T12:35:49.592+0800][8.740s][info][gc,marking  ] GC(123) Concurrent Mark From Roots 4.844ms
[2026-09-03T12:35:49.592+0800][8.740s][info][gc,marking  ] GC(123) Concurrent Preclean
[2026-09-03T12:35:49.592+0800][8.740s][info][gc,marking  ] GC(123) Concurrent Preclean 0.010ms
[2026-09-03T12:35:49.592+0800][8.740s][info][gc,start    ] GC(123) Pause Remark
[2026-09-03T12:35:49.593+0800][8.740s][info][gc          ] GC(123) Pause Remark 139M->109M(256M) 0.335ms
[2026-09-03T12:35:49.593+0800][8.740s][info][gc,cpu      ] GC(123) User=0.00s Sys=0.00s Real=0.00s
[2026-09-03T12:35:49.593+0800][8.740s][info][safepoint   ] Safepoint "G1PauseRemark", Time since last: 7101458 ns, Reaching safepoint: 20125 ns, At safepoint: 358375 ns, Leaving safepoint: 35125 ns, Total: 413625 ns, Threads: 2 runnable, 42 total
[2026-09-03T12:35:49.593+0800][8.740s][info][gc,marking  ] GC(123) Concurrent Mark 5.355ms
[2026-09-03T12:35:49.593+0800][8.740s][info][gc,marking  ] GC(123) Concurrent Rebuild Remembered Sets and Scrub Regions
[2026-09-03T12:35:49.598+0800][8.745s][info][gc,marking  ] GC(123) Concurrent Rebuild Remembered Sets and Scrub Regions 5.301ms
[2026-09-03T12:35:49.598+0800][8.746s][info][gc,start    ] GC(123) Pause Cleanup
[2026-09-03T12:35:49.598+0800][8.746s][info][gc          ] GC(123) Pause Cleanup 115M->115M(256M) 0.108ms
[2026-09-03T12:35:49.598+0800][8.746s][info][gc,cpu      ] GC(123) User=0.00s Sys=0.00s Real=0.00s
[2026-09-03T12:35:49.598+0800][8.746s][info][safepoint   ] Safepoint "G1PauseCleanup", Time since last: 5483292 ns, Reaching safepoint: 54041 ns, At safepoint: 149375 ns, Leaving safepoint: 19292 ns, Total: 222708 ns, Threads: 3 runnable, 42 total
[2026-09-03T12:35:49.598+0800][8.746s][info][gc,marking  ] GC(123) Concurrent Clear Claimed Marks
[2026-09-03T12:35:49.598+0800][8.746s][info][gc,marking  ] GC(123) Concurrent Clear Claimed Marks 0.021ms
[2026-09-03T12:35:49.598+0800][8.746s][info][gc,marking  ] GC(123) Concurrent Cleanup for Next Mark
[2026-09-03T12:35:49.599+0800][8.746s][info][gc,marking  ] GC(123) Concurrent Cleanup for Next Mark 0.181ms
[2026-09-03T12:35:49.599+0800][8.746s][info][gc          ] GC(123) Concurrent Mark Cycle 13.558ms
[2026-09-03T12:35:49.668+0800][8.815s][info][gc,start    ] GC(124) Pause Young (Prepare Mixed) (G1 Evacuation Pause)
[2026-09-03T12:35:49.668+0800][8.815s][info][gc,task     ] GC(124) Using 9 workers of 9 for evacuation
[2026-09-03T12:35:49.670+0800][8.817s][info][gc,phases   ] GC(124)   Pre Evacuate Collection Set: 0.05ms
[2026-09-03T12:35:49.670+0800][8.817s][info][gc,phases   ] GC(124)   Merge Heap Roots: 0.03ms
[2026-09-03T12:35:49.670+0800][8.817s][info][gc,phases   ] GC(124)   Evacuate Collection Set: 1.69ms
[2026-09-03T12:35:49.670+0800][8.817s][info][gc,phases   ] GC(124)   Post Evacuate Collection Set: 0.07ms
[2026-09-03T12:35:49.670+0800][8.817s][info][gc,phases   ] GC(124)   Other: 0.05ms
[2026-09-03T12:35:49.670+0800][8.817s][info][gc,heap     ] GC(124) Eden regions: 87->0(95)
[2026-09-03T12:35:49.670+0800][8.817s][info][gc,heap     ] GC(124) Survivor regions: 15->13(13)
[2026-09-03T12:35:49.670+0800][8.817s][info][gc,heap     ] GC(124) Old regions: 87->107
[2026-09-03T12:35:49.670+0800][8.817s][info][gc,heap     ] GC(124) Humongous regions: 1->1
[2026-09-03T12:35:49.670+0800][8.817s][info][gc,metaspace] GC(124) Metaspace: 1059K(1216K)->1059K(1216K) NonClass: 994K(1088K)->994K(1088K) Class: 64K(128K)->64K(128K)
[2026-09-03T12:35:49.670+0800][8.817s][info][gc          ] GC(124) Pause Young (Prepare Mixed) (G1 Evacuation Pause) 188M->119M(256M) 2.000ms
[2026-09-03T12:35:49.670+0800][8.817s][info][gc,cpu      ] GC(124) User=0.01s Sys=0.01s Real=0.01s
[2026-09-03T12:35:49.670+0800][8.817s][info][safepoint   ] Safepoint "G1CollectForAllocation", Time since last: 69407333 ns, Reaching safepoint: 20292 ns, At safepoint: 2024125 ns, Leaving safepoint: 20833 ns, Total: 2065250 ns, Threads: 1 runnable, 42 total
[2026-09-03T12:35:49.759+0800][8.907s][info][gc,start    ] GC(125) Pause Young (Mixed) (G1 Evacuation Pause)
[2026-09-03T12:35:49.759+0800][8.907s][info][gc,task     ] GC(125) Using 9 workers of 9 for evacuation
[2026-09-03T12:35:49.761+0800][8.909s][info][gc,phases   ] GC(125)   Pre Evacuate Collection Set: 0.06ms
[2026-09-03T12:35:49.761+0800][8.909s][info][gc,phases   ] GC(125)   Merge Heap Roots: 0.02ms
[2026-09-03T12:35:49.761+0800][8.909s][info][gc,phases   ] GC(125)   Evacuate Collection Set: 1.78ms
[2026-09-03T12:35:49.761+0800][8.909s][info][gc,phases   ] GC(125)   Post Evacuate Collection Set: 0.10ms
[2026-09-03T12:35:49.761+0800][8.909s][info][gc,phases   ] GC(125)   Other: 0.06ms
[2026-09-03T12:35:49.761+0800][8.909s][info][gc,heap     ] GC(125) Eden regions: 95->0(101)
[2026-09-03T12:35:49.761+0800][8.909s][info][gc,heap     ] GC(125) Survivor regions: 13->14(14)
[2026-09-03T12:35:49.761+0800][8.909s][info][gc,heap     ] GC(125) Old regions: 107->98
[2026-09-03T12:35:49.761+0800][8.909s][info][gc,heap     ] GC(125) Humongous regions: 1->1
[2026-09-03T12:35:49.761+0800][8.909s][info][gc,metaspace] GC(125) Metaspace: 1059K(1216K)->1059K(1216K) NonClass: 994K(1088K)->994K(1088K) Class: 64K(128K)->64K(128K)
[2026-09-03T12:35:49.761+0800][8.909s][info][gc          ] GC(125) Pause Young (Mixed) (G1 Evacuation Pause) 214M->112M(256M) 2.138ms
[2026-09-03T12:35:49.762+0800][8.909s][info][gc,cpu      ] GC(125) User=0.02s Sys=0.00s Real=0.01s
[2026-09-03T12:35:49.762+0800][8.909s][info][safepoint   ] Safepoint "G1CollectForAllocation", Time since last: 89461292 ns, Reaching safepoint: 31125 ns, At safepoint: 2161750 ns, Leaving safepoint: 37333 ns, Total: 2230208 ns, Threads: 1 runnable, 42 total
[2026-09-03T12:35:49.857+0800][9.004s][info][gc,start    ] GC(126) Pause Young (Mixed) (G1 Evacuation Pause)
[2026-09-03T12:35:49.857+0800][9.004s][info][gc,task     ] GC(126) Using 9 workers of 9 for evacuation
[2026-09-03T12:35:49.859+0800][9.007s][info][gc,phases   ] GC(126)   Pre Evacuate Collection Set: 0.07ms
[2026-09-03T12:35:49.859+0800][9.007s][info][gc,phases   ] GC(126)   Merge Heap Roots: 0.04ms
[2026-09-03T12:35:49.859+0800][9.007s][info][gc,phases   ] GC(126)   Evacuate Collection Set: 2.11ms
[2026-09-03T12:35:49.859+0800][9.007s][info][gc,phases   ] GC(126)   Post Evacuate Collection Set: 0.11ms
[2026-09-03T12:35:49.859+0800][9.007s][info][gc,phases   ] GC(126)   Other: 0.09ms
[2026-09-03T12:35:49.859+0800][9.007s][info][gc,heap     ] GC(126) Eden regions: 101->0(90)
[2026-09-03T12:35:49.859+0800][9.007s][info][gc,heap     ] GC(126) Survivor regions: 14->15(15)
[2026-09-03T12:35:49.859+0800][9.007s][info][gc,heap     ] GC(126) Old regions: 98->113
[2026-09-03T12:35:49.859+0800][9.007s][info][gc,heap     ] GC(126) Humongous regions: 1->1
[2026-09-03T12:35:49.859+0800][9.007s][info][gc,metaspace] GC(126) Metaspace: 1059K(1216K)->1059K(1216K) NonClass: 994K(1088K)->994K(1088K) Class: 64K(128K)->64K(128K)
[2026-09-03T12:35:49.859+0800][9.007s][info][gc          ] GC(126) Pause Young (Mixed) (G1 Evacuation Pause) 213M->128M(256M) 2.538ms
[2026-09-03T12:35:49.859+0800][9.007s][info][gc,cpu      ] GC(126) User=0.02s Sys=0.01s Real=0.00s
[2026-09-03T12:35:49.859+0800][9.007s][info][safepoint   ] Safepoint "G1CollectForAllocation", Time since last: 95193459 ns, Reaching safepoint: 3333 ns, At safepoint: 2571208 ns, Leaving safepoint: 43417 ns, Total: 2617958 ns, Threads: 0 runnable, 42 total
[2026-09-03T12:35:49.946+0800][9.093s][info][gc,start    ] GC(127) Pause Young (Concurrent Start) (G1 Evacuation Pause)
[2026-09-03T12:35:49.946+0800][9.093s][info][gc,task     ] GC(127) Using 9 workers of 9 for evacuation
[2026-09-03T12:35:49.948+0800][9.096s][info][gc,phases   ] GC(127)   Pre Evacuate Collection Set: 0.08ms
[2026-09-03T12:35:49.948+0800][9.096s][info][gc,phases   ] GC(127)   Merge Heap Roots: 0.02ms
[2026-09-03T12:35:49.948+0800][9.096s][info][gc,phases   ] GC(127)   Evacuate Collection Set: 2.17ms
[2026-09-03T12:35:49.948+0800][9.096s][info][gc,phases   ] GC(127)   Post Evacuate Collection Set: 0.18ms
[2026-09-03T12:35:49.948+0800][9.096s][info][gc,phases   ] GC(127)   Other: 0.06ms
[2026-09-03T12:35:49.948+0800][9.096s][info][gc,heap     ] GC(127) Eden regions: 90->0(76)
[2026-09-03T12:35:49.948+0800][9.096s][info][gc,heap     ] GC(127) Survivor regions: 15->14(14)
[2026-09-03T12:35:49.948+0800][9.096s][info][gc,heap     ] GC(127) Old regions: 113->133
[2026-09-03T12:35:49.948+0800][9.096s][info][gc,heap     ] GC(127) Humongous regions: 1->1
[2026-09-03T12:35:49.948+0800][9.096s][info][gc,metaspace] GC(127) Metaspace: 1059K(1216K)->1059K(1216K) NonClass: 994K(1088K)->994K(1088K) Class: 64K(128K)->64K(128K)
[2026-09-03T12:35:49.948+0800][9.096s][info][gc          ] GC(127) Pause Young (Concurrent Start) (G1 Evacuation Pause) 218M->146M(256M) 2.634ms
[2026-09-03T12:35:49.948+0800][9.096s][info][gc,cpu      ] GC(127) User=0.02s Sys=0.00s Real=0.00s
[2026-09-03T12:35:49.948+0800][9.096s][info][gc          ] GC(128) Concurrent Mark Cycle
[2026-09-03T12:35:49.948+0800][9.096s][info][gc,marking  ] GC(128) Concurrent Scan Root Regions
[2026-09-03T12:35:49.949+0800][9.096s][info][safepoint   ] Safepoint "G1CollectForAllocation", Time since last: 86399208 ns, Reaching safepoint: 34750 ns, At safepoint: 2682750 ns, Leaving safepoint: 43584 ns, Total: 2761084 ns, Threads: 3 runnable, 42 total
[2026-09-03T12:35:49.951+0800][9.098s][info][gc,marking  ] GC(128) Concurrent Scan Root Regions 2.099ms
[2026-09-03T12:35:49.951+0800][9.098s][info][gc,marking  ] GC(128) Concurrent Mark
[2026-09-03T12:35:49.951+0800][9.098s][info][gc,marking  ] GC(128) Concurrent Mark From Roots
[2026-09-03T12:35:49.951+0800][9.098s][info][gc,task     ] GC(128) Concurrent Mark Using 2 of 2 Workers
[2026-09-03T12:35:49.955+0800][9.102s][info][gc,marking  ] GC(128) Concurrent Mark From Roots 4.375ms
[2026-09-03T12:35:49.955+0800][9.102s][info][gc,marking  ] GC(128) Concurrent Preclean
[2026-09-03T12:35:49.955+0800][9.102s][info][gc,marking  ] GC(128) Concurrent Preclean 0.010ms
[2026-09-03T12:35:49.955+0800][9.102s][info][gc,start    ] GC(128) Pause Remark
[2026-09-03T12:35:49.955+0800][9.103s][info][gc          ] GC(128) Pause Remark 153M->118M(256M) 0.389ms
[2026-09-03T12:35:49.955+0800][9.103s][info][gc,cpu      ] GC(128) User=0.00s Sys=0.01s Real=0.00s
[2026-09-03T12:35:49.955+0800][9.103s][info][safepoint   ] Safepoint "G1PauseRemark", Time since last: 6515583 ns, Reaching safepoint: 26125 ns, At safepoint: 413583 ns, Leaving safepoint: 22875 ns, Total: 462583 ns, Threads: 3 runnable, 42 total
[2026-09-03T12:35:49.956+0800][9.103s][info][gc,marking  ] GC(128) Concurrent Mark 4.956ms
[2026-09-03T12:35:49.956+0800][9.103s][info][gc,marking  ] GC(128) Concurrent Rebuild Remembered Sets and Scrub Regions
[2026-09-03T12:35:49.960+0800][9.108s][info][gc,marking  ] GC(128) Concurrent Rebuild Remembered Sets and Scrub Regions 4.798ms
[2026-09-03T12:35:49.960+0800][9.108s][info][gc,start    ] GC(128) Pause Cleanup
[2026-09-03T12:35:49.960+0800][9.108s][info][gc          ] GC(128) Pause Cleanup 124M->124M(256M) 0.043ms
[2026-09-03T12:35:49.961+0800][9.108s][info][gc,cpu      ] GC(128) User=0.00s Sys=0.00s Real=0.00s
[2026-09-03T12:35:49.961+0800][9.108s][info][safepoint   ] Safepoint "G1PauseCleanup", Time since last: 4927209 ns, Reaching safepoint: 4208 ns, At safepoint: 83042 ns, Leaving safepoint: 29500 ns, Total: 116750 ns, Threads: 0 runnable, 42 total
[2026-09-03T12:35:49.961+0800][9.108s][info][gc,marking  ] GC(128) Concurrent Clear Claimed Marks
[2026-09-03T12:35:49.961+0800][9.108s][info][gc,marking  ] GC(128) Concurrent Clear Claimed Marks 0.025ms
[2026-09-03T12:35:49.961+0800][9.108s][info][gc,marking  ] GC(128) Concurrent Cleanup for Next Mark
[2026-09-03T12:35:49.961+0800][9.108s][info][gc,marking  ] GC(128) Concurrent Cleanup for Next Mark 0.171ms
[2026-09-03T12:35:49.961+0800][9.108s][info][gc          ] GC(128) Concurrent Mark Cycle 12.302ms
[2026-09-03T12:35:50.022+0800][9.169s][info][gc,start    ] GC(129) Pause Young (Prepare Mixed) (G1 Evacuation Pause)
[2026-09-03T12:35:50.022+0800][9.169s][info][gc,task     ] GC(129) Using 9 workers of 9 for evacuation
[2026-09-03T12:35:50.024+0800][9.172s][info][gc,phases   ] GC(129)   Pre Evacuate Collection Set: 0.05ms
[2026-09-03T12:35:50.024+0800][9.172s][info][gc,phases   ] GC(129)   Merge Heap Roots: 0.02ms
[2026-09-03T12:35:50.024+0800][9.172s][info][gc,phases   ] GC(129)   Evacuate Collection Set: 2.16ms
[2026-09-03T12:35:50.024+0800][9.172s][info][gc,phases   ] GC(129)   Post Evacuate Collection Set: 0.10ms
[2026-09-03T12:35:50.024+0800][9.172s][info][gc,phases   ] GC(129)   Other: 0.07ms
[2026-09-03T12:35:50.024+0800][9.172s][info][gc,heap     ] GC(129) Eden regions: 76->0(90)
[2026-09-03T12:35:50.024+0800][9.172s][info][gc,heap     ] GC(129) Survivor regions: 14->12(12)
[2026-09-03T12:35:50.024+0800][9.172s][info][gc,heap     ] GC(129) Old regions: 98->115
[2026-09-03T12:35:50.024+0800][9.172s][info][gc,heap     ] GC(129) Humongous regions: 1->1
[2026-09-03T12:35:50.024+0800][9.172s][info][gc,metaspace] GC(129) Metaspace: 1059K(1216K)->1059K(1216K) NonClass: 994K(1088K)->994K(1088K) Class: 64K(128K)->64K(128K)
[2026-09-03T12:35:50.024+0800][9.172s][info][gc          ] GC(129) Pause Young (Prepare Mixed) (G1 Evacuation Pause) 187M->127M(256M) 2.542ms
[2026-09-03T12:35:50.024+0800][9.172s][info][gc,cpu      ] GC(129) User=0.02s Sys=0.01s Real=0.00s
[2026-09-03T12:35:50.024+0800][9.172s][info][safepoint   ] Safepoint "G1CollectForAllocation", Time since last: 61104000 ns, Reaching safepoint: 2791 ns, At safepoint: 2569625 ns, Leaving safepoint: 29875 ns, Total: 2602291 ns, Threads: 0 runnable, 42 total
[2026-09-03T12:35:50.114+0800][9.261s][info][gc,start    ] GC(130) Pause Young (Mixed) (G1 Evacuation Pause)
[2026-09-03T12:35:50.114+0800][9.261s][info][gc,task     ] GC(130) Using 9 workers of 9 for evacuation
[2026-09-03T12:35:50.116+0800][9.264s][info][gc,phases   ] GC(130)   Pre Evacuate Collection Set: 0.06ms
[2026-09-03T12:35:50.116+0800][9.264s][info][gc,phases   ] GC(130)   Merge Heap Roots: 0.03ms
[2026-09-03T12:35:50.116+0800][9.264s][info][gc,phases   ] GC(130)   Evacuate Collection Set: 1.99ms
[2026-09-03T12:35:50.116+0800][9.264s][info][gc,phases   ] GC(130)   Post Evacuate Collection Set: 0.10ms
[2026-09-03T12:35:50.116+0800][9.264s][info][gc,phases   ] GC(130)   Other: 0.14ms
[2026-09-03T12:35:50.116+0800][9.264s][info][gc,heap     ] GC(130) Eden regions: 90->0(98)
[2026-09-03T12:35:50.116+0800][9.264s][info][gc,heap     ] GC(130) Survivor regions: 12->13(13)
[2026-09-03T12:35:50.116+0800][9.264s][info][gc,heap     ] GC(130) Old regions: 115->103
[2026-09-03T12:35:50.116+0800][9.264s][info][gc,heap     ] GC(130) Humongous regions: 1->1
[2026-09-03T12:35:50.116+0800][9.264s][info][gc,metaspace] GC(130) Metaspace: 1059K(1216K)->1059K(1216K) NonClass: 994K(1088K)->994K(1088K) Class: 64K(128K)->64K(128K)
[2026-09-03T12:35:50.116+0800][9.264s][info][gc          ] GC(130) Pause Young (Mixed) (G1 Evacuation Pause) 217M->115M(256M) 2.481ms
[2026-09-03T12:35:50.116+0800][9.264s][info][gc,cpu      ] GC(130) User=0.02s Sys=0.00s Real=0.00s
[2026-09-03T12:35:50.116+0800][9.264s][info][safepoint   ] Safepoint "G1CollectForAllocation", Time since last: 89489459 ns, Reaching safepoint: 39208 ns, At safepoint: 2515292 ns, Leaving safepoint: 42750 ns, Total: 2597250 ns, Threads: 3 runnable, 42 total
[2026-09-03T12:35:50.208+0800][9.356s][info][gc,start    ] GC(131) Pause Young (Mixed) (G1 Evacuation Pause)
[2026-09-03T12:35:50.208+0800][9.356s][info][gc,task     ] GC(131) Using 9 workers of 9 for evacuation
[2026-09-03T12:35:50.211+0800][9.358s][info][gc,phases   ] GC(131)   Pre Evacuate Collection Set: 0.10ms
[2026-09-03T12:35:50.211+0800][9.358s][info][gc,phases   ] GC(131)   Merge Heap Roots: 0.03ms
[2026-09-03T12:35:50.211+0800][9.358s][info][gc,phases   ] GC(131)   Evacuate Collection Set: 1.86ms
[2026-09-03T12:35:50.211+0800][9.358s][info][gc,phases   ] GC(131)   Post Evacuate Collection Set: 0.10ms
[2026-09-03T12:35:50.211+0800][9.358s][info][gc,phases   ] GC(131)   Other: 0.06ms
[2026-09-03T12:35:50.211+0800][9.358s][info][gc,heap     ] GC(131) Eden regions: 98->0(90)
[2026-09-03T12:35:50.211+0800][9.358s][info][gc,heap     ] GC(131) Survivor regions: 13->14(14)
[2026-09-03T12:35:50.211+0800][9.358s][info][gc,heap     ] GC(131) Old regions: 103->113
[2026-09-03T12:35:50.211+0800][9.358s][info][gc,heap     ] GC(131) Humongous regions: 1->1
[2026-09-03T12:35:50.211+0800][9.358s][info][gc,metaspace] GC(131) Metaspace: 1059K(1216K)->1059K(1216K) NonClass: 994K(1088K)->994K(1088K) Class: 64K(128K)->64K(128K)
[2026-09-03T12:35:50.211+0800][9.358s][info][gc          ] GC(131) Pause Young (Mixed) (G1 Evacuation Pause) 213M->126M(256M) 2.261ms
[2026-09-03T12:35:50.211+0800][9.358s][info][gc,cpu      ] GC(131) User=0.02s Sys=0.00s Real=0.01s
[2026-09-03T12:35:50.211+0800][9.358s][info][safepoint   ] Safepoint "G1CollectForAllocation", Time since last: 92004375 ns, Reaching safepoint: 2583 ns, At safepoint: 2285750 ns, Leaving safepoint: 24708 ns, Total: 2313041 ns, Threads: 0 runnable, 42 total
[2026-09-03T12:35:50.297+0800][9.444s][info][gc,start    ] GC(132) Pause Young (Concurrent Start) (G1 Evacuation Pause)
[2026-09-03T12:35:50.297+0800][9.444s][info][gc,task     ] GC(132) Using 9 workers of 9 for evacuation
[2026-09-03T12:35:50.299+0800][9.447s][info][gc,phases   ] GC(132)   Pre Evacuate Collection Set: 0.07ms
[2026-09-03T12:35:50.299+0800][9.447s][info][gc,phases   ] GC(132)   Merge Heap Roots: 0.02ms
[2026-09-03T12:35:50.299+0800][9.447s][info][gc,phases   ] GC(132)   Evacuate Collection Set: 2.40ms
[2026-09-03T12:35:50.299+0800][9.447s][info][gc,phases   ] GC(132)   Post Evacuate Collection Set: 0.09ms
[2026-09-03T12:35:50.299+0800][9.447s][info][gc,phases   ] GC(132)   Other: 0.07ms
[2026-09-03T12:35:50.299+0800][9.447s][info][gc,heap     ] GC(132) Eden regions: 90->0(78)
[2026-09-03T12:35:50.299+0800][9.447s][info][gc,heap     ] GC(132) Survivor regions: 14->13(13)
[2026-09-03T12:35:50.299+0800][9.447s][info][gc,heap     ] GC(132) Old regions: 113->132
[2026-09-03T12:35:50.299+0800][9.447s][info][gc,heap     ] GC(132) Humongous regions: 1->1
[2026-09-03T12:35:50.299+0800][9.447s][info][gc,metaspace] GC(132) Metaspace: 1059K(1216K)->1059K(1216K) NonClass: 994K(1088K)->994K(1088K) Class: 64K(128K)->64K(128K)
[2026-09-03T12:35:50.299+0800][9.447s][info][gc          ] GC(132) Pause Young (Concurrent Start) (G1 Evacuation Pause) 216M->145M(256M) 2.783ms
[2026-09-03T12:35:50.299+0800][9.447s][info][gc,cpu      ] GC(132) User=0.02s Sys=0.00s Real=0.00s
[2026-09-03T12:35:50.299+0800][9.447s][info][gc          ] GC(133) Concurrent Mark Cycle
[2026-09-03T12:35:50.299+0800][9.447s][info][gc,marking  ] GC(133) Concurrent Scan Root Regions
[2026-09-03T12:35:50.299+0800][9.447s][info][safepoint   ] Safepoint "G1CollectForAllocation", Time since last: 85821584 ns, Reaching safepoint: 30666 ns, At safepoint: 2839709 ns, Leaving safepoint: 29708 ns, Total: 2900083 ns, Threads: 2 runnable, 42 total
[2026-09-03T12:35:50.302+0800][9.449s][info][gc,marking  ] GC(133) Concurrent Scan Root Regions 2.176ms
[2026-09-03T12:35:50.302+0800][9.449s][info][gc,marking  ] GC(133) Concurrent Mark
[2026-09-03T12:35:50.302+0800][9.449s][info][gc,marking  ] GC(133) Concurrent Mark From Roots
[2026-09-03T12:35:50.302+0800][9.449s][info][gc,task     ] GC(133) Concurrent Mark Using 2 of 2 Workers
[2026-09-03T12:35:50.307+0800][9.454s][info][gc,marking  ] GC(133) Concurrent Mark From Roots 5.036ms
[2026-09-03T12:35:50.307+0800][9.454s][info][gc,marking  ] GC(133) Concurrent Preclean
[2026-09-03T12:35:50.307+0800][9.454s][info][gc,marking  ] GC(133) Concurrent Preclean 0.008ms
[2026-09-03T12:35:50.307+0800][9.454s][info][gc,start    ] GC(133) Pause Remark
[2026-09-03T12:35:50.307+0800][9.455s][info][gc          ] GC(133) Pause Remark 153M->102M(256M) 0.347ms
[2026-09-03T12:35:50.307+0800][9.455s][info][gc,cpu      ] GC(133) User=0.00s Sys=0.00s Real=0.00s
[2026-09-03T12:35:50.307+0800][9.455s][info][safepoint   ] Safepoint "G1PauseRemark", Time since last: 7302667 ns, Reaching safepoint: 62583 ns, At safepoint: 370917 ns, Leaving safepoint: 26375 ns, Total: 459875 ns, Threads: 4 runnable, 42 total
[2026-09-03T12:35:50.307+0800][9.455s][info][gc,marking  ] GC(133) Concurrent Mark 5.658ms
[2026-09-03T12:35:50.307+0800][9.455s][info][gc,marking  ] GC(133) Concurrent Rebuild Remembered Sets and Scrub Regions
[2026-09-03T12:35:50.312+0800][9.459s][info][gc,marking  ] GC(133) Concurrent Rebuild Remembered Sets and Scrub Regions 4.490ms
[2026-09-03T12:35:50.312+0800][9.459s][info][gc,start    ] GC(133) Pause Cleanup
[2026-09-03T12:35:50.312+0800][9.459s][info][gc          ] GC(133) Pause Cleanup 107M->107M(256M) 0.044ms
[2026-09-03T12:35:50.312+0800][9.459s][info][gc,cpu      ] GC(133) User=0.00s Sys=0.00s Real=0.00s
[2026-09-03T12:35:50.312+0800][9.459s][info][safepoint   ] Safepoint "G1PauseCleanup", Time since last: 4616750 ns, Reaching safepoint: 1666 ns, At safepoint: 63709 ns, Leaving safepoint: 15541 ns, Total: 80916 ns, Threads: 0 runnable, 42 total
[2026-09-03T12:35:50.312+0800][9.459s][info][gc,marking  ] GC(133) Concurrent Clear Claimed Marks
[2026-09-03T12:35:50.312+0800][9.459s][info][gc,marking  ] GC(133) Concurrent Clear Claimed Marks 0.005ms
[2026-09-03T12:35:50.312+0800][9.459s][info][gc,marking  ] GC(133) Concurrent Cleanup for Next Mark
[2026-09-03T12:35:50.312+0800][9.459s][info][gc,marking  ] GC(133) Concurrent Cleanup for Next Mark 0.156ms
[2026-09-03T12:35:50.312+0800][9.459s][info][gc          ] GC(133) Concurrent Mark Cycle 12.720ms
[2026-09-03T12:35:50.373+0800][9.520s][info][gc,start    ] GC(134) Pause Young (Prepare Mixed) (G1 Evacuation Pause)
[2026-09-03T12:35:50.373+0800][9.520s][info][gc,task     ] GC(134) Using 9 workers of 9 for evacuation
[2026-09-03T12:35:50.375+0800][9.522s][info][gc,phases   ] GC(134)   Pre Evacuate Collection Set: 0.06ms
[2026-09-03T12:35:50.375+0800][9.522s][info][gc,phases   ] GC(134)   Merge Heap Roots: 0.03ms
[2026-09-03T12:35:50.375+0800][9.522s][info][gc,phases   ] GC(134)   Evacuate Collection Set: 1.89ms
[2026-09-03T12:35:50.375+0800][9.522s][info][gc,phases   ] GC(134)   Post Evacuate Collection Set: 0.10ms
[2026-09-03T12:35:50.375+0800][9.522s][info][gc,phases   ] GC(134)   Other: 0.08ms
[2026-09-03T12:35:50.375+0800][9.522s][info][gc,heap     ] GC(134) Eden regions: 78->0(102)
[2026-09-03T12:35:50.375+0800][9.523s][info][gc,heap     ] GC(134) Survivor regions: 13->12(12)
[2026-09-03T12:35:50.375+0800][9.523s][info][gc,heap     ] GC(134) Old regions: 81->98
[2026-09-03T12:35:50.375+0800][9.523s][info][gc,heap     ] GC(134) Humongous regions: 1->1
[2026-09-03T12:35:50.375+0800][9.523s][info][gc,metaspace] GC(134) Metaspace: 1059K(1216K)->1059K(1216K) NonClass: 994K(1088K)->994K(1088K) Class: 64K(128K)->64K(128K)
[2026-09-03T12:35:50.375+0800][9.523s][info][gc          ] GC(134) Pause Young (Prepare Mixed) (G1 Evacuation Pause) 172M->110M(256M) 2.281ms
[2026-09-03T12:35:50.375+0800][9.523s][info][gc,cpu      ] GC(134) User=0.01s Sys=0.00s Real=0.00s
[2026-09-03T12:35:50.375+0800][9.523s][info][safepoint   ] Safepoint "G1CollectForAllocation", Time since last: 60908917 ns, Reaching safepoint: 50583 ns, At safepoint: 2326542 ns, Leaving safepoint: 41667 ns, Total: 2418792 ns, Threads: 1 runnable, 42 total
[2026-09-03T12:35:50.472+0800][9.619s][info][gc,start    ] GC(135) Pause Young (Mixed) (G1 Evacuation Pause)
[2026-09-03T12:35:50.472+0800][9.619s][info][gc,task     ] GC(135) Using 9 workers of 9 for evacuation
[2026-09-03T12:35:50.475+0800][9.622s][info][gc,phases   ] GC(135)   Pre Evacuate Collection Set: 0.04ms
[2026-09-03T12:35:50.475+0800][9.622s][info][gc,phases   ] GC(135)   Merge Heap Roots: 0.03ms
[2026-09-03T12:35:50.475+0800][9.622s][info][gc,phases   ] GC(135)   Evacuate Collection Set: 2.62ms
[2026-09-03T12:35:50.475+0800][9.622s][info][gc,phases   ] GC(135)   Post Evacuate Collection Set: 0.13ms
[2026-09-03T12:35:50.475+0800][9.622s][info][gc,phases   ] GC(135)   Other: 0.08ms
[2026-09-03T12:35:50.475+0800][9.622s][info][gc,heap     ] GC(135) Eden regions: 102->0(103)
[2026-09-03T12:35:50.475+0800][9.622s][info][gc,heap     ] GC(135) Survivor regions: 12->15(15)
[2026-09-03T12:35:50.475+0800][9.622s][info][gc,heap     ] GC(135) Old regions: 98->94
[2026-09-03T12:35:50.475+0800][9.622s][info][gc,heap     ] GC(135) Humongous regions: 1->1
[2026-09-03T12:35:50.475+0800][9.622s][info][gc,metaspace] GC(135) Metaspace: 1059K(1216K)->1059K(1216K) NonClass: 994K(1088K)->994K(1088K) Class: 64K(128K)->64K(128K)
[2026-09-03T12:35:50.475+0800][9.622s][info][gc          ] GC(135) Pause Young (Mixed) (G1 Evacuation Pause) 212M->108M(256M) 3.032ms
[2026-09-03T12:35:50.475+0800][9.622s][info][gc,cpu      ] GC(135) User=0.02s Sys=0.00s Real=0.00s
[2026-09-03T12:35:50.475+0800][9.622s][info][safepoint   ] Safepoint "G1CollectForAllocation", Time since last: 96742666 ns, Reaching safepoint: 24834 ns, At safepoint: 3059875 ns, Leaving safepoint: 43583 ns, Total: 3128292 ns, Threads: 2 runnable, 42 total
[2026-09-03T12:35:50.573+0800][9.720s][info][gc,start    ] GC(136) Pause Young (Concurrent Start) (G1 Evacuation Pause)
[2026-09-03T12:35:50.573+0800][9.720s][info][gc,task     ] GC(136) Using 9 workers of 9 for evacuation
[2026-09-03T12:35:50.575+0800][9.723s][info][gc,phases   ] GC(136)   Pre Evacuate Collection Set: 0.07ms
[2026-09-03T12:35:50.575+0800][9.723s][info][gc,phases   ] GC(136)   Merge Heap Roots: 0.02ms
[2026-09-03T12:35:50.575+0800][9.723s][info][gc,phases   ] GC(136)   Evacuate Collection Set: 2.25ms
[2026-09-03T12:35:50.575+0800][9.723s][info][gc,phases   ] GC(136)   Post Evacuate Collection Set: 0.09ms
[2026-09-03T12:35:50.575+0800][9.723s][info][gc,phases   ] GC(136)   Other: 0.06ms
[2026-09-03T12:35:50.575+0800][9.723s][info][gc,heap     ] GC(136) Eden regions: 103->0(88)
[2026-09-03T12:35:50.575+0800][9.723s][info][gc,heap     ] GC(136) Survivor regions: 15->15(15)
[2026-09-03T12:35:50.575+0800][9.723s][info][gc,heap     ] GC(136) Old regions: 94->115
[2026-09-03T12:35:50.575+0800][9.723s][info][gc,heap     ] GC(136) Humongous regions: 1->1
[2026-09-03T12:35:50.575+0800][9.723s][info][gc,metaspace] GC(136) Metaspace: 1059K(1216K)->1059K(1216K) NonClass: 994K(1088K)->994K(1088K) Class: 64K(128K)->64K(128K)
[2026-09-03T12:35:50.575+0800][9.723s][info][gc          ] GC(136) Pause Young (Concurrent Start) (G1 Evacuation Pause) 211M->130M(256M) 2.590ms
[2026-09-03T12:35:50.575+0800][9.723s][info][gc,cpu      ] GC(136) User=0.02s Sys=0.00s Real=0.00s
[2026-09-03T12:35:50.575+0800][9.723s][info][gc          ] GC(137) Concurrent Mark Cycle
[2026-09-03T12:35:50.575+0800][9.723s][info][gc,marking  ] GC(137) Concurrent Scan Root Regions
[2026-09-03T12:35:50.575+0800][9.723s][info][safepoint   ] Safepoint "G1CollectForAllocation", Time since last: 97641417 ns, Reaching safepoint: 48958 ns, At safepoint: 2622458 ns, Leaving safepoint: 27250 ns, Total: 2698666 ns, Threads: 3 runnable, 42 total
[2026-09-03T12:35:50.578+0800][9.725s][info][gc,marking  ] GC(137) Concurrent Scan Root Regions 2.201ms
[2026-09-03T12:35:50.578+0800][9.725s][info][gc,marking  ] GC(137) Concurrent Mark
[2026-09-03T12:35:50.578+0800][9.725s][info][gc,marking  ] GC(137) Concurrent Mark From Roots
[2026-09-03T12:35:50.578+0800][9.725s][info][gc,task     ] GC(137) Concurrent Mark Using 2 of 2 Workers
[2026-09-03T12:35:50.582+0800][9.730s][info][gc,marking  ] GC(137) Concurrent Mark From Roots 4.634ms
[2026-09-03T12:35:50.582+0800][9.730s][info][gc,marking  ] GC(137) Concurrent Preclean
[2026-09-03T12:35:50.582+0800][9.730s][info][gc,marking  ] GC(137) Concurrent Preclean 0.035ms
[2026-09-03T12:35:50.582+0800][9.730s][info][gc,start    ] GC(137) Pause Remark
[2026-09-03T12:35:50.583+0800][9.730s][info][gc          ] GC(137) Pause Remark 137M->125M(256M) 0.391ms
[2026-09-03T12:35:50.583+0800][9.730s][info][gc,cpu      ] GC(137) User=0.00s Sys=0.00s Real=0.00s
[2026-09-03T12:35:50.583+0800][9.730s][info][safepoint   ] Safepoint "G1PauseRemark", Time since last: 6970459 ns, Reaching safepoint: 3000 ns, At safepoint: 415375 ns, Leaving safepoint: 33916 ns, Total: 452291 ns, Threads: 0 runnable, 42 total
[2026-09-03T12:35:50.583+0800][9.730s][info][gc,marking  ] GC(137) Concurrent Mark 5.301ms
[2026-09-03T12:35:50.583+0800][9.730s][info][gc,marking  ] GC(137) Concurrent Rebuild Remembered Sets and Scrub Regions
[2026-09-03T12:35:50.588+0800][9.735s][info][gc,marking  ] GC(137) Concurrent Rebuild Remembered Sets and Scrub Regions 4.917ms
[2026-09-03T12:35:50.588+0800][9.735s][info][gc,start    ] GC(137) Pause Cleanup
[2026-09-03T12:35:50.588+0800][9.735s][info][gc          ] GC(137) Pause Cleanup 131M->131M(256M) 0.045ms
[2026-09-03T12:35:50.588+0800][9.735s][info][gc,cpu      ] GC(137) User=0.00s Sys=0.00s Real=0.00s
[2026-09-03T12:35:50.588+0800][9.735s][info][safepoint   ] Safepoint "G1PauseCleanup", Time since last: 5066500 ns, Reaching safepoint: 42959 ns, At safepoint: 94041 ns, Leaving safepoint: 40084 ns, Total: 177084 ns, Threads: 2 runnable, 42 total
[2026-09-03T12:35:50.588+0800][9.736s][info][gc,marking  ] GC(137) Concurrent Clear Claimed Marks
[2026-09-03T12:35:50.588+0800][9.736s][info][gc,marking  ] GC(137) Concurrent Clear Claimed Marks 0.025ms
[2026-09-03T12:35:50.588+0800][9.736s][info][gc,marking  ] GC(137) Concurrent Cleanup for Next Mark
[2026-09-03T12:35:50.588+0800][9.736s][info][gc,marking  ] GC(137) Concurrent Cleanup for Next Mark 0.177ms
[2026-09-03T12:35:50.588+0800][9.736s][info][gc          ] GC(137) Concurrent Mark Cycle 13.002ms
[2026-09-03T12:35:50.658+0800][9.805s][info][gc,start    ] GC(138) Pause Young (Prepare Mixed) (G1 Evacuation Pause)
[2026-09-03T12:35:50.658+0800][9.805s][info][gc,task     ] GC(138) Using 9 workers of 9 for evacuation
[2026-09-03T12:35:50.660+0800][9.807s][info][gc,phases   ] GC(138)   Pre Evacuate Collection Set: 0.07ms
[2026-09-03T12:35:50.660+0800][9.807s][info][gc,phases   ] GC(138)   Merge Heap Roots: 0.02ms
[2026-09-03T12:35:50.660+0800][9.807s][info][gc,phases   ] GC(138)   Evacuate Collection Set: 1.76ms
[2026-09-03T12:35:50.660+0800][9.807s][info][gc,phases   ] GC(138)   Post Evacuate Collection Set: 0.08ms
[2026-09-03T12:35:50.660+0800][9.807s][info][gc,phases   ] GC(138)   Other: 0.06ms
[2026-09-03T12:35:50.660+0800][9.807s][info][gc,heap     ] GC(138) Eden regions: 88->0(84)
[2026-09-03T12:35:50.660+0800][9.807s][info][gc,heap     ] GC(138) Survivor regions: 15->13(13)
[2026-09-03T12:35:50.660+0800][9.807s][info][gc,heap     ] GC(138) Old regions: 103->123
[2026-09-03T12:35:50.660+0800][9.807s][info][gc,heap     ] GC(138) Humongous regions: 1->1
[2026-09-03T12:35:50.660+0800][9.807s][info][gc,metaspace] GC(138) Metaspace: 1059K(1216K)->1059K(1216K) NonClass: 994K(1088K)->994K(1088K) Class: 64K(128K)->64K(128K)
[2026-09-03T12:35:50.660+0800][9.807s][info][gc          ] GC(138) Pause Young (Prepare Mixed) (G1 Evacuation Pause) 206M->136M(256M) 2.095ms
[2026-09-03T12:35:50.660+0800][9.807s][info][gc,cpu      ] GC(138) User=0.01s Sys=0.00s Real=0.01s
[2026-09-03T12:35:50.660+0800][9.807s][info][safepoint   ] Safepoint "G1CollectForAllocation", Time since last: 69845125 ns, Reaching safepoint: 52208 ns, At safepoint: 2125375 ns, Leaving safepoint: 19833 ns, Total: 2197416 ns, Threads: 2 runnable, 42 total
[2026-09-03T12:35:50.737+0800][9.884s][info][gc,start    ] GC(139) Pause Young (Mixed) (G1 Evacuation Pause)
[2026-09-03T12:35:50.737+0800][9.884s][info][gc,task     ] GC(139) Using 9 workers of 9 for evacuation
[2026-09-03T12:35:50.739+0800][9.887s][info][gc,phases   ] GC(139)   Pre Evacuate Collection Set: 0.05ms
[2026-09-03T12:35:50.740+0800][9.887s][info][gc,phases   ] GC(139)   Merge Heap Roots: 0.02ms
[2026-09-03T12:35:50.740+0800][9.887s][info][gc,phases   ] GC(139)   Evacuate Collection Set: 2.18ms
[2026-09-03T12:35:50.740+0800][9.887s][info][gc,phases   ] GC(139)   Post Evacuate Collection Set: 0.17ms
[2026-09-03T12:35:50.740+0800][9.887s][info][gc,phases   ] GC(139)   Other: 0.08ms
[2026-09-03T12:35:50.740+0800][9.887s][info][gc,heap     ] GC(139) Eden regions: 84->0(90)
[2026-09-03T12:35:50.740+0800][9.887s][info][gc,heap     ] GC(139) Survivor regions: 13->13(13)
[2026-09-03T12:35:50.740+0800][9.887s][info][gc,heap     ] GC(139) Old regions: 123->115
[2026-09-03T12:35:50.740+0800][9.887s][info][gc,heap     ] GC(139) Humongous regions: 1->1
[2026-09-03T12:35:50.740+0800][9.887s][info][gc,metaspace] GC(139) Metaspace: 1059K(1216K)->1059K(1216K) NonClass: 994K(1088K)->994K(1088K) Class: 64K(128K)->64K(128K)
[2026-09-03T12:35:50.740+0800][9.887s][info][gc          ] GC(139) Pause Young (Mixed) (G1 Evacuation Pause) 220M->127M(256M) 3.035ms
[2026-09-03T12:35:50.740+0800][9.887s][info][gc,cpu      ] GC(139) User=0.02s Sys=0.00s Real=0.01s
[2026-09-03T12:35:50.740+0800][9.887s][info][safepoint   ] Safepoint "G1CollectForAllocation", Time since last: 76412875 ns, Reaching safepoint: 26292 ns, At safepoint: 3162875 ns, Leaving safepoint: 24792 ns, Total: 3213959 ns, Threads: 4 runnable, 42 total
[2026-09-03T12:35:50.820+0800][9.968s][info][gc,start    ] GC(140) Pause Young (Mixed) (G1 Evacuation Pause)
[2026-09-03T12:35:50.820+0800][9.968s][info][gc,task     ] GC(140) Using 9 workers of 9 for evacuation
[2026-09-03T12:35:50.823+0800][9.971s][info][gc,phases   ] GC(140)   Pre Evacuate Collection Set: 0.04ms
[2026-09-03T12:35:50.823+0800][9.971s][info][gc,phases   ] GC(140)   Merge Heap Roots: 0.03ms
[2026-09-03T12:35:50.823+0800][9.971s][info][gc,phases   ] GC(140)   Evacuate Collection Set: 2.49ms
[2026-09-03T12:35:50.823+0800][9.971s][info][gc,phases   ] GC(140)   Post Evacuate Collection Set: 0.12ms
[2026-09-03T12:35:50.823+0800][9.971s][info][gc,phases   ] GC(140)   Other: 0.11ms
[2026-09-03T12:35:50.823+0800][9.971s][info][gc,heap     ] GC(140) Eden regions: 90->0(90)
[2026-09-03T12:35:50.823+0800][9.971s][info][gc,heap     ] GC(140) Survivor regions: 13->13(13)
[2026-09-03T12:35:50.823+0800][9.971s][info][gc,heap     ] GC(140) Old regions: 115->114
[2026-09-03T12:35:50.823+0800][9.971s][info][gc,heap     ] GC(140) Humongous regions: 1->1
[2026-09-03T12:35:50.823+0800][9.971s][info][gc,metaspace] GC(140) Metaspace: 1059K(1216K)->1059K(1216K) NonClass: 994K(1088K)->994K(1088K) Class: 64K(128K)->64K(128K)
[2026-09-03T12:35:50.823+0800][9.971s][info][gc          ] GC(140) Pause Young (Mixed) (G1 Evacuation Pause) 217M->126M(256M) 2.974ms
[2026-09-03T12:35:50.823+0800][9.971s][info][gc,cpu      ] GC(140) User=0.02s Sys=0.00s Real=0.00s
[2026-09-03T12:35:50.823+0800][9.971s][info][safepoint   ] Safepoint "G1CollectForAllocation", Time since last: 80680583 ns, Reaching safepoint: 27292 ns, At safepoint: 3005833 ns, Leaving safepoint: 25250 ns, Total: 3058375 ns, Threads: 1 runnable, 42 total
[2026-09-03T12:35:50.906+0800][10.053s][info][gc,start    ] GC(141) Pause Young (Concurrent Start) (G1 Evacuation Pause)
[2026-09-03T12:35:50.906+0800][10.053s][info][gc,task     ] GC(141) Using 9 workers of 9 for evacuation
[2026-09-03T12:35:50.908+0800][10.056s][info][gc,phases   ] GC(141)   Pre Evacuate Collection Set: 0.09ms
[2026-09-03T12:35:50.908+0800][10.056s][info][gc,phases   ] GC(141)   Merge Heap Roots: 0.02ms
[2026-09-03T12:35:50.908+0800][10.056s][info][gc,phases   ] GC(141)   Evacuate Collection Set: 2.23ms
[2026-09-03T12:35:50.908+0800][10.056s][info][gc,phases   ] GC(141)   Post Evacuate Collection Set: 0.11ms
[2026-09-03T12:35:50.908+0800][10.056s][info][gc,phases   ] GC(141)   Other: 0.06ms
[2026-09-03T12:35:50.908+0800][10.056s][info][gc,heap     ] GC(141) Eden regions: 90->0(78)
[2026-09-03T12:35:50.908+0800][10.056s][info][gc,heap     ] GC(141) Survivor regions: 13->13(13)
[2026-09-03T12:35:50.908+0800][10.056s][info][gc,heap     ] GC(141) Old regions: 114->132
[2026-09-03T12:35:50.908+0800][10.056s][info][gc,heap     ] GC(141) Humongous regions: 1->1
[2026-09-03T12:35:50.908+0800][10.056s][info][gc,metaspace] GC(141) Metaspace: 1059K(1216K)->1059K(1216K) NonClass: 994K(1088K)->994K(1088K) Class: 64K(128K)->64K(128K)
[2026-09-03T12:35:50.908+0800][10.056s][info][gc          ] GC(141) Pause Young (Concurrent Start) (G1 Evacuation Pause) 216M->145M(256M) 2.654ms
[2026-09-03T12:35:50.908+0800][10.056s][info][gc,cpu      ] GC(141) User=0.02s Sys=0.00s Real=0.00s
[2026-09-03T12:35:50.908+0800][10.056s][info][gc          ] GC(142) Concurrent Mark Cycle
[2026-09-03T12:35:50.908+0800][10.056s][info][gc,marking  ] GC(142) Concurrent Scan Root Regions
[2026-09-03T12:35:50.908+0800][10.056s][info][safepoint   ] Safepoint "G1CollectForAllocation", Time since last: 82242333 ns, Reaching safepoint: 6042 ns, At safepoint: 2693750 ns, Leaving safepoint: 40333 ns, Total: 2740125 ns, Threads: 0 runnable, 42 total
[2026-09-03T12:35:50.910+0800][10.058s][info][gc,marking  ] GC(142) Concurrent Scan Root Regions 1.936ms
[2026-09-03T12:35:50.910+0800][10.058s][info][gc,marking  ] GC(142) Concurrent Mark
[2026-09-03T12:35:50.910+0800][10.058s][info][gc,marking  ] GC(142) Concurrent Mark From Roots
[2026-09-03T12:35:50.910+0800][10.058s][info][gc,task     ] GC(142) Concurrent Mark Using 2 of 2 Workers
[2026-09-03T12:35:50.915+0800][10.063s][info][gc,marking  ] GC(142) Concurrent Mark From Roots 5.102ms
[2026-09-03T12:35:50.916+0800][10.063s][info][gc,marking  ] GC(142) Concurrent Preclean
[2026-09-03T12:35:50.916+0800][10.063s][info][gc,marking  ] GC(142) Concurrent Preclean 0.022ms
[2026-09-03T12:35:50.916+0800][10.063s][info][gc,start    ] GC(142) Pause Remark
[2026-09-03T12:35:50.916+0800][10.063s][info][gc          ] GC(142) Pause Remark 153M->118M(256M) 0.398ms
[2026-09-03T12:35:50.916+0800][10.063s][info][gc,cpu      ] GC(142) User=0.00s Sys=0.00s Real=0.00s
[2026-09-03T12:35:50.916+0800][10.063s][info][safepoint   ] Safepoint "G1PauseRemark", Time since last: 7139334 ns, Reaching safepoint: 5125 ns, At safepoint: 437958 ns, Leaving safepoint: 22458 ns, Total: 465541 ns, Threads: 0 runnable, 42 total
[2026-09-03T12:35:50.916+0800][10.063s][info][gc,marking  ] GC(142) Concurrent Mark 5.707ms
[2026-09-03T12:35:50.916+0800][10.063s][info][gc,marking  ] GC(142) Concurrent Rebuild Remembered Sets and Scrub Regions
[2026-09-03T12:35:50.921+0800][10.068s][info][gc,marking  ] GC(142) Concurrent Rebuild Remembered Sets and Scrub Regions 4.551ms
[2026-09-03T12:35:50.921+0800][10.068s][info][gc,start    ] GC(142) Pause Cleanup
[2026-09-03T12:35:50.921+0800][10.068s][info][gc          ] GC(142) Pause Cleanup 124M->124M(256M) 0.036ms
[2026-09-03T12:35:50.921+0800][10.068s][info][gc,cpu      ] GC(142) User=0.00s Sys=0.00s Real=0.00s
[2026-09-03T12:35:50.921+0800][10.068s][info][safepoint   ] Safepoint "G1PauseCleanup", Time since last: 4632250 ns, Reaching safepoint: 63750 ns, At safepoint: 68709 ns, Leaving safepoint: 18583 ns, Total: 151042 ns, Threads: 2 runnable, 42 total
[2026-09-03T12:35:50.921+0800][10.068s][info][gc,marking  ] GC(142) Concurrent Clear Claimed Marks
[2026-09-03T12:35:50.921+0800][10.068s][info][gc,marking  ] GC(142) Concurrent Clear Claimed Marks 0.005ms
[2026-09-03T12:35:50.921+0800][10.068s][info][gc,marking  ] GC(142) Concurrent Cleanup for Next Mark
[2026-09-03T12:35:50.921+0800][10.068s][info][gc,marking  ] GC(142) Concurrent Cleanup for Next Mark 0.112ms
[2026-09-03T12:35:50.921+0800][10.068s][info][gc          ] GC(142) Concurrent Mark Cycle 12.620ms
[2026-09-03T12:35:50.979+0800][10.126s][info][gc,start    ] GC(143) Pause Young (Prepare Mixed) (G1 Evacuation Pause)
[2026-09-03T12:35:50.979+0800][10.126s][info][gc,task     ] GC(143) Using 9 workers of 9 for evacuation
[2026-09-03T12:35:50.981+0800][10.128s][info][gc,phases   ] GC(143)   Pre Evacuate Collection Set: 0.05ms
[2026-09-03T12:35:50.981+0800][10.128s][info][gc,phases   ] GC(143)   Merge Heap Roots: 0.02ms
[2026-09-03T12:35:50.981+0800][10.128s][info][gc,phases   ] GC(143)   Evacuate Collection Set: 1.63ms
[2026-09-03T12:35:50.981+0800][10.128s][info][gc,phases   ] GC(143)   Post Evacuate Collection Set: 0.12ms
[2026-09-03T12:35:50.981+0800][10.128s][info][gc,phases   ] GC(143)   Other: 0.06ms
[2026-09-03T12:35:50.981+0800][10.128s][info][gc,heap     ] GC(143) Eden regions: 78->0(90)
[2026-09-03T12:35:50.981+0800][10.128s][info][gc,heap     ] GC(143) Survivor regions: 13->12(12)
[2026-09-03T12:35:50.981+0800][10.128s][info][gc,heap     ] GC(143) Old regions: 97->115
[2026-09-03T12:35:50.981+0800][10.128s][info][gc,heap     ] GC(143) Humongous regions: 1->1
[2026-09-03T12:35:50.981+0800][10.128s][info][gc,metaspace] GC(143) Metaspace: 1059K(1216K)->1059K(1216K) NonClass: 994K(1088K)->994K(1088K) Class: 64K(128K)->64K(128K)
[2026-09-03T12:35:50.981+0800][10.128s][info][gc          ] GC(143) Pause Young (Prepare Mixed) (G1 Evacuation Pause) 188M->126M(256M) 2.026ms
[2026-09-03T12:35:50.981+0800][10.128s][info][gc,cpu      ] GC(143) User=0.01s Sys=0.00s Real=0.01s
[2026-09-03T12:35:50.981+0800][10.128s][info][safepoint   ] Safepoint "G1CollectForAllocation", Time since last: 57901625 ns, Reaching safepoint: 41250 ns, At safepoint: 2063125 ns, Leaving safepoint: 37417 ns, Total: 2141792 ns, Threads: 2 runnable, 42 total
[2026-09-03T12:35:51.063+0800][10.210s][info][gc,start    ] GC(144) Pause Young (Mixed) (G1 Evacuation Pause)
[2026-09-03T12:35:51.063+0800][10.210s][info][gc,task     ] GC(144) Using 9 workers of 9 for evacuation
[2026-09-03T12:35:51.065+0800][10.213s][info][gc,phases   ] GC(144)   Pre Evacuate Collection Set: 0.08ms
[2026-09-03T12:35:51.065+0800][10.213s][info][gc,phases   ] GC(144)   Merge Heap Roots: 0.03ms
[2026-09-03T12:35:51.065+0800][10.213s][info][gc,phases   ] GC(144)   Evacuate Collection Set: 2.23ms
[2026-09-03T12:35:51.065+0800][10.213s][info][gc,phases   ] GC(144)   Post Evacuate Collection Set: 0.10ms
[2026-09-03T12:35:51.065+0800][10.213s][info][gc,phases   ] GC(144)   Other: 0.07ms
[2026-09-03T12:35:51.065+0800][10.213s][info][gc,heap     ] GC(144) Eden regions: 90->0(95)
[2026-09-03T12:35:51.065+0800][10.213s][info][gc,heap     ] GC(144) Survivor regions: 12->13(13)
[2026-09-03T12:35:51.065+0800][10.213s][info][gc,heap     ] GC(144) Old regions: 115->107
[2026-09-03T12:35:51.065+0800][10.213s][info][gc,heap     ] GC(144) Humongous regions: 1->1
[2026-09-03T12:35:51.065+0800][10.213s][info][gc,metaspace] GC(144) Metaspace: 1059K(1216K)->1059K(1216K) NonClass: 994K(1088K)->994K(1088K) Class: 64K(128K)->64K(128K)
[2026-09-03T12:35:51.065+0800][10.213s][info][gc          ] GC(144) Pause Young (Mixed) (G1 Evacuation Pause) 216M->119M(256M) 2.650ms
[2026-09-03T12:35:51.065+0800][10.213s][info][gc,cpu      ] GC(144) User=0.02s Sys=0.00s Real=0.00s
[2026-09-03T12:35:51.065+0800][10.213s][info][safepoint   ] Safepoint "G1CollectForAllocation", Time since last: 81790708 ns, Reaching safepoint: 24458 ns, At safepoint: 2677625 ns, Leaving safepoint: 28375 ns, Total: 2730458 ns, Threads: 3 runnable, 42 total
[2026-09-03T12:35:51.151+0800][10.299s][info][gc,start    ] GC(145) Pause Young (Mixed) (G1 Evacuation Pause)
[2026-09-03T12:35:51.151+0800][10.299s][info][gc,task     ] GC(145) Using 9 workers of 9 for evacuation
[2026-09-03T12:35:51.153+0800][10.301s][info][gc,phases   ] GC(145)   Pre Evacuate Collection Set: 0.07ms
[2026-09-03T12:35:51.153+0800][10.301s][info][gc,phases   ] GC(145)   Merge Heap Roots: 0.03ms
[2026-09-03T12:35:51.153+0800][10.301s][info][gc,phases   ] GC(145)   Evacuate Collection Set: 1.84ms
[2026-09-03T12:35:51.153+0800][10.301s][info][gc,phases   ] GC(145)   Post Evacuate Collection Set: 0.10ms
[2026-09-03T12:35:51.153+0800][10.301s][info][gc,phases   ] GC(145)   Other: 0.06ms
[2026-09-03T12:35:51.153+0800][10.301s][info][gc,heap     ] GC(145) Eden regions: 95->0(92)
[2026-09-03T12:35:51.153+0800][10.301s][info][gc,heap     ] GC(145) Survivor regions: 13->14(14)
[2026-09-03T12:35:51.153+0800][10.301s][info][gc,heap     ] GC(145) Old regions: 107->111
[2026-09-03T12:35:51.153+0800][10.301s][info][gc,heap     ] GC(145) Humongous regions: 1->1
[2026-09-03T12:35:51.153+0800][10.301s][info][gc,metaspace] GC(145) Metaspace: 1059K(1216K)->1059K(1216K) NonClass: 994K(1088K)->994K(1088K) Class: 64K(128K)->64K(128K)
[2026-09-03T12:35:51.153+0800][10.301s][info][gc          ] GC(145) Pause Young (Mixed) (G1 Evacuation Pause) 214M->124M(256M) 2.223ms
[2026-09-03T12:35:51.153+0800][10.301s][info][gc,cpu      ] GC(145) User=0.02s Sys=0.00s Real=0.00s
[2026-09-03T12:35:51.153+0800][10.301s][info][safepoint   ] Safepoint "G1CollectForAllocation", Time since last: 85778500 ns, Reaching safepoint: 19959 ns, At safepoint: 2247625 ns, Leaving safepoint: 29958 ns, Total: 2297542 ns, Threads: 1 runnable, 42 total
[2026-09-03T12:35:51.238+0800][10.385s][info][gc,start    ] GC(146) Pause Young (Concurrent Start) (G1 Evacuation Pause)
[2026-09-03T12:35:51.238+0800][10.385s][info][gc,task     ] GC(146) Using 9 workers of 9 for evacuation
[2026-09-03T12:35:51.240+0800][10.388s][info][gc,phases   ] GC(146)   Pre Evacuate Collection Set: 0.09ms
[2026-09-03T12:35:51.240+0800][10.388s][info][gc,phases   ] GC(146)   Merge Heap Roots: 0.02ms
[2026-09-03T12:35:51.240+0800][10.388s][info][gc,phases   ] GC(146)   Evacuate Collection Set: 2.27ms
[2026-09-03T12:35:51.240+0800][10.388s][info][gc,phases   ] GC(146)   Post Evacuate Collection Set: 0.13ms
[2026-09-03T12:35:51.240+0800][10.388s][info][gc,phases   ] GC(146)   Other: 0.07ms
[2026-09-03T12:35:51.240+0800][10.388s][info][gc,heap     ] GC(146) Eden regions: 92->0(79)
[2026-09-03T12:35:51.240+0800][10.388s][info][gc,heap     ] GC(146) Survivor regions: 14->14(14)
[2026-09-03T12:35:51.240+0800][10.388s][info][gc,heap     ] GC(146) Old regions: 111->129
[2026-09-03T12:35:51.240+0800][10.388s][info][gc,heap     ] GC(146) Humongous regions: 1->1
[2026-09-03T12:35:51.240+0800][10.388s][info][gc,metaspace] GC(146) Metaspace: 1059K(1216K)->1059K(1216K) NonClass: 994K(1088K)->994K(1088K) Class: 64K(128K)->64K(128K)
[2026-09-03T12:35:51.240+0800][10.388s][info][gc          ] GC(146) Pause Young (Concurrent Start) (G1 Evacuation Pause) 216M->142M(256M) 2.728ms
[2026-09-03T12:35:51.240+0800][10.388s][info][gc,cpu      ] GC(146) User=0.02s Sys=0.00s Real=0.01s
[2026-09-03T12:35:51.240+0800][10.388s][info][gc          ] GC(147) Concurrent Mark Cycle
[2026-09-03T12:35:51.240+0800][10.388s][info][gc,marking  ] GC(147) Concurrent Scan Root Regions
[2026-09-03T12:35:51.240+0800][10.388s][info][safepoint   ] Safepoint "G1CollectForAllocation", Time since last: 84005000 ns, Reaching safepoint: 26333 ns, At safepoint: 2764292 ns, Leaving safepoint: 39292 ns, Total: 2829917 ns, Threads: 3 runnable, 42 total
[2026-09-03T12:35:51.242+0800][10.390s][info][gc,marking  ] GC(147) Concurrent Scan Root Regions 2.019ms
[2026-09-03T12:35:51.242+0800][10.390s][info][gc,marking  ] GC(147) Concurrent Mark
[2026-09-03T12:35:51.242+0800][10.390s][info][gc,marking  ] GC(147) Concurrent Mark From Roots
[2026-09-03T12:35:51.242+0800][10.390s][info][gc,task     ] GC(147) Concurrent Mark Using 2 of 2 Workers
[2026-09-03T12:35:51.246+0800][10.393s][info][gc,marking  ] GC(147) Concurrent Mark From Roots 3.361ms
[2026-09-03T12:35:51.246+0800][10.393s][info][gc,marking  ] GC(147) Concurrent Preclean
[2026-09-03T12:35:51.246+0800][10.393s][info][gc,marking  ] GC(147) Concurrent Preclean 0.009ms
[2026-09-03T12:35:51.246+0800][10.393s][info][gc,start    ] GC(147) Pause Remark
[2026-09-03T12:35:51.246+0800][10.393s][info][gc          ] GC(147) Pause Remark 148M->121M(256M) 0.312ms
[2026-09-03T12:35:51.246+0800][10.393s][info][gc,cpu      ] GC(147) User=0.00s Sys=0.00s Real=0.00s
[2026-09-03T12:35:51.246+0800][10.394s][info][safepoint   ] Safepoint "G1PauseRemark", Time since last: 5409291 ns, Reaching safepoint: 19792 ns, At safepoint: 344792 ns, Leaving safepoint: 17250 ns, Total: 381834 ns, Threads: 1 runnable, 42 total
[2026-09-03T12:35:51.246+0800][10.394s][info][gc,marking  ] GC(147) Concurrent Mark 3.799ms
[2026-09-03T12:35:51.246+0800][10.394s][info][gc,marking  ] GC(147) Concurrent Rebuild Remembered Sets and Scrub Regions
[2026-09-03T12:35:51.250+0800][10.398s][info][gc,marking  ] GC(147) Concurrent Rebuild Remembered Sets and Scrub Regions 4.149ms
[2026-09-03T12:35:51.250+0800][10.398s][info][gc,start    ] GC(147) Pause Cleanup
[2026-09-03T12:35:51.250+0800][10.398s][info][gc          ] GC(147) Pause Cleanup 123M->123M(256M) 0.040ms
[2026-09-03T12:35:51.250+0800][10.398s][info][gc,cpu      ] GC(147) User=0.00s Sys=0.00s Real=0.00s
[2026-09-03T12:35:51.250+0800][10.398s][info][safepoint   ] Safepoint "G1PauseCleanup", Time since last: 4201250 ns, Reaching safepoint: 2083 ns, At safepoint: 60667 ns, Leaving safepoint: 1958 ns, Total: 64708 ns, Threads: 0 runnable, 42 total
[2026-09-03T12:35:51.250+0800][10.398s][info][gc,marking  ] GC(147) Concurrent Clear Claimed Marks
[2026-09-03T12:35:51.250+0800][10.398s][info][gc,marking  ] GC(147) Concurrent Clear Claimed Marks 0.008ms
[2026-09-03T12:35:51.250+0800][10.398s][info][gc,marking  ] GC(147) Concurrent Cleanup for Next Mark
[2026-09-03T12:35:51.250+0800][10.398s][info][gc,marking  ] GC(147) Concurrent Cleanup for Next Mark 0.096ms
[2026-09-03T12:35:51.250+0800][10.398s][info][gc          ] GC(147) Concurrent Mark Cycle 10.242ms
[2026-09-03T12:35:51.470+0800][10.617s][info][gc,start    ] GC(148) Pause Young (Prepare Mixed) (G1 Evacuation Pause)
[2026-09-03T12:35:51.470+0800][10.617s][info][gc,task     ] GC(148) Using 9 workers of 9 for evacuation
[2026-09-03T12:35:51.472+0800][10.619s][info][gc,phases   ] GC(148)   Pre Evacuate Collection Set: 0.05ms
[2026-09-03T12:35:51.472+0800][10.619s][info][gc,phases   ] GC(148)   Merge Heap Roots: 0.02ms
[2026-09-03T12:35:51.472+0800][10.619s][info][gc,phases   ] GC(148)   Evacuate Collection Set: 1.69ms
[2026-09-03T12:35:51.472+0800][10.619s][info][gc,phases   ] GC(148)   Post Evacuate Collection Set: 0.11ms
[2026-09-03T12:35:51.472+0800][10.619s][info][gc,phases   ] GC(148)   Other: 0.06ms
[2026-09-03T12:35:51.472+0800][10.619s][info][gc,heap     ] GC(148) Eden regions: 79->0(87)
[2026-09-03T12:35:51.472+0800][10.619s][info][gc,heap     ] GC(148) Survivor regions: 14->12(12)
[2026-09-03T12:35:51.472+0800][10.619s][info][gc,heap     ] GC(148) Old regions: 102->120
[2026-09-03T12:35:51.472+0800][10.619s][info][gc,heap     ] GC(148) Humongous regions: 1->1
[2026-09-03T12:35:51.472+0800][10.619s][info][gc,metaspace] GC(148) Metaspace: 1059K(1216K)->1059K(1216K) NonClass: 994K(1088K)->994K(1088K) Class: 64K(128K)->64K(128K)
[2026-09-03T12:35:51.472+0800][10.619s][info][gc          ] GC(148) Pause Young (Prepare Mixed) (G1 Evacuation Pause) 194M->132M(256M) 2.046ms
[2026-09-03T12:35:51.472+0800][10.619s][info][gc,cpu      ] GC(148) User=0.02s Sys=0.00s Real=0.00s
[2026-09-03T12:35:51.472+0800][10.620s][info][safepoint   ] Safepoint "G1CollectForAllocation", Time since last: 219627792 ns, Reaching safepoint: 18333 ns, At safepoint: 2072625 ns, Leaving safepoint: 29917 ns, Total: 2120875 ns, Threads: 2 runnable, 42 total
[2026-09-03T12:35:51.734+0800][10.881s][info][gc,start    ] GC(149) Pause Young (Mixed) (G1 Evacuation Pause)
[2026-09-03T12:35:51.734+0800][10.881s][info][gc,task     ] GC(149) Using 9 workers of 9 for evacuation
[2026-09-03T12:35:51.736+0800][10.883s][info][gc,phases   ] GC(149)   Pre Evacuate Collection Set: 0.07ms
[2026-09-03T12:35:51.736+0800][10.883s][info][gc,phases   ] GC(149)   Merge Heap Roots: 0.04ms
[2026-09-03T12:35:51.736+0800][10.883s][info][gc,phases   ] GC(149)   Evacuate Collection Set: 1.65ms
[2026-09-03T12:35:51.736+0800][10.883s][info][gc,phases   ] GC(149)   Post Evacuate Collection Set: 0.08ms
[2026-09-03T12:35:51.736+0800][10.883s][info][gc,phases   ] GC(149)   Other: 0.06ms
[2026-09-03T12:35:51.736+0800][10.883s][info][gc,heap     ] GC(149) Eden regions: 87->0(93)
[2026-09-03T12:35:51.736+0800][10.883s][info][gc,heap     ] GC(149) Survivor regions: 12->13(13)
[2026-09-03T12:35:51.736+0800][10.883s][info][gc,heap     ] GC(149) Old regions: 120->111
[2026-09-03T12:35:51.736+0800][10.883s][info][gc,heap     ] GC(149) Humongous regions: 1->1
[2026-09-03T12:35:51.736+0800][10.883s][info][gc,metaspace] GC(149) Metaspace: 1059K(1216K)->1059K(1216K) NonClass: 994K(1088K)->994K(1088K) Class: 64K(128K)->64K(128K)
[2026-09-03T12:35:51.736+0800][10.883s][info][gc          ] GC(149) Pause Young (Mixed) (G1 Evacuation Pause) 219M->123M(256M) 2.027ms
[2026-09-03T12:35:51.736+0800][10.883s][info][gc,cpu      ] GC(149) User=0.01s Sys=0.00s Real=0.00s
[2026-09-03T12:35:51.736+0800][10.883s][info][safepoint   ] Safepoint "G1CollectForAllocation", Time since last: 261590875 ns, Reaching safepoint: 2291 ns, At safepoint: 2051875 ns, Leaving safepoint: 22167 ns, Total: 2076333 ns, Threads: 0 runnable, 42 total
[2026-09-03T12:35:52.016+0800][11.164s][info][gc,start    ] GC(150) Pause Young (Mixed) (G1 Evacuation Pause)
[2026-09-03T12:35:52.016+0800][11.164s][info][gc,task     ] GC(150) Using 9 workers of 9 for evacuation
[2026-09-03T12:35:52.018+0800][11.166s][info][gc,phases   ] GC(150)   Pre Evacuate Collection Set: 0.08ms
[2026-09-03T12:35:52.018+0800][11.166s][info][gc,phases   ] GC(150)   Merge Heap Roots: 0.04ms
[2026-09-03T12:35:52.018+0800][11.166s][info][gc,phases   ] GC(150)   Evacuate Collection Set: 1.91ms
[2026-09-03T12:35:52.018+0800][11.166s][info][gc,phases   ] GC(150)   Post Evacuate Collection Set: 0.11ms
[2026-09-03T12:35:52.018+0800][11.166s][info][gc,phases   ] GC(150)   Other: 0.06ms
[2026-09-03T12:35:52.018+0800][11.166s][info][gc,heap     ] GC(150) Eden regions: 93->0(92)
[2026-09-03T12:35:52.018+0800][11.166s][info][gc,heap     ] GC(150) Survivor regions: 13->14(14)
[2026-09-03T12:35:52.018+0800][11.166s][info][gc,heap     ] GC(150) Old regions: 111->110
[2026-09-03T12:35:52.019+0800][11.166s][info][gc,heap     ] GC(150) Humongous regions: 1->1
[2026-09-03T12:35:52.019+0800][11.166s][info][gc,metaspace] GC(150) Metaspace: 1059K(1216K)->1059K(1216K) NonClass: 994K(1088K)->994K(1088K) Class: 64K(128K)->64K(128K)
[2026-09-03T12:35:52.019+0800][11.166s][info][gc          ] GC(150) Pause Young (Mixed) (G1 Evacuation Pause) 216M->124M(256M) 2.325ms
[2026-09-03T12:35:52.019+0800][11.166s][info][gc,cpu      ] GC(150) User=0.02s Sys=0.00s Real=0.00s
[2026-09-03T12:35:52.019+0800][11.166s][info][safepoint   ] Safepoint "G1CollectForAllocation", Time since last: 280406667 ns, Reaching safepoint: 3083 ns, At safepoint: 2356875 ns, Leaving safepoint: 24500 ns, Total: 2384458 ns, Threads: 0 runnable, 42 total
[2026-09-03T12:35:52.296+0800][11.444s][info][gc,start    ] GC(151) Pause Young (Concurrent Start) (G1 Evacuation Pause)
[2026-09-03T12:35:52.296+0800][11.444s][info][gc,task     ] GC(151) Using 9 workers of 9 for evacuation
[2026-09-03T12:35:52.299+0800][11.446s][info][gc,phases   ] GC(151)   Pre Evacuate Collection Set: 0.08ms
[2026-09-03T12:35:52.299+0800][11.446s][info][gc,phases   ] GC(151)   Merge Heap Roots: 0.02ms
[2026-09-03T12:35:52.299+0800][11.446s][info][gc,phases   ] GC(151)   Evacuate Collection Set: 2.41ms
[2026-09-03T12:35:52.299+0800][11.446s][info][gc,phases   ] GC(151)   Post Evacuate Collection Set: 0.10ms
[2026-09-03T12:35:52.299+0800][11.446s][info][gc,phases   ] GC(151)   Other: 0.07ms
[2026-09-03T12:35:52.299+0800][11.446s][info][gc,heap     ] GC(151) Eden regions: 92->0(79)
[2026-09-03T12:35:52.299+0800][11.446s][info][gc,heap     ] GC(151) Survivor regions: 14->14(14)
[2026-09-03T12:35:52.299+0800][11.446s][info][gc,heap     ] GC(151) Old regions: 110->129
[2026-09-03T12:35:52.299+0800][11.446s][info][gc,heap     ] GC(151) Humongous regions: 1->1
[2026-09-03T12:35:52.299+0800][11.446s][info][gc,metaspace] GC(151) Metaspace: 1059K(1216K)->1059K(1216K) NonClass: 994K(1088K)->994K(1088K) Class: 64K(128K)->64K(128K)
[2026-09-03T12:35:52.299+0800][11.446s][info][gc          ] GC(151) Pause Young (Concurrent Start) (G1 Evacuation Pause) 216M->143M(256M) 2.851ms
[2026-09-03T12:35:52.299+0800][11.446s][info][gc,cpu      ] GC(151) User=0.02s Sys=0.00s Real=0.00s
[2026-09-03T12:35:52.299+0800][11.446s][info][gc          ] GC(152) Concurrent Mark Cycle
[2026-09-03T12:35:52.299+0800][11.446s][info][gc,marking  ] GC(152) Concurrent Scan Root Regions
[2026-09-03T12:35:52.299+0800][11.446s][info][safepoint   ] Safepoint "G1CollectForAllocation", Time since last: 277543708 ns, Reaching safepoint: 23167 ns, At safepoint: 2884708 ns, Leaving safepoint: 25834 ns, Total: 2933709 ns, Threads: 1 runnable, 42 total
[2026-09-03T12:35:52.301+0800][11.449s][info][gc,marking  ] GC(152) Concurrent Scan Root Regions 2.268ms
[2026-09-03T12:35:52.301+0800][11.449s][info][gc,marking  ] GC(152) Concurrent Mark
[2026-09-03T12:35:52.301+0800][11.449s][info][gc,marking  ] GC(152) Concurrent Mark From Roots
[2026-09-03T12:35:52.301+0800][11.449s][info][gc,task     ] GC(152) Concurrent Mark Using 2 of 2 Workers
[2026-09-03T12:35:52.305+0800][11.452s][info][gc,marking  ] GC(152) Concurrent Mark From Roots 3.403ms
[2026-09-03T12:35:52.305+0800][11.452s][info][gc,marking  ] GC(152) Concurrent Preclean
[2026-09-03T12:35:52.305+0800][11.452s][info][gc,marking  ] GC(152) Concurrent Preclean 0.011ms
[2026-09-03T12:35:52.305+0800][11.452s][info][gc,start    ] GC(152) Pause Remark
[2026-09-03T12:35:52.305+0800][11.453s][info][gc          ] GC(152) Pause Remark 146M->116M(256M) 0.521ms
[2026-09-03T12:35:52.305+0800][11.453s][info][gc,cpu      ] GC(152) User=0.00s Sys=0.00s Real=0.00s
[2026-09-03T12:35:52.305+0800][11.453s][info][safepoint   ] Safepoint "G1PauseRemark", Time since last: 5752000 ns, Reaching safepoint: 3666 ns, At safepoint: 555209 ns, Leaving safepoint: 18625 ns, Total: 577500 ns, Threads: 0 runnable, 42 total
[2026-09-03T12:35:52.305+0800][11.453s][info][gc,marking  ] GC(152) Concurrent Mark 4.167ms
[2026-09-03T12:35:52.306+0800][11.453s][info][gc,marking  ] GC(152) Concurrent Rebuild Remembered Sets and Scrub Regions
[2026-09-03T12:35:52.310+0800][11.457s][info][gc,marking  ] GC(152) Concurrent Rebuild Remembered Sets and Scrub Regions 4.391ms
[2026-09-03T12:35:52.310+0800][11.457s][info][gc,start    ] GC(152) Pause Cleanup
[2026-09-03T12:35:52.310+0800][11.457s][info][gc          ] GC(152) Pause Cleanup 118M->118M(256M) 0.040ms
[2026-09-03T12:35:52.310+0800][11.457s][info][gc,cpu      ] GC(152) User=0.00s Sys=0.00s Real=0.00s
[2026-09-03T12:35:52.310+0800][11.457s][info][safepoint   ] Safepoint "G1PauseCleanup", Time since last: 4589208 ns, Reaching safepoint: 2542 ns, At safepoint: 61166 ns, Leaving safepoint: 3459 ns, Total: 67167 ns, Threads: 0 runnable, 42 total
[2026-09-03T12:35:52.310+0800][11.457s][info][gc,marking  ] GC(152) Concurrent Clear Claimed Marks
[2026-09-03T12:35:52.310+0800][11.457s][info][gc,marking  ] GC(152) Concurrent Clear Claimed Marks 0.008ms
[2026-09-03T12:35:52.310+0800][11.457s][info][gc,marking  ] GC(152) Concurrent Cleanup for Next Mark
[2026-09-03T12:35:52.310+0800][11.458s][info][gc,marking  ] GC(152) Concurrent Cleanup for Next Mark 0.190ms
[2026-09-03T12:35:52.310+0800][11.458s][info][gc          ] GC(152) Concurrent Mark Cycle 11.266ms
[2026-09-03T12:35:52.536+0800][11.683s][info][gc,start    ] GC(153) Pause Young (Prepare Mixed) (G1 Evacuation Pause)
[2026-09-03T12:35:52.536+0800][11.683s][info][gc,task     ] GC(153) Using 9 workers of 9 for evacuation
[2026-09-03T12:35:52.538+0800][11.685s][info][gc,phases   ] GC(153)   Pre Evacuate Collection Set: 0.06ms
[2026-09-03T12:35:52.538+0800][11.685s][info][gc,phases   ] GC(153)   Merge Heap Roots: 0.04ms
[2026-09-03T12:35:52.538+0800][11.685s][info][gc,phases   ] GC(153)   Evacuate Collection Set: 1.67ms
[2026-09-03T12:35:52.538+0800][11.685s][info][gc,phases   ] GC(153)   Post Evacuate Collection Set: 0.10ms
[2026-09-03T12:35:52.538+0800][11.685s][info][gc,phases   ] GC(153)   Other: 0.05ms
[2026-09-03T12:35:52.538+0800][11.685s][info][gc,heap     ] GC(153) Eden regions: 79->0(88)
[2026-09-03T12:35:52.538+0800][11.685s][info][gc,heap     ] GC(153) Survivor regions: 14->12(12)
[2026-09-03T12:35:52.538+0800][11.685s][info][gc,heap     ] GC(153) Old regions: 99->118
[2026-09-03T12:35:52.538+0800][11.685s][info][gc,heap     ] GC(153) Humongous regions: 1->1
[2026-09-03T12:35:52.538+0800][11.685s][info][gc,metaspace] GC(153) Metaspace: 1059K(1216K)->1059K(1216K) NonClass: 994K(1088K)->994K(1088K) Class: 64K(128K)->64K(128K)
[2026-09-03T12:35:52.538+0800][11.685s][info][gc          ] GC(153) Pause Young (Prepare Mixed) (G1 Evacuation Pause) 192M->129M(256M) 2.040ms
[2026-09-03T12:35:52.538+0800][11.685s][info][gc,cpu      ] GC(153) User=0.01s Sys=0.00s Real=0.00s
[2026-09-03T12:35:52.538+0800][11.685s][info][safepoint   ] Safepoint "G1CollectForAllocation", Time since last: 225685500 ns, Reaching safepoint: 3416 ns, At safepoint: 2063834 ns, Leaving safepoint: 46041 ns, Total: 2113291 ns, Threads: 0 runnable, 42 total
[2026-09-03T12:35:52.805+0800][11.953s][info][gc,start    ] GC(154) Pause Young (Mixed) (G1 Evacuation Pause)
[2026-09-03T12:35:52.805+0800][11.953s][info][gc,task     ] GC(154) Using 9 workers of 9 for evacuation
[2026-09-03T12:35:52.808+0800][11.955s][info][gc,phases   ] GC(154)   Pre Evacuate Collection Set: 0.09ms
[2026-09-03T12:35:52.808+0800][11.955s][info][gc,phases   ] GC(154)   Merge Heap Roots: 0.04ms
[2026-09-03T12:35:52.808+0800][11.955s][info][gc,phases   ] GC(154)   Evacuate Collection Set: 2.19ms
[2026-09-03T12:35:52.808+0800][11.955s][info][gc,phases   ] GC(154)   Post Evacuate Collection Set: 0.09ms
[2026-09-03T12:35:52.808+0800][11.955s][info][gc,phases   ] GC(154)   Other: 0.07ms
[2026-09-03T12:35:52.808+0800][11.955s][info][gc,heap     ] GC(154) Eden regions: 88->0(94)
[2026-09-03T12:35:52.808+0800][11.955s][info][gc,heap     ] GC(154) Survivor regions: 12->13(13)
[2026-09-03T12:35:52.808+0800][11.955s][info][gc,heap     ] GC(154) Old regions: 118->109
[2026-09-03T12:35:52.808+0800][11.955s][info][gc,heap     ] GC(154) Humongous regions: 1->1
[2026-09-03T12:35:52.808+0800][11.955s][info][gc,metaspace] GC(154) Metaspace: 1059K(1216K)->1059K(1216K) NonClass: 994K(1088K)->994K(1088K) Class: 64K(128K)->64K(128K)
[2026-09-03T12:35:52.808+0800][11.955s][info][gc          ] GC(154) Pause Young (Mixed) (G1 Evacuation Pause) 217M->121M(256M) 2.658ms
[2026-09-03T12:35:52.808+0800][11.955s][info][gc,cpu      ] GC(154) User=0.02s Sys=0.00s Real=0.00s
[2026-09-03T12:35:52.808+0800][11.955s][info][safepoint   ] Safepoint "G1CollectForAllocation", Time since last: 267302875 ns, Reaching safepoint: 3792 ns, At safepoint: 2690500 ns, Leaving safepoint: 25250 ns, Total: 2719542 ns, Threads: 0 runnable, 42 total
[2026-09-03T12:35:53.090+0800][12.237s][info][gc,start    ] GC(155) Pause Young (Mixed) (G1 Evacuation Pause)
[2026-09-03T12:35:53.090+0800][12.237s][info][gc,task     ] GC(155) Using 9 workers of 9 for evacuation
[2026-09-03T12:35:53.092+0800][12.240s][info][gc,phases   ] GC(155)   Pre Evacuate Collection Set: 0.08ms
[2026-09-03T12:35:53.092+0800][12.240s][info][gc,phases   ] GC(155)   Merge Heap Roots: 0.03ms
[2026-09-03T12:35:53.092+0800][12.240s][info][gc,phases   ] GC(155)   Evacuate Collection Set: 2.14ms
[2026-09-03T12:35:53.092+0800][12.240s][info][gc,phases   ] GC(155)   Post Evacuate Collection Set: 0.10ms
[2026-09-03T12:35:53.092+0800][12.240s][info][gc,phases   ] GC(155)   Other: 0.09ms
[2026-09-03T12:35:53.092+0800][12.240s][info][gc,heap     ] GC(155) Eden regions: 94->0(92)
[2026-09-03T12:35:53.092+0800][12.240s][info][gc,heap     ] GC(155) Survivor regions: 13->14(14)
[2026-09-03T12:35:53.092+0800][12.240s][info][gc,heap     ] GC(155) Old regions: 109->111
[2026-09-03T12:35:53.092+0800][12.240s][info][gc,heap     ] GC(155) Humongous regions: 1->1
[2026-09-03T12:35:53.092+0800][12.240s][info][gc,metaspace] GC(155) Metaspace: 1059K(1216K)->1059K(1216K) NonClass: 994K(1088K)->994K(1088K) Class: 64K(128K)->64K(128K)
[2026-09-03T12:35:53.092+0800][12.240s][info][gc          ] GC(155) Pause Young (Mixed) (G1 Evacuation Pause) 215M->125M(256M) 2.560ms
[2026-09-03T12:35:53.092+0800][12.240s][info][gc,cpu      ] GC(155) User=0.02s Sys=0.00s Real=0.00s
[2026-09-03T12:35:53.092+0800][12.240s][info][safepoint   ] Safepoint "G1CollectForAllocation", Time since last: 281721083 ns, Reaching safepoint: 20334 ns, At safepoint: 2585041 ns, Leaving safepoint: 47209 ns, Total: 2652584 ns, Threads: 1 runnable, 42 total
[2026-09-03T12:35:53.371+0800][12.518s][info][gc,start    ] GC(156) Pause Young (Concurrent Start) (G1 Evacuation Pause)
[2026-09-03T12:35:53.371+0800][12.518s][info][gc,task     ] GC(156) Using 9 workers of 9 for evacuation
[2026-09-03T12:35:53.373+0800][12.521s][info][gc,phases   ] GC(156)   Pre Evacuate Collection Set: 0.05ms
[2026-09-03T12:35:53.373+0800][12.521s][info][gc,phases   ] GC(156)   Merge Heap Roots: 0.02ms
[2026-09-03T12:35:53.373+0800][12.521s][info][gc,phases   ] GC(156)   Evacuate Collection Set: 2.53ms
[2026-09-03T12:35:53.373+0800][12.521s][info][gc,phases   ] GC(156)   Post Evacuate Collection Set: 0.12ms
[2026-09-03T12:35:53.373+0800][12.521s][info][gc,phases   ] GC(156)   Other: 0.06ms
[2026-09-03T12:35:53.373+0800][12.521s][info][gc,heap     ] GC(156) Eden regions: 92->0(78)
[2026-09-03T12:35:53.373+0800][12.521s][info][gc,heap     ] GC(156) Survivor regions: 14->14(14)
[2026-09-03T12:35:53.373+0800][12.521s][info][gc,heap     ] GC(156) Old regions: 111->130
[2026-09-03T12:35:53.373+0800][12.521s][info][gc,heap     ] GC(156) Humongous regions: 1->1
[2026-09-03T12:35:53.373+0800][12.521s][info][gc,metaspace] GC(156) Metaspace: 1059K(1216K)->1059K(1216K) NonClass: 994K(1088K)->994K(1088K) Class: 64K(128K)->64K(128K)
[2026-09-03T12:35:53.373+0800][12.521s][info][gc          ] GC(156) Pause Young (Concurrent Start) (G1 Evacuation Pause) 217M->143M(256M) 2.911ms
[2026-09-03T12:35:53.373+0800][12.521s][info][gc,cpu      ] GC(156) User=0.02s Sys=0.00s Real=0.00s
[2026-09-03T12:35:53.373+0800][12.521s][info][gc          ] GC(157) Concurrent Mark Cycle
[2026-09-03T12:35:53.374+0800][12.521s][info][gc,marking  ] GC(157) Concurrent Scan Root Regions
[2026-09-03T12:35:53.374+0800][12.521s][info][safepoint   ] Safepoint "G1CollectForAllocation", Time since last: 278307625 ns, Reaching safepoint: 18958 ns, At safepoint: 2941667 ns, Leaving safepoint: 21625 ns, Total: 2982250 ns, Threads: 1 runnable, 42 total
[2026-09-03T12:35:53.376+0800][12.523s][info][gc,marking  ] GC(157) Concurrent Scan Root Regions 2.246ms
[2026-09-03T12:35:53.376+0800][12.523s][info][gc,marking  ] GC(157) Concurrent Mark
[2026-09-03T12:35:53.376+0800][12.523s][info][gc,marking  ] GC(157) Concurrent Mark From Roots
[2026-09-03T12:35:53.376+0800][12.523s][info][gc,task     ] GC(157) Concurrent Mark Using 2 of 2 Workers
[2026-09-03T12:35:53.379+0800][12.527s][info][gc,marking  ] GC(157) Concurrent Mark From Roots 3.474ms
[2026-09-03T12:35:53.379+0800][12.527s][info][gc,marking  ] GC(157) Concurrent Preclean
[2026-09-03T12:35:53.379+0800][12.527s][info][gc,marking  ] GC(157) Concurrent Preclean 0.009ms
[2026-09-03T12:35:53.379+0800][12.527s][info][gc,start    ] GC(157) Pause Remark
[2026-09-03T12:35:53.380+0800][12.527s][info][gc          ] GC(157) Pause Remark 147M->108M(256M) 0.350ms
[2026-09-03T12:35:53.380+0800][12.527s][info][gc,cpu      ] GC(157) User=0.00s Sys=0.00s Real=0.01s
[2026-09-03T12:35:53.380+0800][12.527s][info][safepoint   ] Safepoint "G1PauseRemark", Time since last: 5780291 ns, Reaching safepoint: 18667 ns, At safepoint: 377375 ns, Leaving safepoint: 23167 ns, Total: 419209 ns, Threads: 1 runnable, 42 total
[2026-09-03T12:35:53.380+0800][12.527s][info][gc,marking  ] GC(157) Concurrent Mark 3.994ms
[2026-09-03T12:35:53.380+0800][12.527s][info][gc,marking  ] GC(157) Concurrent Rebuild Remembered Sets and Scrub Regions
[2026-09-03T12:35:53.384+0800][12.532s][info][gc,marking  ] GC(157) Concurrent Rebuild Remembered Sets and Scrub Regions 4.410ms
[2026-09-03T12:35:53.384+0800][12.532s][info][gc,start    ] GC(157) Pause Cleanup
[2026-09-03T12:35:53.384+0800][12.532s][info][gc          ] GC(157) Pause Cleanup 109M->109M(256M) 0.038ms
[2026-09-03T12:35:53.384+0800][12.532s][info][gc,cpu      ] GC(157) User=0.00s Sys=0.00s Real=0.00s
[2026-09-03T12:35:53.384+0800][12.532s][info][safepoint   ] Safepoint "G1PauseCleanup", Time since last: 4507500 ns, Reaching safepoint: 2083 ns, At safepoint: 59167 ns, Leaving safepoint: 3500 ns, Total: 64750 ns, Threads: 0 runnable, 42 total
[2026-09-03T12:35:53.384+0800][12.532s][info][gc,marking  ] GC(157) Concurrent Clear Claimed Marks
[2026-09-03T12:35:53.384+0800][12.532s][info][gc,marking  ] GC(157) Concurrent Clear Claimed Marks 0.015ms
[2026-09-03T12:35:53.384+0800][12.532s][info][gc,marking  ] GC(157) Concurrent Cleanup for Next Mark
[2026-09-03T12:35:53.384+0800][12.532s][info][gc,marking  ] GC(157) Concurrent Cleanup for Next Mark 0.104ms
[2026-09-03T12:35:53.384+0800][12.532s][info][gc          ] GC(157) Concurrent Mark Cycle 10.950ms
[2026-09-03T12:35:53.607+0800][12.754s][info][gc,start    ] GC(158) Pause Young (Prepare Mixed) (G1 Evacuation Pause)
[2026-09-03T12:35:53.607+0800][12.754s][info][gc,task     ] GC(158) Using 9 workers of 9 for evacuation
[2026-09-03T12:35:53.609+0800][12.757s][info][gc,phases   ] GC(158)   Pre Evacuate Collection Set: 0.07ms
[2026-09-03T12:35:53.609+0800][12.757s][info][gc,phases   ] GC(158)   Merge Heap Roots: 0.04ms
[2026-09-03T12:35:53.609+0800][12.757s][info][gc,phases   ] GC(158)   Evacuate Collection Set: 1.78ms
[2026-09-03T12:35:53.609+0800][12.757s][info][gc,phases   ] GC(158)   Post Evacuate Collection Set: 0.10ms
[2026-09-03T12:35:53.609+0800][12.757s][info][gc,phases   ] GC(158)   Other: 0.06ms
[2026-09-03T12:35:53.609+0800][12.757s][info][gc,heap     ] GC(158) Eden regions: 78->0(95)
[2026-09-03T12:35:53.609+0800][12.757s][info][gc,heap     ] GC(158) Survivor regions: 14->12(12)
[2026-09-03T12:35:53.609+0800][12.757s][info][gc,heap     ] GC(158) Old regions: 91->109
[2026-09-03T12:35:53.609+0800][12.757s][info][gc,heap     ] GC(158) Humongous regions: 1->1
[2026-09-03T12:35:53.609+0800][12.757s][info][gc,metaspace] GC(158) Metaspace: 1059K(1216K)->1059K(1216K) NonClass: 994K(1088K)->994K(1088K) Class: 64K(128K)->64K(128K)
[2026-09-03T12:35:53.609+0800][12.757s][info][gc          ] GC(158) Pause Young (Prepare Mixed) (G1 Evacuation Pause) 182M->120M(256M) 2.178ms
[2026-09-03T12:35:53.609+0800][12.757s][info][gc,cpu      ] GC(158) User=0.02s Sys=0.00s Real=0.00s
[2026-09-03T12:35:53.609+0800][12.757s][info][safepoint   ] Safepoint "G1CollectForAllocation", Time since last: 222705541 ns, Reaching safepoint: 2250 ns, At safepoint: 2199500 ns, Leaving safepoint: 28042 ns, Total: 2229792 ns, Threads: 0 runnable, 42 total
[2026-09-03T12:35:53.894+0800][13.041s][info][gc,start    ] GC(159) Pause Young (Mixed) (G1 Evacuation Pause)
[2026-09-03T12:35:53.894+0800][13.041s][info][gc,task     ] GC(159) Using 9 workers of 9 for evacuation
[2026-09-03T12:35:53.896+0800][13.043s][info][gc,phases   ] GC(159)   Pre Evacuate Collection Set: 0.04ms
[2026-09-03T12:35:53.896+0800][13.043s][info][gc,phases   ] GC(159)   Merge Heap Roots: 0.03ms
[2026-09-03T12:35:53.896+0800][13.043s][info][gc,phases   ] GC(159)   Evacuate Collection Set: 1.88ms
[2026-09-03T12:35:53.896+0800][13.043s][info][gc,phases   ] GC(159)   Post Evacuate Collection Set: 0.11ms
[2026-09-03T12:35:53.896+0800][13.043s][info][gc,phases   ] GC(159)   Other: 0.06ms
[2026-09-03T12:35:53.896+0800][13.043s][info][gc,heap     ] GC(159) Eden regions: 95->0(102)
[2026-09-03T12:35:53.896+0800][13.043s][info][gc,heap     ] GC(159) Survivor regions: 12->14(14)
[2026-09-03T12:35:53.896+0800][13.043s][info][gc,heap     ] GC(159) Old regions: 109->96
[2026-09-03T12:35:53.896+0800][13.043s][info][gc,heap     ] GC(159) Humongous regions: 1->1
[2026-09-03T12:35:53.896+0800][13.043s][info][gc,metaspace] GC(159) Metaspace: 1059K(1216K)->1059K(1216K) NonClass: 994K(1088K)->994K(1088K) Class: 64K(128K)->64K(128K)
[2026-09-03T12:35:53.896+0800][13.044s][info][gc          ] GC(159) Pause Young (Mixed) (G1 Evacuation Pause) 215M->110M(256M) 2.248ms
[2026-09-03T12:35:53.896+0800][13.044s][info][gc,cpu      ] GC(159) User=0.01s Sys=0.00s Real=0.00s
[2026-09-03T12:35:53.896+0800][13.044s][info][safepoint   ] Safepoint "G1CollectForAllocation", Time since last: 284616417 ns, Reaching safepoint: 2375 ns, At safepoint: 2272750 ns, Leaving safepoint: 74708 ns, Total: 2349833 ns, Threads: 0 runnable, 42 total
[2026-09-03T12:35:54.204+0800][13.351s][info][gc,start    ] GC(160) Pause Young (Mixed) (G1 Evacuation Pause)
[2026-09-03T12:35:54.204+0800][13.351s][info][gc,task     ] GC(160) Using 9 workers of 9 for evacuation
[2026-09-03T12:35:54.207+0800][13.354s][info][gc,phases   ] GC(160)   Pre Evacuate Collection Set: 0.05ms
[2026-09-03T12:35:54.207+0800][13.354s][info][gc,phases   ] GC(160)   Merge Heap Roots: 0.05ms
[2026-09-03T12:35:54.207+0800][13.354s][info][gc,phases   ] GC(160)   Evacuate Collection Set: 2.57ms
[2026-09-03T12:35:54.207+0800][13.354s][info][gc,phases   ] GC(160)   Post Evacuate Collection Set: 0.13ms
[2026-09-03T12:35:54.207+0800][13.354s][info][gc,phases   ] GC(160)   Other: 0.06ms
[2026-09-03T12:35:54.207+0800][13.354s][info][gc,heap     ] GC(160) Eden regions: 102->0(91)
[2026-09-03T12:35:54.207+0800][13.354s][info][gc,heap     ] GC(160) Survivor regions: 14->15(15)
[2026-09-03T12:35:54.207+0800][13.354s][info][gc,heap     ] GC(160) Old regions: 96->111
[2026-09-03T12:35:54.207+0800][13.354s][info][gc,heap     ] GC(160) Humongous regions: 1->1
[2026-09-03T12:35:54.207+0800][13.354s][info][gc,metaspace] GC(160) Metaspace: 1059K(1216K)->1059K(1216K) NonClass: 994K(1088K)->994K(1088K) Class: 64K(128K)->64K(128K)
[2026-09-03T12:35:54.207+0800][13.354s][info][gc          ] GC(160) Pause Young (Mixed) (G1 Evacuation Pause) 212M->125M(256M) 3.012ms
[2026-09-03T12:35:54.207+0800][13.354s][info][gc,cpu      ] GC(160) User=0.02s Sys=0.00s Real=0.00s
[2026-09-03T12:35:54.207+0800][13.354s][info][safepoint   ] Safepoint "G1CollectForAllocation", Time since last: 307648708 ns, Reaching safepoint: 2542 ns, At safepoint: 3037833 ns, Leaving safepoint: 25084 ns, Total: 3065459 ns, Threads: 0 runnable, 42 total
[2026-09-03T12:35:54.480+0800][13.628s][info][gc,start    ] GC(161) Pause Young (Concurrent Start) (G1 Evacuation Pause)
[2026-09-03T12:35:54.480+0800][13.628s][info][gc,task     ] GC(161) Using 9 workers of 9 for evacuation
[2026-09-03T12:35:54.483+0800][13.631s][info][gc,phases   ] GC(161)   Pre Evacuate Collection Set: 0.09ms
[2026-09-03T12:35:54.483+0800][13.631s][info][gc,phases   ] GC(161)   Merge Heap Roots: 0.03ms
[2026-09-03T12:35:54.483+0800][13.631s][info][gc,phases   ] GC(161)   Evacuate Collection Set: 2.54ms
[2026-09-03T12:35:54.483+0800][13.631s][info][gc,phases   ] GC(161)   Post Evacuate Collection Set: 0.09ms
[2026-09-03T12:35:54.483+0800][13.631s][info][gc,phases   ] GC(161)   Other: 0.06ms
[2026-09-03T12:35:54.483+0800][13.631s][info][gc,heap     ] GC(161) Eden regions: 91->0(77)
[2026-09-03T12:35:54.483+0800][13.631s][info][gc,heap     ] GC(161) Survivor regions: 15->14(14)
[2026-09-03T12:35:54.483+0800][13.631s][info][gc,heap     ] GC(161) Old regions: 111->131
[2026-09-03T12:35:54.483+0800][13.631s][info][gc,heap     ] GC(161) Humongous regions: 1->1
[2026-09-03T12:35:54.483+0800][13.631s][info][gc,metaspace] GC(161) Metaspace: 1059K(1216K)->1059K(1216K) NonClass: 994K(1088K)->994K(1088K) Class: 64K(128K)->64K(128K)
[2026-09-03T12:35:54.483+0800][13.631s][info][gc          ] GC(161) Pause Young (Concurrent Start) (G1 Evacuation Pause) 216M->144M(256M) 2.948ms
[2026-09-03T12:35:54.483+0800][13.631s][info][gc,cpu      ] GC(161) User=0.02s Sys=0.00s Real=0.00s
[2026-09-03T12:35:54.483+0800][13.631s][info][gc          ] GC(162) Concurrent Mark Cycle
[2026-09-03T12:35:54.483+0800][13.631s][info][gc,marking  ] GC(162) Concurrent Scan Root Regions
[2026-09-03T12:35:54.483+0800][13.631s][info][safepoint   ] Safepoint "G1CollectForAllocation", Time since last: 273382416 ns, Reaching safepoint: 3000 ns, At safepoint: 2981917 ns, Leaving safepoint: 26000 ns, Total: 3010917 ns, Threads: 0 runnable, 42 total
[2026-09-03T12:35:54.485+0800][13.633s][info][gc,marking  ] GC(162) Concurrent Scan Root Regions 2.157ms
[2026-09-03T12:35:54.485+0800][13.633s][info][gc,marking  ] GC(162) Concurrent Mark
[2026-09-03T12:35:54.485+0800][13.633s][info][gc,marking  ] GC(162) Concurrent Mark From Roots
[2026-09-03T12:35:54.485+0800][13.633s][info][gc,task     ] GC(162) Concurrent Mark Using 2 of 2 Workers
[2026-09-03T12:35:54.489+0800][13.636s][info][gc,marking  ] GC(162) Concurrent Mark From Roots 3.605ms
[2026-09-03T12:35:54.489+0800][13.637s][info][gc,marking  ] GC(162) Concurrent Preclean
[2026-09-03T12:35:54.489+0800][13.637s][info][gc,marking  ] GC(162) Concurrent Preclean 0.010ms
[2026-09-03T12:35:54.489+0800][13.637s][info][gc,start    ] GC(162) Pause Remark
[2026-09-03T12:35:54.490+0800][13.637s][info][gc          ] GC(162) Pause Remark 148M->112M(256M) 0.480ms
[2026-09-03T12:35:54.490+0800][13.637s][info][gc,cpu      ] GC(162) User=0.01s Sys=0.00s Real=0.01s
[2026-09-03T12:35:54.490+0800][13.637s][info][safepoint   ] Safepoint "G1PauseRemark", Time since last: 5835625 ns, Reaching safepoint: 3375 ns, At safepoint: 513000 ns, Leaving safepoint: 20417 ns, Total: 536792 ns, Threads: 0 runnable, 42 total
[2026-09-03T12:35:54.490+0800][13.637s][info][gc,marking  ] GC(162) Concurrent Mark 4.319ms
[2026-09-03T12:35:54.490+0800][13.637s][info][gc,marking  ] GC(162) Concurrent Rebuild Remembered Sets and Scrub Regions
[2026-09-03T12:35:54.494+0800][13.641s][info][gc,marking  ] GC(162) Concurrent Rebuild Remembered Sets and Scrub Regions 4.208ms
[2026-09-03T12:35:54.494+0800][13.641s][info][gc,start    ] GC(162) Pause Cleanup
[2026-09-03T12:35:54.494+0800][13.642s][info][gc          ] GC(162) Pause Cleanup 113M->113M(256M) 0.039ms
[2026-09-03T12:35:54.494+0800][13.642s][info][gc,cpu      ] GC(162) User=0.00s Sys=0.00s Real=0.00s
[2026-09-03T12:35:54.494+0800][13.642s][info][safepoint   ] Safepoint "G1PauseCleanup", Time since last: 4390833 ns, Reaching safepoint: 2042 ns, At safepoint: 58333 ns, Leaving safepoint: 1708 ns, Total: 62083 ns, Threads: 0 runnable, 42 total
[2026-09-03T12:35:54.494+0800][13.642s][info][gc,marking  ] GC(162) Concurrent Clear Claimed Marks
[2026-09-03T12:35:54.494+0800][13.642s][info][gc,marking  ] GC(162) Concurrent Clear Claimed Marks 0.009ms
[2026-09-03T12:35:54.494+0800][13.642s][info][gc,marking  ] GC(162) Concurrent Cleanup for Next Mark
[2026-09-03T12:35:54.494+0800][13.642s][info][gc,marking  ] GC(162) Concurrent Cleanup for Next Mark 0.090ms
[2026-09-03T12:35:54.494+0800][13.642s][info][gc          ] GC(162) Concurrent Mark Cycle 10.983ms
[2026-09-03T12:35:54.714+0800][13.862s][info][gc,start    ] GC(163) Pause Young (Prepare Mixed) (G1 Evacuation Pause)
[2026-09-03T12:35:54.714+0800][13.862s][info][gc,task     ] GC(163) Using 9 workers of 9 for evacuation
[2026-09-03T12:35:54.717+0800][13.864s][info][gc,phases   ] GC(163)   Pre Evacuate Collection Set: 0.07ms
[2026-09-03T12:35:54.717+0800][13.864s][info][gc,phases   ] GC(163)   Merge Heap Roots: 0.06ms
[2026-09-03T12:35:54.717+0800][13.864s][info][gc,phases   ] GC(163)   Evacuate Collection Set: 2.02ms
[2026-09-03T12:35:54.717+0800][13.864s][info][gc,phases   ] GC(163)   Post Evacuate Collection Set: 0.09ms
[2026-09-03T12:35:54.717+0800][13.864s][info][gc,phases   ] GC(163)   Other: 0.08ms
[2026-09-03T12:35:54.717+0800][13.864s][info][gc,heap     ] GC(163) Eden regions: 77->0(92)
[2026-09-03T12:35:54.717+0800][13.864s][info][gc,heap     ] GC(163) Survivor regions: 14->12(12)
[2026-09-03T12:35:54.717+0800][13.864s][info][gc,heap     ] GC(163) Old regions: 95->112
[2026-09-03T12:35:54.717+0800][13.864s][info][gc,heap     ] GC(163) Humongous regions: 1->1
[2026-09-03T12:35:54.717+0800][13.864s][info][gc,metaspace] GC(163) Metaspace: 1059K(1216K)->1059K(1216K) NonClass: 994K(1088K)->994K(1088K) Class: 64K(128K)->64K(128K)
[2026-09-03T12:35:54.717+0800][13.864s][info][gc          ] GC(163) Pause Young (Prepare Mixed) (G1 Evacuation Pause) 185M->124M(256M) 2.454ms
[2026-09-03T12:35:54.717+0800][13.864s][info][gc,cpu      ] GC(163) User=0.02s Sys=0.00s Real=0.00s
[2026-09-03T12:35:54.717+0800][13.864s][info][safepoint   ] Safepoint "G1CollectForAllocation", Time since last: 220156000 ns, Reaching safepoint: 2250 ns, At safepoint: 2480417 ns, Leaving safepoint: 31208 ns, Total: 2513875 ns, Threads: 0 runnable, 42 total
[2026-09-03T12:35:54.995+0800][14.143s][info][gc,start    ] GC(164) Pause Young (Mixed) (G1 Evacuation Pause)
[2026-09-03T12:35:54.995+0800][14.143s][info][gc,task     ] GC(164) Using 9 workers of 9 for evacuation
[2026-09-03T12:35:54.998+0800][14.146s][info][gc,phases   ] GC(164)   Pre Evacuate Collection Set: 0.04ms
[2026-09-03T12:35:54.998+0800][14.146s][info][gc,phases   ] GC(164)   Merge Heap Roots: 0.03ms
[2026-09-03T12:35:54.998+0800][14.146s][info][gc,phases   ] GC(164)   Evacuate Collection Set: 2.38ms
[2026-09-03T12:35:54.998+0800][14.146s][info][gc,phases   ] GC(164)   Post Evacuate Collection Set: 0.16ms
[2026-09-03T12:35:54.998+0800][14.146s][info][gc,phases   ] GC(164)   Other: 0.07ms
[2026-09-03T12:35:54.998+0800][14.146s][info][gc,heap     ] GC(164) Eden regions: 92->0(99)
[2026-09-03T12:35:54.998+0800][14.146s][info][gc,heap     ] GC(164) Survivor regions: 12->13(13)
[2026-09-03T12:35:54.998+0800][14.146s][info][gc,heap     ] GC(164) Old regions: 112->101
[2026-09-03T12:35:54.998+0800][14.146s][info][gc,heap     ] GC(164) Humongous regions: 1->1
[2026-09-03T12:35:54.998+0800][14.146s][info][gc,metaspace] GC(164) Metaspace: 1059K(1216K)->1059K(1216K) NonClass: 994K(1088K)->994K(1088K) Class: 64K(128K)->64K(128K)
[2026-09-03T12:35:54.998+0800][14.146s][info][gc          ] GC(164) Pause Young (Mixed) (G1 Evacuation Pause) 216M->113M(256M) 2.830ms
[2026-09-03T12:35:54.998+0800][14.146s][info][gc,cpu      ] GC(164) User=0.02s Sys=0.00s Real=0.00s
[2026-09-03T12:35:54.998+0800][14.146s][info][safepoint   ] Safepoint "G1CollectForAllocation", Time since last: 278573125 ns, Reaching safepoint: 2209 ns, At safepoint: 2858958 ns, Leaving safepoint: 19833 ns, Total: 2881000 ns, Threads: 0 runnable, 42 total
[2026-09-03T12:35:55.298+0800][14.445s][info][gc,start    ] GC(165) Pause Young (Mixed) (G1 Evacuation Pause)
[2026-09-03T12:35:55.298+0800][14.445s][info][gc,task     ] GC(165) Using 9 workers of 9 for evacuation
[2026-09-03T12:35:55.300+0800][14.448s][info][gc,phases   ] GC(165)   Pre Evacuate Collection Set: 0.10ms
[2026-09-03T12:35:55.300+0800][14.448s][info][gc,phases   ] GC(165)   Merge Heap Roots: 0.04ms
[2026-09-03T12:35:55.300+0800][14.448s][info][gc,phases   ] GC(165)   Evacuate Collection Set: 2.17ms
[2026-09-03T12:35:55.300+0800][14.448s][info][gc,phases   ] GC(165)   Post Evacuate Collection Set: 0.12ms
[2026-09-03T12:35:55.300+0800][14.448s][info][gc,phases   ] GC(165)   Other: 0.06ms
[2026-09-03T12:35:55.300+0800][14.448s][info][gc,heap     ] GC(165) Eden regions: 99->0(89)
[2026-09-03T12:35:55.300+0800][14.448s][info][gc,heap     ] GC(165) Survivor regions: 13->14(14)
[2026-09-03T12:35:55.300+0800][14.448s][info][gc,heap     ] GC(165) Old regions: 101->114
[2026-09-03T12:35:55.300+0800][14.448s][info][gc,heap     ] GC(165) Humongous regions: 1->1
[2026-09-03T12:35:55.300+0800][14.448s][info][gc,metaspace] GC(165) Metaspace: 1059K(1216K)->1059K(1216K) NonClass: 994K(1088K)->994K(1088K) Class: 64K(128K)->64K(128K)
[2026-09-03T12:35:55.300+0800][14.448s][info][gc          ] GC(165) Pause Young (Mixed) (G1 Evacuation Pause) 212M->128M(256M) 2.614ms
[2026-09-03T12:35:55.300+0800][14.448s][info][gc,cpu      ] GC(165) User=0.01s Sys=0.00s Real=0.01s
[2026-09-03T12:35:55.300+0800][14.448s][info][safepoint   ] Safepoint "G1CollectForAllocation", Time since last: 299329792 ns, Reaching safepoint: 2375 ns, At safepoint: 2640083 ns, Leaving safepoint: 28292 ns, Total: 2670750 ns, Threads: 0 runnable, 42 total
[2026-09-03T12:35:55.570+0800][14.718s][info][gc,start    ] GC(166) Pause Young (Concurrent Start) (G1 Evacuation Pause)
[2026-09-03T12:35:55.570+0800][14.718s][info][gc,task     ] GC(166) Using 9 workers of 9 for evacuation
[2026-09-03T12:35:55.573+0800][14.720s][info][gc,phases   ] GC(166)   Pre Evacuate Collection Set: 0.06ms
[2026-09-03T12:35:55.573+0800][14.720s][info][gc,phases   ] GC(166)   Merge Heap Roots: 0.03ms
[2026-09-03T12:35:55.573+0800][14.720s][info][gc,phases   ] GC(166)   Evacuate Collection Set: 2.03ms
[2026-09-03T12:35:55.573+0800][14.720s][info][gc,phases   ] GC(166)   Post Evacuate Collection Set: 0.17ms
[2026-09-03T12:35:55.573+0800][14.720s][info][gc,phases   ] GC(166)   Other: 0.10ms
[2026-09-03T12:35:55.573+0800][14.720s][info][gc,heap     ] GC(166) Eden regions: 89->0(76)
[2026-09-03T12:35:55.573+0800][14.720s][info][gc,heap     ] GC(166) Survivor regions: 14->13(13)
[2026-09-03T12:35:55.573+0800][14.720s][info][gc,heap     ] GC(166) Old regions: 114->134
[2026-09-03T12:35:55.573+0800][14.720s][info][gc,heap     ] GC(166) Humongous regions: 1->1
[2026-09-03T12:35:55.573+0800][14.720s][info][gc,metaspace] GC(166) Metaspace: 1059K(1216K)->1059K(1216K) NonClass: 994K(1088K)->994K(1088K) Class: 64K(128K)->64K(128K)
[2026-09-03T12:35:55.573+0800][14.720s][info][gc          ] GC(166) Pause Young (Concurrent Start) (G1 Evacuation Pause) 217M->146M(256M) 2.573ms
[2026-09-03T12:35:55.573+0800][14.720s][info][gc,cpu      ] GC(166) User=0.01s Sys=0.00s Real=0.00s
[2026-09-03T12:35:55.573+0800][14.720s][info][gc          ] GC(167) Concurrent Mark Cycle
[2026-09-03T12:35:55.573+0800][14.720s][info][gc,marking  ] GC(167) Concurrent Scan Root Regions
[2026-09-03T12:35:55.573+0800][14.720s][info][safepoint   ] Safepoint "G1CollectForAllocation", Time since last: 269895250 ns, Reaching safepoint: 2625 ns, At safepoint: 2609250 ns, Leaving safepoint: 108208 ns, Total: 2720083 ns, Threads: 0 runnable, 42 total
[2026-09-03T12:35:55.575+0800][14.722s][info][gc,marking  ] GC(167) Concurrent Scan Root Regions 2.238ms
[2026-09-03T12:35:55.575+0800][14.722s][info][gc,marking  ] GC(167) Concurrent Mark
[2026-09-03T12:35:55.575+0800][14.722s][info][gc,marking  ] GC(167) Concurrent Mark From Roots
[2026-09-03T12:35:55.575+0800][14.722s][info][gc,task     ] GC(167) Concurrent Mark Using 2 of 2 Workers
[2026-09-03T12:35:55.579+0800][14.726s][info][gc,marking  ] GC(167) Concurrent Mark From Roots 3.596ms
[2026-09-03T12:35:55.579+0800][14.726s][info][gc,marking  ] GC(167) Concurrent Preclean
[2026-09-03T12:35:55.579+0800][14.726s][info][gc,marking  ] GC(167) Concurrent Preclean 0.009ms
[2026-09-03T12:35:55.579+0800][14.726s][info][gc,start    ] GC(167) Pause Remark
[2026-09-03T12:35:55.579+0800][14.726s][info][gc          ] GC(167) Pause Remark 150M->111M(256M) 0.339ms
[2026-09-03T12:35:55.579+0800][14.726s][info][gc,cpu      ] GC(167) User=0.00s Sys=0.00s Real=0.00s
[2026-09-03T12:35:55.579+0800][14.726s][info][safepoint   ] Safepoint "G1PauseRemark", Time since last: 5855042 ns, Reaching safepoint: 2167 ns, At safepoint: 360083 ns, Leaving safepoint: 13958 ns, Total: 376208 ns, Threads: 0 runnable, 42 total
[2026-09-03T12:35:55.579+0800][14.727s][info][gc,marking  ] GC(167) Concurrent Mark 4.081ms
[2026-09-03T12:35:55.579+0800][14.727s][info][gc,marking  ] GC(167) Concurrent Rebuild Remembered Sets and Scrub Regions
[2026-09-03T12:35:55.584+0800][14.731s][info][gc,marking  ] GC(167) Concurrent Rebuild Remembered Sets and Scrub Regions 4.490ms
[2026-09-03T12:35:55.584+0800][14.731s][info][gc,start    ] GC(167) Pause Cleanup
[2026-09-03T12:35:55.584+0800][14.731s][info][gc          ] GC(167) Pause Cleanup 112M->112M(256M) 0.046ms
[2026-09-03T12:35:55.584+0800][14.731s][info][gc,cpu      ] GC(167) User=0.00s Sys=0.00s Real=0.00s
[2026-09-03T12:35:55.584+0800][14.731s][info][safepoint   ] Safepoint "G1PauseCleanup", Time since last: 4621750 ns, Reaching safepoint: 2167 ns, At safepoint: 68417 ns, Leaving safepoint: 3583 ns, Total: 74167 ns, Threads: 0 runnable, 42 total
[2026-09-03T12:35:55.584+0800][14.731s][info][gc,marking  ] GC(167) Concurrent Clear Claimed Marks
[2026-09-03T12:35:55.584+0800][14.731s][info][gc,marking  ] GC(167) Concurrent Clear Claimed Marks 0.009ms
[2026-09-03T12:35:55.584+0800][14.731s][info][gc,marking  ] GC(167) Concurrent Cleanup for Next Mark
[2026-09-03T12:35:55.584+0800][14.731s][info][gc,marking  ] GC(167) Concurrent Cleanup for Next Mark 0.093ms
[2026-09-03T12:35:55.584+0800][14.731s][info][gc          ] GC(167) Concurrent Mark Cycle 11.181ms
[2026-09-03T12:35:55.799+0800][14.946s][info][gc,start    ] GC(168) Pause Young (Prepare Mixed) (G1 Evacuation Pause)
[2026-09-03T12:35:55.799+0800][14.946s][info][gc,task     ] GC(168) Using 9 workers of 9 for evacuation
[2026-09-03T12:35:55.801+0800][14.948s][info][gc,phases   ] GC(168)   Pre Evacuate Collection Set: 0.06ms
[2026-09-03T12:35:55.801+0800][14.948s][info][gc,phases   ] GC(168)   Merge Heap Roots: 0.03ms
[2026-09-03T12:35:55.801+0800][14.948s][info][gc,phases   ] GC(168)   Evacuate Collection Set: 1.70ms
[2026-09-03T12:35:55.801+0800][14.948s][info][gc,phases   ] GC(168)   Post Evacuate Collection Set: 0.10ms
[2026-09-03T12:35:55.801+0800][14.948s][info][gc,phases   ] GC(168)   Other: 0.06ms
[2026-09-03T12:35:55.801+0800][14.948s][info][gc,heap     ] GC(168) Eden regions: 76->0(93)
[2026-09-03T12:35:55.801+0800][14.948s][info][gc,heap     ] GC(168) Survivor regions: 13->12(12)
[2026-09-03T12:35:55.801+0800][14.948s][info][gc,heap     ] GC(168) Old regions: 95->111
[2026-09-03T12:35:55.801+0800][14.948s][info][gc,heap     ] GC(168) Humongous regions: 1->1
[2026-09-03T12:35:55.801+0800][14.948s][info][gc,metaspace] GC(168) Metaspace: 1059K(1216K)->1059K(1216K) NonClass: 994K(1088K)->994K(1088K) Class: 64K(128K)->64K(128K)
[2026-09-03T12:35:55.801+0800][14.948s][info][gc          ] GC(168) Pause Young (Prepare Mixed) (G1 Evacuation Pause) 183M->123M(256M) 2.078ms
[2026-09-03T12:35:55.801+0800][14.948s][info][gc,cpu      ] GC(168) User=0.01s Sys=0.00s Real=0.01s
[2026-09-03T12:35:55.801+0800][14.948s][info][safepoint   ] Safepoint "G1CollectForAllocation", Time since last: 215020667 ns, Reaching safepoint: 2750 ns, At safepoint: 2104000 ns, Leaving safepoint: 54291 ns, Total: 2161041 ns, Threads: 0 runnable, 42 total
[2026-09-03T12:35:56.080+0800][15.227s][info][gc,start    ] GC(169) Pause Young (Mixed) (G1 Evacuation Pause)
[2026-09-03T12:35:56.080+0800][15.227s][info][gc,task     ] GC(169) Using 9 workers of 9 for evacuation
[2026-09-03T12:35:56.082+0800][15.230s][info][gc,phases   ] GC(169)   Pre Evacuate Collection Set: 0.05ms
[2026-09-03T12:35:56.082+0800][15.230s][info][gc,phases   ] GC(169)   Merge Heap Roots: 0.05ms
[2026-09-03T12:35:56.083+0800][15.230s][info][gc,phases   ] GC(169)   Evacuate Collection Set: 2.16ms
[2026-09-03T12:35:56.083+0800][15.230s][info][gc,phases   ] GC(169)   Post Evacuate Collection Set: 0.12ms
[2026-09-03T12:35:56.083+0800][15.230s][info][gc,phases   ] GC(169)   Other: 0.06ms
[2026-09-03T12:35:56.083+0800][15.230s][info][gc,heap     ] GC(169) Eden regions: 93->0(100)
[2026-09-03T12:35:56.083+0800][15.230s][info][gc,heap     ] GC(169) Survivor regions: 12->14(14)
[2026-09-03T12:35:56.083+0800][15.230s][info][gc,heap     ] GC(169) Old regions: 111->99
[2026-09-03T12:35:56.083+0800][15.230s][info][gc,heap     ] GC(169) Humongous regions: 1->1
[2026-09-03T12:35:56.083+0800][15.230s][info][gc,metaspace] GC(169) Metaspace: 1059K(1216K)->1059K(1216K) NonClass: 994K(1088K)->994K(1088K) Class: 64K(128K)->64K(128K)
[2026-09-03T12:35:56.083+0800][15.230s][info][gc          ] GC(169) Pause Young (Mixed) (G1 Evacuation Pause) 216M->112M(256M) 2.579ms
[2026-09-03T12:35:56.083+0800][15.230s][info][gc,cpu      ] GC(169) User=0.01s Sys=0.00s Real=0.00s
[2026-09-03T12:35:56.083+0800][15.230s][info][safepoint   ] Safepoint "G1CollectForAllocation", Time since last: 278990375 ns, Reaching safepoint: 2834 ns, At safepoint: 2604583 ns, Leaving safepoint: 23958 ns, Total: 2631375 ns, Threads: 0 runnable, 42 total
[2026-09-03T12:35:56.383+0800][15.530s][info][gc,start    ] GC(170) Pause Young (Mixed) (G1 Evacuation Pause)
[2026-09-03T12:35:56.383+0800][15.530s][info][gc,task     ] GC(170) Using 9 workers of 9 for evacuation
[2026-09-03T12:35:56.385+0800][15.533s][info][gc,phases   ] GC(170)   Pre Evacuate Collection Set: 0.07ms
[2026-09-03T12:35:56.385+0800][15.533s][info][gc,phases   ] GC(170)   Merge Heap Roots: 0.03ms
[2026-09-03T12:35:56.385+0800][15.533s][info][gc,phases   ] GC(170)   Evacuate Collection Set: 1.83ms
[2026-09-03T12:35:56.385+0800][15.533s][info][gc,phases   ] GC(170)   Post Evacuate Collection Set: 0.08ms
[2026-09-03T12:35:56.385+0800][15.533s][info][gc,phases   ] GC(170)   Other: 0.06ms
[2026-09-03T12:35:56.385+0800][15.533s][info][gc,heap     ] GC(170) Eden regions: 100->0(90)
[2026-09-03T12:35:56.385+0800][15.533s][info][gc,heap     ] GC(170) Survivor regions: 14->15(15)
[2026-09-03T12:35:56.385+0800][15.533s][info][gc,heap     ] GC(170) Old regions: 99->112
[2026-09-03T12:35:56.385+0800][15.533s][info][gc,heap     ] GC(170) Humongous regions: 1->1
[2026-09-03T12:35:56.385+0800][15.533s][info][gc,metaspace] GC(170) Metaspace: 1059K(1216K)->1059K(1216K) NonClass: 994K(1088K)->994K(1088K) Class: 64K(128K)->64K(128K)
[2026-09-03T12:35:56.385+0800][15.533s][info][gc          ] GC(170) Pause Young (Mixed) (G1 Evacuation Pause) 212M->126M(256M) 2.221ms
[2026-09-03T12:35:56.385+0800][15.533s][info][gc,cpu      ] GC(170) User=0.01s Sys=0.00s Real=0.00s
[2026-09-03T12:35:56.385+0800][15.533s][info][safepoint   ] Safepoint "G1CollectForAllocation", Time since last: 300415459 ns, Reaching safepoint: 3083 ns, At safepoint: 2245000 ns, Leaving safepoint: 23292 ns, Total: 2271375 ns, Threads: 0 runnable, 42 total
[2026-09-03T12:35:56.658+0800][15.805s][info][gc,start    ] GC(171) Pause Young (Concurrent Start) (G1 Evacuation Pause)
[2026-09-03T12:35:56.658+0800][15.805s][info][gc,task     ] GC(171) Using 9 workers of 9 for evacuation
[2026-09-03T12:35:56.660+0800][15.807s][info][gc,phases   ] GC(171)   Pre Evacuate Collection Set: 0.07ms
[2026-09-03T12:35:56.660+0800][15.808s][info][gc,phases   ] GC(171)   Merge Heap Roots: 0.03ms
[2026-09-03T12:35:56.660+0800][15.808s][info][gc,phases   ] GC(171)   Evacuate Collection Set: 1.93ms
[2026-09-03T12:35:56.660+0800][15.808s][info][gc,phases   ] GC(171)   Post Evacuate Collection Set: 0.08ms
[2026-09-03T12:35:56.660+0800][15.808s][info][gc,phases   ] GC(171)   Other: 0.06ms
[2026-09-03T12:35:56.660+0800][15.808s][info][gc,heap     ] GC(171) Eden regions: 90->0(77)
[2026-09-03T12:35:56.660+0800][15.808s][info][gc,heap     ] GC(171) Survivor regions: 15->14(14)
[2026-09-03T12:35:56.660+0800][15.808s][info][gc,heap     ] GC(171) Old regions: 112->131
[2026-09-03T12:35:56.660+0800][15.808s][info][gc,heap     ] GC(171) Humongous regions: 1->1
[2026-09-03T12:35:56.660+0800][15.808s][info][gc,metaspace] GC(171) Metaspace: 1059K(1216K)->1059K(1216K) NonClass: 994K(1088K)->994K(1088K) Class: 64K(128K)->64K(128K)
[2026-09-03T12:35:56.660+0800][15.808s][info][gc          ] GC(171) Pause Young (Concurrent Start) (G1 Evacuation Pause) 216M->144M(256M) 2.286ms
[2026-09-03T12:35:56.660+0800][15.808s][info][gc,cpu      ] GC(171) User=0.01s Sys=0.00s Real=0.01s
[2026-09-03T12:35:56.660+0800][15.808s][info][gc          ] GC(172) Concurrent Mark Cycle
[2026-09-03T12:35:56.660+0800][15.808s][info][gc,marking  ] GC(172) Concurrent Scan Root Regions
[2026-09-03T12:35:56.660+0800][15.808s][info][safepoint   ] Safepoint "G1CollectForAllocation", Time since last: 272585958 ns, Reaching safepoint: 2208 ns, At safepoint: 2316750 ns, Leaving safepoint: 21709 ns, Total: 2340667 ns, Threads: 0 runnable, 42 total
[2026-09-03T12:35:56.662+0800][15.810s][info][gc,marking  ] GC(172) Concurrent Scan Root Regions 2.046ms
[2026-09-03T12:35:56.662+0800][15.810s][info][gc,marking  ] GC(172) Concurrent Mark
[2026-09-03T12:35:56.662+0800][15.810s][info][gc,marking  ] GC(172) Concurrent Mark From Roots
[2026-09-03T12:35:56.662+0800][15.810s][info][gc,task     ] GC(172) Concurrent Mark Using 2 of 2 Workers
[2026-09-03T12:35:56.666+0800][15.814s][info][gc,marking  ] GC(172) Concurrent Mark From Roots 4.157ms
[2026-09-03T12:35:56.666+0800][15.814s][info][gc,marking  ] GC(172) Concurrent Preclean
[2026-09-03T12:35:56.666+0800][15.814s][info][gc,marking  ] GC(172) Concurrent Preclean 0.010ms
[2026-09-03T12:35:56.666+0800][15.814s][info][gc,start    ] GC(172) Pause Remark
[2026-09-03T12:35:56.667+0800][15.814s][info][gc          ] GC(172) Pause Remark 148M->109M(256M) 0.316ms
[2026-09-03T12:35:56.667+0800][15.814s][info][gc,cpu      ] GC(172) User=0.01s Sys=0.01s Real=0.00s
[2026-09-03T12:35:56.667+0800][15.814s][info][safepoint   ] Safepoint "G1PauseRemark", Time since last: 6262791 ns, Reaching safepoint: 2250 ns, At safepoint: 341000 ns, Leaving safepoint: 20334 ns, Total: 363584 ns, Threads: 0 runnable, 42 total
[2026-09-03T12:35:56.667+0800][15.814s][info][gc,marking  ] GC(172) Concurrent Mark 4.616ms
[2026-09-03T12:35:56.667+0800][15.814s][info][gc,marking  ] GC(172) Concurrent Rebuild Remembered Sets and Scrub Regions
[2026-09-03T12:35:56.670+0800][15.818s][info][gc,marking  ] GC(172) Concurrent Rebuild Remembered Sets and Scrub Regions 3.431ms
[2026-09-03T12:35:56.670+0800][15.818s][info][gc,start    ] GC(172) Pause Cleanup
[2026-09-03T12:35:56.670+0800][15.818s][info][gc          ] GC(172) Pause Cleanup 110M->110M(256M) 0.032ms
[2026-09-03T12:35:56.670+0800][15.818s][info][gc,cpu      ] GC(172) User=0.00s Sys=0.00s Real=0.00s
[2026-09-03T12:35:56.670+0800][15.818s][info][safepoint   ] Safepoint "G1PauseCleanup", Time since last: 3502583 ns, Reaching safepoint: 1417 ns, At safepoint: 49625 ns, Leaving safepoint: 2708 ns, Total: 53750 ns, Threads: 0 runnable, 42 total
[2026-09-03T12:35:56.670+0800][15.818s][info][gc,marking  ] GC(172) Concurrent Clear Claimed Marks
[2026-09-03T12:35:56.670+0800][15.818s][info][gc,marking  ] GC(172) Concurrent Clear Claimed Marks 0.005ms
[2026-09-03T12:35:56.670+0800][15.818s][info][gc,marking  ] GC(172) Concurrent Cleanup for Next Mark
[2026-09-03T12:35:56.671+0800][15.818s][info][gc,marking  ] GC(172) Concurrent Cleanup for Next Mark 0.141ms
[2026-09-03T12:35:56.671+0800][15.818s][info][gc          ] GC(172) Concurrent Mark Cycle 10.383ms
[2026-09-03T12:35:56.890+0800][16.038s][info][gc,start    ] GC(173) Pause Young (Prepare Mixed) (G1 Evacuation Pause)
[2026-09-03T12:35:56.890+0800][16.038s][info][gc,task     ] GC(173) Using 9 workers of 9 for evacuation
[2026-09-03T12:35:56.892+0800][16.040s][info][gc,phases   ] GC(173)   Pre Evacuate Collection Set: 0.07ms
[2026-09-03T12:35:56.892+0800][16.040s][info][gc,phases   ] GC(173)   Merge Heap Roots: 0.04ms
[2026-09-03T12:35:56.892+0800][16.040s][info][gc,phases   ] GC(173)   Evacuate Collection Set: 1.71ms
[2026-09-03T12:35:56.892+0800][16.040s][info][gc,phases   ] GC(173)   Post Evacuate Collection Set: 0.09ms
[2026-09-03T12:35:56.892+0800][16.040s][info][gc,phases   ] GC(173)   Other: 0.06ms
[2026-09-03T12:35:56.892+0800][16.040s][info][gc,heap     ] GC(173) Eden regions: 77->0(94)
[2026-09-03T12:35:56.892+0800][16.040s][info][gc,heap     ] GC(173) Survivor regions: 14->12(12)
[2026-09-03T12:35:56.892+0800][16.040s][info][gc,heap     ] GC(173) Old regions: 92->110
[2026-09-03T12:35:56.892+0800][16.040s][info][gc,heap     ] GC(173) Humongous regions: 1->1
[2026-09-03T12:35:56.892+0800][16.040s][info][gc,metaspace] GC(173) Metaspace: 1059K(1216K)->1059K(1216K) NonClass: 994K(1088K)->994K(1088K) Class: 64K(128K)->64K(128K)
[2026-09-03T12:35:56.892+0800][16.040s][info][gc          ] GC(173) Pause Young (Prepare Mixed) (G1 Evacuation Pause) 182M->121M(256M) 2.081ms
[2026-09-03T12:35:56.892+0800][16.040s][info][gc,cpu      ] GC(173) User=0.01s Sys=0.00s Real=0.00s
[2026-09-03T12:35:56.893+0800][16.040s][info][safepoint   ] Safepoint "G1CollectForAllocation", Time since last: 219993083 ns, Reaching safepoint: 2834 ns, At safepoint: 2106208 ns, Leaving safepoint: 26125 ns, Total: 2135167 ns, Threads: 0 runnable, 42 total
[2026-09-03T12:35:57.177+0800][16.324s][info][gc,start    ] GC(174) Pause Young (Mixed) (G1 Evacuation Pause)
[2026-09-03T12:35:57.177+0800][16.324s][info][gc,task     ] GC(174) Using 9 workers of 9 for evacuation
[2026-09-03T12:35:57.179+0800][16.326s][info][gc,phases   ] GC(174)   Pre Evacuate Collection Set: 0.05ms
[2026-09-03T12:35:57.179+0800][16.326s][info][gc,phases   ] GC(174)   Merge Heap Roots: 0.02ms
[2026-09-03T12:35:57.179+0800][16.326s][info][gc,phases   ] GC(174)   Evacuate Collection Set: 1.84ms
[2026-09-03T12:35:57.179+0800][16.326s][info][gc,phases   ] GC(174)   Post Evacuate Collection Set: 0.12ms
[2026-09-03T12:35:57.179+0800][16.326s][info][gc,phases   ] GC(174)   Other: 0.06ms
[2026-09-03T12:35:57.179+0800][16.326s][info][gc,heap     ] GC(174) Eden regions: 94->0(102)
[2026-09-03T12:35:57.179+0800][16.326s][info][gc,heap     ] GC(174) Survivor regions: 12->14(14)
[2026-09-03T12:35:57.179+0800][16.326s][info][gc,heap     ] GC(174) Old regions: 110->97
[2026-09-03T12:35:57.179+0800][16.326s][info][gc,heap     ] GC(174) Humongous regions: 1->1
[2026-09-03T12:35:57.179+0800][16.326s][info][gc,metaspace] GC(174) Metaspace: 1059K(1216K)->1059K(1216K) NonClass: 994K(1088K)->994K(1088K) Class: 64K(128K)->64K(128K)
[2026-09-03T12:35:57.179+0800][16.326s][info][gc          ] GC(174) Pause Young (Mixed) (G1 Evacuation Pause) 215M->111M(256M) 2.225ms
[2026-09-03T12:35:57.179+0800][16.326s][info][gc,cpu      ] GC(174) User=0.01s Sys=0.00s Real=0.00s
[2026-09-03T12:35:57.179+0800][16.326s][info][safepoint   ] Safepoint "G1CollectForAllocation", Time since last: 284090542 ns, Reaching safepoint: 2625 ns, At safepoint: 2249791 ns, Leaving safepoint: 21667 ns, Total: 2274083 ns, Threads: 0 runnable, 42 total
[2026-09-03T12:35:57.488+0800][16.635s][info][gc,start    ] GC(175) Pause Young (Mixed) (G1 Evacuation Pause)
[2026-09-03T12:35:57.488+0800][16.635s][info][gc,task     ] GC(175) Using 9 workers of 9 for evacuation
[2026-09-03T12:35:57.490+0800][16.638s][info][gc,phases   ] GC(175)   Pre Evacuate Collection Set: 0.06ms
[2026-09-03T12:35:57.490+0800][16.638s][info][gc,phases   ] GC(175)   Merge Heap Roots: 0.04ms
[2026-09-03T12:35:57.490+0800][16.638s][info][gc,phases   ] GC(175)   Evacuate Collection Set: 2.65ms
[2026-09-03T12:35:57.490+0800][16.638s][info][gc,phases   ] GC(175)   Post Evacuate Collection Set: 0.10ms
[2026-09-03T12:35:57.490+0800][16.638s][info][gc,phases   ] GC(175)   Other: 0.06ms
[2026-09-03T12:35:57.491+0800][16.638s][info][gc,heap     ] GC(175) Eden regions: 102->0(91)
[2026-09-03T12:35:57.491+0800][16.638s][info][gc,heap     ] GC(175) Survivor regions: 14->15(15)
[2026-09-03T12:35:57.491+0800][16.638s][info][gc,heap     ] GC(175) Old regions: 97->111
[2026-09-03T12:35:57.491+0800][16.638s][info][gc,heap     ] GC(175) Humongous regions: 1->1
[2026-09-03T12:35:57.491+0800][16.638s][info][gc,metaspace] GC(175) Metaspace: 1059K(1216K)->1059K(1216K) NonClass: 994K(1088K)->994K(1088K) Class: 64K(128K)->64K(128K)
[2026-09-03T12:35:57.491+0800][16.638s][info][gc          ] GC(175) Pause Young (Mixed) (G1 Evacuation Pause) 213M->125M(256M) 3.016ms
[2026-09-03T12:35:57.491+0800][16.638s][info][gc,cpu      ] GC(175) User=0.02s Sys=0.00s Real=0.01s
[2026-09-03T12:35:57.491+0800][16.638s][info][safepoint   ] Safepoint "G1CollectForAllocation", Time since last: 308622667 ns, Reaching safepoint: 2500 ns, At safepoint: 3038250 ns, Leaving safepoint: 23416 ns, Total: 3064166 ns, Threads: 0 runnable, 42 total
[2026-09-03T12:35:57.764+0800][16.911s][info][gc,start    ] GC(176) Pause Young (Concurrent Start) (G1 Evacuation Pause)
[2026-09-03T12:35:57.764+0800][16.911s][info][gc,task     ] GC(176) Using 9 workers of 9 for evacuation
[2026-09-03T12:35:57.766+0800][16.914s][info][gc,phases   ] GC(176)   Pre Evacuate Collection Set: 0.10ms
[2026-09-03T12:35:57.766+0800][16.914s][info][gc,phases   ] GC(176)   Merge Heap Roots: 0.02ms
[2026-09-03T12:35:57.766+0800][16.914s][info][gc,phases   ] GC(176)   Evacuate Collection Set: 2.35ms
[2026-09-03T12:35:57.766+0800][16.914s][info][gc,phases   ] GC(176)   Post Evacuate Collection Set: 0.09ms
[2026-09-03T12:35:57.766+0800][16.914s][info][gc,phases   ] GC(176)   Other: 0.06ms
[2026-09-03T12:35:57.766+0800][16.914s][info][gc,heap     ] GC(176) Eden regions: 91->0(78)
[2026-09-03T12:35:57.766+0800][16.914s][info][gc,heap     ] GC(176) Survivor regions: 15->14(14)
[2026-09-03T12:35:57.766+0800][16.914s][info][gc,heap     ] GC(176) Old regions: 111->130
[2026-09-03T12:35:57.766+0800][16.914s][info][gc,heap     ] GC(176) Humongous regions: 1->1
[2026-09-03T12:35:57.766+0800][16.914s][info][gc,metaspace] GC(176) Metaspace: 1059K(1216K)->1059K(1216K) NonClass: 994K(1088K)->994K(1088K) Class: 64K(128K)->64K(128K)
[2026-09-03T12:35:57.766+0800][16.914s][info][gc          ] GC(176) Pause Young (Concurrent Start) (G1 Evacuation Pause) 216M->144M(256M) 2.753ms
[2026-09-03T12:35:57.766+0800][16.914s][info][gc,cpu      ] GC(176) User=0.02s Sys=0.00s Real=0.00s
[2026-09-03T12:35:57.766+0800][16.914s][info][gc          ] GC(177) Concurrent Mark Cycle
[2026-09-03T12:35:57.766+0800][16.914s][info][gc,marking  ] GC(177) Concurrent Scan Root Regions
[2026-09-03T12:35:57.766+0800][16.914s][info][safepoint   ] Safepoint "G1CollectForAllocation", Time since last: 272923542 ns, Reaching safepoint: 3167 ns, At safepoint: 2783291 ns, Leaving safepoint: 28209 ns, Total: 2814667 ns, Threads: 0 runnable, 42 total
[2026-09-03T12:35:57.768+0800][16.916s][info][gc,marking  ] GC(177) Concurrent Scan Root Regions 2.150ms
[2026-09-03T12:35:57.768+0800][16.916s][info][gc,marking  ] GC(177) Concurrent Mark
[2026-09-03T12:35:57.768+0800][16.916s][info][gc,marking  ] GC(177) Concurrent Mark From Roots
[2026-09-03T12:35:57.768+0800][16.916s][info][gc,task     ] GC(177) Concurrent Mark Using 2 of 2 Workers
[2026-09-03T12:35:57.772+0800][16.919s][info][gc,marking  ] GC(177) Concurrent Mark From Roots 3.588ms
[2026-09-03T12:35:57.772+0800][16.919s][info][gc,marking  ] GC(177) Concurrent Preclean
[2026-09-03T12:35:57.772+0800][16.920s][info][gc,marking  ] GC(177) Concurrent Preclean 0.013ms
[2026-09-03T12:35:57.772+0800][16.920s][info][gc,start    ] GC(177) Pause Remark
[2026-09-03T12:35:57.773+0800][16.920s][info][gc          ] GC(177) Pause Remark 147M->111M(256M) 0.407ms
[2026-09-03T12:35:57.773+0800][16.920s][info][gc,cpu      ] GC(177) User=0.00s Sys=0.00s Real=0.00s
[2026-09-03T12:35:57.773+0800][16.920s][info][safepoint   ] Safepoint "G1PauseRemark", Time since last: 5817291 ns, Reaching safepoint: 3000 ns, At safepoint: 429834 ns, Leaving safepoint: 19291 ns, Total: 452125 ns, Threads: 0 runnable, 42 total
[2026-09-03T12:35:57.773+0800][16.920s][info][gc,marking  ] GC(177) Concurrent Mark 4.177ms
[2026-09-03T12:35:57.773+0800][16.920s][info][gc,marking  ] GC(177) Concurrent Rebuild Remembered Sets and Scrub Regions
[2026-09-03T12:35:57.777+0800][16.924s][info][gc,marking  ] GC(177) Concurrent Rebuild Remembered Sets and Scrub Regions 4.288ms
[2026-09-03T12:35:57.777+0800][16.924s][info][gc,start    ] GC(177) Pause Cleanup
[2026-09-03T12:35:57.777+0800][16.924s][info][gc          ] GC(177) Pause Cleanup 113M->113M(256M) 0.039ms
[2026-09-03T12:35:57.777+0800][16.924s][info][gc,cpu      ] GC(177) User=0.00s Sys=0.00s Real=0.00s
[2026-09-03T12:35:57.777+0800][16.924s][info][safepoint   ] Safepoint "G1PauseCleanup", Time since last: 4416250 ns, Reaching safepoint: 2209 ns, At safepoint: 58250 ns, Leaving safepoint: 916 ns, Total: 61375 ns, Threads: 0 runnable, 42 total
[2026-09-03T12:35:57.777+0800][16.924s][info][gc,marking  ] GC(177) Concurrent Clear Claimed Marks
[2026-09-03T12:35:57.777+0800][16.924s][info][gc,marking  ] GC(177) Concurrent Clear Claimed Marks 0.008ms
[2026-09-03T12:35:57.777+0800][16.924s][info][gc,marking  ] GC(177) Concurrent Cleanup for Next Mark
[2026-09-03T12:35:57.777+0800][16.925s][info][gc,marking  ] GC(177) Concurrent Cleanup for Next Mark 0.088ms
[2026-09-03T12:35:57.777+0800][16.925s][info][gc          ] GC(177) Concurrent Mark Cycle 10.901ms
[2026-09-03T12:35:58.001+0800][17.148s][info][gc,start    ] GC(178) Pause Young (Prepare Mixed) (G1 Evacuation Pause)
[2026-09-03T12:35:58.001+0800][17.148s][info][gc,task     ] GC(178) Using 9 workers of 9 for evacuation
[2026-09-03T12:35:58.003+0800][17.150s][info][gc,phases   ] GC(178)   Pre Evacuate Collection Set: 0.07ms
[2026-09-03T12:35:58.003+0800][17.150s][info][gc,phases   ] GC(178)   Merge Heap Roots: 0.03ms
[2026-09-03T12:35:58.003+0800][17.150s][info][gc,phases   ] GC(178)   Evacuate Collection Set: 1.72ms
[2026-09-03T12:35:58.003+0800][17.150s][info][gc,phases   ] GC(178)   Post Evacuate Collection Set: 0.08ms
[2026-09-03T12:35:58.003+0800][17.150s][info][gc,phases   ] GC(178)   Other: 0.06ms
[2026-09-03T12:35:58.003+0800][17.150s][info][gc,heap     ] GC(178) Eden regions: 78->0(92)
[2026-09-03T12:35:58.003+0800][17.150s][info][gc,heap     ] GC(178) Survivor regions: 14->12(12)
[2026-09-03T12:35:58.003+0800][17.150s][info][gc,heap     ] GC(178) Old regions: 94->113
[2026-09-03T12:35:58.003+0800][17.150s][info][gc,heap     ] GC(178) Humongous regions: 1->1
[2026-09-03T12:35:58.003+0800][17.150s][info][gc,metaspace] GC(178) Metaspace: 1059K(1216K)->1059K(1216K) NonClass: 994K(1088K)->994K(1088K) Class: 64K(128K)->64K(128K)
[2026-09-03T12:35:58.003+0800][17.150s][info][gc          ] GC(178) Pause Young (Prepare Mixed) (G1 Evacuation Pause) 186M->124M(256M) 2.072ms
[2026-09-03T12:35:58.003+0800][17.150s][info][gc,cpu      ] GC(178) User=0.01s Sys=0.00s Real=0.00s
[2026-09-03T12:35:58.003+0800][17.150s][info][safepoint   ] Safepoint "G1CollectForAllocation", Time since last: 223568750 ns, Reaching safepoint: 22459 ns, At safepoint: 2095375 ns, Leaving safepoint: 25333 ns, Total: 2143167 ns, Threads: 2 runnable, 42 total
[2026-09-03T12:35:58.279+0800][17.426s][info][gc,start    ] GC(179) Pause Young (Mixed) (G1 Evacuation Pause)
[2026-09-03T12:35:58.279+0800][17.426s][info][gc,task     ] GC(179) Using 9 workers of 9 for evacuation
[2026-09-03T12:35:58.281+0800][17.429s][info][gc,phases   ] GC(179)   Pre Evacuate Collection Set: 0.05ms
[2026-09-03T12:35:58.281+0800][17.429s][info][gc,phases   ] GC(179)   Merge Heap Roots: 0.03ms
[2026-09-03T12:35:58.281+0800][17.429s][info][gc,phases   ] GC(179)   Evacuate Collection Set: 2.23ms
[2026-09-03T12:35:58.281+0800][17.429s][info][gc,phases   ] GC(179)   Post Evacuate Collection Set: 0.18ms
[2026-09-03T12:35:58.281+0800][17.429s][info][gc,phases   ] GC(179)   Other: 0.07ms
[2026-09-03T12:35:58.281+0800][17.429s][info][gc,heap     ] GC(179) Eden regions: 92->0(99)
[2026-09-03T12:35:58.281+0800][17.429s][info][gc,heap     ] GC(179) Survivor regions: 12->13(13)
[2026-09-03T12:35:58.281+0800][17.429s][info][gc,heap     ] GC(179) Old regions: 113->101
[2026-09-03T12:35:58.281+0800][17.429s][info][gc,heap     ] GC(179) Humongous regions: 1->1
[2026-09-03T12:35:58.281+0800][17.429s][info][gc,metaspace] GC(179) Metaspace: 1059K(1216K)->1059K(1216K) NonClass: 994K(1088K)->994K(1088K) Class: 64K(128K)->64K(128K)
[2026-09-03T12:35:58.281+0800][17.429s][info][gc          ] GC(179) Pause Young (Mixed) (G1 Evacuation Pause) 216M->113M(256M) 2.733ms
[2026-09-03T12:35:58.281+0800][17.429s][info][gc,cpu      ] GC(179) User=0.02s Sys=0.00s Real=0.01s
[2026-09-03T12:35:58.281+0800][17.429s][info][safepoint   ] Safepoint "G1CollectForAllocation", Time since last: 275818458 ns, Reaching safepoint: 2250 ns, At safepoint: 2762667 ns, Leaving safepoint: 36500 ns, Total: 2801417 ns, Threads: 0 runnable, 42 total
[2026-09-03T12:35:58.578+0800][17.725s][info][gc,start    ] GC(180) Pause Young (Mixed) (G1 Evacuation Pause)
[2026-09-03T12:35:58.578+0800][17.725s][info][gc,task     ] GC(180) Using 9 workers of 9 for evacuation
[2026-09-03T12:35:58.581+0800][17.729s][info][gc,phases   ] GC(180)   Pre Evacuate Collection Set: 0.07ms
[2026-09-03T12:35:58.581+0800][17.729s][info][gc,phases   ] GC(180)   Merge Heap Roots: 0.04ms
[2026-09-03T12:35:58.581+0800][17.729s][info][gc,phases   ] GC(180)   Evacuate Collection Set: 2.64ms
[2026-09-03T12:35:58.581+0800][17.729s][info][gc,phases   ] GC(180)   Post Evacuate Collection Set: 0.26ms
[2026-09-03T12:35:58.581+0800][17.729s][info][gc,phases   ] GC(180)   Other: 0.07ms
[2026-09-03T12:35:58.581+0800][17.729s][info][gc,heap     ] GC(180) Eden regions: 99->0(90)
[2026-09-03T12:35:58.581+0800][17.729s][info][gc,heap     ] GC(180) Survivor regions: 13->14(14)
[2026-09-03T12:35:58.581+0800][17.729s][info][gc,heap     ] GC(180) Old regions: 101->113
[2026-09-03T12:35:58.581+0800][17.729s][info][gc,heap     ] GC(180) Humongous regions: 1->1
[2026-09-03T12:35:58.581+0800][17.729s][info][gc,metaspace] GC(180) Metaspace: 1059K(1216K)->1059K(1216K) NonClass: 994K(1088K)->994K(1088K) Class: 64K(128K)->64K(128K)
[2026-09-03T12:35:58.581+0800][17.729s][info][gc          ] GC(180) Pause Young (Mixed) (G1 Evacuation Pause) 212M->127M(256M) 3.208ms
[2026-09-03T12:35:58.581+0800][17.729s][info][gc,cpu      ] GC(180) User=0.02s Sys=0.00s Real=0.01s
[2026-09-03T12:35:58.581+0800][17.729s][info][safepoint   ] Safepoint "G1CollectForAllocation", Time since last: 296585542 ns, Reaching safepoint: 19250 ns, At safepoint: 3236416 ns, Leaving safepoint: 26375 ns, Total: 3282041 ns, Threads: 1 runnable, 42 total
[2026-09-03T12:35:58.851+0800][17.998s][info][gc,start    ] GC(181) Pause Young (Concurrent Start) (G1 Evacuation Pause)
[2026-09-03T12:35:58.851+0800][17.998s][info][gc,task     ] GC(181) Using 9 workers of 9 for evacuation
[2026-09-03T12:35:58.853+0800][18.000s][info][gc,phases   ] GC(181)   Pre Evacuate Collection Set: 0.05ms
[2026-09-03T12:35:58.853+0800][18.000s][info][gc,phases   ] GC(181)   Merge Heap Roots: 0.03ms
[2026-09-03T12:35:58.853+0800][18.000s][info][gc,phases   ] GC(181)   Evacuate Collection Set: 1.90ms
[2026-09-03T12:35:58.853+0800][18.000s][info][gc,phases   ] GC(181)   Post Evacuate Collection Set: 0.09ms
[2026-09-03T12:35:58.853+0800][18.000s][info][gc,phases   ] GC(181)   Other: 0.06ms
[2026-09-03T12:35:58.853+0800][18.000s][info][gc,heap     ] GC(181) Eden regions: 90->0(78)
[2026-09-03T12:35:58.853+0800][18.000s][info][gc,heap     ] GC(181) Survivor regions: 14->13(13)
[2026-09-03T12:35:58.853+0800][18.000s][info][gc,heap     ] GC(181) Old regions: 113->132
[2026-09-03T12:35:58.853+0800][18.000s][info][gc,heap     ] GC(181) Humongous regions: 1->1
[2026-09-03T12:35:58.853+0800][18.000s][info][gc,metaspace] GC(181) Metaspace: 1059K(1216K)->1059K(1216K) NonClass: 994K(1088K)->994K(1088K) Class: 64K(128K)->64K(128K)
[2026-09-03T12:35:58.853+0800][18.000s][info][gc          ] GC(181) Pause Young (Concurrent Start) (G1 Evacuation Pause) 217M->145M(256M) 2.249ms
[2026-09-03T12:35:58.853+0800][18.000s][info][gc,cpu      ] GC(181) User=0.02s Sys=0.00s Real=0.00s
[2026-09-03T12:35:58.853+0800][18.000s][info][gc          ] GC(182) Concurrent Mark Cycle
[2026-09-03T12:35:58.853+0800][18.000s][info][gc,marking  ] GC(182) Concurrent Scan Root Regions
[2026-09-03T12:35:58.853+0800][18.000s][info][safepoint   ] Safepoint "G1CollectForAllocation", Time since last: 269255250 ns, Reaching safepoint: 19292 ns, At safepoint: 2278875 ns, Leaving safepoint: 18625 ns, Total: 2316792 ns, Threads: 1 runnable, 42 total
[2026-09-03T12:35:58.855+0800][18.002s][info][gc,marking  ] GC(182) Concurrent Scan Root Regions 1.937ms
[2026-09-03T12:35:58.855+0800][18.002s][info][gc,marking  ] GC(182) Concurrent Mark
[2026-09-03T12:35:58.855+0800][18.002s][info][gc,marking  ] GC(182) Concurrent Mark From Roots
[2026-09-03T12:35:58.855+0800][18.002s][info][gc,task     ] GC(182) Concurrent Mark Using 2 of 2 Workers
[2026-09-03T12:35:58.859+0800][18.007s][info][gc,marking  ] GC(182) Concurrent Mark From Roots 4.479ms
[2026-09-03T12:35:58.859+0800][18.007s][info][gc,marking  ] GC(182) Concurrent Preclean
[2026-09-03T12:35:58.859+0800][18.007s][info][gc,marking  ] GC(182) Concurrent Preclean 0.011ms
[2026-09-03T12:35:58.859+0800][18.007s][info][gc,start    ] GC(182) Pause Remark
[2026-09-03T12:35:58.860+0800][18.007s][info][gc          ] GC(182) Pause Remark 148M->107M(256M) 0.362ms
[2026-09-03T12:35:58.860+0800][18.007s][info][gc,cpu      ] GC(182) User=0.00s Sys=0.00s Real=0.01s
[2026-09-03T12:35:58.860+0800][18.007s][info][safepoint   ] Safepoint "G1PauseRemark", Time since last: 6492083 ns, Reaching safepoint: 3459 ns, At safepoint: 386291 ns, Leaving safepoint: 17584 ns, Total: 407334 ns, Threads: 0 runnable, 42 total
[2026-09-03T12:35:58.860+0800][18.007s][info][gc,marking  ] GC(182) Concurrent Mark 4.998ms
[2026-09-03T12:35:58.860+0800][18.007s][info][gc,marking  ] GC(182) Concurrent Rebuild Remembered Sets and Scrub Regions
[2026-09-03T12:35:58.865+0800][18.012s][info][gc,marking  ] GC(182) Concurrent Rebuild Remembered Sets and Scrub Regions 4.835ms
[2026-09-03T12:35:58.865+0800][18.012s][info][gc,start    ] GC(182) Pause Cleanup
[2026-09-03T12:35:58.865+0800][18.012s][info][gc          ] GC(182) Pause Cleanup 109M->109M(256M) 0.045ms
[2026-09-03T12:35:58.865+0800][18.012s][info][gc,cpu      ] GC(182) User=0.00s Sys=0.00s Real=0.00s
[2026-09-03T12:35:58.865+0800][18.012s][info][safepoint   ] Safepoint "G1PauseCleanup", Time since last: 4947250 ns, Reaching safepoint: 2458 ns, At safepoint: 72958 ns, Leaving safepoint: 4500 ns, Total: 79916 ns, Threads: 0 runnable, 42 total
[2026-09-03T12:35:58.865+0800][18.012s][info][gc,marking  ] GC(182) Concurrent Clear Claimed Marks
[2026-09-03T12:35:58.865+0800][18.012s][info][gc,marking  ] GC(182) Concurrent Clear Claimed Marks 0.009ms
[2026-09-03T12:35:58.865+0800][18.012s][info][gc,marking  ] GC(182) Concurrent Cleanup for Next Mark
[2026-09-03T12:35:58.865+0800][18.012s][info][gc,marking  ] GC(182) Concurrent Cleanup for Next Mark 0.127ms
[2026-09-03T12:35:58.865+0800][18.012s][info][gc          ] GC(182) Concurrent Mark Cycle 12.118ms
[2026-09-03T12:35:59.084+0800][18.232s][info][gc,start    ] GC(183) Pause Young (Prepare Mixed) (G1 Evacuation Pause)
[2026-09-03T12:35:59.084+0800][18.232s][info][gc,task     ] GC(183) Using 9 workers of 9 for evacuation
[2026-09-03T12:35:59.086+0800][18.234s][info][gc,phases   ] GC(183)   Pre Evacuate Collection Set: 0.05ms
[2026-09-03T12:35:59.086+0800][18.234s][info][gc,phases   ] GC(183)   Merge Heap Roots: 0.02ms
[2026-09-03T12:35:59.086+0800][18.234s][info][gc,phases   ] GC(183)   Evacuate Collection Set: 1.58ms
[2026-09-03T12:35:59.086+0800][18.234s][info][gc,phases   ] GC(183)   Post Evacuate Collection Set: 0.10ms
[2026-09-03T12:35:59.086+0800][18.234s][info][gc,phases   ] GC(183)   Other: 0.05ms
[2026-09-03T12:35:59.086+0800][18.234s][info][gc,heap     ] GC(183) Eden regions: 78->0(95)
[2026-09-03T12:35:59.086+0800][18.234s][info][gc,heap     ] GC(183) Survivor regions: 13->12(12)
[2026-09-03T12:35:59.086+0800][18.234s][info][gc,heap     ] GC(183) Old regions: 91->108
[2026-09-03T12:35:59.086+0800][18.234s][info][gc,heap     ] GC(183) Humongous regions: 1->1
[2026-09-03T12:35:59.086+0800][18.234s][info][gc,metaspace] GC(183) Metaspace: 1059K(1216K)->1059K(1216K) NonClass: 994K(1088K)->994K(1088K) Class: 64K(128K)->64K(128K)
[2026-09-03T12:35:59.086+0800][18.234s][info][gc          ] GC(183) Pause Young (Prepare Mixed) (G1 Evacuation Pause) 182M->119M(256M) 1.906ms
[2026-09-03T12:35:59.086+0800][18.234s][info][gc,cpu      ] GC(183) User=0.01s Sys=0.00s Real=0.00s
[2026-09-03T12:35:59.086+0800][18.234s][info][safepoint   ] Safepoint "G1CollectForAllocation", Time since last: 219634709 ns, Reaching safepoint: 2375 ns, At safepoint: 1928625 ns, Leaving safepoint: 42916 ns, Total: 1973916 ns, Threads: 0 runnable, 42 total
[2026-09-03T12:35:59.371+0800][18.518s][info][gc,start    ] GC(184) Pause Young (Mixed) (G1 Evacuation Pause)
[2026-09-03T12:35:59.371+0800][18.518s][info][gc,task     ] GC(184) Using 9 workers of 9 for evacuation
[2026-09-03T12:35:59.374+0800][18.521s][info][gc,phases   ] GC(184)   Pre Evacuate Collection Set: 0.05ms
[2026-09-03T12:35:59.374+0800][18.521s][info][gc,phases   ] GC(184)   Merge Heap Roots: 0.04ms
[2026-09-03T12:35:59.374+0800][18.521s][info][gc,phases   ] GC(184)   Evacuate Collection Set: 2.64ms
[2026-09-03T12:35:59.374+0800][18.521s][info][gc,phases   ] GC(184)   Post Evacuate Collection Set: 0.11ms
[2026-09-03T12:35:59.374+0800][18.521s][info][gc,phases   ] GC(184)   Other: 0.06ms
[2026-09-03T12:35:59.374+0800][18.521s][info][gc,heap     ] GC(184) Eden regions: 95->0(102)
[2026-09-03T12:35:59.374+0800][18.521s][info][gc,heap     ] GC(184) Survivor regions: 12->14(14)
[2026-09-03T12:35:59.374+0800][18.521s][info][gc,heap     ] GC(184) Old regions: 108->96
[2026-09-03T12:35:59.374+0800][18.521s][info][gc,heap     ] GC(184) Humongous regions: 1->1
[2026-09-03T12:35:59.374+0800][18.521s][info][gc,metaspace] GC(184) Metaspace: 1059K(1216K)->1059K(1216K) NonClass: 994K(1088K)->994K(1088K) Class: 64K(128K)->64K(128K)
[2026-09-03T12:35:59.374+0800][18.521s][info][gc          ] GC(184) Pause Young (Mixed) (G1 Evacuation Pause) 214M->109M(256M) 3.022ms
[2026-09-03T12:35:59.374+0800][18.521s][info][gc,cpu      ] GC(184) User=0.02s Sys=0.00s Real=0.00s
[2026-09-03T12:35:59.374+0800][18.521s][info][safepoint   ] Safepoint "G1CollectForAllocation", Time since last: 284386625 ns, Reaching safepoint: 2042 ns, At safepoint: 3047333 ns, Leaving safepoint: 29375 ns, Total: 3078750 ns, Threads: 0 runnable, 42 total
[2026-09-03T12:35:59.680+0800][18.828s][info][gc,start    ] GC(185) Pause Young (Mixed) (G1 Evacuation Pause)
[2026-09-03T12:35:59.680+0800][18.828s][info][gc,task     ] GC(185) Using 9 workers of 9 for evacuation
[2026-09-03T12:35:59.683+0800][18.830s][info][gc,phases   ] GC(185)   Pre Evacuate Collection Set: 0.08ms
[2026-09-03T12:35:59.683+0800][18.830s][info][gc,phases   ] GC(185)   Merge Heap Roots: 0.02ms
[2026-09-03T12:35:59.683+0800][18.830s][info][gc,phases   ] GC(185)   Evacuate Collection Set: 2.43ms
[2026-09-03T12:35:59.683+0800][18.830s][info][gc,phases   ] GC(185)   Post Evacuate Collection Set: 0.09ms
[2026-09-03T12:35:59.683+0800][18.830s][info][gc,phases   ] GC(185)   Other: 0.07ms
[2026-09-03T12:35:59.683+0800][18.830s][info][gc,heap     ] GC(185) Eden regions: 102->0(91)
[2026-09-03T12:35:59.683+0800][18.830s][info][gc,heap     ] GC(185) Survivor regions: 14->15(15)
[2026-09-03T12:35:59.683+0800][18.830s][info][gc,heap     ] GC(185) Old regions: 96->111
[2026-09-03T12:35:59.683+0800][18.830s][info][gc,heap     ] GC(185) Humongous regions: 1->1
[2026-09-03T12:35:59.683+0800][18.830s][info][gc,metaspace] GC(185) Metaspace: 1059K(1216K)->1059K(1216K) NonClass: 994K(1088K)->994K(1088K) Class: 64K(128K)->64K(128K)
[2026-09-03T12:35:59.683+0800][18.830s][info][gc          ] GC(185) Pause Young (Mixed) (G1 Evacuation Pause) 211M->126M(256M) 2.819ms
[2026-09-03T12:35:59.683+0800][18.830s][info][gc,cpu      ] GC(185) User=0.02s Sys=0.00s Real=0.00s
[2026-09-03T12:35:59.683+0800][18.830s][info][safepoint   ] Safepoint "G1CollectForAllocation", Time since last: 306382209 ns, Reaching safepoint: 2958 ns, At safepoint: 2847750 ns, Leaving safepoint: 34917 ns, Total: 2885625 ns, Threads: 0 runnable, 42 total
[2026-09-03T12:35:59.958+0800][19.105s][info][gc,start    ] GC(186) Pause Young (Concurrent Start) (G1 Evacuation Pause)
[2026-09-03T12:35:59.958+0800][19.105s][info][gc,task     ] GC(186) Using 9 workers of 9 for evacuation
[2026-09-03T12:35:59.960+0800][19.108s][info][gc,phases   ] GC(186)   Pre Evacuate Collection Set: 0.07ms
[2026-09-03T12:35:59.960+0800][19.108s][info][gc,phases   ] GC(186)   Merge Heap Roots: 0.03ms
[2026-09-03T12:35:59.960+0800][19.108s][info][gc,phases   ] GC(186)   Evacuate Collection Set: 1.85ms
[2026-09-03T12:35:59.960+0800][19.108s][info][gc,phases   ] GC(186)   Post Evacuate Collection Set: 0.10ms
[2026-09-03T12:35:59.960+0800][19.108s][info][gc,phases   ] GC(186)   Other: 0.06ms
[2026-09-03T12:35:59.960+0800][19.108s][info][gc,heap     ] GC(186) Eden regions: 91->0(78)
[2026-09-03T12:35:59.960+0800][19.108s][info][gc,heap     ] GC(186) Survivor regions: 15->14(14)
[2026-09-03T12:35:59.960+0800][19.108s][info][gc,heap     ] GC(186) Old regions: 111->131
[2026-09-03T12:35:59.960+0800][19.108s][info][gc,heap     ] GC(186) Humongous regions: 1->1
[2026-09-03T12:35:59.960+0800][19.108s][info][gc,metaspace] GC(186) Metaspace: 1059K(1216K)->1059K(1216K) NonClass: 994K(1088K)->994K(1088K) Class: 64K(128K)->64K(128K)
[2026-09-03T12:35:59.960+0800][19.108s][info][gc          ] GC(186) Pause Young (Concurrent Start) (G1 Evacuation Pause) 217M->145M(256M) 2.234ms
[2026-09-03T12:35:59.960+0800][19.108s][info][gc,cpu      ] GC(186) User=0.01s Sys=0.01s Real=0.01s
[2026-09-03T12:35:59.960+0800][19.108s][info][gc          ] GC(187) Concurrent Mark Cycle
[2026-09-03T12:35:59.960+0800][19.108s][info][gc,marking  ] GC(187) Concurrent Scan Root Regions
[2026-09-03T12:35:59.960+0800][19.108s][info][safepoint   ] Safepoint "G1CollectForAllocation", Time since last: 274860208 ns, Reaching safepoint: 20917 ns, At safepoint: 2264250 ns, Leaving safepoint: 22416 ns, Total: 2307583 ns, Threads: 1 runnable, 42 total
[2026-09-03T12:35:59.962+0800][19.110s][info][gc,marking  ] GC(187) Concurrent Scan Root Regions 2.044ms
[2026-09-03T12:35:59.962+0800][19.110s][info][gc,marking  ] GC(187) Concurrent Mark
[2026-09-03T12:35:59.962+0800][19.110s][info][gc,marking  ] GC(187) Concurrent Mark From Roots
[2026-09-03T12:35:59.962+0800][19.110s][info][gc,task     ] GC(187) Concurrent Mark Using 2 of 2 Workers
[2026-09-03T12:35:59.967+0800][19.114s][info][gc,marking  ] GC(187) Concurrent Mark From Roots 4.258ms
[2026-09-03T12:35:59.967+0800][19.114s][info][gc,marking  ] GC(187) Concurrent Preclean
[2026-09-03T12:35:59.967+0800][19.114s][info][gc,marking  ] GC(187) Concurrent Preclean 0.009ms
[2026-09-03T12:35:59.967+0800][19.114s][info][gc,start    ] GC(187) Pause Remark
[2026-09-03T12:35:59.967+0800][19.114s][info][gc          ] GC(187) Pause Remark 148M->107M(256M) 0.349ms
[2026-09-03T12:35:59.967+0800][19.114s][info][gc,cpu      ] GC(187) User=0.00s Sys=0.00s Real=0.00s
[2026-09-03T12:35:59.967+0800][19.114s][info][safepoint   ] Safepoint "G1PauseRemark", Time since last: 6351292 ns, Reaching safepoint: 2125 ns, At safepoint: 370750 ns, Leaving safepoint: 21875 ns, Total: 394750 ns, Threads: 0 runnable, 42 total
[2026-09-03T12:35:59.967+0800][19.114s][info][gc,marking  ] GC(187) Concurrent Mark 4.740ms
[2026-09-03T12:35:59.967+0800][19.114s][info][gc,marking  ] GC(187) Concurrent Rebuild Remembered Sets and Scrub Regions
[2026-09-03T12:35:59.970+0800][19.118s][info][gc,marking  ] GC(187) Concurrent Rebuild Remembered Sets and Scrub Regions 3.152ms
[2026-09-03T12:35:59.970+0800][19.118s][info][gc,start    ] GC(187) Pause Cleanup
[2026-09-03T12:35:59.970+0800][19.118s][info][gc          ] GC(187) Pause Cleanup 109M->109M(256M) 0.038ms
[2026-09-03T12:35:59.970+0800][19.118s][info][gc,cpu      ] GC(187) User=0.00s Sys=0.00s Real=0.00s
[2026-09-03T12:35:59.970+0800][19.118s][info][safepoint   ] Safepoint "G1PauseCleanup", Time since last: 3222958 ns, Reaching safepoint: 1375 ns, At safepoint: 54084 ns, Leaving safepoint: 2583 ns, Total: 58042 ns, Threads: 0 runnable, 42 total
[2026-09-03T12:35:59.970+0800][19.118s][info][gc,marking  ] GC(187) Concurrent Clear Claimed Marks
[2026-09-03T12:35:59.970+0800][19.118s][info][gc,marking  ] GC(187) Concurrent Clear Claimed Marks 0.006ms
[2026-09-03T12:35:59.970+0800][19.118s][info][gc,marking  ] GC(187) Concurrent Cleanup for Next Mark
[2026-09-03T12:35:59.970+0800][19.118s][info][gc,marking  ] GC(187) Concurrent Cleanup for Next Mark 0.085ms
[2026-09-03T12:35:59.970+0800][19.118s][info][gc          ] GC(187) Concurrent Mark Cycle 10.169ms
[2026-09-03T12:36:00.195+0800][19.343s][info][gc,start    ] GC(188) Pause Young (Prepare Mixed) (G1 Evacuation Pause)
[2026-09-03T12:36:00.195+0800][19.343s][info][gc,task     ] GC(188) Using 9 workers of 9 for evacuation
[2026-09-03T12:36:00.198+0800][19.345s][info][gc,phases   ] GC(188)   Pre Evacuate Collection Set: 0.06ms
[2026-09-03T12:36:00.198+0800][19.345s][info][gc,phases   ] GC(188)   Merge Heap Roots: 0.01ms
[2026-09-03T12:36:00.198+0800][19.345s][info][gc,phases   ] GC(188)   Evacuate Collection Set: 2.05ms
[2026-09-03T12:36:00.198+0800][19.345s][info][gc,phases   ] GC(188)   Post Evacuate Collection Set: 0.11ms
[2026-09-03T12:36:00.198+0800][19.345s][info][gc,phases   ] GC(188)   Other: 0.07ms
[2026-09-03T12:36:00.198+0800][19.345s][info][gc,heap     ] GC(188) Eden regions: 78->0(95)
[2026-09-03T12:36:00.198+0800][19.345s][info][gc,heap     ] GC(188) Survivor regions: 14->12(12)
[2026-09-03T12:36:00.198+0800][19.345s][info][gc,heap     ] GC(188) Old regions: 90->108
[2026-09-03T12:36:00.198+0800][19.345s][info][gc,heap     ] GC(188) Humongous regions: 1->1
[2026-09-03T12:36:00.198+0800][19.345s][info][gc,metaspace] GC(188) Metaspace: 1059K(1216K)->1059K(1216K) NonClass: 994K(1088K)->994K(1088K) Class: 64K(128K)->64K(128K)
[2026-09-03T12:36:00.198+0800][19.345s][info][gc          ] GC(188) Pause Young (Prepare Mixed) (G1 Evacuation Pause) 182M->120M(256M) 2.434ms
[2026-09-03T12:36:00.198+0800][19.345s][info][gc,cpu      ] GC(188) User=0.02s Sys=0.00s Real=0.00s
[2026-09-03T12:36:00.198+0800][19.345s][info][safepoint   ] Safepoint "G1CollectForAllocation", Time since last: 224908625 ns, Reaching safepoint: 1917 ns, At safepoint: 2458375 ns, Leaving safepoint: 70708 ns, Total: 2531000 ns, Threads: 0 runnable, 42 total
[2026-09-03T12:36:00.482+0800][19.630s][info][gc,start    ] GC(189) Pause Young (Mixed) (G1 Evacuation Pause)
[2026-09-03T12:36:00.482+0800][19.630s][info][gc,task     ] GC(189) Using 9 workers of 9 for evacuation
[2026-09-03T12:36:00.485+0800][19.632s][info][gc,phases   ] GC(189)   Pre Evacuate Collection Set: 0.05ms
[2026-09-03T12:36:00.485+0800][19.632s][info][gc,phases   ] GC(189)   Merge Heap Roots: 0.06ms
[2026-09-03T12:36:00.485+0800][19.632s][info][gc,phases   ] GC(189)   Evacuate Collection Set: 1.74ms
[2026-09-03T12:36:00.485+0800][19.632s][info][gc,phases   ] GC(189)   Post Evacuate Collection Set: 0.12ms
[2026-09-03T12:36:00.485+0800][19.632s][info][gc,phases   ] GC(189)   Other: 0.05ms
[2026-09-03T12:36:00.485+0800][19.632s][info][gc,heap     ] GC(189) Eden regions: 95->0(102)
[2026-09-03T12:36:00.485+0800][19.632s][info][gc,heap     ] GC(189) Survivor regions: 12->14(14)
[2026-09-03T12:36:00.485+0800][19.632s][info][gc,heap     ] GC(189) Old regions: 108->96
[2026-09-03T12:36:00.485+0800][19.632s][info][gc,heap     ] GC(189) Humongous regions: 1->1
[2026-09-03T12:36:00.485+0800][19.632s][info][gc,metaspace] GC(189) Metaspace: 1059K(1216K)->1059K(1216K) NonClass: 994K(1088K)->994K(1088K) Class: 64K(128K)->64K(128K)
[2026-09-03T12:36:00.485+0800][19.632s][info][gc          ] GC(189) Pause Young (Mixed) (G1 Evacuation Pause) 215M->110M(256M) 2.133ms
[2026-09-03T12:36:00.485+0800][19.632s][info][gc,cpu      ] GC(189) User=0.01s Sys=0.00s Real=0.00s
[2026-09-03T12:36:00.485+0800][19.632s][info][safepoint   ] Safepoint "G1CollectForAllocation", Time since last: 284699167 ns, Reaching safepoint: 2041 ns, At safepoint: 2154834 ns, Leaving safepoint: 40458 ns, Total: 2197333 ns, Threads: 0 runnable, 42 total
[2026-09-03T12:36:00.792+0800][19.939s][info][gc,start    ] GC(190) Pause Young (Mixed) (G1 Evacuation Pause)
[2026-09-03T12:36:00.792+0800][19.939s][info][gc,task     ] GC(190) Using 9 workers of 9 for evacuation
[2026-09-03T12:36:00.794+0800][19.941s][info][gc,phases   ] GC(190)   Pre Evacuate Collection Set: 0.08ms
[2026-09-03T12:36:00.794+0800][19.941s][info][gc,phases   ] GC(190)   Merge Heap Roots: 0.03ms
[2026-09-03T12:36:00.794+0800][19.941s][info][gc,phases   ] GC(190)   Evacuate Collection Set: 2.02ms
[2026-09-03T12:36:00.794+0800][19.941s][info][gc,phases   ] GC(190)   Post Evacuate Collection Set: 0.09ms
[2026-09-03T12:36:00.794+0800][19.941s][info][gc,phases   ] GC(190)   Other: 0.07ms
[2026-09-03T12:36:00.794+0800][19.941s][info][gc,heap     ] GC(190) Eden regions: 102->0(90)
[2026-09-03T12:36:00.794+0800][19.941s][info][gc,heap     ] GC(190) Survivor regions: 14->15(15)
[2026-09-03T12:36:00.794+0800][19.941s][info][gc,heap     ] GC(190) Old regions: 96->113
[2026-09-03T12:36:00.794+0800][19.941s][info][gc,heap     ] GC(190) Humongous regions: 1->1
[2026-09-03T12:36:00.794+0800][19.941s][info][gc,metaspace] GC(190) Metaspace: 1059K(1216K)->1059K(1216K) NonClass: 994K(1088K)->994K(1088K) Class: 64K(128K)->64K(128K)
[2026-09-03T12:36:00.794+0800][19.941s][info][gc          ] GC(190) Pause Young (Mixed) (G1 Evacuation Pause) 212M->128M(256M) 2.424ms
[2026-09-03T12:36:00.794+0800][19.941s][info][gc,cpu      ] GC(190) User=0.02s Sys=0.00s Real=0.00s
[2026-09-03T12:36:00.794+0800][19.942s][info][safepoint   ] Safepoint "G1CollectForAllocation", Time since last: 307016875 ns, Reaching safepoint: 3250 ns, At safepoint: 2448167 ns, Leaving safepoint: 22208 ns, Total: 2473625 ns, Threads: 0 runnable, 42 total
[2026-09-03T12:36:01.067+0800][20.214s][info][gc,start    ] GC(191) Pause Young (Concurrent Start) (G1 Evacuation Pause)
[2026-09-03T12:36:01.067+0800][20.214s][info][gc,task     ] GC(191) Using 9 workers of 9 for evacuation
[2026-09-03T12:36:01.069+0800][20.216s][info][gc,phases   ] GC(191)   Pre Evacuate Collection Set: 0.08ms
[2026-09-03T12:36:01.069+0800][20.217s][info][gc,phases   ] GC(191)   Merge Heap Roots: 0.02ms
[2026-09-03T12:36:01.069+0800][20.217s][info][gc,phases   ] GC(191)   Evacuate Collection Set: 1.78ms
[2026-09-03T12:36:01.069+0800][20.217s][info][gc,phases   ] GC(191)   Post Evacuate Collection Set: 0.08ms
[2026-09-03T12:36:01.069+0800][20.217s][info][gc,phases   ] GC(191)   Other: 0.06ms
[2026-09-03T12:36:01.069+0800][20.217s][info][gc,heap     ] GC(191) Eden regions: 90->0(77)
[2026-09-03T12:36:01.069+0800][20.217s][info][gc,heap     ] GC(191) Survivor regions: 15->14(14)
[2026-09-03T12:36:01.069+0800][20.217s][info][gc,heap     ] GC(191) Old regions: 113->132
[2026-09-03T12:36:01.069+0800][20.217s][info][gc,heap     ] GC(191) Humongous regions: 1->1
[2026-09-03T12:36:01.069+0800][20.217s][info][gc,metaspace] GC(191) Metaspace: 1059K(1216K)->1059K(1216K) NonClass: 994K(1088K)->994K(1088K) Class: 64K(128K)->64K(128K)
[2026-09-03T12:36:01.069+0800][20.217s][info][gc          ] GC(191) Pause Young (Concurrent Start) (G1 Evacuation Pause) 218M->146M(256M) 2.133ms
[2026-09-03T12:36:01.069+0800][20.217s][info][gc,cpu      ] GC(191) User=0.01s Sys=0.00s Real=0.00s
[2026-09-03T12:36:01.069+0800][20.217s][info][gc          ] GC(192) Concurrent Mark Cycle
[2026-09-03T12:36:01.069+0800][20.217s][info][gc,marking  ] GC(192) Concurrent Scan Root Regions
[2026-09-03T12:36:01.069+0800][20.217s][info][safepoint   ] Safepoint "G1CollectForAllocation", Time since last: 272902750 ns, Reaching safepoint: 2125 ns, At safepoint: 2161500 ns, Leaving safepoint: 22333 ns, Total: 2185958 ns, Threads: 0 runnable, 42 total
[2026-09-03T12:36:01.071+0800][20.219s][info][gc,marking  ] GC(192) Concurrent Scan Root Regions 1.980ms
[2026-09-03T12:36:01.071+0800][20.219s][info][gc,marking  ] GC(192) Concurrent Mark
[2026-09-03T12:36:01.071+0800][20.219s][info][gc,marking  ] GC(192) Concurrent Mark From Roots
[2026-09-03T12:36:01.071+0800][20.219s][info][gc,task     ] GC(192) Concurrent Mark Using 2 of 2 Workers
[2026-09-03T12:36:01.076+0800][20.223s][info][gc,marking  ] GC(192) Concurrent Mark From Roots 4.371ms
[2026-09-03T12:36:01.076+0800][20.223s][info][gc,marking  ] GC(192) Concurrent Preclean
[2026-09-03T12:36:01.076+0800][20.223s][info][gc,marking  ] GC(192) Concurrent Preclean 0.009ms
[2026-09-03T12:36:01.076+0800][20.223s][info][gc,start    ] GC(192) Pause Remark
[2026-09-03T12:36:01.076+0800][20.223s][info][gc          ] GC(192) Pause Remark 149M->107M(256M) 0.329ms
[2026-09-03T12:36:01.076+0800][20.223s][info][gc,cpu      ] GC(192) User=0.00s Sys=0.00s Real=0.00s
[2026-09-03T12:36:01.076+0800][20.223s][info][safepoint   ] Safepoint "G1PauseRemark", Time since last: 6394542 ns, Reaching safepoint: 2375 ns, At safepoint: 348708 ns, Leaving safepoint: 12792 ns, Total: 363875 ns, Threads: 0 runnable, 42 total
[2026-09-03T12:36:01.076+0800][20.223s][info][gc,marking  ] GC(192) Concurrent Mark 4.822ms
[2026-09-03T12:36:01.076+0800][20.223s][info][gc,marking  ] GC(192) Concurrent Rebuild Remembered Sets and Scrub Regions
[2026-09-03T12:36:01.079+0800][20.226s][info][gc,marking  ] GC(192) Concurrent Rebuild Remembered Sets and Scrub Regions 2.989ms
[2026-09-03T12:36:01.079+0800][20.226s][info][gc,start    ] GC(192) Pause Cleanup
[2026-09-03T12:36:01.079+0800][20.226s][info][gc          ] GC(192) Pause Cleanup 109M->109M(256M) 0.036ms
[2026-09-03T12:36:01.079+0800][20.226s][info][gc,cpu      ] GC(192) User=0.00s Sys=0.00s Real=0.00s
[2026-09-03T12:36:01.079+0800][20.226s][info][safepoint   ] Safepoint "G1PauseCleanup", Time since last: 3061125 ns, Reaching safepoint: 1917 ns, At safepoint: 55041 ns, Leaving safepoint: 3709 ns, Total: 60667 ns, Threads: 0 runnable, 42 total
[2026-09-03T12:36:01.079+0800][20.227s][info][gc,marking  ] GC(192) Concurrent Clear Claimed Marks
[2026-09-03T12:36:01.079+0800][20.227s][info][gc,marking  ] GC(192) Concurrent Clear Claimed Marks 0.013ms
[2026-09-03T12:36:01.079+0800][20.227s][info][gc,marking  ] GC(192) Concurrent Cleanup for Next Mark
[2026-09-03T12:36:01.079+0800][20.227s][info][gc,marking  ] GC(192) Concurrent Cleanup for Next Mark 0.106ms
[2026-09-03T12:36:01.079+0800][20.227s][info][gc          ] GC(192) Concurrent Mark Cycle 10.062ms
[2026-09-03T12:36:01.300+0800][20.448s][info][gc,start    ] GC(193) Pause Young (Prepare Mixed) (G1 Evacuation Pause)
[2026-09-03T12:36:01.300+0800][20.448s][info][gc,task     ] GC(193) Using 9 workers of 9 for evacuation
[2026-09-03T12:36:01.302+0800][20.450s][info][gc,phases   ] GC(193)   Pre Evacuate Collection Set: 0.06ms
[2026-09-03T12:36:01.302+0800][20.450s][info][gc,phases   ] GC(193)   Merge Heap Roots: 0.03ms
[2026-09-03T12:36:01.302+0800][20.450s][info][gc,phases   ] GC(193)   Evacuate Collection Set: 1.75ms
[2026-09-03T12:36:01.302+0800][20.450s][info][gc,phases   ] GC(193)   Post Evacuate Collection Set: 0.10ms
[2026-09-03T12:36:01.302+0800][20.450s][info][gc,phases   ] GC(193)   Other: 0.06ms
[2026-09-03T12:36:01.302+0800][20.450s][info][gc,heap     ] GC(193) Eden regions: 77->0(95)
[2026-09-03T12:36:01.302+0800][20.450s][info][gc,heap     ] GC(193) Survivor regions: 14->12(12)
[2026-09-03T12:36:01.302+0800][20.450s][info][gc,heap     ] GC(193) Old regions: 90->108
[2026-09-03T12:36:01.302+0800][20.450s][info][gc,heap     ] GC(193) Humongous regions: 1->1
[2026-09-03T12:36:01.302+0800][20.450s][info][gc,metaspace] GC(193) Metaspace: 1059K(1216K)->1059K(1216K) NonClass: 994K(1088K)->994K(1088K) Class: 64K(128K)->64K(128K)
[2026-09-03T12:36:01.302+0800][20.450s][info][gc          ] GC(193) Pause Young (Prepare Mixed) (G1 Evacuation Pause) 181M->120M(256M) 2.111ms
[2026-09-03T12:36:01.302+0800][20.450s][info][gc,cpu      ] GC(193) User=0.01s Sys=0.00s Real=0.00s
[2026-09-03T12:36:01.303+0800][20.450s][info][safepoint   ] Safepoint "G1CollectForAllocation", Time since last: 221258666 ns, Reaching safepoint: 2334 ns, At safepoint: 2136458 ns, Leaving safepoint: 22167 ns, Total: 2160959 ns, Threads: 0 runnable, 42 total
[2026-09-03T12:36:01.591+0800][20.738s][info][gc,start    ] GC(194) Pause Young (Mixed) (G1 Evacuation Pause)
[2026-09-03T12:36:01.591+0800][20.738s][info][gc,task     ] GC(194) Using 9 workers of 9 for evacuation
[2026-09-03T12:36:01.593+0800][20.741s][info][gc,phases   ] GC(194)   Pre Evacuate Collection Set: 0.08ms
[2026-09-03T12:36:01.593+0800][20.741s][info][gc,phases   ] GC(194)   Merge Heap Roots: 0.03ms
[2026-09-03T12:36:01.593+0800][20.741s][info][gc,phases   ] GC(194)   Evacuate Collection Set: 1.88ms
[2026-09-03T12:36:01.593+0800][20.741s][info][gc,phases   ] GC(194)   Post Evacuate Collection Set: 0.09ms
[2026-09-03T12:36:01.593+0800][20.741s][info][gc,phases   ] GC(194)   Other: 0.05ms
[2026-09-03T12:36:01.593+0800][20.741s][info][gc,heap     ] GC(194) Eden regions: 95->0(102)
[2026-09-03T12:36:01.593+0800][20.741s][info][gc,heap     ] GC(194) Survivor regions: 12->14(14)
[2026-09-03T12:36:01.593+0800][20.741s][info][gc,heap     ] GC(194) Old regions: 108->96
[2026-09-03T12:36:01.593+0800][20.741s][info][gc,heap     ] GC(194) Humongous regions: 1->1
[2026-09-03T12:36:01.593+0800][20.741s][info][gc,metaspace] GC(194) Metaspace: 1059K(1216K)->1059K(1216K) NonClass: 994K(1088K)->994K(1088K) Class: 64K(128K)->64K(128K)
[2026-09-03T12:36:01.593+0800][20.741s][info][gc          ] GC(194) Pause Young (Mixed) (G1 Evacuation Pause) 215M->109M(256M) 2.261ms
[2026-09-03T12:36:01.593+0800][20.741s][info][gc,cpu      ] GC(194) User=0.01s Sys=0.00s Real=0.00s
[2026-09-03T12:36:01.593+0800][20.741s][info][safepoint   ] Safepoint "G1CollectForAllocation", Time since last: 288460500 ns, Reaching safepoint: 2708 ns, At safepoint: 2285833 ns, Leaving safepoint: 21959 ns, Total: 2310500 ns, Threads: 0 runnable, 42 total
[2026-09-03T12:36:01.904+0800][21.051s][info][gc,start    ] GC(195) Pause Young (Mixed) (G1 Evacuation Pause)
[2026-09-03T12:36:01.904+0800][21.051s][info][gc,task     ] GC(195) Using 9 workers of 9 for evacuation
[2026-09-03T12:36:01.906+0800][21.054s][info][gc,phases   ] GC(195)   Pre Evacuate Collection Set: 0.05ms
[2026-09-03T12:36:01.906+0800][21.054s][info][gc,phases   ] GC(195)   Merge Heap Roots: 0.01ms
[2026-09-03T12:36:01.906+0800][21.054s][info][gc,phases   ] GC(195)   Evacuate Collection Set: 2.24ms
[2026-09-03T12:36:01.906+0800][21.054s][info][gc,phases   ] GC(195)   Post Evacuate Collection Set: 0.14ms
[2026-09-03T12:36:01.906+0800][21.054s][info][gc,phases   ] GC(195)   Other: 0.06ms
[2026-09-03T12:36:01.906+0800][21.054s][info][gc,heap     ] GC(195) Eden regions: 102->0(89)
[2026-09-03T12:36:01.906+0800][21.054s][info][gc,heap     ] GC(195) Survivor regions: 14->15(15)
[2026-09-03T12:36:01.906+0800][21.054s][info][gc,heap     ] GC(195) Old regions: 96->113
[2026-09-03T12:36:01.906+0800][21.054s][info][gc,heap     ] GC(195) Humongous regions: 1->1
[2026-09-03T12:36:01.906+0800][21.054s][info][gc,metaspace] GC(195) Metaspace: 1059K(1216K)->1059K(1216K) NonClass: 994K(1088K)->994K(1088K) Class: 64K(128K)->64K(128K)
[2026-09-03T12:36:01.906+0800][21.054s][info][gc          ] GC(195) Pause Young (Mixed) (G1 Evacuation Pause) 211M->127M(256M) 2.620ms
[2026-09-03T12:36:01.906+0800][21.054s][info][gc,cpu      ] GC(195) User=0.02s Sys=0.00s Real=0.00s
[2026-09-03T12:36:01.906+0800][21.054s][info][safepoint   ] Safepoint "G1CollectForAllocation", Time since last: 310301875 ns, Reaching safepoint: 2333 ns, At safepoint: 2669583 ns, Leaving safepoint: 88250 ns, Total: 2760166 ns, Threads: 0 runnable, 42 total
[2026-09-03T12:36:02.172+0800][21.320s][info][gc,start    ] GC(196) Pause Young (Concurrent Start) (G1 Evacuation Pause)
[2026-09-03T12:36:02.172+0800][21.320s][info][gc,task     ] GC(196) Using 9 workers of 9 for evacuation
[2026-09-03T12:36:02.175+0800][21.322s][info][gc,phases   ] GC(196)   Pre Evacuate Collection Set: 0.09ms
[2026-09-03T12:36:02.175+0800][21.322s][info][gc,phases   ] GC(196)   Merge Heap Roots: 0.03ms
[2026-09-03T12:36:02.175+0800][21.322s][info][gc,phases   ] GC(196)   Evacuate Collection Set: 2.26ms
[2026-09-03T12:36:02.175+0800][21.322s][info][gc,phases   ] GC(196)   Post Evacuate Collection Set: 0.09ms
[2026-09-03T12:36:02.175+0800][21.322s][info][gc,phases   ] GC(196)   Other: 0.06ms
[2026-09-03T12:36:02.175+0800][21.322s][info][gc,heap     ] GC(196) Eden regions: 89->0(77)
[2026-09-03T12:36:02.175+0800][21.322s][info][gc,heap     ] GC(196) Survivor regions: 15->13(13)
[2026-09-03T12:36:02.175+0800][21.322s][info][gc,heap     ] GC(196) Old regions: 113->132
[2026-09-03T12:36:02.175+0800][21.322s][info][gc,heap     ] GC(196) Humongous regions: 1->1
[2026-09-03T12:36:02.175+0800][21.322s][info][gc,metaspace] GC(196) Metaspace: 1059K(1216K)->1059K(1216K) NonClass: 994K(1088K)->994K(1088K) Class: 64K(128K)->64K(128K)
[2026-09-03T12:36:02.175+0800][21.322s][info][gc          ] GC(196) Pause Young (Concurrent Start) (G1 Evacuation Pause) 216M->145M(256M) 2.663ms
[2026-09-03T12:36:02.175+0800][21.322s][info][gc          ] GC(197) Concurrent Mark Cycle
[2026-09-03T12:36:02.175+0800][21.322s][info][gc,cpu      ] GC(196) User=0.02s Sys=0.00s Real=0.00s
[2026-09-03T12:36:02.175+0800][21.322s][info][gc,marking  ] GC(197) Concurrent Scan Root Regions
[2026-09-03T12:36:02.175+0800][21.322s][info][safepoint   ] Safepoint "G1CollectForAllocation", Time since last: 265906959 ns, Reaching safepoint: 2333 ns, At safepoint: 2700750 ns, Leaving safepoint: 25750 ns, Total: 2728833 ns, Threads: 0 runnable, 42 total
[2026-09-03T12:36:02.177+0800][21.324s][info][gc,marking  ] GC(197) Concurrent Scan Root Regions 2.006ms
[2026-09-03T12:36:02.177+0800][21.324s][info][gc,marking  ] GC(197) Concurrent Mark
[2026-09-03T12:36:02.177+0800][21.324s][info][gc,marking  ] GC(197) Concurrent Mark From Roots
[2026-09-03T12:36:02.177+0800][21.324s][info][gc,task     ] GC(197) Concurrent Mark Using 2 of 2 Workers
[2026-09-03T12:36:02.181+0800][21.328s][info][gc,marking  ] GC(197) Concurrent Mark From Roots 3.746ms
[2026-09-03T12:36:02.181+0800][21.328s][info][gc,marking  ] GC(197) Concurrent Preclean
[2026-09-03T12:36:02.181+0800][21.328s][info][gc,marking  ] GC(197) Concurrent Preclean 0.008ms
[2026-09-03T12:36:02.181+0800][21.328s][info][gc,start    ] GC(197) Pause Remark
[2026-09-03T12:36:02.181+0800][21.329s][info][gc          ] GC(197) Pause Remark 148M->106M(256M) 0.403ms
[2026-09-03T12:36:02.181+0800][21.329s][info][gc,cpu      ] GC(197) User=0.00s Sys=0.00s Real=0.00s
[2026-09-03T12:36:02.181+0800][21.329s][info][safepoint   ] Safepoint "G1PauseRemark", Time since last: 5775000 ns, Reaching safepoint: 2500 ns, At safepoint: 433333 ns, Leaving safepoint: 10209 ns, Total: 446042 ns, Threads: 0 runnable, 42 total
[2026-09-03T12:36:02.181+0800][21.329s][info][gc,marking  ] GC(197) Concurrent Mark 4.350ms
[2026-09-03T12:36:02.181+0800][21.329s][info][gc,marking  ] GC(197) Concurrent Rebuild Remembered Sets and Scrub Regions
[2026-09-03T12:36:02.185+0800][21.333s][info][gc,marking  ] GC(197) Concurrent Rebuild Remembered Sets and Scrub Regions 3.988ms
[2026-09-03T12:36:02.185+0800][21.333s][info][gc,start    ] GC(197) Pause Cleanup
[2026-09-03T12:36:02.185+0800][21.333s][info][gc          ] GC(197) Pause Cleanup 108M->108M(256M) 0.035ms
[2026-09-03T12:36:02.185+0800][21.333s][info][gc,cpu      ] GC(197) User=0.00s Sys=0.00s Real=0.00s
[2026-09-03T12:36:02.185+0800][21.333s][info][safepoint   ] Safepoint "G1PauseCleanup", Time since last: 4135875 ns, Reaching safepoint: 1666 ns, At safepoint: 51792 ns, Leaving safepoint: 1042 ns, Total: 54500 ns, Threads: 0 runnable, 42 total
[2026-09-03T12:36:02.185+0800][21.333s][info][gc,marking  ] GC(197) Concurrent Clear Claimed Marks
[2026-09-03T12:36:02.185+0800][21.333s][info][gc,marking  ] GC(197) Concurrent Clear Claimed Marks 0.005ms
[2026-09-03T12:36:02.185+0800][21.333s][info][gc,marking  ] GC(197) Concurrent Cleanup for Next Mark
[2026-09-03T12:36:02.186+0800][21.333s][info][gc,marking  ] GC(197) Concurrent Cleanup for Next Mark 0.103ms
[2026-09-03T12:36:02.186+0800][21.333s][info][gc          ] GC(197) Concurrent Mark Cycle 10.584ms
[2026-09-03T12:36:02.405+0800][21.552s][info][gc,start    ] GC(198) Pause Young (Prepare Mixed) (G1 Evacuation Pause)
[2026-09-03T12:36:02.405+0800][21.552s][info][gc,task     ] GC(198) Using 9 workers of 9 for evacuation
[2026-09-03T12:36:02.407+0800][21.555s][info][gc,phases   ] GC(198)   Pre Evacuate Collection Set: 0.08ms
[2026-09-03T12:36:02.407+0800][21.555s][info][gc,phases   ] GC(198)   Merge Heap Roots: 0.04ms
[2026-09-03T12:36:02.407+0800][21.555s][info][gc,phases   ] GC(198)   Evacuate Collection Set: 2.01ms
[2026-09-03T12:36:02.407+0800][21.555s][info][gc,phases   ] GC(198)   Post Evacuate Collection Set: 0.09ms
[2026-09-03T12:36:02.407+0800][21.555s][info][gc,phases   ] GC(198)   Other: 0.07ms
[2026-09-03T12:36:02.407+0800][21.555s][info][gc,heap     ] GC(198) Eden regions: 77->0(96)
[2026-09-03T12:36:02.407+0800][21.555s][info][gc,heap     ] GC(198) Survivor regions: 13->12(12)
[2026-09-03T12:36:02.407+0800][21.555s][info][gc,heap     ] GC(198) Old regions: 90->107
[2026-09-03T12:36:02.407+0800][21.555s][info][gc,heap     ] GC(198) Humongous regions: 1->1
[2026-09-03T12:36:02.407+0800][21.555s][info][gc,metaspace] GC(198) Metaspace: 1059K(1216K)->1059K(1216K) NonClass: 994K(1088K)->994K(1088K) Class: 64K(128K)->64K(128K)
[2026-09-03T12:36:02.407+0800][21.555s][info][gc          ] GC(198) Pause Young (Prepare Mixed) (G1 Evacuation Pause) 180M->119M(256M) 2.406ms
[2026-09-03T12:36:02.407+0800][21.555s][info][gc,cpu      ] GC(198) User=0.02s Sys=0.00s Real=0.00s
[2026-09-03T12:36:02.407+0800][21.555s][info][safepoint   ] Safepoint "G1CollectForAllocation", Time since last: 219508250 ns, Reaching safepoint: 2541 ns, At safepoint: 2431167 ns, Leaving safepoint: 27333 ns, Total: 2461041 ns, Threads: 0 runnable, 42 total
[2026-09-03T12:36:02.696+0800][21.843s][info][gc,start    ] GC(199) Pause Young (Mixed) (G1 Evacuation Pause)
[2026-09-03T12:36:02.696+0800][21.844s][info][gc,task     ] GC(199) Using 9 workers of 9 for evacuation
[2026-09-03T12:36:02.699+0800][21.847s][info][gc,phases   ] GC(199)   Pre Evacuate Collection Set: 0.07ms
[2026-09-03T12:36:02.699+0800][21.847s][info][gc,phases   ] GC(199)   Merge Heap Roots: 0.05ms
[2026-09-03T12:36:02.699+0800][21.847s][info][gc,phases   ] GC(199)   Evacuate Collection Set: 2.79ms
[2026-09-03T12:36:02.699+0800][21.847s][info][gc,phases   ] GC(199)   Post Evacuate Collection Set: 0.12ms
[2026-09-03T12:36:02.699+0800][21.847s][info][gc,phases   ] GC(199)   Other: 0.06ms
[2026-09-03T12:36:02.699+0800][21.847s][info][gc,heap     ] GC(199) Eden regions: 96->0(103)
[2026-09-03T12:36:02.699+0800][21.847s][info][gc,heap     ] GC(199) Survivor regions: 12->14(14)
[2026-09-03T12:36:02.699+0800][21.847s][info][gc,heap     ] GC(199) Old regions: 107->95
[2026-09-03T12:36:02.699+0800][21.847s][info][gc,heap     ] GC(199) Humongous regions: 1->1
[2026-09-03T12:36:02.699+0800][21.847s][info][gc,metaspace] GC(199) Metaspace: 1059K(1216K)->1059K(1216K) NonClass: 994K(1088K)->994K(1088K) Class: 64K(128K)->64K(128K)
[2026-09-03T12:36:02.699+0800][21.847s][info][gc          ] GC(199) Pause Young (Mixed) (G1 Evacuation Pause) 215M->109M(256M) 3.208ms
[2026-09-03T12:36:02.699+0800][21.847s][info][gc,cpu      ] GC(199) User=0.03s Sys=0.00s Real=0.00s
[2026-09-03T12:36:02.699+0800][21.847s][info][safepoint   ] Safepoint "G1CollectForAllocation", Time since last: 288714959 ns, Reaching safepoint: 2416 ns, At safepoint: 3232959 ns, Leaving safepoint: 31333 ns, Total: 3266708 ns, Threads: 0 runnable, 42 total
[2026-09-03T12:36:03.009+0800][22.157s][info][gc,start    ] GC(200) Pause Young (Mixed) (G1 Evacuation Pause)
[2026-09-03T12:36:03.009+0800][22.157s][info][gc,task     ] GC(200) Using 9 workers of 9 for evacuation
[2026-09-03T12:36:03.012+0800][22.159s][info][gc,phases   ] GC(200)   Pre Evacuate Collection Set: 0.07ms
[2026-09-03T12:36:03.012+0800][22.159s][info][gc,phases   ] GC(200)   Merge Heap Roots: 0.02ms
[2026-09-03T12:36:03.012+0800][22.159s][info][gc,phases   ] GC(200)   Evacuate Collection Set: 1.98ms
[2026-09-03T12:36:03.012+0800][22.159s][info][gc,phases   ] GC(200)   Post Evacuate Collection Set: 0.10ms
[2026-09-03T12:36:03.012+0800][22.159s][info][gc,phases   ] GC(200)   Other: 0.06ms
[2026-09-03T12:36:03.012+0800][22.159s][info][gc,heap     ] GC(200) Eden regions: 103->0(89)
[2026-09-03T12:36:03.012+0800][22.159s][info][gc,heap     ] GC(200) Survivor regions: 14->15(15)
[2026-09-03T12:36:03.012+0800][22.159s][info][gc,heap     ] GC(200) Old regions: 95->113
[2026-09-03T12:36:03.012+0800][22.159s][info][gc,heap     ] GC(200) Humongous regions: 1->1
[2026-09-03T12:36:03.012+0800][22.159s][info][gc,metaspace] GC(200) Metaspace: 1059K(1216K)->1059K(1216K) NonClass: 994K(1088K)->994K(1088K) Class: 64K(128K)->64K(128K)
[2026-09-03T12:36:03.012+0800][22.159s][info][gc          ] GC(200) Pause Young (Mixed) (G1 Evacuation Pause) 212M->128M(256M) 2.325ms
[2026-09-03T12:36:03.012+0800][22.159s][info][gc,cpu      ] GC(200) User=0.02s Sys=0.00s Real=0.01s
[2026-09-03T12:36:03.012+0800][22.159s][info][safepoint   ] Safepoint "G1CollectForAllocation", Time since last: 310088833 ns, Reaching safepoint: 2042 ns, At safepoint: 2351375 ns, Leaving safepoint: 43083 ns, Total: 2396500 ns, Threads: 0 runnable, 42 total
[2026-09-03T12:36:03.282+0800][22.429s][info][gc,start    ] GC(201) Pause Young (Concurrent Start) (G1 Evacuation Pause)
[2026-09-03T12:36:03.282+0800][22.429s][info][gc,task     ] GC(201) Using 9 workers of 9 for evacuation
[2026-09-03T12:36:03.284+0800][22.432s][info][gc,phases   ] GC(201)   Pre Evacuate Collection Set: 0.09ms
[2026-09-03T12:36:03.284+0800][22.432s][info][gc,phases   ] GC(201)   Merge Heap Roots: 0.03ms
[2026-09-03T12:36:03.284+0800][22.432s][info][gc,phases   ] GC(201)   Evacuate Collection Set: 2.17ms
[2026-09-03T12:36:03.284+0800][22.432s][info][gc,phases   ] GC(201)   Post Evacuate Collection Set: 0.10ms
[2026-09-03T12:36:03.284+0800][22.432s][info][gc,phases   ] GC(201)   Other: 0.06ms
[2026-09-03T12:36:03.284+0800][22.432s][info][gc,heap     ] GC(201) Eden regions: 89->0(77)
[2026-09-03T12:36:03.284+0800][22.432s][info][gc,heap     ] GC(201) Survivor regions: 15->13(13)
[2026-09-03T12:36:03.284+0800][22.432s][info][gc,heap     ] GC(201) Old regions: 113->133
[2026-09-03T12:36:03.284+0800][22.432s][info][gc,heap     ] GC(201) Humongous regions: 1->1
[2026-09-03T12:36:03.284+0800][22.432s][info][gc,metaspace] GC(201) Metaspace: 1059K(1216K)->1059K(1216K) NonClass: 994K(1088K)->994K(1088K) Class: 64K(128K)->64K(128K)
[2026-09-03T12:36:03.284+0800][22.432s][info][gc          ] GC(201) Pause Young (Concurrent Start) (G1 Evacuation Pause) 217M->146M(256M) 2.559ms
[2026-09-03T12:36:03.284+0800][22.432s][info][gc,cpu      ] GC(201) User=0.02s Sys=0.00s Real=0.00s
[2026-09-03T12:36:03.284+0800][22.432s][info][gc          ] GC(202) Concurrent Mark Cycle
[2026-09-03T12:36:03.284+0800][22.432s][info][gc,marking  ] GC(202) Concurrent Scan Root Regions
[2026-09-03T12:36:03.284+0800][22.432s][info][safepoint   ] Safepoint "G1CollectForAllocation", Time since last: 269879167 ns, Reaching safepoint: 2333 ns, At safepoint: 2587834 ns, Leaving safepoint: 19291 ns, Total: 2609458 ns, Threads: 0 runnable, 42 total
[2026-09-03T12:36:03.286+0800][22.434s][info][gc,marking  ] GC(202) Concurrent Scan Root Regions 1.995ms
[2026-09-03T12:36:03.286+0800][22.434s][info][gc,marking  ] GC(202) Concurrent Mark
[2026-09-03T12:36:03.286+0800][22.434s][info][gc,marking  ] GC(202) Concurrent Mark From Roots
[2026-09-03T12:36:03.286+0800][22.434s][info][gc,task     ] GC(202) Concurrent Mark Using 2 of 2 Workers
[2026-09-03T12:36:03.290+0800][22.438s][info][gc,marking  ] GC(202) Concurrent Mark From Roots 4.125ms
[2026-09-03T12:36:03.290+0800][22.438s][info][gc,marking  ] GC(202) Concurrent Preclean
[2026-09-03T12:36:03.290+0800][22.438s][info][gc,marking  ] GC(202) Concurrent Preclean 0.011ms
[2026-09-03T12:36:03.291+0800][22.438s][info][gc,start    ] GC(202) Pause Remark
[2026-09-03T12:36:03.291+0800][22.438s][info][gc          ] GC(202) Pause Remark 149M->106M(256M) 0.368ms
[2026-09-03T12:36:03.291+0800][22.438s][info][gc,cpu      ] GC(202) User=0.00s Sys=0.00s Real=0.00s
[2026-09-03T12:36:03.291+0800][22.438s][info][safepoint   ] Safepoint "G1PauseRemark", Time since last: 6186459 ns, Reaching safepoint: 3833 ns, At safepoint: 394583 ns, Leaving safepoint: 16417 ns, Total: 414833 ns, Threads: 0 runnable, 42 total
[2026-09-03T12:36:03.291+0800][22.438s][info][gc,marking  ] GC(202) Concurrent Mark 4.647ms
[2026-09-03T12:36:03.291+0800][22.438s][info][gc,marking  ] GC(202) Concurrent Rebuild Remembered Sets and Scrub Regions
[2026-09-03T12:36:03.295+0800][22.442s][info][gc,marking  ] GC(202) Concurrent Rebuild Remembered Sets and Scrub Regions 3.738ms
[2026-09-03T12:36:03.295+0800][22.442s][info][gc,start    ] GC(202) Pause Cleanup
[2026-09-03T12:36:03.295+0800][22.442s][info][gc          ] GC(202) Pause Cleanup 108M->108M(256M) 0.034ms
[2026-09-03T12:36:03.295+0800][22.442s][info][gc,cpu      ] GC(202) User=0.00s Sys=0.00s Real=0.00s
[2026-09-03T12:36:03.295+0800][22.442s][info][safepoint   ] Safepoint "G1PauseCleanup", Time since last: 3824792 ns, Reaching safepoint: 1666 ns, At safepoint: 55042 ns, Leaving safepoint: 292 ns, Total: 57000 ns, Threads: 0 runnable, 42 total
[2026-09-03T12:36:03.295+0800][22.442s][info][gc,marking  ] GC(202) Concurrent Clear Claimed Marks
[2026-09-03T12:36:03.295+0800][22.442s][info][gc,marking  ] GC(202) Concurrent Clear Claimed Marks 0.005ms
[2026-09-03T12:36:03.295+0800][22.442s][info][gc,marking  ] GC(202) Concurrent Cleanup for Next Mark
[2026-09-03T12:36:03.295+0800][22.442s][info][gc,marking  ] GC(202) Concurrent Cleanup for Next Mark 0.096ms
[2026-09-03T12:36:03.295+0800][22.442s][info][gc          ] GC(202) Concurrent Mark Cycle 10.635ms
[2026-09-03T12:36:03.517+0800][22.664s][info][gc,start    ] GC(203) Pause Young (Prepare Mixed) (G1 Evacuation Pause)
[2026-09-03T12:36:03.517+0800][22.664s][info][gc,task     ] GC(203) Using 9 workers of 9 for evacuation
[2026-09-03T12:36:03.519+0800][22.666s][info][gc,phases   ] GC(203)   Pre Evacuate Collection Set: 0.04ms
[2026-09-03T12:36:03.519+0800][22.666s][info][gc,phases   ] GC(203)   Merge Heap Roots: 0.04ms
[2026-09-03T12:36:03.519+0800][22.666s][info][gc,phases   ] GC(203)   Evacuate Collection Set: 1.74ms
[2026-09-03T12:36:03.519+0800][22.666s][info][gc,phases   ] GC(203)   Post Evacuate Collection Set: 0.10ms
[2026-09-03T12:36:03.519+0800][22.666s][info][gc,phases   ] GC(203)   Other: 0.06ms
[2026-09-03T12:36:03.519+0800][22.666s][info][gc,heap     ] GC(203) Eden regions: 77->0(95)
[2026-09-03T12:36:03.519+0800][22.666s][info][gc,heap     ] GC(203) Survivor regions: 13->12(12)
[2026-09-03T12:36:03.519+0800][22.666s][info][gc,heap     ] GC(203) Old regions: 90->108
[2026-09-03T12:36:03.519+0800][22.666s][info][gc,heap     ] GC(203) Humongous regions: 1->1
[2026-09-03T12:36:03.519+0800][22.666s][info][gc,metaspace] GC(203) Metaspace: 1059K(1216K)->1059K(1216K) NonClass: 994K(1088K)->994K(1088K) Class: 64K(128K)->64K(128K)
[2026-09-03T12:36:03.519+0800][22.666s][info][gc          ] GC(203) Pause Young (Prepare Mixed) (G1 Evacuation Pause) 180M->119M(256M) 2.088ms
[2026-09-03T12:36:03.519+0800][22.666s][info][gc,cpu      ] GC(203) User=0.01s Sys=0.00s Real=0.00s
[2026-09-03T12:36:03.519+0800][22.666s][info][safepoint   ] Safepoint "G1CollectForAllocation", Time since last: 222144333 ns, Reaching safepoint: 2125 ns, At safepoint: 2111125 ns, Leaving safepoint: 21792 ns, Total: 2135042 ns, Threads: 0 runnable, 42 total
[2026-09-03T12:36:03.804+0800][22.952s][info][gc,start    ] GC(204) Pause Young (Mixed) (G1 Evacuation Pause)
[2026-09-03T12:36:03.804+0800][22.952s][info][gc,task     ] GC(204) Using 9 workers of 9 for evacuation
[2026-09-03T12:36:03.808+0800][22.955s][info][gc,phases   ] GC(204)   Pre Evacuate Collection Set: 0.10ms
[2026-09-03T12:36:03.808+0800][22.955s][info][gc,phases   ] GC(204)   Merge Heap Roots: 0.05ms
[2026-09-03T12:36:03.808+0800][22.955s][info][gc,phases   ] GC(204)   Evacuate Collection Set: 3.02ms
[2026-09-03T12:36:03.808+0800][22.955s][info][gc,phases   ] GC(204)   Post Evacuate Collection Set: 0.10ms
[2026-09-03T12:36:03.808+0800][22.955s][info][gc,phases   ] GC(204)   Other: 0.08ms
[2026-09-03T12:36:03.808+0800][22.955s][info][gc,heap     ] GC(204) Eden regions: 95->0(102)
[2026-09-03T12:36:03.808+0800][22.955s][info][gc,heap     ] GC(204) Survivor regions: 12->14(14)
[2026-09-03T12:36:03.808+0800][22.955s][info][gc,heap     ] GC(204) Old regions: 108->97
[2026-09-03T12:36:03.808+0800][22.955s][info][gc,heap     ] GC(204) Humongous regions: 1->1
[2026-09-03T12:36:03.808+0800][22.955s][info][gc,metaspace] GC(204) Metaspace: 1059K(1216K)->1059K(1216K) NonClass: 994K(1088K)->994K(1088K) Class: 64K(128K)->64K(128K)
[2026-09-03T12:36:03.808+0800][22.955s][info][gc          ] GC(204) Pause Young (Mixed) (G1 Evacuation Pause) 214M->110M(256M) 3.781ms
[2026-09-03T12:36:03.808+0800][22.955s][info][gc,cpu      ] GC(204) User=0.02s Sys=0.01s Real=0.00s
[2026-09-03T12:36:03.808+0800][22.955s][info][safepoint   ] Safepoint "G1CollectForAllocation", Time since last: 284988791 ns, Reaching safepoint: 10334 ns, At safepoint: 3811833 ns, Leaving safepoint: 21500 ns, Total: 3843667 ns, Threads: 0 runnable, 42 total
[2026-09-03T12:36:04.116+0800][23.264s][info][gc,start    ] GC(205) Pause Young (Mixed) (G1 Evacuation Pause)
[2026-09-03T12:36:04.116+0800][23.264s][info][gc,task     ] GC(205) Using 9 workers of 9 for evacuation
[2026-09-03T12:36:04.118+0800][23.266s][info][gc,phases   ] GC(205)   Pre Evacuate Collection Set: 0.06ms
[2026-09-03T12:36:04.118+0800][23.266s][info][gc,phases   ] GC(205)   Merge Heap Roots: 0.03ms
[2026-09-03T12:36:04.118+0800][23.266s][info][gc,phases   ] GC(205)   Evacuate Collection Set: 1.88ms
[2026-09-03T12:36:04.118+0800][23.266s][info][gc,phases   ] GC(205)   Post Evacuate Collection Set: 0.08ms
[2026-09-03T12:36:04.118+0800][23.266s][info][gc,phases   ] GC(205)   Other: 0.06ms
[2026-09-03T12:36:04.118+0800][23.266s][info][gc,heap     ] GC(205) Eden regions: 102->0(89)
[2026-09-03T12:36:04.118+0800][23.266s][info][gc,heap     ] GC(205) Survivor regions: 14->15(15)
[2026-09-03T12:36:04.118+0800][23.266s][info][gc,heap     ] GC(205) Old regions: 97->114
[2026-09-03T12:36:04.118+0800][23.266s][info][gc,heap     ] GC(205) Humongous regions: 1->1
[2026-09-03T12:36:04.118+0800][23.266s][info][gc,metaspace] GC(205) Metaspace: 1059K(1216K)->1059K(1216K) NonClass: 994K(1088K)->994K(1088K) Class: 64K(128K)->64K(128K)
[2026-09-03T12:36:04.118+0800][23.266s][info][gc          ] GC(205) Pause Young (Mixed) (G1 Evacuation Pause) 212M->129M(256M) 2.239ms
[2026-09-03T12:36:04.118+0800][23.266s][info][gc,cpu      ] GC(205) User=0.01s Sys=0.00s Real=0.00s
[2026-09-03T12:36:04.118+0800][23.266s][info][safepoint   ] Safepoint "G1CollectForAllocation", Time since last: 308247583 ns, Reaching safepoint: 2375 ns, At safepoint: 2263417 ns, Leaving safepoint: 23750 ns, Total: 2289542 ns, Threads: 0 runnable, 42 total
[2026-09-03T12:36:04.386+0800][23.533s][info][gc,start    ] GC(206) Pause Young (Concurrent Start) (G1 Evacuation Pause)
[2026-09-03T12:36:04.386+0800][23.533s][info][gc,task     ] GC(206) Using 9 workers of 9 for evacuation
[2026-09-03T12:36:04.388+0800][23.535s][info][gc,phases   ] GC(206)   Pre Evacuate Collection Set: 0.08ms
[2026-09-03T12:36:04.388+0800][23.535s][info][gc,phases   ] GC(206)   Merge Heap Roots: 0.04ms
[2026-09-03T12:36:04.388+0800][23.535s][info][gc,phases   ] GC(206)   Evacuate Collection Set: 1.79ms
[2026-09-03T12:36:04.388+0800][23.535s][info][gc,phases   ] GC(206)   Post Evacuate Collection Set: 0.10ms
[2026-09-03T12:36:04.388+0800][23.535s][info][gc,phases   ] GC(206)   Other: 0.06ms
[2026-09-03T12:36:04.388+0800][23.535s][info][gc,heap     ] GC(206) Eden regions: 89->0(76)
[2026-09-03T12:36:04.388+0800][23.535s][info][gc,heap     ] GC(206) Survivor regions: 15->13(13)
[2026-09-03T12:36:04.388+0800][23.535s][info][gc,heap     ] GC(206) Old regions: 114->134
[2026-09-03T12:36:04.388+0800][23.535s][info][gc,heap     ] GC(206) Humongous regions: 1->1
[2026-09-03T12:36:04.388+0800][23.535s][info][gc,metaspace] GC(206) Metaspace: 1059K(1216K)->1059K(1216K) NonClass: 994K(1088K)->994K(1088K) Class: 64K(128K)->64K(128K)
[2026-09-03T12:36:04.388+0800][23.535s][info][gc          ] GC(206) Pause Young (Concurrent Start) (G1 Evacuation Pause) 218M->147M(256M) 2.186ms
[2026-09-03T12:36:04.388+0800][23.535s][info][gc,cpu      ] GC(206) User=0.01s Sys=0.01s Real=0.00s
[2026-09-03T12:36:04.388+0800][23.535s][info][gc          ] GC(207) Concurrent Mark Cycle
[2026-09-03T12:36:04.388+0800][23.535s][info][gc,marking  ] GC(207) Concurrent Scan Root Regions
[2026-09-03T12:36:04.388+0800][23.535s][info][safepoint   ] Safepoint "G1CollectForAllocation", Time since last: 267281417 ns, Reaching safepoint: 2333 ns, At safepoint: 2216917 ns, Leaving safepoint: 40791 ns, Total: 2260041 ns, Threads: 0 runnable, 42 total
[2026-09-03T12:36:04.391+0800][23.538s][info][gc,marking  ] GC(207) Concurrent Scan Root Regions 2.703ms
[2026-09-03T12:36:04.391+0800][23.538s][info][gc,marking  ] GC(207) Concurrent Mark
[2026-09-03T12:36:04.391+0800][23.538s][info][gc,marking  ] GC(207) Concurrent Mark From Roots
[2026-09-03T12:36:04.391+0800][23.538s][info][gc,task     ] GC(207) Concurrent Mark Using 2 of 2 Workers
[2026-09-03T12:36:04.394+0800][23.542s][info][gc,marking  ] GC(207) Concurrent Mark From Roots 3.629ms
[2026-09-03T12:36:04.394+0800][23.542s][info][gc,marking  ] GC(207) Concurrent Preclean
[2026-09-03T12:36:04.394+0800][23.542s][info][gc,marking  ] GC(207) Concurrent Preclean 0.009ms
[2026-09-03T12:36:04.394+0800][23.542s][info][gc,start    ] GC(207) Pause Remark
[2026-09-03T12:36:04.395+0800][23.542s][info][gc          ] GC(207) Pause Remark 150M->107M(256M) 0.343ms
[2026-09-03T12:36:04.395+0800][23.542s][info][gc,cpu      ] GC(207) User=0.00s Sys=0.00s Real=0.00s
[2026-09-03T12:36:04.395+0800][23.542s][info][safepoint   ] Safepoint "G1PauseRemark", Time since last: 6375375 ns, Reaching safepoint: 1959 ns, At safepoint: 363666 ns, Leaving safepoint: 41584 ns, Total: 407209 ns, Threads: 0 runnable, 42 total
[2026-09-03T12:36:04.395+0800][23.542s][info][gc,marking  ] GC(207) Concurrent Mark 4.124ms
[2026-09-03T12:36:04.395+0800][23.542s][info][gc,marking  ] GC(207) Concurrent Rebuild Remembered Sets and Scrub Regions
[2026-09-03T12:36:04.399+0800][23.546s][info][gc,marking  ] GC(207) Concurrent Rebuild Remembered Sets and Scrub Regions 3.912ms
[2026-09-03T12:36:04.399+0800][23.546s][info][gc,start    ] GC(207) Pause Cleanup
[2026-09-03T12:36:04.399+0800][23.546s][info][gc          ] GC(207) Pause Cleanup 109M->109M(256M) 0.042ms
[2026-09-03T12:36:04.399+0800][23.546s][info][gc,cpu      ] GC(207) User=0.00s Sys=0.00s Real=0.00s
[2026-09-03T12:36:04.399+0800][23.546s][info][safepoint   ] Safepoint "G1PauseCleanup", Time since last: 3998708 ns, Reaching safepoint: 17750 ns, At safepoint: 64542 ns, Leaving safepoint: 2708 ns, Total: 85000 ns, Threads: 1 runnable, 42 total
[2026-09-03T12:36:04.399+0800][23.546s][info][gc,marking  ] GC(207) Concurrent Clear Claimed Marks
[2026-09-03T12:36:04.399+0800][23.546s][info][gc,marking  ] GC(207) Concurrent Clear Claimed Marks 0.009ms
[2026-09-03T12:36:04.399+0800][23.546s][info][gc,marking  ] GC(207) Concurrent Cleanup for Next Mark
[2026-09-03T12:36:04.399+0800][23.546s][info][gc,marking  ] GC(207) Concurrent Cleanup for Next Mark 0.107ms
[2026-09-03T12:36:04.399+0800][23.546s][info][gc          ] GC(207) Concurrent Mark Cycle 11.060ms
[2026-09-03T12:36:04.615+0800][23.763s][info][gc,start    ] GC(208) Pause Young (Prepare Mixed) (G1 Evacuation Pause)
[2026-09-03T12:36:04.615+0800][23.763s][info][gc,task     ] GC(208) Using 9 workers of 9 for evacuation
[2026-09-03T12:36:04.617+0800][23.765s][info][gc,phases   ] GC(208)   Pre Evacuate Collection Set: 0.04ms
[2026-09-03T12:36:04.617+0800][23.765s][info][gc,phases   ] GC(208)   Merge Heap Roots: 0.03ms
[2026-09-03T12:36:04.617+0800][23.765s][info][gc,phases   ] GC(208)   Evacuate Collection Set: 1.59ms
[2026-09-03T12:36:04.617+0800][23.765s][info][gc,phases   ] GC(208)   Post Evacuate Collection Set: 0.10ms
[2026-09-03T12:36:04.617+0800][23.765s][info][gc,phases   ] GC(208)   Other: 0.06ms
[2026-09-03T12:36:04.617+0800][23.765s][info][gc,heap     ] GC(208) Eden regions: 76->0(95)
[2026-09-03T12:36:04.617+0800][23.765s][info][gc,heap     ] GC(208) Survivor regions: 13->12(12)
[2026-09-03T12:36:04.617+0800][23.765s][info][gc,heap     ] GC(208) Old regions: 91->108
[2026-09-03T12:36:04.617+0800][23.765s][info][gc,heap     ] GC(208) Humongous regions: 1->1
[2026-09-03T12:36:04.617+0800][23.765s][info][gc,metaspace] GC(208) Metaspace: 1059K(1216K)->1059K(1216K) NonClass: 994K(1088K)->994K(1088K) Class: 64K(128K)->64K(128K)
[2026-09-03T12:36:04.617+0800][23.765s][info][gc          ] GC(208) Pause Young (Prepare Mixed) (G1 Evacuation Pause) 180M->120M(256M) 1.932ms
[2026-09-03T12:36:04.617+0800][23.765s][info][gc,cpu      ] GC(208) User=0.01s Sys=0.00s Real=0.00s
[2026-09-03T12:36:04.617+0800][23.765s][info][safepoint   ] Safepoint "G1CollectForAllocation", Time since last: 216374792 ns, Reaching safepoint: 2541 ns, At safepoint: 1964042 ns, Leaving safepoint: 22917 ns, Total: 1989500 ns, Threads: 0 runnable, 42 total
[2026-09-03T12:36:04.902+0800][24.050s][info][gc,start    ] GC(209) Pause Young (Mixed) (G1 Evacuation Pause)
[2026-09-03T12:36:04.902+0800][24.050s][info][gc,task     ] GC(209) Using 9 workers of 9 for evacuation
[2026-09-03T12:36:04.905+0800][24.052s][info][gc,phases   ] GC(209)   Pre Evacuate Collection Set: 0.04ms
[2026-09-03T12:36:04.905+0800][24.052s][info][gc,phases   ] GC(209)   Merge Heap Roots: 0.04ms
[2026-09-03T12:36:04.905+0800][24.052s][info][gc,phases   ] GC(209)   Evacuate Collection Set: 1.81ms
[2026-09-03T12:36:04.905+0800][24.052s][info][gc,phases   ] GC(209)   Post Evacuate Collection Set: 0.11ms
[2026-09-03T12:36:04.905+0800][24.052s][info][gc,phases   ] GC(209)   Other: 0.06ms
[2026-09-03T12:36:04.905+0800][24.052s][info][gc,heap     ] GC(209) Eden regions: 95->0(102)
[2026-09-03T12:36:04.905+0800][24.052s][info][gc,heap     ] GC(209) Survivor regions: 12->14(14)
[2026-09-03T12:36:04.905+0800][24.052s][info][gc,heap     ] GC(209) Old regions: 108->97
[2026-09-03T12:36:04.905+0800][24.052s][info][gc,heap     ] GC(209) Humongous regions: 1->1
[2026-09-03T12:36:04.905+0800][24.052s][info][gc,metaspace] GC(209) Metaspace: 1059K(1216K)->1059K(1216K) NonClass: 994K(1088K)->994K(1088K) Class: 64K(128K)->64K(128K)
[2026-09-03T12:36:04.905+0800][24.052s][info][gc          ] GC(209) Pause Young (Mixed) (G1 Evacuation Pause) 215M->110M(256M) 2.187ms
[2026-09-03T12:36:04.905+0800][24.052s][info][gc,cpu      ] GC(209) User=0.01s Sys=0.00s Real=0.00s
[2026-09-03T12:36:04.905+0800][24.052s][info][safepoint   ] Safepoint "G1CollectForAllocation", Time since last: 285164041 ns, Reaching safepoint: 2584 ns, At safepoint: 2211416 ns, Leaving safepoint: 43125 ns, Total: 2257125 ns, Threads: 0 runnable, 42 total
[2026-09-03T12:36:05.211+0800][24.358s][info][gc,start    ] GC(210) Pause Young (Mixed) (G1 Evacuation Pause)
[2026-09-03T12:36:05.211+0800][24.359s][info][gc,task     ] GC(210) Using 9 workers of 9 for evacuation
[2026-09-03T12:36:05.213+0800][24.361s][info][gc,phases   ] GC(210)   Pre Evacuate Collection Set: 0.04ms
[2026-09-03T12:36:05.213+0800][24.361s][info][gc,phases   ] GC(210)   Merge Heap Roots: 0.03ms
[2026-09-03T12:36:05.213+0800][24.361s][info][gc,phases   ] GC(210)   Evacuate Collection Set: 1.97ms
[2026-09-03T12:36:05.213+0800][24.361s][info][gc,phases   ] GC(210)   Post Evacuate Collection Set: 0.10ms
[2026-09-03T12:36:05.213+0800][24.361s][info][gc,phases   ] GC(210)   Other: 0.06ms
[2026-09-03T12:36:05.213+0800][24.361s][info][gc,heap     ] GC(210) Eden regions: 102->0(89)
[2026-09-03T12:36:05.213+0800][24.361s][info][gc,heap     ] GC(210) Survivor regions: 14->15(15)
[2026-09-03T12:36:05.213+0800][24.361s][info][gc,heap     ] GC(210) Old regions: 97->114
[2026-09-03T12:36:05.213+0800][24.361s][info][gc,heap     ] GC(210) Humongous regions: 1->1
[2026-09-03T12:36:05.213+0800][24.361s][info][gc,metaspace] GC(210) Metaspace: 1059K(1216K)->1059K(1216K) NonClass: 994K(1088K)->994K(1088K) Class: 64K(128K)->64K(128K)
[2026-09-03T12:36:05.213+0800][24.361s][info][gc          ] GC(210) Pause Young (Mixed) (G1 Evacuation Pause) 212M->128M(256M) 2.350ms
[2026-09-03T12:36:05.213+0800][24.361s][info][gc,cpu      ] GC(210) User=0.01s Sys=0.00s Real=0.00s
[2026-09-03T12:36:05.213+0800][24.361s][info][safepoint   ] Safepoint "G1CollectForAllocation", Time since last: 306420709 ns, Reaching safepoint: 2416 ns, At safepoint: 2379292 ns, Leaving safepoint: 29708 ns, Total: 2411416 ns, Threads: 0 runnable, 42 total
[2026-09-03T12:36:05.482+0800][24.630s][info][gc,start    ] GC(211) Pause Young (Concurrent Start) (G1 Evacuation Pause)
[2026-09-03T12:36:05.482+0800][24.630s][info][gc,task     ] GC(211) Using 9 workers of 9 for evacuation
[2026-09-03T12:36:05.484+0800][24.632s][info][gc,phases   ] GC(211)   Pre Evacuate Collection Set: 0.07ms
[2026-09-03T12:36:05.484+0800][24.632s][info][gc,phases   ] GC(211)   Merge Heap Roots: 0.02ms
[2026-09-03T12:36:05.484+0800][24.632s][info][gc,phases   ] GC(211)   Evacuate Collection Set: 1.88ms
[2026-09-03T12:36:05.484+0800][24.632s][info][gc,phases   ] GC(211)   Post Evacuate Collection Set: 0.11ms
[2026-09-03T12:36:05.485+0800][24.632s][info][gc,phases   ] GC(211)   Other: 0.07ms
[2026-09-03T12:36:05.485+0800][24.632s][info][gc,heap     ] GC(211) Eden regions: 89->0(76)
[2026-09-03T12:36:05.485+0800][24.632s][info][gc,heap     ] GC(211) Survivor regions: 15->13(13)
[2026-09-03T12:36:05.485+0800][24.632s][info][gc,heap     ] GC(211) Old regions: 114->134
[2026-09-03T12:36:05.485+0800][24.632s][info][gc,heap     ] GC(211) Humongous regions: 1->1
[2026-09-03T12:36:05.485+0800][24.632s][info][gc,metaspace] GC(211) Metaspace: 1059K(1216K)->1059K(1216K) NonClass: 994K(1088K)->994K(1088K) Class: 64K(128K)->64K(128K)
[2026-09-03T12:36:05.485+0800][24.632s][info][gc          ] GC(211) Pause Young (Concurrent Start) (G1 Evacuation Pause) 217M->146M(256M) 2.279ms
[2026-09-03T12:36:05.485+0800][24.632s][info][gc,cpu      ] GC(211) User=0.02s Sys=0.00s Real=0.00s
[2026-09-03T12:36:05.485+0800][24.632s][info][gc          ] GC(212) Concurrent Mark Cycle
[2026-09-03T12:36:05.485+0800][24.632s][info][gc,marking  ] GC(212) Concurrent Scan Root Regions
[2026-09-03T12:36:05.485+0800][24.632s][info][safepoint   ] Safepoint "G1CollectForAllocation", Time since last: 268758084 ns, Reaching safepoint: 3000 ns, At safepoint: 2310875 ns, Leaving safepoint: 30041 ns, Total: 2343916 ns, Threads: 0 runnable, 42 total
[2026-09-03T12:36:05.487+0800][24.634s][info][gc,marking  ] GC(212) Concurrent Scan Root Regions 2.059ms
[2026-09-03T12:36:05.487+0800][24.634s][info][gc,marking  ] GC(212) Concurrent Mark
[2026-09-03T12:36:05.487+0800][24.634s][info][gc,marking  ] GC(212) Concurrent Mark From Roots
[2026-09-03T12:36:05.487+0800][24.634s][info][gc,task     ] GC(212) Concurrent Mark Using 2 of 2 Workers
[2026-09-03T12:36:05.491+0800][24.638s][info][gc,marking  ] GC(212) Concurrent Mark From Roots 4.200ms
[2026-09-03T12:36:05.491+0800][24.638s][info][gc,marking  ] GC(212) Concurrent Preclean
[2026-09-03T12:36:05.491+0800][24.638s][info][gc,marking  ] GC(212) Concurrent Preclean 0.010ms
[2026-09-03T12:36:05.491+0800][24.638s][info][gc,start    ] GC(212) Pause Remark
[2026-09-03T12:36:05.491+0800][24.639s][info][gc          ] GC(212) Pause Remark 150M->106M(256M) 0.317ms
[2026-09-03T12:36:05.491+0800][24.639s][info][gc,cpu      ] GC(212) User=0.00s Sys=0.00s Real=0.00s
[2026-09-03T12:36:05.491+0800][24.639s][info][safepoint   ] Safepoint "G1PauseRemark", Time since last: 6317125 ns, Reaching safepoint: 2917 ns, At safepoint: 342667 ns, Leaving safepoint: 18208 ns, Total: 363792 ns, Threads: 0 runnable, 42 total
[2026-09-03T12:36:05.491+0800][24.639s][info][gc,marking  ] GC(212) Concurrent Mark 4.663ms
[2026-09-03T12:36:05.491+0800][24.639s][info][gc,marking  ] GC(212) Concurrent Rebuild Remembered Sets and Scrub Regions
[2026-09-03T12:36:05.495+0800][24.642s][info][gc,marking  ] GC(212) Concurrent Rebuild Remembered Sets and Scrub Regions 3.664ms
[2026-09-03T12:36:05.495+0800][24.642s][info][gc,start    ] GC(212) Pause Cleanup
[2026-09-03T12:36:05.495+0800][24.642s][info][gc          ] GC(212) Pause Cleanup 107M->107M(256M) 0.038ms
[2026-09-03T12:36:05.495+0800][24.642s][info][gc,cpu      ] GC(212) User=0.00s Sys=0.00s Real=0.00s
[2026-09-03T12:36:05.495+0800][24.642s][info][safepoint   ] Safepoint "G1PauseCleanup", Time since last: 3747708 ns, Reaching safepoint: 1459 ns, At safepoint: 57000 ns, Leaving safepoint: 375 ns, Total: 58834 ns, Threads: 0 runnable, 42 total
[2026-09-03T12:36:05.495+0800][24.642s][info][gc,marking  ] GC(212) Concurrent Clear Claimed Marks
[2026-09-03T12:36:05.495+0800][24.642s][info][gc,marking  ] GC(212) Concurrent Clear Claimed Marks 0.011ms
[2026-09-03T12:36:05.495+0800][24.642s][info][gc,marking  ] GC(212) Concurrent Cleanup for Next Mark
[2026-09-03T12:36:05.495+0800][24.643s][info][gc,marking  ] GC(212) Concurrent Cleanup for Next Mark 0.089ms
[2026-09-03T12:36:05.495+0800][24.643s][info][gc          ] GC(212) Concurrent Mark Cycle 10.651ms
[2026-09-03T12:36:05.712+0800][24.859s][info][gc,start    ] GC(213) Pause Young (Prepare Mixed) (G1 Evacuation Pause)
[2026-09-03T12:36:05.712+0800][24.859s][info][gc,task     ] GC(213) Using 9 workers of 9 for evacuation
[2026-09-03T12:36:05.713+0800][24.861s][info][gc,phases   ] GC(213)   Pre Evacuate Collection Set: 0.05ms
[2026-09-03T12:36:05.713+0800][24.861s][info][gc,phases   ] GC(213)   Merge Heap Roots: 0.03ms
[2026-09-03T12:36:05.713+0800][24.861s][info][gc,phases   ] GC(213)   Evacuate Collection Set: 1.55ms
[2026-09-03T12:36:05.713+0800][24.861s][info][gc,phases   ] GC(213)   Post Evacuate Collection Set: 0.11ms
[2026-09-03T12:36:05.714+0800][24.861s][info][gc,phases   ] GC(213)   Other: 0.06ms
[2026-09-03T12:36:05.714+0800][24.861s][info][gc,heap     ] GC(213) Eden regions: 76->0(96)
[2026-09-03T12:36:05.714+0800][24.861s][info][gc,heap     ] GC(213) Survivor regions: 13->12(12)
[2026-09-03T12:36:05.714+0800][24.861s][info][gc,heap     ] GC(213) Old regions: 90->107
[2026-09-03T12:36:05.714+0800][24.861s][info][gc,heap     ] GC(213) Humongous regions: 1->1
[2026-09-03T12:36:05.714+0800][24.861s][info][gc,metaspace] GC(213) Metaspace: 1059K(1216K)->1059K(1216K) NonClass: 994K(1088K)->994K(1088K) Class: 64K(128K)->64K(128K)
[2026-09-03T12:36:05.714+0800][24.861s][info][gc          ] GC(213) Pause Young (Prepare Mixed) (G1 Evacuation Pause) 178M->118M(256M) 1.920ms
[2026-09-03T12:36:05.714+0800][24.861s][info][gc,cpu      ] GC(213) User=0.01s Sys=0.00s Real=0.00s
[2026-09-03T12:36:05.714+0800][24.861s][info][safepoint   ] Safepoint "G1CollectForAllocation", Time since last: 216529250 ns, Reaching safepoint: 2708 ns, At safepoint: 1952417 ns, Leaving safepoint: 46208 ns, Total: 2001333 ns, Threads: 0 runnable, 42 total
[2026-09-03T12:36:06.002+0800][25.149s][info][gc,start    ] GC(214) Pause Young (Mixed) (G1 Evacuation Pause)
[2026-09-03T12:36:06.002+0800][25.149s][info][gc,task     ] GC(214) Using 9 workers of 9 for evacuation
[2026-09-03T12:36:06.004+0800][25.151s][info][gc,phases   ] GC(214)   Pre Evacuate Collection Set: 0.05ms
[2026-09-03T12:36:06.004+0800][25.151s][info][gc,phases   ] GC(214)   Merge Heap Roots: 0.06ms
[2026-09-03T12:36:06.004+0800][25.151s][info][gc,phases   ] GC(214)   Evacuate Collection Set: 1.87ms
[2026-09-03T12:36:06.004+0800][25.151s][info][gc,phases   ] GC(214)   Post Evacuate Collection Set: 0.13ms
[2026-09-03T12:36:06.004+0800][25.151s][info][gc,phases   ] GC(214)   Other: 0.06ms
[2026-09-03T12:36:06.004+0800][25.151s][info][gc,heap     ] GC(214) Eden regions: 96->0(102)
[2026-09-03T12:36:06.004+0800][25.151s][info][gc,heap     ] GC(214) Survivor regions: 12->14(14)
[2026-09-03T12:36:06.004+0800][25.151s][info][gc,heap     ] GC(214) Old regions: 107->96
[2026-09-03T12:36:06.004+0800][25.151s][info][gc,heap     ] GC(214) Humongous regions: 1->1
[2026-09-03T12:36:06.004+0800][25.151s][info][gc,metaspace] GC(214) Metaspace: 1059K(1216K)->1059K(1216K) NonClass: 994K(1088K)->994K(1088K) Class: 64K(128K)->64K(128K)
[2026-09-03T12:36:06.004+0800][25.151s][info][gc          ] GC(214) Pause Young (Mixed) (G1 Evacuation Pause) 214M->109M(256M) 2.285ms
[2026-09-03T12:36:06.004+0800][25.151s][info][gc,cpu      ] GC(214) User=0.02s Sys=0.00s Real=0.00s
[2026-09-03T12:36:06.004+0800][25.151s][info][safepoint   ] Safepoint "G1CollectForAllocation", Time since last: 287900583 ns, Reaching safepoint: 2209 ns, At safepoint: 2309166 ns, Leaving safepoint: 24542 ns, Total: 2335917 ns, Threads: 0 runnable, 42 total
[2026-09-03T12:36:06.312+0800][25.460s][info][gc,start    ] GC(215) Pause Young (Mixed) (G1 Evacuation Pause)
[2026-09-03T12:36:06.312+0800][25.460s][info][gc,task     ] GC(215) Using 9 workers of 9 for evacuation
[2026-09-03T12:36:06.315+0800][25.463s][info][gc,phases   ] GC(215)   Pre Evacuate Collection Set: 0.03ms
[2026-09-03T12:36:06.315+0800][25.463s][info][gc,phases   ] GC(215)   Merge Heap Roots: 0.02ms
[2026-09-03T12:36:06.315+0800][25.463s][info][gc,phases   ] GC(215)   Evacuate Collection Set: 2.78ms
[2026-09-03T12:36:06.315+0800][25.463s][info][gc,phases   ] GC(215)   Post Evacuate Collection Set: 0.10ms
[2026-09-03T12:36:06.315+0800][25.463s][info][gc,phases   ] GC(215)   Other: 0.06ms
[2026-09-03T12:36:06.315+0800][25.463s][info][gc,heap     ] GC(215) Eden regions: 102->0(90)
[2026-09-03T12:36:06.315+0800][25.463s][info][gc,heap     ] GC(215) Survivor regions: 14->15(15)
[2026-09-03T12:36:06.315+0800][25.463s][info][gc,heap     ] GC(215) Old regions: 96->113
[2026-09-03T12:36:06.315+0800][25.463s][info][gc,heap     ] GC(215) Humongous regions: 1->1
[2026-09-03T12:36:06.315+0800][25.463s][info][gc,metaspace] GC(215) Metaspace: 1059K(1216K)->1059K(1216K) NonClass: 994K(1088K)->994K(1088K) Class: 64K(128K)->64K(128K)
[2026-09-03T12:36:06.315+0800][25.463s][info][gc          ] GC(215) Pause Young (Mixed) (G1 Evacuation Pause) 211M->127M(256M) 3.150ms
[2026-09-03T12:36:06.315+0800][25.463s][info][gc,cpu      ] GC(215) User=0.02s Sys=0.00s Real=0.00s
[2026-09-03T12:36:06.315+0800][25.463s][info][safepoint   ] Safepoint "G1CollectForAllocation", Time since last: 308437667 ns, Reaching safepoint: 2125 ns, At safepoint: 3176333 ns, Leaving safepoint: 25375 ns, Total: 3203833 ns, Threads: 0 runnable, 42 total
[2026-09-03T12:36:06.588+0800][25.735s][info][gc,start    ] GC(216) Pause Young (Concurrent Start) (G1 Evacuation Pause)
[2026-09-03T12:36:06.588+0800][25.735s][info][gc,task     ] GC(216) Using 9 workers of 9 for evacuation
[2026-09-03T12:36:06.591+0800][25.738s][info][gc,phases   ] GC(216)   Pre Evacuate Collection Set: 0.10ms
[2026-09-03T12:36:06.591+0800][25.738s][info][gc,phases   ] GC(216)   Merge Heap Roots: 0.03ms
[2026-09-03T12:36:06.591+0800][25.738s][info][gc,phases   ] GC(216)   Evacuate Collection Set: 2.41ms
[2026-09-03T12:36:06.591+0800][25.738s][info][gc,phases   ] GC(216)   Post Evacuate Collection Set: 0.12ms
[2026-09-03T12:36:06.591+0800][25.738s][info][gc,phases   ] GC(216)   Other: 0.07ms
[2026-09-03T12:36:06.591+0800][25.738s][info][gc,heap     ] GC(216) Eden regions: 90->0(77)
[2026-09-03T12:36:06.591+0800][25.738s][info][gc,heap     ] GC(216) Survivor regions: 15->14(14)
[2026-09-03T12:36:06.591+0800][25.738s][info][gc,heap     ] GC(216) Old regions: 113->132
[2026-09-03T12:36:06.591+0800][25.738s][info][gc,heap     ] GC(216) Humongous regions: 1->1
[2026-09-03T12:36:06.591+0800][25.738s][info][gc,metaspace] GC(216) Metaspace: 1059K(1216K)->1059K(1216K) NonClass: 994K(1088K)->994K(1088K) Class: 64K(128K)->64K(128K)
[2026-09-03T12:36:06.591+0800][25.738s][info][gc          ] GC(216) Pause Young (Concurrent Start) (G1 Evacuation Pause) 217M->145M(256M) 2.906ms
[2026-09-03T12:36:06.591+0800][25.738s][info][gc          ] GC(217) Concurrent Mark Cycle
[2026-09-03T12:36:06.591+0800][25.738s][info][gc,cpu      ] GC(216) User=0.02s Sys=0.00s Real=0.01s
[2026-09-03T12:36:06.591+0800][25.738s][info][gc,marking  ] GC(217) Concurrent Scan Root Regions
[2026-09-03T12:36:06.591+0800][25.738s][info][safepoint   ] Safepoint "G1CollectForAllocation", Time since last: 272249083 ns, Reaching safepoint: 21417 ns, At safepoint: 2963500 ns, Leaving safepoint: 22292 ns, Total: 3007209 ns, Threads: 1 runnable, 42 total
[2026-09-03T12:36:06.593+0800][25.740s][info][gc,marking  ] GC(217) Concurrent Scan Root Regions 2.281ms
[2026-09-03T12:36:06.593+0800][25.740s][info][gc,marking  ] GC(217) Concurrent Mark
[2026-09-03T12:36:06.593+0800][25.740s][info][gc,marking  ] GC(217) Concurrent Mark From Roots
[2026-09-03T12:36:06.593+0800][25.740s][info][gc,task     ] GC(217) Concurrent Mark Using 2 of 2 Workers
[2026-09-03T12:36:06.597+0800][25.744s][info][gc,marking  ] GC(217) Concurrent Mark From Roots 3.643ms
[2026-09-03T12:36:06.597+0800][25.744s][info][gc,marking  ] GC(217) Concurrent Preclean
[2026-09-03T12:36:06.597+0800][25.744s][info][gc,marking  ] GC(217) Concurrent Preclean 0.016ms
[2026-09-03T12:36:06.597+0800][25.744s][info][gc,start    ] GC(217) Pause Remark
[2026-09-03T12:36:06.597+0800][25.745s][info][gc          ] GC(217) Pause Remark 149M->103M(256M) 0.396ms
[2026-09-03T12:36:06.597+0800][25.745s][info][gc,cpu      ] GC(217) User=0.00s Sys=0.00s Real=0.00s
[2026-09-03T12:36:06.597+0800][25.745s][info][safepoint   ] Safepoint "G1PauseRemark", Time since last: 6001833 ns, Reaching safepoint: 3458 ns, At safepoint: 426500 ns, Leaving safepoint: 15959 ns, Total: 445917 ns, Threads: 0 runnable, 42 total
[2026-09-03T12:36:06.597+0800][25.745s][info][gc,marking  ] GC(217) Concurrent Mark 4.267ms
[2026-09-03T12:36:06.597+0800][25.745s][info][gc,marking  ] GC(217) Concurrent Rebuild Remembered Sets and Scrub Regions
[2026-09-03T12:36:06.602+0800][25.749s][info][gc,marking  ] GC(217) Concurrent Rebuild Remembered Sets and Scrub Regions 4.352ms
[2026-09-03T12:36:06.602+0800][25.749s][info][gc,start    ] GC(217) Pause Cleanup
[2026-09-03T12:36:06.602+0800][25.749s][info][gc          ] GC(217) Pause Cleanup 104M->104M(256M) 0.043ms
[2026-09-03T12:36:06.602+0800][25.749s][info][gc,cpu      ] GC(217) User=0.00s Sys=0.00s Real=0.00s
[2026-09-03T12:36:06.602+0800][25.749s][info][safepoint   ] Safepoint "G1PauseCleanup", Time since last: 4498166 ns, Reaching safepoint: 2292 ns, At safepoint: 64625 ns, Leaving safepoint: 2625 ns, Total: 69542 ns, Threads: 0 runnable, 42 total
[2026-09-03T12:36:06.602+0800][25.749s][info][gc,marking  ] GC(217) Concurrent Clear Claimed Marks
[2026-09-03T12:36:06.602+0800][25.749s][info][gc,marking  ] GC(217) Concurrent Clear Claimed Marks 0.008ms
[2026-09-03T12:36:06.602+0800][25.749s][info][gc,marking  ] GC(217) Concurrent Cleanup for Next Mark
[2026-09-03T12:36:06.602+0800][25.749s][info][gc,marking  ] GC(217) Concurrent Cleanup for Next Mark 0.136ms
[2026-09-03T12:36:06.602+0800][25.749s][info][gc          ] GC(217) Concurrent Mark Cycle 11.285ms
[2026-09-03T12:36:06.822+0800][25.969s][info][gc,start    ] GC(218) Pause Young (Prepare Mixed) (G1 Evacuation Pause)
[2026-09-03T12:36:06.822+0800][25.969s][info][gc,task     ] GC(218) Using 9 workers of 9 for evacuation
[2026-09-03T12:36:06.824+0800][25.972s][info][gc,phases   ] GC(218)   Pre Evacuate Collection Set: 0.07ms
[2026-09-03T12:36:06.824+0800][25.972s][info][gc,phases   ] GC(218)   Merge Heap Roots: 0.03ms
[2026-09-03T12:36:06.824+0800][25.972s][info][gc,phases   ] GC(218)   Evacuate Collection Set: 2.04ms
[2026-09-03T12:36:06.824+0800][25.972s][info][gc,phases   ] GC(218)   Post Evacuate Collection Set: 0.10ms
[2026-09-03T12:36:06.824+0800][25.972s][info][gc,phases   ] GC(218)   Other: 0.08ms
[2026-09-03T12:36:06.824+0800][25.972s][info][gc,heap     ] GC(218) Eden regions: 77->0(98)
[2026-09-03T12:36:06.824+0800][25.972s][info][gc,heap     ] GC(218) Survivor regions: 14->12(12)
[2026-09-03T12:36:06.824+0800][25.972s][info][gc,heap     ] GC(218) Old regions: 86->104
[2026-09-03T12:36:06.824+0800][25.972s][info][gc,heap     ] GC(218) Humongous regions: 1->1
[2026-09-03T12:36:06.824+0800][25.972s][info][gc,metaspace] GC(218) Metaspace: 1059K(1216K)->1059K(1216K) NonClass: 994K(1088K)->994K(1088K) Class: 64K(128K)->64K(128K)
[2026-09-03T12:36:06.824+0800][25.972s][info][gc          ] GC(218) Pause Young (Prepare Mixed) (G1 Evacuation Pause) 176M->115M(256M) 2.461ms
[2026-09-03T12:36:06.824+0800][25.972s][info][gc,cpu      ] GC(218) User=0.02s Sys=0.00s Real=0.00s
[2026-09-03T12:36:06.825+0800][25.972s][info][safepoint   ] Safepoint "G1CollectForAllocation", Time since last: 220218750 ns, Reaching safepoint: 19042 ns, At safepoint: 2486083 ns, Leaving safepoint: 22292 ns, Total: 2527417 ns, Threads: 1 runnable, 42 total
[2026-09-03T12:36:07.142+0800][26.289s][info][gc,start    ] GC(219) Pause Young (Mixed) (G1 Evacuation Pause)
[2026-09-03T12:36:07.144+0800][26.291s][info][gc,task     ] GC(219) Using 9 workers of 9 for evacuation
[2026-09-03T12:36:07.152+0800][26.299s][info][gc,phases   ] GC(219)   Pre Evacuate Collection Set: 0.58ms
[2026-09-03T12:36:07.152+0800][26.299s][info][gc,phases   ] GC(219)   Merge Heap Roots: 0.17ms
[2026-09-03T12:36:07.152+0800][26.299s][info][gc,phases   ] GC(219)   Evacuate Collection Set: 5.50ms
[2026-09-03T12:36:07.152+0800][26.299s][info][gc,phases   ] GC(219)   Post Evacuate Collection Set: 0.57ms
[2026-09-03T12:36:07.152+0800][26.299s][info][gc,phases   ] GC(219)   Other: 1.35ms
[2026-09-03T12:36:07.152+0800][26.299s][info][gc,heap     ] GC(219) Eden regions: 98->0(104)
[2026-09-03T12:36:07.152+0800][26.299s][info][gc,heap     ] GC(219) Survivor regions: 12->14(14)
[2026-09-03T12:36:07.152+0800][26.300s][info][gc,heap     ] GC(219) Old regions: 104->94
[2026-09-03T12:36:07.152+0800][26.300s][info][gc,heap     ] GC(219) Humongous regions: 1->1
[2026-09-03T12:36:07.152+0800][26.300s][info][gc,metaspace] GC(219) Metaspace: 1059K(1216K)->1059K(1216K) NonClass: 994K(1088K)->994K(1088K) Class: 64K(128K)->64K(128K)
[2026-09-03T12:36:07.152+0800][26.300s][info][gc          ] GC(219) Pause Young (Mixed) (G1 Evacuation Pause) 213M->108M(256M) 10.108ms
[2026-09-03T12:36:07.152+0800][26.300s][info][gc,cpu      ] GC(219) User=0.01s Sys=0.00s Real=0.01s
[2026-09-03T12:36:07.152+0800][26.300s][info][safepoint   ] Safepoint "G1CollectForAllocation", Time since last: 317510916 ns, Reaching safepoint: 3750 ns, At safepoint: 10210125 ns, Leaving safepoint: 2709 ns, Total: 10216584 ns, Threads: 0 runnable, 42 total
[2026-09-03T12:36:07.441+0800][26.589s][info][gc,start    ] GC(220) Pause Young (Concurrent Start) (G1 Evacuation Pause)
[2026-09-03T12:36:07.442+0800][26.589s][info][gc,task     ] GC(220) Using 9 workers of 9 for evacuation
[2026-09-03T12:36:07.445+0800][26.593s][info][gc,phases   ] GC(220)   Pre Evacuate Collection Set: 0.08ms
[2026-09-03T12:36:07.445+0800][26.593s][info][gc,phases   ] GC(220)   Merge Heap Roots: 0.08ms
[2026-09-03T12:36:07.445+0800][26.593s][info][gc,phases   ] GC(220)   Evacuate Collection Set: 3.39ms
[2026-09-03T12:36:07.445+0800][26.593s][info][gc,phases   ] GC(220)   Post Evacuate Collection Set: 0.14ms
[2026-09-03T12:36:07.445+0800][26.593s][info][gc,phases   ] GC(220)   Other: 0.11ms
[2026-09-03T12:36:07.445+0800][26.593s][info][gc,heap     ] GC(220) Eden regions: 104->0(89)
[2026-09-03T12:36:07.445+0800][26.593s][info][gc,heap     ] GC(220) Survivor regions: 14->15(15)
[2026-09-03T12:36:07.445+0800][26.593s][info][gc,heap     ] GC(220) Old regions: 94->114
[2026-09-03T12:36:07.445+0800][26.593s][info][gc,heap     ] GC(220) Humongous regions: 1->1
[2026-09-03T12:36:07.445+0800][26.593s][info][gc,metaspace] GC(220) Metaspace: 1059K(1216K)->1059K(1216K) NonClass: 994K(1088K)->994K(1088K) Class: 64K(128K)->64K(128K)
[2026-09-03T12:36:07.445+0800][26.593s][info][gc          ] GC(220) Pause Young (Concurrent Start) (G1 Evacuation Pause) 212M->129M(256M) 4.065ms
[2026-09-03T12:36:07.445+0800][26.593s][info][gc,cpu      ] GC(220) User=0.01s Sys=0.01s Real=0.00s
[2026-09-03T12:36:07.446+0800][26.593s][info][gc          ] GC(221) Concurrent Mark Cycle
[2026-09-03T12:36:07.446+0800][26.593s][info][safepoint   ] Safepoint "G1CollectForAllocation", Time since last: 289154541 ns, Reaching safepoint: 5042 ns, At safepoint: 4103250 ns, Leaving safepoint: 26333 ns, Total: 4134625 ns, Threads: 0 runnable, 42 total
[2026-09-03T12:36:07.446+0800][26.593s][info][gc,marking  ] GC(221) Concurrent Scan Root Regions
[2026-09-03T12:36:07.448+0800][26.596s][info][gc,marking  ] GC(221) Concurrent Scan Root Regions 2.865ms
[2026-09-03T12:36:07.448+0800][26.596s][info][gc,marking  ] GC(221) Concurrent Mark
[2026-09-03T12:36:07.449+0800][26.596s][info][gc,marking  ] GC(221) Concurrent Mark From Roots
[2026-09-03T12:36:07.449+0800][26.596s][info][gc,task     ] GC(221) Concurrent Mark Using 2 of 2 Workers
[2026-09-03T12:36:07.456+0800][26.604s][info][gc,marking  ] GC(221) Concurrent Mark From Roots 7.921ms
[2026-09-03T12:36:07.456+0800][26.604s][info][gc,marking  ] GC(221) Concurrent Preclean
[2026-09-03T12:36:07.456+0800][26.604s][info][gc,marking  ] GC(221) Concurrent Preclean 0.023ms
[2026-09-03T12:36:07.457+0800][26.604s][info][gc,start    ] GC(221) Pause Remark
[2026-09-03T12:36:07.457+0800][26.605s][info][gc          ] GC(221) Pause Remark 135M->101M(256M) 0.790ms
[2026-09-03T12:36:07.457+0800][26.605s][info][gc,cpu      ] GC(221) User=0.00s Sys=0.00s Real=0.00s
[2026-09-03T12:36:07.457+0800][26.605s][info][safepoint   ] Safepoint "G1PauseRemark", Time since last: 11084917 ns, Reaching safepoint: 4958 ns, At safepoint: 817792 ns, Leaving safepoint: 17875 ns, Total: 840625 ns, Threads: 0 runnable, 42 total
[2026-09-03T12:36:07.458+0800][26.605s][info][gc,marking  ] GC(221) Concurrent Mark 9.097ms
[2026-09-03T12:36:07.458+0800][26.605s][info][gc,marking  ] GC(221) Concurrent Rebuild Remembered Sets and Scrub Regions
[2026-09-03T12:36:07.464+0800][26.611s][info][gc,marking  ] GC(221) Concurrent Rebuild Remembered Sets and Scrub Regions 6.003ms
[2026-09-03T12:36:07.464+0800][26.611s][info][gc,start    ] GC(221) Pause Cleanup
[2026-09-03T12:36:07.464+0800][26.611s][info][gc          ] GC(221) Pause Cleanup 103M->103M(256M) 0.107ms
[2026-09-03T12:36:07.464+0800][26.611s][info][gc,cpu      ] GC(221) User=0.00s Sys=0.00s Real=0.00s
[2026-09-03T12:36:07.464+0800][26.611s][info][safepoint   ] Safepoint "G1PauseCleanup", Time since last: 6240750 ns, Reaching safepoint: 3125 ns, At safepoint: 159375 ns, Leaving safepoint: 32583 ns, Total: 195083 ns, Threads: 0 runnable, 42 total
[2026-09-03T12:36:07.464+0800][26.611s][info][gc,marking  ] GC(221) Concurrent Clear Claimed Marks
[2026-09-03T12:36:07.464+0800][26.611s][info][gc,marking  ] GC(221) Concurrent Clear Claimed Marks 0.023ms
[2026-09-03T12:36:07.464+0800][26.611s][info][gc,marking  ] GC(221) Concurrent Cleanup for Next Mark
[2026-09-03T12:36:07.464+0800][26.612s][info][gc,marking  ] GC(221) Concurrent Cleanup for Next Mark 0.214ms
[2026-09-03T12:36:07.464+0800][26.612s][info][gc          ] GC(221) Concurrent Mark Cycle 18.721ms
[2026-09-03T12:36:07.714+0800][26.861s][info][gc,start    ] GC(222) Pause Young (Prepare Mixed) (G1 Evacuation Pause)
[2026-09-03T12:36:07.714+0800][26.861s][info][gc,task     ] GC(222) Using 9 workers of 9 for evacuation
[2026-09-03T12:36:07.718+0800][26.865s][info][gc,phases   ] GC(222)   Pre Evacuate Collection Set: 0.38ms
[2026-09-03T12:36:07.718+0800][26.865s][info][gc,phases   ] GC(222)   Merge Heap Roots: 0.04ms
[2026-09-03T12:36:07.718+0800][26.865s][info][gc,phases   ] GC(222)   Evacuate Collection Set: 3.05ms
[2026-09-03T12:36:07.718+0800][26.865s][info][gc,phases   ] GC(222)   Post Evacuate Collection Set: 0.16ms
[2026-09-03T12:36:07.718+0800][26.865s][info][gc,phases   ] GC(222)   Other: 0.26ms
[2026-09-03T12:36:07.718+0800][26.865s][info][gc,heap     ] GC(222) Eden regions: 89->0(99)
[2026-09-03T12:36:07.718+0800][26.865s][info][gc,heap     ] GC(222) Survivor regions: 15->13(13)
[2026-09-03T12:36:07.718+0800][26.865s][info][gc,heap     ] GC(222) Old regions: 80->101
[2026-09-03T12:36:07.718+0800][26.865s][info][gc,heap     ] GC(222) Humongous regions: 1->1
[2026-09-03T12:36:07.718+0800][26.865s][info][gc,metaspace] GC(222) Metaspace: 1059K(1216K)->1059K(1216K) NonClass: 994K(1088K)->994K(1088K) Class: 64K(128K)->64K(128K)
[2026-09-03T12:36:07.718+0800][26.865s][info][gc          ] GC(222) Pause Young (Prepare Mixed) (G1 Evacuation Pause) 184M->113M(256M) 4.164ms
[2026-09-03T12:36:07.718+0800][26.865s][info][gc,cpu      ] GC(222) User=0.02s Sys=0.00s Real=0.00s
[2026-09-03T12:36:07.718+0800][26.865s][info][safepoint   ] Safepoint "G1CollectForAllocation", Time since last: 249927167 ns, Reaching safepoint: 3417 ns, At safepoint: 4243666 ns, Leaving safepoint: 18542 ns, Total: 4265625 ns, Threads: 0 runnable, 42 total
[2026-09-03T12:36:08.017+0800][27.165s][info][gc,start    ] GC(223) Pause Young (Mixed) (G1 Evacuation Pause)
[2026-09-03T12:36:08.017+0800][27.165s][info][gc,task     ] GC(223) Using 9 workers of 9 for evacuation
[2026-09-03T12:36:08.027+0800][27.174s][info][gc,phases   ] GC(223)   Pre Evacuate Collection Set: 0.29ms
[2026-09-03T12:36:08.027+0800][27.174s][info][gc,phases   ] GC(223)   Merge Heap Roots: 0.03ms
[2026-09-03T12:36:08.027+0800][27.174s][info][gc,phases   ] GC(223)   Evacuate Collection Set: 8.49ms
[2026-09-03T12:36:08.027+0800][27.174s][info][gc,phases   ] GC(223)   Post Evacuate Collection Set: 0.21ms
[2026-09-03T12:36:08.027+0800][27.174s][info][gc,phases   ] GC(223)   Other: 0.14ms
[2026-09-03T12:36:08.027+0800][27.174s][info][gc,heap     ] GC(223) Eden regions: 99->0(101)
[2026-09-03T12:36:08.027+0800][27.174s][info][gc,heap     ] GC(223) Survivor regions: 13->14(14)
[2026-09-03T12:36:08.027+0800][27.174s][info][gc,heap     ] GC(223) Old regions: 101->98
[2026-09-03T12:36:08.027+0800][27.174s][info][gc,heap     ] GC(223) Humongous regions: 1->1
[2026-09-03T12:36:08.027+0800][27.174s][info][gc,metaspace] GC(223) Metaspace: 1059K(1216K)->1059K(1216K) NonClass: 994K(1088K)->994K(1088K) Class: 64K(128K)->64K(128K)
[2026-09-03T12:36:08.027+0800][27.174s][info][gc          ] GC(223) Pause Young (Mixed) (G1 Evacuation Pause) 212M->111M(256M) 9.446ms
[2026-09-03T12:36:08.027+0800][27.174s][info][gc,cpu      ] GC(223) User=0.01s Sys=0.00s Real=0.01s
[2026-09-03T12:36:08.027+0800][27.174s][info][safepoint   ] Safepoint "G1CollectForAllocation", Time since last: 299114000 ns, Reaching safepoint: 16375 ns, At safepoint: 9511542 ns, Leaving safepoint: 31625 ns, Total: 9559542 ns, Threads: 0 runnable, 42 total
[2026-09-03T12:36:08.325+0800][27.473s][info][gc,start    ] GC(224) Pause Young (Concurrent Start) (G1 Evacuation Pause)
[2026-09-03T12:36:08.325+0800][27.473s][info][gc,task     ] GC(224) Using 9 workers of 9 for evacuation
[2026-09-03T12:36:08.329+0800][27.477s][info][gc,phases   ] GC(224)   Pre Evacuate Collection Set: 0.21ms
[2026-09-03T12:36:08.329+0800][27.477s][info][gc,phases   ] GC(224)   Merge Heap Roots: 0.04ms
[2026-09-03T12:36:08.329+0800][27.477s][info][gc,phases   ] GC(224)   Evacuate Collection Set: 3.67ms
[2026-09-03T12:36:08.329+0800][27.477s][info][gc,phases   ] GC(224)   Post Evacuate Collection Set: 0.10ms
[2026-09-03T12:36:08.330+0800][27.477s][info][gc,phases   ] GC(224)   Other: 0.10ms
[2026-09-03T12:36:08.330+0800][27.477s][info][gc,heap     ] GC(224) Eden regions: 101->0(87)
[2026-09-03T12:36:08.330+0800][27.477s][info][gc,heap     ] GC(224) Survivor regions: 14->15(15)
[2026-09-03T12:36:08.330+0800][27.477s][info][gc,heap     ] GC(224) Old regions: 98->117
[2026-09-03T12:36:08.330+0800][27.477s][info][gc,heap     ] GC(224) Humongous regions: 1->1
[2026-09-03T12:36:08.330+0800][27.477s][info][gc,metaspace] GC(224) Metaspace: 1059K(1216K)->1059K(1216K) NonClass: 994K(1088K)->994K(1088K) Class: 64K(128K)->64K(128K)
[2026-09-03T12:36:08.330+0800][27.477s][info][gc          ] GC(224) Pause Young (Concurrent Start) (G1 Evacuation Pause) 212M->132M(256M) 4.284ms
[2026-09-03T12:36:08.330+0800][27.477s][info][gc,cpu      ] GC(224) User=0.01s Sys=0.00s Real=0.01s
[2026-09-03T12:36:08.330+0800][27.477s][info][gc          ] GC(225) Concurrent Mark Cycle
[2026-09-03T12:36:08.330+0800][27.477s][info][safepoint   ] Safepoint "G1CollectForAllocation", Time since last: 298473000 ns, Reaching safepoint: 5000 ns, At safepoint: 4331791 ns, Leaving safepoint: 33417 ns, Total: 4370208 ns, Threads: 0 runnable, 42 total
[2026-09-03T12:36:08.330+0800][27.477s][info][gc,marking  ] GC(225) Concurrent Scan Root Regions
[2026-09-03T12:36:08.332+0800][27.479s][info][gc,marking  ] GC(225) Concurrent Scan Root Regions 2.385ms
[2026-09-03T12:36:08.332+0800][27.479s][info][gc,marking  ] GC(225) Concurrent Mark
[2026-09-03T12:36:08.332+0800][27.479s][info][gc,marking  ] GC(225) Concurrent Mark From Roots
[2026-09-03T12:36:08.332+0800][27.479s][info][gc,task     ] GC(225) Concurrent Mark Using 2 of 2 Workers
[2026-09-03T12:36:08.338+0800][27.485s][info][gc,marking  ] GC(225) Concurrent Mark From Roots 5.565ms
[2026-09-03T12:36:08.338+0800][27.485s][info][gc,marking  ] GC(225) Concurrent Preclean
[2026-09-03T12:36:08.338+0800][27.485s][info][gc,marking  ] GC(225) Concurrent Preclean 0.014ms
[2026-09-03T12:36:08.338+0800][27.485s][info][gc,start    ] GC(225) Pause Remark
[2026-09-03T12:36:08.338+0800][27.486s][info][gc          ] GC(225) Pause Remark 137M->106M(256M) 0.418ms
[2026-09-03T12:36:08.338+0800][27.486s][info][gc,cpu      ] GC(225) User=0.00s Sys=0.00s Real=0.00s
[2026-09-03T12:36:08.338+0800][27.486s][info][safepoint   ] Safepoint "G1PauseRemark", Time since last: 8112250 ns, Reaching safepoint: 3167 ns, At safepoint: 445625 ns, Leaving safepoint: 16333 ns, Total: 465125 ns, Threads: 0 runnable, 42 total
[2026-09-03T12:36:08.338+0800][27.486s][info][gc,marking  ] GC(225) Concurrent Mark 6.175ms
[2026-09-03T12:36:08.338+0800][27.486s][info][gc,marking  ] GC(225) Concurrent Rebuild Remembered Sets and Scrub Regions
[2026-09-03T12:36:08.344+0800][27.491s][info][gc,marking  ] GC(225) Concurrent Rebuild Remembered Sets and Scrub Regions 5.635ms
[2026-09-03T12:36:08.344+0800][27.491s][info][gc,start    ] GC(225) Pause Cleanup
[2026-09-03T12:36:08.344+0800][27.491s][info][gc          ] GC(225) Pause Cleanup 107M->107M(256M) 0.087ms
[2026-09-03T12:36:08.344+0800][27.491s][info][gc,cpu      ] GC(225) User=0.00s Sys=0.00s Real=0.00s
[2026-09-03T12:36:08.344+0800][27.492s][info][safepoint   ] Safepoint "G1PauseCleanup", Time since last: 5772500 ns, Reaching safepoint: 37250 ns, At safepoint: 127708 ns, Leaving safepoint: 20000 ns, Total: 184958 ns, Threads: 1 runnable, 42 total
[2026-09-03T12:36:08.344+0800][27.492s][info][gc,marking  ] GC(225) Concurrent Clear Claimed Marks
[2026-09-03T12:36:08.344+0800][27.492s][info][gc,marking  ] GC(225) Concurrent Clear Claimed Marks 0.011ms
[2026-09-03T12:36:08.344+0800][27.492s][info][gc,marking  ] GC(225) Concurrent Cleanup for Next Mark
[2026-09-03T12:36:08.344+0800][27.492s][info][gc,marking  ] GC(225) Concurrent Cleanup for Next Mark 0.263ms
[2026-09-03T12:36:08.344+0800][27.492s][info][gc          ] GC(225) Concurrent Mark Cycle 14.900ms
[2026-09-03T12:36:08.590+0800][27.738s][info][gc,start    ] GC(226) Pause Young (Prepare Mixed) (G1 Evacuation Pause)
[2026-09-03T12:36:08.590+0800][27.738s][info][gc,task     ] GC(226) Using 9 workers of 9 for evacuation
[2026-09-03T12:36:08.593+0800][27.741s][info][gc,phases   ] GC(226)   Pre Evacuate Collection Set: 0.05ms
[2026-09-03T12:36:08.593+0800][27.741s][info][gc,phases   ] GC(226)   Merge Heap Roots: 0.04ms
[2026-09-03T12:36:08.593+0800][27.741s][info][gc,phases   ] GC(226)   Evacuate Collection Set: 2.46ms
[2026-09-03T12:36:08.593+0800][27.741s][info][gc,phases   ] GC(226)   Post Evacuate Collection Set: 0.10ms
[2026-09-03T12:36:08.593+0800][27.741s][info][gc,phases   ] GC(226)   Other: 0.07ms
[2026-09-03T12:36:08.593+0800][27.741s][info][gc,heap     ] GC(226) Eden regions: 87->0(96)
[2026-09-03T12:36:08.593+0800][27.741s][info][gc,heap     ] GC(226) Survivor regions: 15->13(13)
[2026-09-03T12:36:08.593+0800][27.741s][info][gc,heap     ] GC(226) Old regions: 86->106
[2026-09-03T12:36:08.593+0800][27.741s][info][gc,heap     ] GC(226) Humongous regions: 1->1
[2026-09-03T12:36:08.593+0800][27.741s][info][gc,metaspace] GC(226) Metaspace: 1059K(1216K)->1059K(1216K) NonClass: 994K(1088K)->994K(1088K) Class: 64K(128K)->64K(128K)
[2026-09-03T12:36:08.593+0800][27.741s][info][gc          ] GC(226) Pause Young (Prepare Mixed) (G1 Evacuation Pause) 188M->119M(256M) 2.854ms
[2026-09-03T12:36:08.593+0800][27.741s][info][gc,cpu      ] GC(226) User=0.02s Sys=0.00s Real=0.00s
[2026-09-03T12:36:08.593+0800][27.741s][info][safepoint   ] Safepoint "G1CollectForAllocation", Time since last: 246270417 ns, Reaching safepoint: 3292 ns, At safepoint: 2878791 ns, Leaving safepoint: 28042 ns, Total: 2910125 ns, Threads: 0 runnable, 42 total
[2026-09-03T12:36:08.884+0800][28.032s][info][gc,start    ] GC(227) Pause Young (Mixed) (G1 Evacuation Pause)
[2026-09-03T12:36:08.884+0800][28.032s][info][gc,task     ] GC(227) Using 9 workers of 9 for evacuation
[2026-09-03T12:36:08.887+0800][28.035s][info][gc,phases   ] GC(227)   Pre Evacuate Collection Set: 0.08ms
[2026-09-03T12:36:08.887+0800][28.035s][info][gc,phases   ] GC(227)   Merge Heap Roots: 0.05ms
[2026-09-03T12:36:08.887+0800][28.035s][info][gc,phases   ] GC(227)   Evacuate Collection Set: 2.52ms
[2026-09-03T12:36:08.887+0800][28.035s][info][gc,phases   ] GC(227)   Post Evacuate Collection Set: 0.10ms
[2026-09-03T12:36:08.887+0800][28.035s][info][gc,phases   ] GC(227)   Other: 0.06ms
[2026-09-03T12:36:08.887+0800][28.035s][info][gc,heap     ] GC(227) Eden regions: 96->0(100)
[2026-09-03T12:36:08.887+0800][28.035s][info][gc,heap     ] GC(227) Survivor regions: 13->14(14)
[2026-09-03T12:36:08.887+0800][28.035s][info][gc,heap     ] GC(227) Old regions: 106->99
[2026-09-03T12:36:08.887+0800][28.035s][info][gc,heap     ] GC(227) Humongous regions: 1->1
[2026-09-03T12:36:08.887+0800][28.035s][info][gc,metaspace] GC(227) Metaspace: 1059K(1216K)->1059K(1216K) NonClass: 994K(1088K)->994K(1088K) Class: 64K(128K)->64K(128K)
[2026-09-03T12:36:08.887+0800][28.035s][info][gc          ] GC(227) Pause Young (Mixed) (G1 Evacuation Pause) 215M->114M(256M) 2.903ms
[2026-09-03T12:36:08.887+0800][28.035s][info][gc,cpu      ] GC(227) User=0.02s Sys=0.00s Real=0.00s
[2026-09-03T12:36:08.887+0800][28.035s][info][safepoint   ] Safepoint "G1CollectForAllocation", Time since last: 290965500 ns, Reaching safepoint: 23958 ns, At safepoint: 2927709 ns, Leaving safepoint: 28458 ns, Total: 2980125 ns, Threads: 1 runnable, 42 total
[2026-09-03T12:36:09.190+0800][28.337s][info][gc,start    ] GC(228) Pause Young (Mixed) (G1 Evacuation Pause)
[2026-09-03T12:36:09.190+0800][28.337s][info][gc,task     ] GC(228) Using 9 workers of 9 for evacuation
[2026-09-03T12:36:09.193+0800][28.340s][info][gc,phases   ] GC(228)   Pre Evacuate Collection Set: 0.05ms
[2026-09-03T12:36:09.193+0800][28.340s][info][gc,phases   ] GC(228)   Merge Heap Roots: 0.02ms
[2026-09-03T12:36:09.193+0800][28.340s][info][gc,phases   ] GC(228)   Evacuate Collection Set: 2.75ms
[2026-09-03T12:36:09.193+0800][28.340s][info][gc,phases   ] GC(228)   Post Evacuate Collection Set: 0.12ms
[2026-09-03T12:36:09.193+0800][28.340s][info][gc,phases   ] GC(228)   Other: 0.07ms
[2026-09-03T12:36:09.193+0800][28.340s][info][gc,heap     ] GC(228) Eden regions: 100->0(89)
[2026-09-03T12:36:09.193+0800][28.340s][info][gc,heap     ] GC(228) Survivor regions: 14->15(15)
[2026-09-03T12:36:09.193+0800][28.340s][info][gc,heap     ] GC(228) Old regions: 99->114
[2026-09-03T12:36:09.193+0800][28.340s][info][gc,heap     ] GC(228) Humongous regions: 1->1
[2026-09-03T12:36:09.193+0800][28.340s][info][gc,metaspace] GC(228) Metaspace: 1059K(1216K)->1059K(1216K) NonClass: 994K(1088K)->994K(1088K) Class: 64K(128K)->64K(128K)
[2026-09-03T12:36:09.193+0800][28.340s][info][gc          ] GC(228) Pause Young (Mixed) (G1 Evacuation Pause) 214M->129M(256M) 3.109ms
[2026-09-03T12:36:09.193+0800][28.340s][info][gc,cpu      ] GC(228) User=0.02s Sys=0.00s Real=0.00s
[2026-09-03T12:36:09.193+0800][28.340s][info][safepoint   ] Safepoint "G1CollectForAllocation", Time since last: 302524417 ns, Reaching safepoint: 3666 ns, At safepoint: 3138000 ns, Leaving safepoint: 39542 ns, Total: 3181208 ns, Threads: 0 runnable, 42 total
[2026-09-03T12:36:09.459+0800][28.607s][info][gc,start    ] GC(229) Pause Young (Concurrent Start) (G1 Evacuation Pause)
[2026-09-03T12:36:09.459+0800][28.607s][info][gc,task     ] GC(229) Using 9 workers of 9 for evacuation
[2026-09-03T12:36:09.462+0800][28.610s][info][gc,phases   ] GC(229)   Pre Evacuate Collection Set: 0.08ms
[2026-09-03T12:36:09.462+0800][28.610s][info][gc,phases   ] GC(229)   Merge Heap Roots: 0.03ms
[2026-09-03T12:36:09.462+0800][28.610s][info][gc,phases   ] GC(229)   Evacuate Collection Set: 2.71ms
[2026-09-03T12:36:09.462+0800][28.610s][info][gc,phases   ] GC(229)   Post Evacuate Collection Set: 0.10ms
[2026-09-03T12:36:09.462+0800][28.610s][info][gc,phases   ] GC(229)   Other: 0.06ms
[2026-09-03T12:36:09.462+0800][28.610s][info][gc,heap     ] GC(229) Eden regions: 89->0(76)
[2026-09-03T12:36:09.462+0800][28.610s][info][gc,heap     ] GC(229) Survivor regions: 15->13(13)
[2026-09-03T12:36:09.462+0800][28.610s][info][gc,heap     ] GC(229) Old regions: 114->134
[2026-09-03T12:36:09.462+0800][28.610s][info][gc,heap     ] GC(229) Humongous regions: 1->1
[2026-09-03T12:36:09.462+0800][28.610s][info][gc,metaspace] GC(229) Metaspace: 1059K(1216K)->1059K(1216K) NonClass: 994K(1088K)->994K(1088K) Class: 64K(128K)->64K(128K)
[2026-09-03T12:36:09.462+0800][28.610s][info][gc          ] GC(229) Pause Young (Concurrent Start) (G1 Evacuation Pause) 218M->147M(256M) 3.101ms
[2026-09-03T12:36:09.462+0800][28.610s][info][gc,cpu      ] GC(229) User=0.02s Sys=0.00s Real=0.01s
[2026-09-03T12:36:09.462+0800][28.610s][info][gc          ] GC(230) Concurrent Mark Cycle
[2026-09-03T12:36:09.462+0800][28.610s][info][gc,marking  ] GC(230) Concurrent Scan Root Regions
[2026-09-03T12:36:09.462+0800][28.610s][info][safepoint   ] Safepoint "G1CollectForAllocation", Time since last: 266335333 ns, Reaching safepoint: 4209 ns, At safepoint: 3133041 ns, Leaving safepoint: 36834 ns, Total: 3174084 ns, Threads: 0 runnable, 42 total
[2026-09-03T12:36:09.465+0800][28.612s][info][gc,marking  ] GC(230) Concurrent Scan Root Regions 2.067ms
[2026-09-03T12:36:09.465+0800][28.612s][info][gc,marking  ] GC(230) Concurrent Mark
[2026-09-03T12:36:09.465+0800][28.612s][info][gc,marking  ] GC(230) Concurrent Mark From Roots
[2026-09-03T12:36:09.465+0800][28.612s][info][gc,task     ] GC(230) Concurrent Mark Using 2 of 2 Workers
[2026-09-03T12:36:09.469+0800][28.616s][info][gc,marking  ] GC(230) Concurrent Mark From Roots 4.016ms
[2026-09-03T12:36:09.469+0800][28.616s][info][gc,marking  ] GC(230) Concurrent Preclean
[2026-09-03T12:36:09.469+0800][28.616s][info][gc,marking  ] GC(230) Concurrent Preclean 0.015ms
[2026-09-03T12:36:09.469+0800][28.616s][info][gc,start    ] GC(230) Pause Remark
[2026-09-03T12:36:09.469+0800][28.616s][info][gc          ] GC(230) Pause Remark 151M->108M(256M) 0.374ms
[2026-09-03T12:36:09.469+0800][28.616s][info][gc,cpu      ] GC(230) User=0.00s Sys=0.00s Real=0.00s
[2026-09-03T12:36:09.469+0800][28.616s][info][safepoint   ] Safepoint "G1PauseRemark", Time since last: 6180708 ns, Reaching safepoint: 5125 ns, At safepoint: 400083 ns, Leaving safepoint: 20625 ns, Total: 425833 ns, Threads: 0 runnable, 42 total
[2026-09-03T12:36:09.469+0800][28.616s][info][gc,marking  ] GC(230) Concurrent Mark 4.592ms
[2026-09-03T12:36:09.469+0800][28.617s][info][gc,marking  ] GC(230) Concurrent Rebuild Remembered Sets and Scrub Regions
[2026-09-03T12:36:09.473+0800][28.620s][info][gc,marking  ] GC(230) Concurrent Rebuild Remembered Sets and Scrub Regions 3.702ms
[2026-09-03T12:36:09.473+0800][28.620s][info][gc,start    ] GC(230) Pause Cleanup
[2026-09-03T12:36:09.473+0800][28.620s][info][gc          ] GC(230) Pause Cleanup 110M->110M(256M) 0.036ms
[2026-09-03T12:36:09.473+0800][28.620s][info][gc,cpu      ] GC(230) User=0.00s Sys=0.00s Real=0.00s
[2026-09-03T12:36:09.473+0800][28.620s][info][safepoint   ] Safepoint "G1PauseCleanup", Time since last: 3775084 ns, Reaching safepoint: 1750 ns, At safepoint: 54333 ns, Leaving safepoint: 1792 ns, Total: 57875 ns, Threads: 0 runnable, 42 total
[2026-09-03T12:36:09.473+0800][28.620s][info][gc,marking  ] GC(230) Concurrent Clear Claimed Marks
[2026-09-03T12:36:09.473+0800][28.620s][info][gc,marking  ] GC(230) Concurrent Clear Claimed Marks 0.008ms
[2026-09-03T12:36:09.473+0800][28.620s][info][gc,marking  ] GC(230) Concurrent Cleanup for Next Mark
[2026-09-03T12:36:09.473+0800][28.620s][info][gc,marking  ] GC(230) Concurrent Cleanup for Next Mark 0.104ms
[2026-09-03T12:36:09.473+0800][28.620s][info][gc          ] GC(230) Concurrent Mark Cycle 10.624ms
[2026-09-03T12:36:09.691+0800][28.839s][info][gc,start    ] GC(231) Pause Young (Prepare Mixed) (G1 Evacuation Pause)
[2026-09-03T12:36:09.691+0800][28.839s][info][gc,task     ] GC(231) Using 9 workers of 9 for evacuation
[2026-09-03T12:36:09.761+0800][28.908s][info][gc,phases   ] GC(231)   Pre Evacuate Collection Set: 0.14ms
[2026-09-03T12:36:09.761+0800][28.908s][info][gc,phases   ] GC(231)   Merge Heap Roots: 0.22ms
[2026-09-03T12:36:09.761+0800][28.909s][info][gc,phases   ] GC(231)   Evacuate Collection Set: 68.57ms
[2026-09-03T12:36:09.761+0800][28.909s][info][gc,phases   ] GC(231)   Post Evacuate Collection Set: 0.47ms
[2026-09-03T12:36:09.761+0800][28.909s][info][gc,phases   ] GC(231)   Other: 0.26ms
[2026-09-03T12:36:09.761+0800][28.909s][info][gc,heap     ] GC(231) Eden regions: 76->0(95)
[2026-09-03T12:36:09.761+0800][28.909s][info][gc,heap     ] GC(231) Survivor regions: 13->12(12)
[2026-09-03T12:36:09.761+0800][28.909s][info][gc,heap     ] GC(231) Old regions: 91->108
[2026-09-03T12:36:09.761+0800][28.909s][info][gc,heap     ] GC(231) Humongous regions: 1->1
[2026-09-03T12:36:09.761+0800][28.909s][info][gc,metaspace] GC(231) Metaspace: 1059K(1216K)->1059K(1216K) NonClass: 994K(1088K)->994K(1088K) Class: 64K(128K)->64K(128K)
[2026-09-03T12:36:09.762+0800][28.909s][info][gc          ] GC(231) Pause Young (Prepare Mixed) (G1 Evacuation Pause) 180M->120M(256M) 70.377ms
[2026-09-03T12:36:09.762+0800][28.909s][info][gc,cpu      ] GC(231) User=0.02s Sys=0.02s Real=0.07s
[2026-09-03T12:36:09.762+0800][28.909s][info][safepoint   ] Safepoint "G1CollectForAllocation", Time since last: 218194625 ns, Reaching safepoint: 19083 ns, At safepoint: 70568708 ns, Leaving safepoint: 52959 ns, Total: 70640750 ns, Threads: 0 runnable, 42 total
[2026-09-03T12:36:09.982+0800][29.129s][info][gc,start    ] GC(232) Pause Young (Mixed) (G1 Evacuation Pause)
[2026-09-03T12:36:09.982+0800][29.129s][info][gc,task     ] GC(232) Using 9 workers of 9 for evacuation
[2026-09-03T12:36:09.986+0800][29.133s][info][gc,phases   ] GC(232)   Pre Evacuate Collection Set: 0.10ms
[2026-09-03T12:36:09.986+0800][29.133s][info][gc,phases   ] GC(232)   Merge Heap Roots: 0.10ms
[2026-09-03T12:36:09.986+0800][29.133s][info][gc,phases   ] GC(232)   Evacuate Collection Set: 4.06ms
[2026-09-03T12:36:09.986+0800][29.133s][info][gc,phases   ] GC(232)   Post Evacuate Collection Set: 0.15ms
[2026-09-03T12:36:09.986+0800][29.134s][info][gc,phases   ] GC(232)   Other: 0.11ms
[2026-09-03T12:36:09.986+0800][29.134s][info][gc,heap     ] GC(232) Eden regions: 95->0(102)
[2026-09-03T12:36:09.986+0800][29.134s][info][gc,heap     ] GC(232) Survivor regions: 12->14(14)
[2026-09-03T12:36:09.986+0800][29.134s][info][gc,heap     ] GC(232) Old regions: 108->96
[2026-09-03T12:36:09.986+0800][29.134s][info][gc,heap     ] GC(232) Humongous regions: 1->1
[2026-09-03T12:36:09.986+0800][29.134s][info][gc,metaspace] GC(232) Metaspace: 1059K(1216K)->1059K(1216K) NonClass: 994K(1088K)->994K(1088K) Class: 64K(128K)->64K(128K)
[2026-09-03T12:36:09.986+0800][29.134s][info][gc          ] GC(232) Pause Young (Mixed) (G1 Evacuation Pause) 215M->111M(256M) 4.666ms
[2026-09-03T12:36:09.986+0800][29.134s][info][gc,cpu      ] GC(232) User=0.01s Sys=0.00s Real=0.00s
[2026-09-03T12:36:09.986+0800][29.134s][info][safepoint   ] Safepoint "G1CollectForAllocation", Time since last: 219755708 ns, Reaching safepoint: 20792 ns, At safepoint: 4705541 ns, Leaving safepoint: 53417 ns, Total: 4779750 ns, Threads: 1 runnable, 42 total
[2026-09-03T12:36:10.294+0800][29.441s][info][gc,start    ] GC(233) Pause Young (Mixed) (G1 Evacuation Pause)
[2026-09-03T12:36:10.294+0800][29.441s][info][gc,task     ] GC(233) Using 9 workers of 9 for evacuation
[2026-09-03T12:36:10.296+0800][29.444s][info][gc,phases   ] GC(233)   Pre Evacuate Collection Set: 0.07ms
[2026-09-03T12:36:10.296+0800][29.444s][info][gc,phases   ] GC(233)   Merge Heap Roots: 0.02ms
[2026-09-03T12:36:10.296+0800][29.444s][info][gc,phases   ] GC(233)   Evacuate Collection Set: 2.35ms
[2026-09-03T12:36:10.296+0800][29.444s][info][gc,phases   ] GC(233)   Post Evacuate Collection Set: 0.09ms
[2026-09-03T12:36:10.296+0800][29.444s][info][gc,phases   ] GC(233)   Other: 0.06ms
[2026-09-03T12:36:10.296+0800][29.444s][info][gc,heap     ] GC(233) Eden regions: 102->0(89)
[2026-09-03T12:36:10.296+0800][29.444s][info][gc,heap     ] GC(233) Survivor regions: 14->15(15)
[2026-09-03T12:36:10.296+0800][29.444s][info][gc,heap     ] GC(233) Old regions: 96->113
[2026-09-03T12:36:10.296+0800][29.444s][info][gc,heap     ] GC(233) Humongous regions: 1->1
[2026-09-03T12:36:10.296+0800][29.444s][info][gc,metaspace] GC(233) Metaspace: 1059K(1216K)->1059K(1216K) NonClass: 994K(1088K)->994K(1088K) Class: 64K(128K)->64K(128K)
[2026-09-03T12:36:10.296+0800][29.444s][info][gc          ] GC(233) Pause Young (Mixed) (G1 Evacuation Pause) 213M->128M(256M) 2.706ms
[2026-09-03T12:36:10.296+0800][29.444s][info][gc,cpu      ] GC(233) User=0.02s Sys=0.01s Real=0.00s
[2026-09-03T12:36:10.296+0800][29.444s][info][safepoint   ] Safepoint "G1CollectForAllocation", Time since last: 307246542 ns, Reaching safepoint: 2250 ns, At safepoint: 2732958 ns, Leaving safepoint: 20000 ns, Total: 2755208 ns, Threads: 0 runnable, 42 total
[2026-09-03T12:36:10.563+0800][29.711s][info][gc,start    ] GC(234) Pause Young (Concurrent Start) (G1 Evacuation Pause)
[2026-09-03T12:36:10.563+0800][29.711s][info][gc,task     ] GC(234) Using 9 workers of 9 for evacuation
[2026-09-03T12:36:10.565+0800][29.713s][info][gc,phases   ] GC(234)   Pre Evacuate Collection Set: 0.09ms
[2026-09-03T12:36:10.565+0800][29.713s][info][gc,phases   ] GC(234)   Merge Heap Roots: 0.03ms
[2026-09-03T12:36:10.565+0800][29.713s][info][gc,phases   ] GC(234)   Evacuate Collection Set: 1.96ms
[2026-09-03T12:36:10.566+0800][29.713s][info][gc,phases   ] GC(234)   Post Evacuate Collection Set: 0.10ms
[2026-09-03T12:36:10.566+0800][29.713s][info][gc,phases   ] GC(234)   Other: 0.07ms
[2026-09-03T12:36:10.566+0800][29.713s][info][gc,heap     ] GC(234) Eden regions: 89->0(76)
[2026-09-03T12:36:10.566+0800][29.713s][info][gc,heap     ] GC(234) Survivor regions: 15->13(13)
[2026-09-03T12:36:10.566+0800][29.713s][info][gc,heap     ] GC(234) Old regions: 113->134
[2026-09-03T12:36:10.566+0800][29.713s][info][gc,heap     ] GC(234) Humongous regions: 1->1
[2026-09-03T12:36:10.566+0800][29.713s][info][gc,metaspace] GC(234) Metaspace: 1059K(1216K)->1059K(1216K) NonClass: 994K(1088K)->994K(1088K) Class: 64K(128K)->64K(128K)
[2026-09-03T12:36:10.566+0800][29.713s][info][gc          ] GC(234) Pause Young (Concurrent Start) (G1 Evacuation Pause) 217M->147M(256M) 2.394ms
[2026-09-03T12:36:10.566+0800][29.713s][info][gc,cpu      ] GC(234) User=0.01s Sys=0.00s Real=0.00s
[2026-09-03T12:36:10.566+0800][29.713s][info][gc          ] GC(235) Concurrent Mark Cycle
[2026-09-03T12:36:10.566+0800][29.713s][info][gc,marking  ] GC(235) Concurrent Scan Root Regions
[2026-09-03T12:36:10.566+0800][29.713s][info][safepoint   ] Safepoint "G1CollectForAllocation", Time since last: 266854167 ns, Reaching safepoint: 2166 ns, At safepoint: 2427709 ns, Leaving safepoint: 25291 ns, Total: 2455166 ns, Threads: 0 runnable, 42 total
[2026-09-03T12:36:10.568+0800][29.715s][info][gc,marking  ] GC(235) Concurrent Scan Root Regions 2.273ms
[2026-09-03T12:36:10.568+0800][29.715s][info][gc,marking  ] GC(235) Concurrent Mark
[2026-09-03T12:36:10.568+0800][29.715s][info][gc,marking  ] GC(235) Concurrent Mark From Roots
[2026-09-03T12:36:10.568+0800][29.715s][info][gc,task     ] GC(235) Concurrent Mark Using 2 of 2 Workers
[2026-09-03T12:36:10.572+0800][29.719s][info][gc,marking  ] GC(235) Concurrent Mark From Roots 4.139ms
[2026-09-03T12:36:10.572+0800][29.719s][info][gc,marking  ] GC(235) Concurrent Preclean
[2026-09-03T12:36:10.572+0800][29.719s][info][gc,marking  ] GC(235) Concurrent Preclean 0.008ms
[2026-09-03T12:36:10.572+0800][29.719s][info][gc,start    ] GC(235) Pause Remark
[2026-09-03T12:36:10.573+0800][29.720s][info][gc          ] GC(235) Pause Remark 150M->110M(256M) 0.649ms
[2026-09-03T12:36:10.573+0800][29.720s][info][gc,cpu      ] GC(235) User=0.00s Sys=0.00s Real=0.00s
[2026-09-03T12:36:10.573+0800][29.720s][info][safepoint   ] Safepoint "G1PauseRemark", Time since last: 6491125 ns, Reaching safepoint: 2500 ns, At safepoint: 673292 ns, Leaving safepoint: 29542 ns, Total: 705334 ns, Threads: 0 runnable, 42 total
[2026-09-03T12:36:10.573+0800][29.720s][info][gc,marking  ] GC(235) Concurrent Mark 4.973ms
[2026-09-03T12:36:10.573+0800][29.720s][info][gc,marking  ] GC(235) Concurrent Rebuild Remembered Sets and Scrub Regions
[2026-09-03T12:36:10.576+0800][29.724s][info][gc,marking  ] GC(235) Concurrent Rebuild Remembered Sets and Scrub Regions 3.370ms
[2026-09-03T12:36:10.576+0800][29.724s][info][gc,start    ] GC(235) Pause Cleanup
[2026-09-03T12:36:10.576+0800][29.724s][info][gc          ] GC(235) Pause Cleanup 112M->112M(256M) 0.034ms
[2026-09-03T12:36:10.576+0800][29.724s][info][gc,cpu      ] GC(235) User=0.00s Sys=0.00s Real=0.00s
[2026-09-03T12:36:10.576+0800][29.724s][info][safepoint   ] Safepoint "G1PauseCleanup", Time since last: 3502000 ns, Reaching safepoint: 1541 ns, At safepoint: 50625 ns, Leaving safepoint: 3167 ns, Total: 55333 ns, Threads: 0 runnable, 42 total
[2026-09-03T12:36:10.576+0800][29.724s][info][gc,marking  ] GC(235) Concurrent Clear Claimed Marks
[2026-09-03T12:36:10.576+0800][29.724s][info][gc,marking  ] GC(235) Concurrent Clear Claimed Marks 0.013ms
[2026-09-03T12:36:10.576+0800][29.724s][info][gc,marking  ] GC(235) Concurrent Cleanup for Next Mark
[2026-09-03T12:36:10.577+0800][29.724s][info][gc,marking  ] GC(235) Concurrent Cleanup for Next Mark 0.127ms
[2026-09-03T12:36:10.577+0800][29.724s][info][gc          ] GC(235) Concurrent Mark Cycle 10.956ms
[2026-09-03T12:36:10.795+0800][29.942s][info][gc,start    ] GC(236) Pause Young (Prepare Mixed) (G1 Evacuation Pause)
[2026-09-03T12:36:10.795+0800][29.942s][info][gc,task     ] GC(236) Using 9 workers of 9 for evacuation
[2026-09-03T12:36:10.796+0800][29.944s][info][gc,phases   ] GC(236)   Pre Evacuate Collection Set: 0.08ms
[2026-09-03T12:36:10.796+0800][29.944s][info][gc,phases   ] GC(236)   Merge Heap Roots: 0.02ms
[2026-09-03T12:36:10.796+0800][29.944s][info][gc,phases   ] GC(236)   Evacuate Collection Set: 1.51ms
[2026-09-03T12:36:10.796+0800][29.944s][info][gc,phases   ] GC(236)   Post Evacuate Collection Set: 0.08ms
[2026-09-03T12:36:10.796+0800][29.944s][info][gc,phases   ] GC(236)   Other: 0.06ms
[2026-09-03T12:36:10.797+0800][29.944s][info][gc,heap     ] GC(236) Eden regions: 76->0(94)
[2026-09-03T12:36:10.797+0800][29.944s][info][gc,heap     ] GC(236) Survivor regions: 13->12(12)
[2026-09-03T12:36:10.797+0800][29.944s][info][gc,heap     ] GC(236) Old regions: 94->110
[2026-09-03T12:36:10.797+0800][29.944s][info][gc,heap     ] GC(236) Humongous regions: 1->1
[2026-09-03T12:36:10.797+0800][29.944s][info][gc,metaspace] GC(236) Metaspace: 1059K(1216K)->1059K(1216K) NonClass: 994K(1088K)->994K(1088K) Class: 64K(128K)->64K(128K)
[2026-09-03T12:36:10.797+0800][29.944s][info][gc          ] GC(236) Pause Young (Prepare Mixed) (G1 Evacuation Pause) 183M->122M(256M) 1.880ms
[2026-09-03T12:36:10.797+0800][29.944s][info][gc,cpu      ] GC(236) User=0.01s Sys=0.00s Real=0.00s
[2026-09-03T12:36:10.797+0800][29.944s][info][safepoint   ] Safepoint "G1CollectForAllocation", Time since last: 218286292 ns, Reaching safepoint: 2375 ns, At safepoint: 1905916 ns, Leaving safepoint: 20292 ns, Total: 1928583 ns, Threads: 0 runnable, 42 total
[2026-09-03T12:36:11.081+0800][30.229s][info][gc,start    ] GC(237) Pause Young (Mixed) (G1 Evacuation Pause)
[2026-09-03T12:36:11.081+0800][30.229s][info][gc,task     ] GC(237) Using 9 workers of 9 for evacuation
[2026-09-03T12:36:11.084+0800][30.231s][info][gc,phases   ] GC(237)   Pre Evacuate Collection Set: 0.04ms
[2026-09-03T12:36:11.084+0800][30.231s][info][gc,phases   ] GC(237)   Merge Heap Roots: 0.03ms
[2026-09-03T12:36:11.084+0800][30.231s][info][gc,phases   ] GC(237)   Evacuate Collection Set: 2.23ms
[2026-09-03T12:36:11.084+0800][30.231s][info][gc,phases   ] GC(237)   Post Evacuate Collection Set: 0.13ms
[2026-09-03T12:36:11.084+0800][30.231s][info][gc,phases   ] GC(237)   Other: 0.07ms
[2026-09-03T12:36:11.084+0800][30.231s][info][gc,heap     ] GC(237) Eden regions: 94->0(101)
[2026-09-03T12:36:11.084+0800][30.231s][info][gc,heap     ] GC(237) Survivor regions: 12->14(14)
[2026-09-03T12:36:11.084+0800][30.231s][info][gc,heap     ] GC(237) Old regions: 110->98
[2026-09-03T12:36:11.084+0800][30.231s][info][gc,heap     ] GC(237) Humongous regions: 1->1
[2026-09-03T12:36:11.084+0800][30.231s][info][gc,metaspace] GC(237) Metaspace: 1059K(1216K)->1059K(1216K) NonClass: 994K(1088K)->994K(1088K) Class: 64K(128K)->64K(128K)
[2026-09-03T12:36:11.084+0800][30.231s][info][gc          ] GC(237) Pause Young (Mixed) (G1 Evacuation Pause) 216M->112M(256M) 2.626ms
[2026-09-03T12:36:11.084+0800][30.231s][info][gc,cpu      ] GC(237) User=0.02s Sys=0.00s Real=0.00s
[2026-09-03T12:36:11.084+0800][30.231s][info][safepoint   ] Safepoint "G1CollectForAllocation", Time since last: 284807458 ns, Reaching safepoint: 3000 ns, At safepoint: 2654625 ns, Leaving safepoint: 26000 ns, Total: 2683625 ns, Threads: 0 runnable, 42 total
[2026-09-03T12:36:11.388+0800][30.535s][info][gc,start    ] GC(238) Pause Young (Mixed) (G1 Evacuation Pause)
[2026-09-03T12:36:11.388+0800][30.535s][info][gc,task     ] GC(238) Using 9 workers of 9 for evacuation
[2026-09-03T12:36:11.390+0800][30.538s][info][gc,phases   ] GC(238)   Pre Evacuate Collection Set: 0.06ms
[2026-09-03T12:36:11.390+0800][30.538s][info][gc,phases   ] GC(238)   Merge Heap Roots: 0.04ms
[2026-09-03T12:36:11.390+0800][30.538s][info][gc,phases   ] GC(238)   Evacuate Collection Set: 2.02ms
[2026-09-03T12:36:11.390+0800][30.538s][info][gc,phases   ] GC(238)   Post Evacuate Collection Set: 0.09ms
[2026-09-03T12:36:11.390+0800][30.538s][info][gc,phases   ] GC(238)   Other: 0.05ms
[2026-09-03T12:36:11.390+0800][30.538s][info][gc,heap     ] GC(238) Eden regions: 101->0(90)
[2026-09-03T12:36:11.390+0800][30.538s][info][gc,heap     ] GC(238) Survivor regions: 14->15(15)
[2026-09-03T12:36:11.390+0800][30.538s][info][gc,heap     ] GC(238) Old regions: 98->113
[2026-09-03T12:36:11.390+0800][30.538s][info][gc,heap     ] GC(238) Humongous regions: 1->1
[2026-09-03T12:36:11.390+0800][30.538s][info][gc,metaspace] GC(238) Metaspace: 1059K(1216K)->1059K(1216K) NonClass: 994K(1088K)->994K(1088K) Class: 64K(128K)->64K(128K)
[2026-09-03T12:36:11.390+0800][30.538s][info][gc          ] GC(238) Pause Young (Mixed) (G1 Evacuation Pause) 213M->128M(256M) 2.385ms
[2026-09-03T12:36:11.390+0800][30.538s][info][gc,cpu      ] GC(238) User=0.02s Sys=0.00s Real=0.01s
[2026-09-03T12:36:11.390+0800][30.538s][info][safepoint   ] Safepoint "G1CollectForAllocation", Time since last: 303807709 ns, Reaching safepoint: 2208 ns, At safepoint: 2410083 ns, Leaving safepoint: 21292 ns, Total: 2433583 ns, Threads: 0 runnable, 42 total
[2026-09-03T12:36:11.665+0800][30.812s][info][gc,start    ] GC(239) Pause Young (Concurrent Start) (G1 Evacuation Pause)
[2026-09-03T12:36:11.665+0800][30.812s][info][gc,task     ] GC(239) Using 9 workers of 9 for evacuation
[2026-09-03T12:36:11.667+0800][30.814s][info][gc,phases   ] GC(239)   Pre Evacuate Collection Set: 0.09ms
[2026-09-03T12:36:11.667+0800][30.814s][info][gc,phases   ] GC(239)   Merge Heap Roots: 0.02ms
[2026-09-03T12:36:11.667+0800][30.814s][info][gc,phases   ] GC(239)   Evacuate Collection Set: 2.16ms
[2026-09-03T12:36:11.667+0800][30.814s][info][gc,phases   ] GC(239)   Post Evacuate Collection Set: 0.09ms
[2026-09-03T12:36:11.667+0800][30.814s][info][gc,phases   ] GC(239)   Other: 0.07ms
[2026-09-03T12:36:11.667+0800][30.814s][info][gc,heap     ] GC(239) Eden regions: 90->0(77)
[2026-09-03T12:36:11.667+0800][30.814s][info][gc,heap     ] GC(239) Survivor regions: 15->14(14)
[2026-09-03T12:36:11.667+0800][30.814s][info][gc,heap     ] GC(239) Old regions: 113->132
[2026-09-03T12:36:11.667+0800][30.814s][info][gc,heap     ] GC(239) Humongous regions: 1->1
[2026-09-03T12:36:11.667+0800][30.815s][info][gc,metaspace] GC(239) Metaspace: 1059K(1216K)->1059K(1216K) NonClass: 994K(1088K)->994K(1088K) Class: 64K(128K)->64K(128K)
[2026-09-03T12:36:11.667+0800][30.815s][info][gc          ] GC(239) Pause Young (Concurrent Start) (G1 Evacuation Pause) 218M->146M(256M) 2.556ms
[2026-09-03T12:36:11.667+0800][30.815s][info][gc,cpu      ] GC(239) User=0.01s Sys=0.00s Real=0.00s
[2026-09-03T12:36:11.667+0800][30.815s][info][gc          ] GC(240) Concurrent Mark Cycle
[2026-09-03T12:36:11.667+0800][30.815s][info][gc,marking  ] GC(240) Concurrent Scan Root Regions
[2026-09-03T12:36:11.667+0800][30.815s][info][safepoint   ] Safepoint "G1CollectForAllocation", Time since last: 274270000 ns, Reaching safepoint: 2833 ns, At safepoint: 2589250 ns, Leaving safepoint: 22209 ns, Total: 2614292 ns, Threads: 0 runnable, 42 total
[2026-09-03T12:36:11.669+0800][30.817s][info][gc,marking  ] GC(240) Concurrent Scan Root Regions 2.312ms
[2026-09-03T12:36:11.670+0800][30.817s][info][gc,marking  ] GC(240) Concurrent Mark
[2026-09-03T12:36:11.670+0800][30.817s][info][gc,marking  ] GC(240) Concurrent Mark From Roots
[2026-09-03T12:36:11.670+0800][30.817s][info][gc,task     ] GC(240) Concurrent Mark Using 2 of 2 Workers
[2026-09-03T12:36:11.673+0800][30.820s][info][gc,marking  ] GC(240) Concurrent Mark From Roots 3.416ms
[2026-09-03T12:36:11.673+0800][30.820s][info][gc,marking  ] GC(240) Concurrent Preclean
[2026-09-03T12:36:11.673+0800][30.820s][info][gc,marking  ] GC(240) Concurrent Preclean 0.008ms
[2026-09-03T12:36:11.673+0800][30.820s][info][gc,start    ] GC(240) Pause Remark
[2026-09-03T12:36:11.673+0800][30.821s][info][gc          ] GC(240) Pause Remark 149M->105M(256M) 0.284ms
[2026-09-03T12:36:11.673+0800][30.821s][info][gc,cpu      ] GC(240) User=0.00s Sys=0.00s Real=0.00s
[2026-09-03T12:36:11.673+0800][30.821s][info][safepoint   ] Safepoint "G1PauseRemark", Time since last: 5773791 ns, Reaching safepoint: 2209 ns, At safepoint: 307375 ns, Leaving safepoint: 18958 ns, Total: 328542 ns, Threads: 0 runnable, 42 total
[2026-09-03T12:36:11.673+0800][30.821s][info][gc,marking  ] GC(240) Concurrent Mark 3.827ms
[2026-09-03T12:36:11.673+0800][30.821s][info][gc,marking  ] GC(240) Concurrent Rebuild Remembered Sets and Scrub Regions
[2026-09-03T12:36:11.677+0800][30.824s][info][gc,marking  ] GC(240) Concurrent Rebuild Remembered Sets and Scrub Regions 3.231ms
[2026-09-03T12:36:11.677+0800][30.824s][info][gc,start    ] GC(240) Pause Cleanup
[2026-09-03T12:36:11.677+0800][30.824s][info][gc          ] GC(240) Pause Cleanup 107M->107M(256M) 0.049ms
[2026-09-03T12:36:11.677+0800][30.824s][info][gc,cpu      ] GC(240) User=0.00s Sys=0.00s Real=0.00s
[2026-09-03T12:36:11.677+0800][30.824s][info][safepoint   ] Safepoint "G1PauseCleanup", Time since last: 3316708 ns, Reaching safepoint: 19209 ns, At safepoint: 72958 ns, Leaving safepoint: 5375 ns, Total: 97542 ns, Threads: 1 runnable, 42 total
[2026-09-03T12:36:11.677+0800][30.824s][info][gc,marking  ] GC(240) Concurrent Clear Claimed Marks
[2026-09-03T12:36:11.677+0800][30.824s][info][gc,marking  ] GC(240) Concurrent Clear Claimed Marks 0.005ms
[2026-09-03T12:36:11.677+0800][30.824s][info][gc,marking  ] GC(240) Concurrent Cleanup for Next Mark
[2026-09-03T12:36:11.677+0800][30.824s][info][gc,marking  ] GC(240) Concurrent Cleanup for Next Mark 0.166ms
[2026-09-03T12:36:11.677+0800][30.824s][info][gc          ] GC(240) Concurrent Mark Cycle 9.742ms
[2026-09-03T12:36:11.900+0800][31.048s][info][gc,start    ] GC(241) Pause Young (Prepare Mixed) (G1 Evacuation Pause)
[2026-09-03T12:36:11.900+0800][31.048s][info][gc,task     ] GC(241) Using 9 workers of 9 for evacuation
[2026-09-03T12:36:11.902+0800][31.050s][info][gc,phases   ] GC(241)   Pre Evacuate Collection Set: 0.06ms
[2026-09-03T12:36:11.902+0800][31.050s][info][gc,phases   ] GC(241)   Merge Heap Roots: 0.03ms
[2026-09-03T12:36:11.902+0800][31.050s][info][gc,phases   ] GC(241)   Evacuate Collection Set: 1.95ms
[2026-09-03T12:36:11.902+0800][31.050s][info][gc,phases   ] GC(241)   Post Evacuate Collection Set: 0.16ms
[2026-09-03T12:36:11.902+0800][31.050s][info][gc,phases   ] GC(241)   Other: 0.06ms
[2026-09-03T12:36:11.902+0800][31.050s][info][gc,heap     ] GC(241) Eden regions: 77->0(97)
[2026-09-03T12:36:11.902+0800][31.050s][info][gc,heap     ] GC(241) Survivor regions: 14->12(12)
[2026-09-03T12:36:11.902+0800][31.050s][info][gc,heap     ] GC(241) Old regions: 88->105
[2026-09-03T12:36:11.902+0800][31.050s][info][gc,heap     ] GC(241) Humongous regions: 1->1
[2026-09-03T12:36:11.902+0800][31.050s][info][gc,metaspace] GC(241) Metaspace: 1059K(1216K)->1059K(1216K) NonClass: 994K(1088K)->994K(1088K) Class: 64K(128K)->64K(128K)
[2026-09-03T12:36:11.903+0800][31.050s][info][gc          ] GC(241) Pause Young (Prepare Mixed) (G1 Evacuation Pause) 179M->118M(256M) 2.373ms
[2026-09-03T12:36:11.903+0800][31.050s][info][gc,cpu      ] GC(241) User=0.01s Sys=0.00s Real=0.00s
[2026-09-03T12:36:11.903+0800][31.050s][info][safepoint   ] Safepoint "G1CollectForAllocation", Time since last: 223426042 ns, Reaching safepoint: 2125 ns, At safepoint: 2398250 ns, Leaving safepoint: 28666 ns, Total: 2429041 ns, Threads: 0 runnable, 42 total
[2026-09-03T12:36:12.195+0800][31.342s][info][gc,start    ] GC(242) Pause Young (Mixed) (G1 Evacuation Pause)
[2026-09-03T12:36:12.195+0800][31.342s][info][gc,task     ] GC(242) Using 9 workers of 9 for evacuation
[2026-09-03T12:36:12.197+0800][31.344s][info][gc,phases   ] GC(242)   Pre Evacuate Collection Set: 0.04ms
[2026-09-03T12:36:12.197+0800][31.344s][info][gc,phases   ] GC(242)   Merge Heap Roots: 0.04ms
[2026-09-03T12:36:12.197+0800][31.344s][info][gc,phases   ] GC(242)   Evacuate Collection Set: 1.86ms
[2026-09-03T12:36:12.197+0800][31.344s][info][gc,phases   ] GC(242)   Post Evacuate Collection Set: 0.11ms
[2026-09-03T12:36:12.197+0800][31.344s][info][gc,phases   ] GC(242)   Other: 0.06ms
[2026-09-03T12:36:12.197+0800][31.344s][info][gc,heap     ] GC(242) Eden regions: 97->0(104)
[2026-09-03T12:36:12.197+0800][31.344s][info][gc,heap     ] GC(242) Survivor regions: 12->14(14)
[2026-09-03T12:36:12.197+0800][31.344s][info][gc,heap     ] GC(242) Old regions: 105->94
[2026-09-03T12:36:12.197+0800][31.344s][info][gc,heap     ] GC(242) Humongous regions: 1->1
[2026-09-03T12:36:12.197+0800][31.344s][info][gc,metaspace] GC(242) Metaspace: 1059K(1216K)->1059K(1216K) NonClass: 994K(1088K)->994K(1088K) Class: 64K(128K)->64K(128K)
[2026-09-03T12:36:12.197+0800][31.344s][info][gc          ] GC(242) Pause Young (Mixed) (G1 Evacuation Pause) 215M->109M(256M) 2.209ms
[2026-09-03T12:36:12.197+0800][31.344s][info][gc,cpu      ] GC(242) User=0.01s Sys=0.00s Real=0.00s
[2026-09-03T12:36:12.197+0800][31.345s][info][safepoint   ] Safepoint "G1CollectForAllocation", Time since last: 292273375 ns, Reaching safepoint: 2459 ns, At safepoint: 2233916 ns, Leaving safepoint: 96500 ns, Total: 2332875 ns, Threads: 0 runnable, 42 total
[2026-09-03T12:36:12.513+0800][31.660s][info][gc,start    ] GC(243) Pause Young (Mixed) (G1 Evacuation Pause)
[2026-09-03T12:36:12.513+0800][31.660s][info][gc,task     ] GC(243) Using 9 workers of 9 for evacuation
[2026-09-03T12:36:12.515+0800][31.662s][info][gc,phases   ] GC(243)   Pre Evacuate Collection Set: 0.05ms
[2026-09-03T12:36:12.515+0800][31.662s][info][gc,phases   ] GC(243)   Merge Heap Roots: 0.02ms
[2026-09-03T12:36:12.515+0800][31.662s][info][gc,phases   ] GC(243)   Evacuate Collection Set: 2.09ms
[2026-09-03T12:36:12.515+0800][31.662s][info][gc,phases   ] GC(243)   Post Evacuate Collection Set: 0.08ms
[2026-09-03T12:36:12.515+0800][31.662s][info][gc,phases   ] GC(243)   Other: 0.06ms
[2026-09-03T12:36:12.515+0800][31.662s][info][gc,heap     ] GC(243) Eden regions: 104->0(89)
[2026-09-03T12:36:12.515+0800][31.662s][info][gc,heap     ] GC(243) Survivor regions: 14->15(15)
[2026-09-03T12:36:12.515+0800][31.662s][info][gc,heap     ] GC(243) Old regions: 94->113
[2026-09-03T12:36:12.515+0800][31.662s][info][gc,heap     ] GC(243) Humongous regions: 1->1
[2026-09-03T12:36:12.515+0800][31.662s][info][gc,metaspace] GC(243) Metaspace: 1059K(1216K)->1059K(1216K) NonClass: 994K(1088K)->994K(1088K) Class: 64K(128K)->64K(128K)
[2026-09-03T12:36:12.515+0800][31.662s][info][gc          ] GC(243) Pause Young (Mixed) (G1 Evacuation Pause) 213M->128M(256M) 2.410ms
[2026-09-03T12:36:12.515+0800][31.662s][info][gc,cpu      ] GC(243) User=0.01s Sys=0.00s Real=0.00s
[2026-09-03T12:36:12.515+0800][31.662s][info][safepoint   ] Safepoint "G1CollectForAllocation", Time since last: 315466792 ns, Reaching safepoint: 2333 ns, At safepoint: 2431792 ns, Leaving safepoint: 23458 ns, Total: 2457583 ns, Threads: 0 runnable, 42 total
[2026-09-03T12:36:12.784+0800][31.931s][info][gc,start    ] GC(244) Pause Young (Concurrent Start) (G1 Evacuation Pause)
[2026-09-03T12:36:12.784+0800][31.931s][info][gc,task     ] GC(244) Using 9 workers of 9 for evacuation
[2026-09-03T12:36:12.787+0800][31.934s][info][gc,phases   ] GC(244)   Pre Evacuate Collection Set: 0.10ms
[2026-09-03T12:36:12.787+0800][31.934s][info][gc,phases   ] GC(244)   Merge Heap Roots: 0.03ms
[2026-09-03T12:36:12.787+0800][31.934s][info][gc,phases   ] GC(244)   Evacuate Collection Set: 2.55ms
[2026-09-03T12:36:12.787+0800][31.934s][info][gc,phases   ] GC(244)   Post Evacuate Collection Set: 0.09ms
[2026-09-03T12:36:12.787+0800][31.934s][info][gc,phases   ] GC(244)   Other: 0.06ms
[2026-09-03T12:36:12.787+0800][31.934s][info][gc,heap     ] GC(244) Eden regions: 89->0(77)
[2026-09-03T12:36:12.787+0800][31.934s][info][gc,heap     ] GC(244) Survivor regions: 15->13(13)
[2026-09-03T12:36:12.787+0800][31.934s][info][gc,heap     ] GC(244) Old regions: 113->133
[2026-09-03T12:36:12.787+0800][31.934s][info][gc,heap     ] GC(244) Humongous regions: 1->1
[2026-09-03T12:36:12.787+0800][31.934s][info][gc,metaspace] GC(244) Metaspace: 1059K(1216K)->1059K(1216K) NonClass: 994K(1088K)->994K(1088K) Class: 64K(128K)->64K(128K)
[2026-09-03T12:36:12.787+0800][31.934s][info][gc          ] GC(244) Pause Young (Concurrent Start) (G1 Evacuation Pause) 217M->146M(256M) 2.965ms
[2026-09-03T12:36:12.787+0800][31.934s][info][gc,cpu      ] GC(244) User=0.02s Sys=0.00s Real=0.00s
[2026-09-03T12:36:12.787+0800][31.934s][info][safepoint   ] Safepoint "G1CollectForAllocation", Time since last: 268958042 ns, Reaching safepoint: 2583 ns, At safepoint: 2993209 ns, Leaving safepoint: 15416 ns, Total: 3011208 ns, Threads: 0 runnable, 42 total
[2026-09-03T12:36:12.787+0800][31.934s][info][gc          ] GC(245) Concurrent Mark Cycle
[2026-09-03T12:36:12.787+0800][31.934s][info][gc,marking  ] GC(245) Concurrent Scan Root Regions
[2026-09-03T12:36:12.790+0800][31.937s][info][gc,marking  ] GC(245) Concurrent Scan Root Regions 2.397ms
[2026-09-03T12:36:12.790+0800][31.937s][info][gc,marking  ] GC(245) Concurrent Mark
[2026-09-03T12:36:12.790+0800][31.937s][info][gc,marking  ] GC(245) Concurrent Mark From Roots
[2026-09-03T12:36:12.790+0800][31.937s][info][gc,task     ] GC(245) Concurrent Mark Using 2 of 2 Workers
[2026-09-03T12:36:12.794+0800][31.941s][info][gc,marking  ] GC(245) Concurrent Mark From Roots 4.013ms
[2026-09-03T12:36:12.794+0800][31.941s][info][gc,marking  ] GC(245) Concurrent Preclean
[2026-09-03T12:36:12.794+0800][31.941s][info][gc,marking  ] GC(245) Concurrent Preclean 0.009ms
[2026-09-03T12:36:12.794+0800][31.941s][info][gc,start    ] GC(245) Pause Remark
[2026-09-03T12:36:12.794+0800][31.941s][info][gc          ] GC(245) Pause Remark 150M->106M(256M) 0.491ms
[2026-09-03T12:36:12.794+0800][31.941s][info][gc,cpu      ] GC(245) User=0.00s Sys=0.01s Real=0.00s
[2026-09-03T12:36:12.794+0800][31.942s][info][safepoint   ] Safepoint "G1PauseRemark", Time since last: 6536625 ns, Reaching safepoint: 19334 ns, At safepoint: 514625 ns, Leaving safepoint: 17583 ns, Total: 551542 ns, Threads: 1 runnable, 42 total
[2026-09-03T12:36:12.794+0800][31.942s][info][gc,marking  ] GC(245) Concurrent Mark 4.698ms
[2026-09-03T12:36:12.794+0800][31.942s][info][gc,marking  ] GC(245) Concurrent Rebuild Remembered Sets and Scrub Regions
[2026-09-03T12:36:12.798+0800][31.945s][info][gc,marking  ] GC(245) Concurrent Rebuild Remembered Sets and Scrub Regions 3.813ms
[2026-09-03T12:36:12.798+0800][31.945s][info][gc,start    ] GC(245) Pause Cleanup
[2026-09-03T12:36:12.798+0800][31.946s][info][gc          ] GC(245) Pause Cleanup 108M->108M(256M) 0.045ms
[2026-09-03T12:36:12.798+0800][31.946s][info][gc,cpu      ] GC(245) User=0.00s Sys=0.00s Real=0.00s
[2026-09-03T12:36:12.798+0800][31.946s][info][safepoint   ] Safepoint "G1PauseCleanup", Time since last: 3940875 ns, Reaching safepoint: 20625 ns, At safepoint: 68000 ns, Leaving safepoint: 4208 ns, Total: 92833 ns, Threads: 1 runnable, 42 total
[2026-09-03T12:36:12.798+0800][31.946s][info][gc,marking  ] GC(245) Concurrent Clear Claimed Marks
[2026-09-03T12:36:12.798+0800][31.946s][info][gc,marking  ] GC(245) Concurrent Clear Claimed Marks 0.005ms
[2026-09-03T12:36:12.798+0800][31.946s][info][gc,marking  ] GC(245) Concurrent Cleanup for Next Mark
[2026-09-03T12:36:12.798+0800][31.946s][info][gc,marking  ] GC(245) Concurrent Cleanup for Next Mark 0.119ms
[2026-09-03T12:36:12.798+0800][31.946s][info][gc          ] GC(245) Concurrent Mark Cycle 11.259ms
[2026-09-03T12:36:13.020+0800][32.167s][info][gc,start    ] GC(246) Pause Young (Prepare Mixed) (G1 Evacuation Pause)
[2026-09-03T12:36:13.020+0800][32.167s][info][gc,task     ] GC(246) Using 9 workers of 9 for evacuation
[2026-09-03T12:36:13.022+0800][32.169s][info][gc,phases   ] GC(246)   Pre Evacuate Collection Set: 0.04ms
[2026-09-03T12:36:13.022+0800][32.169s][info][gc,phases   ] GC(246)   Merge Heap Roots: 0.02ms
[2026-09-03T12:36:13.022+0800][32.169s][info][gc,phases   ] GC(246)   Evacuate Collection Set: 1.91ms
[2026-09-03T12:36:13.022+0800][32.169s][info][gc,phases   ] GC(246)   Post Evacuate Collection Set: 0.07ms
[2026-09-03T12:36:13.022+0800][32.169s][info][gc,phases   ] GC(246)   Other: 0.06ms
[2026-09-03T12:36:13.022+0800][32.169s][info][gc,heap     ] GC(246) Eden regions: 77->0(97)
[2026-09-03T12:36:13.022+0800][32.169s][info][gc,heap     ] GC(246) Survivor regions: 13->12(12)
[2026-09-03T12:36:13.022+0800][32.169s][info][gc,heap     ] GC(246) Old regions: 89->106
[2026-09-03T12:36:13.022+0800][32.169s][info][gc,heap     ] GC(246) Humongous regions: 1->1
[2026-09-03T12:36:13.022+0800][32.169s][info][gc,metaspace] GC(246) Metaspace: 1059K(1216K)->1059K(1216K) NonClass: 994K(1088K)->994K(1088K) Class: 64K(128K)->64K(128K)
[2026-09-03T12:36:13.022+0800][32.169s][info][gc          ] GC(246) Pause Young (Prepare Mixed) (G1 Evacuation Pause) 179M->118M(256M) 2.210ms
[2026-09-03T12:36:13.022+0800][32.169s][info][gc,cpu      ] GC(246) User=0.01s Sys=0.00s Real=0.00s
[2026-09-03T12:36:13.022+0800][32.169s][info][safepoint   ] Safepoint "G1CollectForAllocation", Time since last: 221593125 ns, Reaching safepoint: 2625 ns, At safepoint: 2236250 ns, Leaving safepoint: 20959 ns, Total: 2259834 ns, Threads: 0 runnable, 42 total
[2026-09-03T12:36:13.313+0800][32.460s][info][gc,start    ] GC(247) Pause Young (Mixed) (G1 Evacuation Pause)
[2026-09-03T12:36:13.313+0800][32.460s][info][gc,task     ] GC(247) Using 9 workers of 9 for evacuation
[2026-09-03T12:36:13.317+0800][32.464s][info][gc,phases   ] GC(247)   Pre Evacuate Collection Set: 0.10ms
[2026-09-03T12:36:13.317+0800][32.464s][info][gc,phases   ] GC(247)   Merge Heap Roots: 0.06ms
[2026-09-03T12:36:13.317+0800][32.464s][info][gc,phases   ] GC(247)   Evacuate Collection Set: 3.61ms
[2026-09-03T12:36:13.317+0800][32.465s][info][gc,phases   ] GC(247)   Post Evacuate Collection Set: 0.20ms
[2026-09-03T12:36:13.317+0800][32.465s][info][gc,phases   ] GC(247)   Other: 0.12ms
[2026-09-03T12:36:13.317+0800][32.465s][info][gc,heap     ] GC(247) Eden regions: 97->0(103)
[2026-09-03T12:36:13.317+0800][32.465s][info][gc,heap     ] GC(247) Survivor regions: 12->14(14)
[2026-09-03T12:36:13.317+0800][32.465s][info][gc,heap     ] GC(247) Old regions: 106->95
[2026-09-03T12:36:13.317+0800][32.465s][info][gc,heap     ] GC(247) Humongous regions: 1->1
[2026-09-03T12:36:13.317+0800][32.465s][info][gc,metaspace] GC(247) Metaspace: 1059K(1216K)->1059K(1216K) NonClass: 994K(1088K)->994K(1088K) Class: 64K(128K)->64K(128K)
[2026-09-03T12:36:13.317+0800][32.465s][info][gc          ] GC(247) Pause Young (Mixed) (G1 Evacuation Pause) 215M->109M(256M) 4.374ms
[2026-09-03T12:36:13.317+0800][32.465s][info][gc,cpu      ] GC(247) User=0.03s Sys=0.00s Real=0.00s
[2026-09-03T12:36:13.317+0800][32.465s][info][safepoint   ] Safepoint "G1CollectForAllocation", Time since last: 290687791 ns, Reaching safepoint: 87875 ns, At safepoint: 4425292 ns, Leaving safepoint: 49917 ns, Total: 4563084 ns, Threads: 2 runnable, 42 total
[2026-09-03T12:36:13.627+0800][32.774s][info][gc,start    ] GC(248) Pause Young (Mixed) (G1 Evacuation Pause)
[2026-09-03T12:36:13.627+0800][32.774s][info][gc,task     ] GC(248) Using 9 workers of 9 for evacuation
[2026-09-03T12:36:13.629+0800][32.777s][info][gc,phases   ] GC(248)   Pre Evacuate Collection Set: 0.09ms
[2026-09-03T12:36:13.629+0800][32.777s][info][gc,phases   ] GC(248)   Merge Heap Roots: 0.04ms
[2026-09-03T12:36:13.629+0800][32.777s][info][gc,phases   ] GC(248)   Evacuate Collection Set: 1.96ms
[2026-09-03T12:36:13.629+0800][32.777s][info][gc,phases   ] GC(248)   Post Evacuate Collection Set: 0.10ms
[2026-09-03T12:36:13.629+0800][32.777s][info][gc,phases   ] GC(248)   Other: 0.06ms
[2026-09-03T12:36:13.629+0800][32.777s][info][gc,heap     ] GC(248) Eden regions: 103->0(90)
[2026-09-03T12:36:13.629+0800][32.777s][info][gc,heap     ] GC(248) Survivor regions: 14->15(15)
[2026-09-03T12:36:13.629+0800][32.777s][info][gc,heap     ] GC(248) Old regions: 95->112
[2026-09-03T12:36:13.629+0800][32.777s][info][gc,heap     ] GC(248) Humongous regions: 1->1
[2026-09-03T12:36:13.629+0800][32.777s][info][gc,metaspace] GC(248) Metaspace: 1059K(1216K)->1059K(1216K) NonClass: 994K(1088K)->994K(1088K) Class: 64K(128K)->64K(128K)
[2026-09-03T12:36:13.629+0800][32.777s][info][gc          ] GC(248) Pause Young (Mixed) (G1 Evacuation Pause) 212M->128M(256M) 2.353ms
[2026-09-03T12:36:13.629+0800][32.777s][info][gc,cpu      ] GC(248) User=0.02s Sys=0.00s Real=0.00s
[2026-09-03T12:36:13.630+0800][32.777s][info][safepoint   ] Safepoint "G1CollectForAllocation", Time since last: 309783083 ns, Reaching safepoint: 2208 ns, At safepoint: 2377709 ns, Leaving safepoint: 65583 ns, Total: 2445500 ns, Threads: 0 runnable, 42 total
[2026-09-03T12:36:13.904+0800][33.052s][info][gc,start    ] GC(249) Pause Young (Concurrent Start) (G1 Evacuation Pause)
[2026-09-03T12:36:13.904+0800][33.052s][info][gc,task     ] GC(249) Using 9 workers of 9 for evacuation
[2026-09-03T12:36:13.907+0800][33.054s][info][gc,phases   ] GC(249)   Pre Evacuate Collection Set: 0.08ms
[2026-09-03T12:36:13.907+0800][33.054s][info][gc,phases   ] GC(249)   Merge Heap Roots: 0.04ms
[2026-09-03T12:36:13.907+0800][33.054s][info][gc,phases   ] GC(249)   Evacuate Collection Set: 1.93ms
[2026-09-03T12:36:13.907+0800][33.054s][info][gc,phases   ] GC(249)   Post Evacuate Collection Set: 0.09ms
[2026-09-03T12:36:13.907+0800][33.054s][info][gc,phases   ] GC(249)   Other: 0.07ms
[2026-09-03T12:36:13.907+0800][33.054s][info][gc,heap     ] GC(249) Eden regions: 90->0(77)
[2026-09-03T12:36:13.907+0800][33.054s][info][gc,heap     ] GC(249) Survivor regions: 15->14(14)
[2026-09-03T12:36:13.907+0800][33.054s][info][gc,heap     ] GC(249) Old regions: 112->132
[2026-09-03T12:36:13.907+0800][33.054s][info][gc,heap     ] GC(249) Humongous regions: 1->1
[2026-09-03T12:36:13.907+0800][33.054s][info][gc,metaspace] GC(249) Metaspace: 1059K(1216K)->1059K(1216K) NonClass: 994K(1088K)->994K(1088K) Class: 64K(128K)->64K(128K)
[2026-09-03T12:36:13.907+0800][33.054s][info][gc          ] GC(249) Pause Young (Concurrent Start) (G1 Evacuation Pause) 218M->147M(256M) 2.332ms
[2026-09-03T12:36:13.907+0800][33.054s][info][gc,cpu      ] GC(249) User=0.01s Sys=0.00s Real=0.00s
[2026-09-03T12:36:13.907+0800][33.054s][info][gc          ] GC(250) Concurrent Mark Cycle
[2026-09-03T12:36:13.907+0800][33.054s][info][gc,marking  ] GC(250) Concurrent Scan Root Regions
[2026-09-03T12:36:13.907+0800][33.054s][info][safepoint   ] Safepoint "G1CollectForAllocation", Time since last: 274841208 ns, Reaching safepoint: 3334 ns, At safepoint: 2366333 ns, Leaving safepoint: 21917 ns, Total: 2391584 ns, Threads: 0 runnable, 42 total
[2026-09-03T12:36:13.909+0800][33.057s][info][gc,marking  ] GC(250) Concurrent Scan Root Regions 2.481ms
[2026-09-03T12:36:13.909+0800][33.057s][info][gc,marking  ] GC(250) Concurrent Mark
[2026-09-03T12:36:13.909+0800][33.057s][info][gc,marking  ] GC(250) Concurrent Mark From Roots
[2026-09-03T12:36:13.909+0800][33.057s][info][gc,task     ] GC(250) Concurrent Mark Using 2 of 2 Workers
[2026-09-03T12:36:13.913+0800][33.060s][info][gc,marking  ] GC(250) Concurrent Mark From Roots 3.877ms
[2026-09-03T12:36:13.913+0800][33.061s][info][gc,marking  ] GC(250) Concurrent Preclean
[2026-09-03T12:36:13.913+0800][33.061s][info][gc,marking  ] GC(250) Concurrent Preclean 0.010ms
[2026-09-03T12:36:13.913+0800][33.061s][info][gc,start    ] GC(250) Pause Remark
[2026-09-03T12:36:13.914+0800][33.061s][info][gc          ] GC(250) Pause Remark 150M->103M(256M) 0.393ms
[2026-09-03T12:36:13.914+0800][33.061s][info][gc,cpu      ] GC(250) User=0.00s Sys=0.00s Real=0.00s
[2026-09-03T12:36:13.914+0800][33.061s][info][safepoint   ] Safepoint "G1PauseRemark", Time since last: 6424958 ns, Reaching safepoint: 20833 ns, At safepoint: 415542 ns, Leaving safepoint: 25208 ns, Total: 461583 ns, Threads: 2 runnable, 42 total
[2026-09-03T12:36:13.914+0800][33.061s][info][gc,marking  ] GC(250) Concurrent Mark 4.458ms
[2026-09-03T12:36:13.914+0800][33.061s][info][gc,marking  ] GC(250) Concurrent Rebuild Remembered Sets and Scrub Regions
[2026-09-03T12:36:13.917+0800][33.065s][info][gc,marking  ] GC(250) Concurrent Rebuild Remembered Sets and Scrub Regions 3.609ms
[2026-09-03T12:36:13.917+0800][33.065s][info][gc,start    ] GC(250) Pause Cleanup
[2026-09-03T12:36:13.917+0800][33.065s][info][gc          ] GC(250) Pause Cleanup 105M->105M(256M) 0.036ms
[2026-09-03T12:36:13.917+0800][33.065s][info][gc,cpu      ] GC(250) User=0.00s Sys=0.00s Real=0.00s
[2026-09-03T12:36:13.917+0800][33.065s][info][safepoint   ] Safepoint "G1PauseCleanup", Time since last: 3694709 ns, Reaching safepoint: 1750 ns, At safepoint: 52833 ns, Leaving safepoint: 792 ns, Total: 55375 ns, Threads: 0 runnable, 42 total
[2026-09-03T12:36:13.917+0800][33.065s][info][gc,marking  ] GC(250) Concurrent Clear Claimed Marks
[2026-09-03T12:36:13.917+0800][33.065s][info][gc,marking  ] GC(250) Concurrent Clear Claimed Marks 0.010ms
[2026-09-03T12:36:13.917+0800][33.065s][info][gc,marking  ] GC(250) Concurrent Cleanup for Next Mark
[2026-09-03T12:36:13.918+0800][33.065s][info][gc,marking  ] GC(250) Concurrent Cleanup for Next Mark 0.105ms
[2026-09-03T12:36:13.918+0800][33.065s][info][gc          ] GC(250) Concurrent Mark Cycle 10.825ms
[2026-09-03T12:36:14.139+0800][33.287s][info][gc,start    ] GC(251) Pause Young (Prepare Mixed) (G1 Evacuation Pause)
[2026-09-03T12:36:14.139+0800][33.287s][info][gc,task     ] GC(251) Using 9 workers of 9 for evacuation
[2026-09-03T12:36:14.142+0800][33.289s][info][gc,phases   ] GC(251)   Pre Evacuate Collection Set: 0.05ms
[2026-09-03T12:36:14.142+0800][33.289s][info][gc,phases   ] GC(251)   Merge Heap Roots: 0.04ms
[2026-09-03T12:36:14.142+0800][33.289s][info][gc,phases   ] GC(251)   Evacuate Collection Set: 2.01ms
[2026-09-03T12:36:14.142+0800][33.289s][info][gc,phases   ] GC(251)   Post Evacuate Collection Set: 0.11ms
[2026-09-03T12:36:14.142+0800][33.289s][info][gc,phases   ] GC(251)   Other: 0.07ms
[2026-09-03T12:36:14.142+0800][33.289s][info][gc,heap     ] GC(251) Eden regions: 77->0(99)
[2026-09-03T12:36:14.142+0800][33.289s][info][gc,heap     ] GC(251) Survivor regions: 14->12(12)
[2026-09-03T12:36:14.142+0800][33.289s][info][gc,heap     ] GC(251) Old regions: 85->103
[2026-09-03T12:36:14.142+0800][33.289s][info][gc,heap     ] GC(251) Humongous regions: 1->1
[2026-09-03T12:36:14.142+0800][33.289s][info][gc,metaspace] GC(251) Metaspace: 1059K(1216K)->1059K(1216K) NonClass: 994K(1088K)->994K(1088K) Class: 64K(128K)->64K(128K)
[2026-09-03T12:36:14.142+0800][33.289s][info][gc          ] GC(251) Pause Young (Prepare Mixed) (G1 Evacuation Pause) 177M->115M(256M) 2.440ms
[2026-09-03T12:36:14.142+0800][33.289s][info][gc,cpu      ] GC(251) User=0.02s Sys=0.00s Real=0.01s
[2026-09-03T12:36:14.142+0800][33.289s][info][safepoint   ] Safepoint "G1CollectForAllocation", Time since last: 221921208 ns, Reaching safepoint: 2792 ns, At safepoint: 2480125 ns, Leaving safepoint: 26708 ns, Total: 2509625 ns, Threads: 0 runnable, 42 total
[2026-09-03T12:36:14.441+0800][33.588s][info][gc,start    ] GC(252) Pause Young (Mixed) (G1 Evacuation Pause)
[2026-09-03T12:36:14.441+0800][33.588s][info][gc,task     ] GC(252) Using 9 workers of 9 for evacuation
[2026-09-03T12:36:14.443+0800][33.591s][info][gc,phases   ] GC(252)   Pre Evacuate Collection Set: 0.05ms
[2026-09-03T12:36:14.443+0800][33.591s][info][gc,phases   ] GC(252)   Merge Heap Roots: 0.03ms
[2026-09-03T12:36:14.443+0800][33.591s][info][gc,phases   ] GC(252)   Evacuate Collection Set: 2.25ms
[2026-09-03T12:36:14.443+0800][33.591s][info][gc,phases   ] GC(252)   Post Evacuate Collection Set: 0.11ms
[2026-09-03T12:36:14.443+0800][33.591s][info][gc,phases   ] GC(252)   Other: 0.08ms
[2026-09-03T12:36:14.443+0800][33.591s][info][gc,heap     ] GC(252) Eden regions: 99->0(104)
[2026-09-03T12:36:14.443+0800][33.591s][info][gc,heap     ] GC(252) Survivor regions: 12->14(14)
[2026-09-03T12:36:14.443+0800][33.591s][info][gc,heap     ] GC(252) Old regions: 103->94
[2026-09-03T12:36:14.443+0800][33.591s][info][gc,heap     ] GC(252) Humongous regions: 1->1
[2026-09-03T12:36:14.443+0800][33.591s][info][gc,metaspace] GC(252) Metaspace: 1059K(1216K)->1059K(1216K) NonClass: 994K(1088K)->994K(1088K) Class: 64K(128K)->64K(128K)
[2026-09-03T12:36:14.443+0800][33.591s][info][gc          ] GC(252) Pause Young (Mixed) (G1 Evacuation Pause) 214M->108M(256M) 2.656ms
[2026-09-03T12:36:14.443+0800][33.591s][info][gc,cpu      ] GC(252) User=0.02s Sys=0.00s Real=0.00s
[2026-09-03T12:36:14.443+0800][33.591s][info][safepoint   ] Safepoint "G1CollectForAllocation", Time since last: 298776917 ns, Reaching safepoint: 2958 ns, At safepoint: 2682333 ns, Leaving safepoint: 24709 ns, Total: 2710000 ns, Threads: 0 runnable, 42 total
[2026-09-03T12:36:14.757+0800][33.905s][info][gc,start    ] GC(253) Pause Young (Concurrent Start) (G1 Evacuation Pause)
[2026-09-03T12:36:14.757+0800][33.905s][info][gc,task     ] GC(253) Using 9 workers of 9 for evacuation
[2026-09-03T12:36:14.760+0800][33.907s][info][gc,phases   ] GC(253)   Pre Evacuate Collection Set: 0.08ms
[2026-09-03T12:36:14.760+0800][33.907s][info][gc,phases   ] GC(253)   Merge Heap Roots: 0.03ms
[2026-09-03T12:36:14.760+0800][33.907s][info][gc,phases   ] GC(253)   Evacuate Collection Set: 2.23ms
[2026-09-03T12:36:14.760+0800][33.907s][info][gc,phases   ] GC(253)   Post Evacuate Collection Set: 0.10ms
[2026-09-03T12:36:14.760+0800][33.907s][info][gc,phases   ] GC(253)   Other: 0.06ms
[2026-09-03T12:36:14.760+0800][33.907s][info][gc,heap     ] GC(253) Eden regions: 104->0(89)
[2026-09-03T12:36:14.760+0800][33.907s][info][gc,heap     ] GC(253) Survivor regions: 14->15(15)
[2026-09-03T12:36:14.760+0800][33.907s][info][gc,heap     ] GC(253) Old regions: 94->113
[2026-09-03T12:36:14.760+0800][33.907s][info][gc,heap     ] GC(253) Humongous regions: 1->1
[2026-09-03T12:36:14.760+0800][33.907s][info][gc,metaspace] GC(253) Metaspace: 1059K(1216K)->1059K(1216K) NonClass: 994K(1088K)->994K(1088K) Class: 64K(128K)->64K(128K)
[2026-09-03T12:36:14.760+0800][33.907s][info][gc          ] GC(253) Pause Young (Concurrent Start) (G1 Evacuation Pause) 212M->129M(256M) 2.624ms
[2026-09-03T12:36:14.760+0800][33.907s][info][gc,cpu      ] GC(253) User=0.02s Sys=0.00s Real=0.01s
[2026-09-03T12:36:14.760+0800][33.907s][info][gc          ] GC(254) Concurrent Mark Cycle
[2026-09-03T12:36:14.760+0800][33.907s][info][gc,marking  ] GC(254) Concurrent Scan Root Regions
[2026-09-03T12:36:14.760+0800][33.907s][info][safepoint   ] Safepoint "G1CollectForAllocation", Time since last: 313904958 ns, Reaching safepoint: 2375 ns, At safepoint: 2654583 ns, Leaving safepoint: 24417 ns, Total: 2681375 ns, Threads: 0 runnable, 42 total
[2026-09-03T12:36:14.762+0800][33.909s][info][gc,marking  ] GC(254) Concurrent Scan Root Regions 2.239ms
[2026-09-03T12:36:14.762+0800][33.910s][info][gc,marking  ] GC(254) Concurrent Mark
[2026-09-03T12:36:14.762+0800][33.910s][info][gc,marking  ] GC(254) Concurrent Mark From Roots
[2026-09-03T12:36:14.762+0800][33.910s][info][gc,task     ] GC(254) Concurrent Mark Using 2 of 2 Workers
[2026-09-03T12:36:14.766+0800][33.913s][info][gc,marking  ] GC(254) Concurrent Mark From Roots 3.653ms
[2026-09-03T12:36:14.766+0800][33.913s][info][gc,marking  ] GC(254) Concurrent Preclean
[2026-09-03T12:36:14.766+0800][33.913s][info][gc,marking  ] GC(254) Concurrent Preclean 0.014ms
[2026-09-03T12:36:14.766+0800][33.913s][info][gc,start    ] GC(254) Pause Remark
[2026-09-03T12:36:14.766+0800][33.914s][info][gc          ] GC(254) Pause Remark 133M->99M(256M) 0.404ms
[2026-09-03T12:36:14.766+0800][33.914s][info][gc,cpu      ] GC(254) User=0.00s Sys=0.00s Real=0.00s
[2026-09-03T12:36:14.766+0800][33.914s][info][safepoint   ] Safepoint "G1PauseRemark", Time since last: 5971333 ns, Reaching safepoint: 19417 ns, At safepoint: 428750 ns, Leaving safepoint: 29375 ns, Total: 477542 ns, Threads: 1 runnable, 42 total
[2026-09-03T12:36:14.766+0800][33.914s][info][gc,marking  ] GC(254) Concurrent Mark 4.269ms
[2026-09-03T12:36:14.766+0800][33.914s][info][gc,marking  ] GC(254) Concurrent Rebuild Remembered Sets and Scrub Regions
[2026-09-03T12:36:14.770+0800][33.918s][info][gc,marking  ] GC(254) Concurrent Rebuild Remembered Sets and Scrub Regions 4.048ms
[2026-09-03T12:36:14.771+0800][33.918s][info][gc,start    ] GC(254) Pause Cleanup
[2026-09-03T12:36:14.771+0800][33.918s][info][gc          ] GC(254) Pause Cleanup 101M->101M(256M) 0.034ms
[2026-09-03T12:36:14.771+0800][33.918s][info][gc,cpu      ] GC(254) User=0.00s Sys=0.00s Real=0.00s
[2026-09-03T12:36:14.771+0800][33.918s][info][safepoint   ] Safepoint "G1PauseCleanup", Time since last: 4178750 ns, Reaching safepoint: 1750 ns, At safepoint: 50875 ns, Leaving safepoint: 1375 ns, Total: 54000 ns, Threads: 0 runnable, 42 total
[2026-09-03T12:36:14.771+0800][33.918s][info][gc,marking  ] GC(254) Concurrent Clear Claimed Marks
[2026-09-03T12:36:14.771+0800][33.918s][info][gc,marking  ] GC(254) Concurrent Clear Claimed Marks 0.007ms
[2026-09-03T12:36:14.771+0800][33.918s][info][gc,marking  ] GC(254) Concurrent Cleanup for Next Mark
[2026-09-03T12:36:14.771+0800][33.918s][info][gc,marking  ] GC(254) Concurrent Cleanup for Next Mark 0.092ms
[2026-09-03T12:36:14.771+0800][33.918s][info][gc          ] GC(254) Concurrent Mark Cycle 10.834ms
[2026-09-03T12:36:15.027+0800][34.175s][info][gc,start    ] GC(255) Pause Young (Prepare Mixed) (G1 Evacuation Pause)
[2026-09-03T12:36:15.027+0800][34.175s][info][gc,task     ] GC(255) Using 9 workers of 9 for evacuation
[2026-09-03T12:36:15.029+0800][34.177s][info][gc,phases   ] GC(255)   Pre Evacuate Collection Set: 0.11ms
[2026-09-03T12:36:15.030+0800][34.177s][info][gc,phases   ] GC(255)   Merge Heap Roots: 0.08ms
[2026-09-03T12:36:15.030+0800][34.177s][info][gc,phases   ] GC(255)   Evacuate Collection Set: 1.78ms
[2026-09-03T12:36:15.030+0800][34.177s][info][gc,phases   ] GC(255)   Post Evacuate Collection Set: 0.11ms
[2026-09-03T12:36:15.030+0800][34.177s][info][gc,phases   ] GC(255)   Other: 0.07ms
[2026-09-03T12:36:15.030+0800][34.177s][info][gc,heap     ] GC(255) Eden regions: 89->0(101)
[2026-09-03T12:36:15.030+0800][34.177s][info][gc,heap     ] GC(255) Survivor regions: 15->13(13)
[2026-09-03T12:36:15.030+0800][34.177s][info][gc,heap     ] GC(255) Old regions: 79->99
[2026-09-03T12:36:15.030+0800][34.177s][info][gc,heap     ] GC(255) Humongous regions: 1->1
[2026-09-03T12:36:15.030+0800][34.177s][info][gc,metaspace] GC(255) Metaspace: 1059K(1216K)->1059K(1216K) NonClass: 994K(1088K)->994K(1088K) Class: 64K(128K)->64K(128K)
[2026-09-03T12:36:15.030+0800][34.177s][info][gc          ] GC(255) Pause Young (Prepare Mixed) (G1 Evacuation Pause) 184M->113M(256M) 2.263ms
[2026-09-03T12:36:15.030+0800][34.177s][info][gc,cpu      ] GC(255) User=0.01s Sys=0.00s Real=0.01s
[2026-09-03T12:36:15.030+0800][34.177s][info][safepoint   ] Safepoint "G1CollectForAllocation", Time since last: 256708792 ns, Reaching safepoint: 2916 ns, At safepoint: 2286667 ns, Leaving safepoint: 49708 ns, Total: 2339291 ns, Threads: 0 runnable, 42 total
[2026-09-03T12:36:15.336+0800][34.483s][info][gc,start    ] GC(256) Pause Young (Mixed) (G1 Evacuation Pause)
[2026-09-03T12:36:15.336+0800][34.483s][info][gc,task     ] GC(256) Using 9 workers of 9 for evacuation
[2026-09-03T12:36:15.338+0800][34.485s][info][gc,phases   ] GC(256)   Pre Evacuate Collection Set: 0.06ms
[2026-09-03T12:36:15.338+0800][34.485s][info][gc,phases   ] GC(256)   Merge Heap Roots: 0.04ms
[2026-09-03T12:36:15.338+0800][34.485s][info][gc,phases   ] GC(256)   Evacuate Collection Set: 1.81ms
[2026-09-03T12:36:15.338+0800][34.485s][info][gc,phases   ] GC(256)   Post Evacuate Collection Set: 0.11ms
[2026-09-03T12:36:15.338+0800][34.485s][info][gc,phases   ] GC(256)   Other: 0.06ms
[2026-09-03T12:36:15.338+0800][34.485s][info][gc,heap     ] GC(256) Eden regions: 101->0(101)
[2026-09-03T12:36:15.338+0800][34.485s][info][gc,heap     ] GC(256) Survivor regions: 13->15(15)
[2026-09-03T12:36:15.338+0800][34.485s][info][gc,heap     ] GC(256) Old regions: 99->97
[2026-09-03T12:36:15.338+0800][34.485s][info][gc,heap     ] GC(256) Humongous regions: 1->1
[2026-09-03T12:36:15.338+0800][34.485s][info][gc,metaspace] GC(256) Metaspace: 1059K(1216K)->1059K(1216K) NonClass: 994K(1088K)->994K(1088K) Class: 64K(128K)->64K(128K)
[2026-09-03T12:36:15.338+0800][34.485s][info][gc          ] GC(256) Pause Young (Mixed) (G1 Evacuation Pause) 214M->112M(256M) 2.183ms
[2026-09-03T12:36:15.338+0800][34.485s][info][gc,cpu      ] GC(256) User=0.01s Sys=0.00s Real=0.00s
[2026-09-03T12:36:15.338+0800][34.485s][info][safepoint   ] Safepoint "G1CollectForAllocation", Time since last: 306166542 ns, Reaching safepoint: 2458 ns, At safepoint: 2206959 ns, Leaving safepoint: 47208 ns, Total: 2256625 ns, Threads: 0 runnable, 42 total
[2026-09-03T12:36:15.642+0800][34.790s][info][gc,start    ] GC(257) Pause Young (Concurrent Start) (G1 Evacuation Pause)
[2026-09-03T12:36:15.642+0800][34.790s][info][gc,task     ] GC(257) Using 9 workers of 9 for evacuation
[2026-09-03T12:36:15.645+0800][34.792s][info][gc,phases   ] GC(257)   Pre Evacuate Collection Set: 0.07ms
[2026-09-03T12:36:15.645+0800][34.792s][info][gc,phases   ] GC(257)   Merge Heap Roots: 0.03ms
[2026-09-03T12:36:15.645+0800][34.792s][info][gc,phases   ] GC(257)   Evacuate Collection Set: 2.22ms
[2026-09-03T12:36:15.645+0800][34.792s][info][gc,phases   ] GC(257)   Post Evacuate Collection Set: 0.09ms
[2026-09-03T12:36:15.645+0800][34.792s][info][gc,phases   ] GC(257)   Other: 0.05ms
[2026-09-03T12:36:15.645+0800][34.792s][info][gc,heap     ] GC(257) Eden regions: 101->0(87)
[2026-09-03T12:36:15.645+0800][34.792s][info][gc,heap     ] GC(257) Survivor regions: 15->15(15)
[2026-09-03T12:36:15.645+0800][34.792s][info][gc,heap     ] GC(257) Old regions: 97->117
[2026-09-03T12:36:15.645+0800][34.792s][info][gc,heap     ] GC(257) Humongous regions: 1->1
[2026-09-03T12:36:15.645+0800][34.792s][info][gc,metaspace] GC(257) Metaspace: 1059K(1216K)->1059K(1216K) NonClass: 994K(1088K)->994K(1088K) Class: 64K(128K)->64K(128K)
[2026-09-03T12:36:15.645+0800][34.792s][info][gc          ] GC(257) Pause Young (Concurrent Start) (G1 Evacuation Pause) 213M->133M(256M) 2.571ms
[2026-09-03T12:36:15.645+0800][34.792s][info][gc,cpu      ] GC(257) User=0.01s Sys=0.00s Real=0.00s
[2026-09-03T12:36:15.645+0800][34.792s][info][gc          ] GC(258) Concurrent Mark Cycle
[2026-09-03T12:36:15.645+0800][34.792s][info][gc,marking  ] GC(258) Concurrent Scan Root Regions
[2026-09-03T12:36:15.645+0800][34.792s][info][safepoint   ] Safepoint "G1CollectForAllocation", Time since last: 304241542 ns, Reaching safepoint: 2583 ns, At safepoint: 2597958 ns, Leaving safepoint: 28334 ns, Total: 2628875 ns, Threads: 0 runnable, 42 total
[2026-09-03T12:36:15.647+0800][34.794s][info][gc,marking  ] GC(258) Concurrent Scan Root Regions 2.126ms
[2026-09-03T12:36:15.647+0800][34.794s][info][gc,marking  ] GC(258) Concurrent Mark
[2026-09-03T12:36:15.647+0800][34.794s][info][gc,marking  ] GC(258) Concurrent Mark From Roots
[2026-09-03T12:36:15.647+0800][34.794s][info][gc,task     ] GC(258) Concurrent Mark Using 2 of 2 Workers
[2026-09-03T12:36:15.651+0800][34.798s][info][gc,marking  ] GC(258) Concurrent Mark From Roots 3.498ms
[2026-09-03T12:36:15.651+0800][34.798s][info][gc,marking  ] GC(258) Concurrent Preclean
[2026-09-03T12:36:15.651+0800][34.798s][info][gc,marking  ] GC(258) Concurrent Preclean 0.007ms
[2026-09-03T12:36:15.651+0800][34.798s][info][gc,start    ] GC(258) Pause Remark
[2026-09-03T12:36:15.651+0800][34.798s][info][gc          ] GC(258) Pause Remark 136M->104M(256M) 0.335ms
[2026-09-03T12:36:15.651+0800][34.798s][info][gc,cpu      ] GC(258) User=0.00s Sys=0.00s Real=0.00s
[2026-09-03T12:36:15.651+0800][34.798s][info][safepoint   ] Safepoint "G1PauseRemark", Time since last: 5689541 ns, Reaching safepoint: 2792 ns, At safepoint: 357958 ns, Leaving safepoint: 14792 ns, Total: 375542 ns, Threads: 0 runnable, 42 total
[2026-09-03T12:36:15.651+0800][34.798s][info][gc,marking  ] GC(258) Concurrent Mark 3.964ms
[2026-09-03T12:36:15.651+0800][34.798s][info][gc,marking  ] GC(258) Concurrent Rebuild Remembered Sets and Scrub Regions
[2026-09-03T12:36:15.654+0800][34.802s][info][gc,marking  ] GC(258) Concurrent Rebuild Remembered Sets and Scrub Regions 3.364ms
[2026-09-03T12:36:15.654+0800][34.802s][info][gc,start    ] GC(258) Pause Cleanup
[2026-09-03T12:36:15.654+0800][34.802s][info][gc          ] GC(258) Pause Cleanup 106M->106M(256M) 0.033ms
[2026-09-03T12:36:15.654+0800][34.802s][info][gc,cpu      ] GC(258) User=0.00s Sys=0.00s Real=0.00s
[2026-09-03T12:36:15.654+0800][34.802s][info][safepoint   ] Safepoint "G1PauseCleanup", Time since last: 3430792 ns, Reaching safepoint: 1875 ns, At safepoint: 49291 ns, Leaving safepoint: 3334 ns, Total: 54500 ns, Threads: 0 runnable, 42 total
[2026-09-03T12:36:15.654+0800][34.802s][info][gc,marking  ] GC(258) Concurrent Clear Claimed Marks
[2026-09-03T12:36:15.654+0800][34.802s][info][gc,marking  ] GC(258) Concurrent Clear Claimed Marks 0.005ms
[2026-09-03T12:36:15.654+0800][34.802s][info][gc,marking  ] GC(258) Concurrent Cleanup for Next Mark
[2026-09-03T12:36:15.655+0800][34.802s][info][gc,marking  ] GC(258) Concurrent Cleanup for Next Mark 0.106ms
[2026-09-03T12:36:15.655+0800][34.802s][info][gc          ] GC(258) Concurrent Mark Cycle 9.718ms
[2026-09-03T12:36:15.906+0800][35.053s][info][gc,start    ] GC(259) Pause Young (Prepare Mixed) (G1 Evacuation Pause)
[2026-09-03T12:36:15.906+0800][35.053s][info][gc,task     ] GC(259) Using 9 workers of 9 for evacuation
[2026-09-03T12:36:15.908+0800][35.055s][info][gc,phases   ] GC(259)   Pre Evacuate Collection Set: 0.05ms
[2026-09-03T12:36:15.908+0800][35.055s][info][gc,phases   ] GC(259)   Merge Heap Roots: 0.02ms
[2026-09-03T12:36:15.908+0800][35.055s][info][gc,phases   ] GC(259)   Evacuate Collection Set: 1.75ms
[2026-09-03T12:36:15.908+0800][35.055s][info][gc,phases   ] GC(259)   Post Evacuate Collection Set: 0.08ms
[2026-09-03T12:36:15.908+0800][35.055s][info][gc,phases   ] GC(259)   Other: 0.05ms
[2026-09-03T12:36:15.908+0800][35.055s][info][gc,heap     ] GC(259) Eden regions: 87->0(97)
[2026-09-03T12:36:15.908+0800][35.055s][info][gc,heap     ] GC(259) Survivor regions: 15->13(13)
[2026-09-03T12:36:15.908+0800][35.055s][info][gc,heap     ] GC(259) Old regions: 85->105
[2026-09-03T12:36:15.908+0800][35.055s][info][gc,heap     ] GC(259) Humongous regions: 1->1
[2026-09-03T12:36:15.908+0800][35.055s][info][gc,metaspace] GC(259) Metaspace: 1059K(1216K)->1059K(1216K) NonClass: 994K(1088K)->994K(1088K) Class: 64K(128K)->64K(128K)
[2026-09-03T12:36:15.908+0800][35.055s][info][gc          ] GC(259) Pause Young (Prepare Mixed) (G1 Evacuation Pause) 188M->118M(256M) 2.055ms
[2026-09-03T12:36:15.908+0800][35.055s][info][gc,cpu      ] GC(259) User=0.01s Sys=0.00s Real=0.00s
[2026-09-03T12:36:15.908+0800][35.055s][info][safepoint   ] Safepoint "G1CollectForAllocation", Time since last: 251485833 ns, Reaching safepoint: 2750 ns, At safepoint: 2079375 ns, Leaving safepoint: 21417 ns, Total: 2103542 ns, Threads: 0 runnable, 42 total
[2026-09-03T12:36:16.200+0800][35.347s][info][gc,start    ] GC(260) Pause Young (Mixed) (G1 Evacuation Pause)
[2026-09-03T12:36:16.200+0800][35.347s][info][gc,task     ] GC(260) Using 9 workers of 9 for evacuation
[2026-09-03T12:36:16.202+0800][35.349s][info][gc,phases   ] GC(260)   Pre Evacuate Collection Set: 0.06ms
[2026-09-03T12:36:16.202+0800][35.349s][info][gc,phases   ] GC(260)   Merge Heap Roots: 0.03ms
[2026-09-03T12:36:16.202+0800][35.349s][info][gc,phases   ] GC(260)   Evacuate Collection Set: 2.02ms
[2026-09-03T12:36:16.202+0800][35.349s][info][gc,phases   ] GC(260)   Post Evacuate Collection Set: 0.10ms
[2026-09-03T12:36:16.202+0800][35.349s][info][gc,phases   ] GC(260)   Other: 0.07ms
[2026-09-03T12:36:16.202+0800][35.349s][info][gc,heap     ] GC(260) Eden regions: 97->0(102)
[2026-09-03T12:36:16.202+0800][35.349s][info][gc,heap     ] GC(260) Survivor regions: 13->14(14)
[2026-09-03T12:36:16.202+0800][35.349s][info][gc,heap     ] GC(260) Old regions: 105->96
[2026-09-03T12:36:16.202+0800][35.349s][info][gc,heap     ] GC(260) Humongous regions: 1->1
[2026-09-03T12:36:16.202+0800][35.349s][info][gc,metaspace] GC(260) Metaspace: 1059K(1216K)->1059K(1216K) NonClass: 994K(1088K)->994K(1088K) Class: 64K(128K)->64K(128K)
[2026-09-03T12:36:16.202+0800][35.349s][info][gc          ] GC(260) Pause Young (Mixed) (G1 Evacuation Pause) 215M->111M(256M) 2.384ms
[2026-09-03T12:36:16.202+0800][35.349s][info][gc,cpu      ] GC(260) User=0.02s Sys=0.00s Real=0.00s
[2026-09-03T12:36:16.202+0800][35.349s][info][safepoint   ] Safepoint "G1CollectForAllocation", Time since last: 291509416 ns, Reaching safepoint: 2417 ns, At safepoint: 2409375 ns, Leaving safepoint: 47375 ns, Total: 2459167 ns, Threads: 0 runnable, 42 total
[2026-09-03T12:36:16.511+0800][35.658s][info][gc,start    ] GC(261) Pause Young (Mixed) (G1 Evacuation Pause)
[2026-09-03T12:36:16.511+0800][35.658s][info][gc,task     ] GC(261) Using 9 workers of 9 for evacuation
[2026-09-03T12:36:16.513+0800][35.660s][info][gc,phases   ] GC(261)   Pre Evacuate Collection Set: 0.07ms
[2026-09-03T12:36:16.513+0800][35.660s][info][gc,phases   ] GC(261)   Merge Heap Roots: 0.03ms
[2026-09-03T12:36:16.513+0800][35.660s][info][gc,phases   ] GC(261)   Evacuate Collection Set: 1.75ms
[2026-09-03T12:36:16.513+0800][35.660s][info][gc,phases   ] GC(261)   Post Evacuate Collection Set: 0.10ms
[2026-09-03T12:36:16.513+0800][35.660s][info][gc,phases   ] GC(261)   Other: 0.06ms
[2026-09-03T12:36:16.513+0800][35.660s][info][gc,heap     ] GC(261) Eden regions: 102->0(89)
[2026-09-03T12:36:16.513+0800][35.660s][info][gc,heap     ] GC(261) Survivor regions: 14->15(15)
[2026-09-03T12:36:16.513+0800][35.660s][info][gc,heap     ] GC(261) Old regions: 96->114
[2026-09-03T12:36:16.513+0800][35.660s][info][gc,heap     ] GC(261) Humongous regions: 1->1
[2026-09-03T12:36:16.513+0800][35.660s][info][gc,metaspace] GC(261) Metaspace: 1059K(1216K)->1059K(1216K) NonClass: 994K(1088K)->994K(1088K) Class: 64K(128K)->64K(128K)
[2026-09-03T12:36:16.513+0800][35.660s][info][gc          ] GC(261) Pause Young (Mixed) (G1 Evacuation Pause) 213M->130M(256M) 2.141ms
[2026-09-03T12:36:16.513+0800][35.660s][info][gc,cpu      ] GC(261) User=0.01s Sys=0.00s Real=0.00s
[2026-09-03T12:36:16.513+0800][35.660s][info][safepoint   ] Safepoint "G1CollectForAllocation", Time since last: 308604583 ns, Reaching safepoint: 2375 ns, At safepoint: 2164542 ns, Leaving safepoint: 44958 ns, Total: 2211875 ns, Threads: 0 runnable, 42 total
[2026-09-03T12:36:16.781+0800][35.928s][info][gc,start    ] GC(262) Pause Young (Concurrent Start) (G1 Evacuation Pause)
[2026-09-03T12:36:16.781+0800][35.928s][info][gc,task     ] GC(262) Using 9 workers of 9 for evacuation
[2026-09-03T12:36:16.783+0800][35.930s][info][gc,phases   ] GC(262)   Pre Evacuate Collection Set: 0.07ms
[2026-09-03T12:36:16.783+0800][35.930s][info][gc,phases   ] GC(262)   Merge Heap Roots: 0.02ms
[2026-09-03T12:36:16.783+0800][35.930s][info][gc,phases   ] GC(262)   Evacuate Collection Set: 1.82ms
[2026-09-03T12:36:16.783+0800][35.930s][info][gc,phases   ] GC(262)   Post Evacuate Collection Set: 0.09ms
[2026-09-03T12:36:16.783+0800][35.930s][info][gc,phases   ] GC(262)   Other: 0.06ms
[2026-09-03T12:36:16.783+0800][35.930s][info][gc,heap     ] GC(262) Eden regions: 89->0(76)
[2026-09-03T12:36:16.783+0800][35.930s][info][gc,heap     ] GC(262) Survivor regions: 15->13(13)
[2026-09-03T12:36:16.783+0800][35.930s][info][gc,heap     ] GC(262) Old regions: 114->134
[2026-09-03T12:36:16.783+0800][35.930s][info][gc,heap     ] GC(262) Humongous regions: 1->1
[2026-09-03T12:36:16.783+0800][35.930s][info][gc,metaspace] GC(262) Metaspace: 1059K(1216K)->1059K(1216K) NonClass: 994K(1088K)->994K(1088K) Class: 64K(128K)->64K(128K)
[2026-09-03T12:36:16.783+0800][35.930s][info][gc          ] GC(262) Pause Young (Concurrent Start) (G1 Evacuation Pause) 219M->148M(256M) 2.180ms
[2026-09-03T12:36:16.783+0800][35.930s][info][gc,cpu      ] GC(262) User=0.01s Sys=0.00s Real=0.00s
[2026-09-03T12:36:16.783+0800][35.930s][info][gc          ] GC(263) Concurrent Mark Cycle
[2026-09-03T12:36:16.783+0800][35.930s][info][gc,marking  ] GC(263) Concurrent Scan Root Regions
[2026-09-03T12:36:16.783+0800][35.930s][info][safepoint   ] Safepoint "G1CollectForAllocation", Time since last: 267924000 ns, Reaching safepoint: 3084 ns, At safepoint: 2208333 ns, Leaving safepoint: 21125 ns, Total: 2232542 ns, Threads: 0 runnable, 42 total
[2026-09-03T12:36:16.785+0800][35.933s][info][gc,marking  ] GC(263) Concurrent Scan Root Regions 2.173ms
[2026-09-03T12:36:16.785+0800][35.933s][info][gc,marking  ] GC(263) Concurrent Mark
[2026-09-03T12:36:16.785+0800][35.933s][info][gc,marking  ] GC(263) Concurrent Mark From Roots
[2026-09-03T12:36:16.785+0800][35.933s][info][gc,task     ] GC(263) Concurrent Mark Using 2 of 2 Workers
[2026-09-03T12:36:16.789+0800][35.937s][info][gc,marking  ] GC(263) Concurrent Mark From Roots 3.988ms
[2026-09-03T12:36:16.789+0800][35.937s][info][gc,marking  ] GC(263) Concurrent Preclean
[2026-09-03T12:36:16.789+0800][35.937s][info][gc,marking  ] GC(263) Concurrent Preclean 0.008ms
[2026-09-03T12:36:16.789+0800][35.937s][info][gc,start    ] GC(263) Pause Remark
[2026-09-03T12:36:16.790+0800][35.937s][info][gc          ] GC(263) Pause Remark 151M->105M(256M) 0.291ms
[2026-09-03T12:36:16.790+0800][35.937s][info][gc,cpu      ] GC(263) User=0.00s Sys=0.00s Real=0.01s
[2026-09-03T12:36:16.790+0800][35.937s][info][safepoint   ] Safepoint "G1PauseRemark", Time since last: 6213667 ns, Reaching safepoint: 2583 ns, At safepoint: 317083 ns, Leaving safepoint: 19875 ns, Total: 339541 ns, Threads: 0 runnable, 42 total
[2026-09-03T12:36:16.790+0800][35.937s][info][gc,marking  ] GC(263) Concurrent Mark 4.411ms
[2026-09-03T12:36:16.790+0800][35.937s][info][gc,marking  ] GC(263) Concurrent Rebuild Remembered Sets and Scrub Regions
[2026-09-03T12:36:16.793+0800][35.941s][info][gc,marking  ] GC(263) Concurrent Rebuild Remembered Sets and Scrub Regions 3.668ms
[2026-09-03T12:36:16.793+0800][35.941s][info][gc,start    ] GC(263) Pause Cleanup
[2026-09-03T12:36:16.793+0800][35.941s][info][gc          ] GC(263) Pause Cleanup 107M->107M(256M) 0.039ms
[2026-09-03T12:36:16.793+0800][35.941s][info][gc,cpu      ] GC(263) User=0.00s Sys=0.00s Real=0.00s
[2026-09-03T12:36:16.793+0800][35.941s][info][safepoint   ] Safepoint "G1PauseCleanup", Time since last: 3743209 ns, Reaching safepoint: 19375 ns, At safepoint: 57666 ns, Leaving safepoint: 4792 ns, Total: 81833 ns, Threads: 1 runnable, 42 total
[2026-09-03T12:36:16.793+0800][35.941s][info][gc,marking  ] GC(263) Concurrent Clear Claimed Marks
[2026-09-03T12:36:16.793+0800][35.941s][info][gc,marking  ] GC(263) Concurrent Clear Claimed Marks 0.007ms
[2026-09-03T12:36:16.793+0800][35.941s][info][gc,marking  ] GC(263) Concurrent Cleanup for Next Mark
[2026-09-03T12:36:16.794+0800][35.941s][info][gc,marking  ] GC(263) Concurrent Cleanup for Next Mark 0.108ms
[2026-09-03T12:36:16.794+0800][35.941s][info][gc          ] GC(263) Concurrent Mark Cycle 10.554ms
[2026-09-03T12:36:17.010+0800][36.157s][info][gc,start    ] GC(264) Pause Young (Prepare Mixed) (G1 Evacuation Pause)
[2026-09-03T12:36:17.010+0800][36.157s][info][gc,task     ] GC(264) Using 9 workers of 9 for evacuation
[2026-09-03T12:36:17.012+0800][36.159s][info][gc,phases   ] GC(264)   Pre Evacuate Collection Set: 0.06ms
[2026-09-03T12:36:17.012+0800][36.159s][info][gc,phases   ] GC(264)   Merge Heap Roots: 0.02ms
[2026-09-03T12:36:17.012+0800][36.159s][info][gc,phases   ] GC(264)   Evacuate Collection Set: 1.62ms
[2026-09-03T12:36:17.012+0800][36.159s][info][gc,phases   ] GC(264)   Post Evacuate Collection Set: 0.08ms
[2026-09-03T12:36:17.012+0800][36.159s][info][gc,phases   ] GC(264)   Other: 0.06ms
[2026-09-03T12:36:17.012+0800][36.159s][info][gc,heap     ] GC(264) Eden regions: 76->0(97)
[2026-09-03T12:36:17.012+0800][36.159s][info][gc,heap     ] GC(264) Survivor regions: 13->12(12)
[2026-09-03T12:36:17.012+0800][36.159s][info][gc,heap     ] GC(264) Old regions: 88->105
[2026-09-03T12:36:17.012+0800][36.159s][info][gc,heap     ] GC(264) Humongous regions: 1->1
[2026-09-03T12:36:17.012+0800][36.159s][info][gc,metaspace] GC(264) Metaspace: 1059K(1216K)->1059K(1216K) NonClass: 994K(1088K)->994K(1088K) Class: 64K(128K)->64K(128K)
[2026-09-03T12:36:17.012+0800][36.159s][info][gc          ] GC(264) Pause Young (Prepare Mixed) (G1 Evacuation Pause) 178M->118M(256M) 1.943ms
[2026-09-03T12:36:17.012+0800][36.159s][info][gc,cpu      ] GC(264) User=0.01s Sys=0.00s Real=0.00s
[2026-09-03T12:36:17.012+0800][36.159s][info][safepoint   ] Safepoint "G1CollectForAllocation", Time since last: 216684208 ns, Reaching safepoint: 2375 ns, At safepoint: 1966792 ns, Leaving safepoint: 36000 ns, Total: 2005167 ns, Threads: 0 runnable, 42 total
[2026-09-03T12:36:17.303+0800][36.451s][info][gc,start    ] GC(265) Pause Young (Mixed) (G1 Evacuation Pause)
[2026-09-03T12:36:17.303+0800][36.451s][info][gc,task     ] GC(265) Using 9 workers of 9 for evacuation
[2026-09-03T12:36:17.306+0800][36.453s][info][gc,phases   ] GC(265)   Pre Evacuate Collection Set: 0.06ms
[2026-09-03T12:36:17.306+0800][36.453s][info][gc,phases   ] GC(265)   Merge Heap Roots: 0.06ms
[2026-09-03T12:36:17.306+0800][36.453s][info][gc,phases   ] GC(265)   Evacuate Collection Set: 1.82ms
[2026-09-03T12:36:17.306+0800][36.453s][info][gc,phases   ] GC(265)   Post Evacuate Collection Set: 0.11ms
[2026-09-03T12:36:17.306+0800][36.453s][info][gc,phases   ] GC(265)   Other: 0.05ms
[2026-09-03T12:36:17.306+0800][36.453s][info][gc,heap     ] GC(265) Eden regions: 97->0(103)
[2026-09-03T12:36:17.306+0800][36.453s][info][gc,heap     ] GC(265) Survivor regions: 12->14(14)
[2026-09-03T12:36:17.306+0800][36.453s][info][gc,heap     ] GC(265) Old regions: 105->95
[2026-09-03T12:36:17.306+0800][36.453s][info][gc,heap     ] GC(265) Humongous regions: 1->1
[2026-09-03T12:36:17.306+0800][36.453s][info][gc,metaspace] GC(265) Metaspace: 1059K(1216K)->1059K(1216K) NonClass: 994K(1088K)->994K(1088K) Class: 64K(128K)->64K(128K)
[2026-09-03T12:36:17.306+0800][36.453s][info][gc          ] GC(265) Pause Young (Mixed) (G1 Evacuation Pause) 215M->109M(256M) 2.217ms
[2026-09-03T12:36:17.306+0800][36.453s][info][gc,cpu      ] GC(265) User=0.01s Sys=0.00s Real=0.00s
[2026-09-03T12:36:17.306+0800][36.453s][info][safepoint   ] Safepoint "G1CollectForAllocation", Time since last: 291294333 ns, Reaching safepoint: 1917 ns, At safepoint: 2242208 ns, Leaving safepoint: 41084 ns, Total: 2285209 ns, Threads: 0 runnable, 42 total
[2026-09-03T12:36:17.618+0800][36.765s][info][gc,start    ] GC(266) Pause Young (Mixed) (G1 Evacuation Pause)
[2026-09-03T12:36:17.618+0800][36.765s][info][gc,task     ] GC(266) Using 9 workers of 9 for evacuation
[2026-09-03T12:36:17.620+0800][36.767s][info][gc,phases   ] GC(266)   Pre Evacuate Collection Set: 0.04ms
[2026-09-03T12:36:17.620+0800][36.767s][info][gc,phases   ] GC(266)   Merge Heap Roots: 0.03ms
[2026-09-03T12:36:17.620+0800][36.767s][info][gc,phases   ] GC(266)   Evacuate Collection Set: 2.01ms
[2026-09-03T12:36:17.620+0800][36.767s][info][gc,phases   ] GC(266)   Post Evacuate Collection Set: 0.10ms
[2026-09-03T12:36:17.620+0800][36.767s][info][gc,phases   ] GC(266)   Other: 0.05ms
[2026-09-03T12:36:17.620+0800][36.767s][info][gc,heap     ] GC(266) Eden regions: 103->0(89)
[2026-09-03T12:36:17.620+0800][36.767s][info][gc,heap     ] GC(266) Survivor regions: 14->15(15)
[2026-09-03T12:36:17.620+0800][36.767s][info][gc,heap     ] GC(266) Old regions: 95->114
[2026-09-03T12:36:17.620+0800][36.767s][info][gc,heap     ] GC(266) Humongous regions: 1->1
[2026-09-03T12:36:17.620+0800][36.767s][info][gc,metaspace] GC(266) Metaspace: 1059K(1216K)->1059K(1216K) NonClass: 994K(1088K)->994K(1088K) Class: 64K(128K)->64K(128K)
[2026-09-03T12:36:17.620+0800][36.767s][info][gc          ] GC(266) Pause Young (Mixed) (G1 Evacuation Pause) 212M->129M(256M) 2.341ms
[2026-09-03T12:36:17.620+0800][36.767s][info][gc,cpu      ] GC(266) User=0.02s Sys=0.00s Real=0.01s
[2026-09-03T12:36:17.620+0800][36.767s][info][safepoint   ] Safepoint "G1CollectForAllocation", Time since last: 311981791 ns, Reaching safepoint: 2292 ns, At safepoint: 2365500 ns, Leaving safepoint: 33333 ns, Total: 2401125 ns, Threads: 0 runnable, 42 total
[2026-09-03T12:36:17.890+0800][37.037s][info][gc,start    ] GC(267) Pause Young (Concurrent Start) (G1 Evacuation Pause)
[2026-09-03T12:36:17.890+0800][37.037s][info][gc,task     ] GC(267) Using 9 workers of 9 for evacuation
[2026-09-03T12:36:17.892+0800][37.040s][info][gc,phases   ] GC(267)   Pre Evacuate Collection Set: 0.12ms
[2026-09-03T12:36:17.892+0800][37.040s][info][gc,phases   ] GC(267)   Merge Heap Roots: 0.03ms
[2026-09-03T12:36:17.892+0800][37.040s][info][gc,phases   ] GC(267)   Evacuate Collection Set: 2.01ms
[2026-09-03T12:36:17.892+0800][37.040s][info][gc,phases   ] GC(267)   Post Evacuate Collection Set: 0.09ms
[2026-09-03T12:36:17.892+0800][37.040s][info][gc,phases   ] GC(267)   Other: 0.08ms
[2026-09-03T12:36:17.892+0800][37.040s][info][gc,heap     ] GC(267) Eden regions: 89->0(76)
[2026-09-03T12:36:17.892+0800][37.040s][info][gc,heap     ] GC(267) Survivor regions: 15->13(13)
[2026-09-03T12:36:17.892+0800][37.040s][info][gc,heap     ] GC(267) Old regions: 114->134
[2026-09-03T12:36:17.892+0800][37.040s][info][gc,heap     ] GC(267) Humongous regions: 1->1
[2026-09-03T12:36:17.892+0800][37.040s][info][gc,metaspace] GC(267) Metaspace: 1059K(1216K)->1059K(1216K) NonClass: 994K(1088K)->994K(1088K) Class: 64K(128K)->64K(128K)
[2026-09-03T12:36:17.892+0800][37.040s][info][gc          ] GC(267) Pause Young (Concurrent Start) (G1 Evacuation Pause) 218M->148M(256M) 2.430ms
[2026-09-03T12:36:17.892+0800][37.040s][info][gc,cpu      ] GC(267) User=0.02s Sys=0.00s Real=0.00s
[2026-09-03T12:36:17.892+0800][37.040s][info][gc          ] GC(268) Concurrent Mark Cycle
[2026-09-03T12:36:17.892+0800][37.040s][info][gc,marking  ] GC(268) Concurrent Scan Root Regions
[2026-09-03T12:36:17.892+0800][37.040s][info][safepoint   ] Safepoint "G1CollectForAllocation", Time since last: 269958167 ns, Reaching safepoint: 2958 ns, At safepoint: 2458500 ns, Leaving safepoint: 25250 ns, Total: 2486708 ns, Threads: 0 runnable, 42 total
[2026-09-03T12:36:17.895+0800][37.042s][info][gc,marking  ] GC(268) Concurrent Scan Root Regions 2.092ms
[2026-09-03T12:36:17.895+0800][37.042s][info][gc,marking  ] GC(268) Concurrent Mark
[2026-09-03T12:36:17.895+0800][37.042s][info][gc,marking  ] GC(268) Concurrent Mark From Roots
[2026-09-03T12:36:17.895+0800][37.042s][info][gc,task     ] GC(268) Concurrent Mark Using 2 of 2 Workers
[2026-09-03T12:36:17.898+0800][37.045s][info][gc,marking  ] GC(268) Concurrent Mark From Roots 3.483ms
[2026-09-03T12:36:17.898+0800][37.045s][info][gc,marking  ] GC(268) Concurrent Preclean
[2026-09-03T12:36:17.898+0800][37.045s][info][gc,marking  ] GC(268) Concurrent Preclean 0.008ms
[2026-09-03T12:36:17.898+0800][37.045s][info][gc,start    ] GC(268) Pause Remark
[2026-09-03T12:36:17.898+0800][37.046s][info][gc          ] GC(268) Pause Remark 151M->96M(256M) 0.337ms
[2026-09-03T12:36:17.898+0800][37.046s][info][gc,cpu      ] GC(268) User=0.00s Sys=0.00s Real=0.00s
[2026-09-03T12:36:17.898+0800][37.046s][info][safepoint   ] Safepoint "G1PauseRemark", Time since last: 5620084 ns, Reaching safepoint: 2250 ns, At safepoint: 356208 ns, Leaving safepoint: 11208 ns, Total: 369666 ns, Threads: 0 runnable, 42 total
[2026-09-03T12:36:17.899+0800][37.046s][info][gc,marking  ] GC(268) Concurrent Mark 3.941ms
[2026-09-03T12:36:17.899+0800][37.046s][info][gc,marking  ] GC(268) Concurrent Rebuild Remembered Sets and Scrub Regions
[2026-09-03T12:36:17.902+0800][37.049s][info][gc,marking  ] GC(268) Concurrent Rebuild Remembered Sets and Scrub Regions 3.487ms
[2026-09-03T12:36:17.902+0800][37.049s][info][gc,start    ] GC(268) Pause Cleanup
[2026-09-03T12:36:17.902+0800][37.049s][info][gc          ] GC(268) Pause Cleanup 98M->98M(256M) 0.040ms
[2026-09-03T12:36:17.902+0800][37.049s][info][gc,cpu      ] GC(268) User=0.00s Sys=0.00s Real=0.00s
[2026-09-03T12:36:17.902+0800][37.049s][info][safepoint   ] Safepoint "G1PauseCleanup", Time since last: 3565167 ns, Reaching safepoint: 19375 ns, At safepoint: 60958 ns, Leaving safepoint: 5084 ns, Total: 85417 ns, Threads: 1 runnable, 42 total
[2026-09-03T12:36:17.902+0800][37.049s][info][gc,marking  ] GC(268) Concurrent Clear Claimed Marks
[2026-09-03T12:36:17.902+0800][37.050s][info][gc,marking  ] GC(268) Concurrent Clear Claimed Marks 0.007ms
[2026-09-03T12:36:17.902+0800][37.050s][info][gc,marking  ] GC(268) Concurrent Cleanup for Next Mark
[2026-09-03T12:36:17.902+0800][37.050s][info][gc,marking  ] GC(268) Concurrent Cleanup for Next Mark 0.131ms
[2026-09-03T12:36:17.902+0800][37.050s][info][gc          ] GC(268) Concurrent Mark Cycle 9.843ms
[2026-09-03T12:36:18.121+0800][37.269s][info][gc,start    ] GC(269) Pause Young (Prepare Mixed) (G1 Evacuation Pause)
[2026-09-03T12:36:18.121+0800][37.269s][info][gc,task     ] GC(269) Using 9 workers of 9 for evacuation
[2026-09-03T12:36:18.123+0800][37.271s][info][gc,phases   ] GC(269)   Pre Evacuate Collection Set: 0.04ms
[2026-09-03T12:36:18.123+0800][37.271s][info][gc,phases   ] GC(269)   Merge Heap Roots: 0.01ms
[2026-09-03T12:36:18.123+0800][37.271s][info][gc,phases   ] GC(269)   Evacuate Collection Set: 1.72ms
[2026-09-03T12:36:18.123+0800][37.271s][info][gc,phases   ] GC(269)   Post Evacuate Collection Set: 0.08ms
[2026-09-03T12:36:18.123+0800][37.271s][info][gc,phases   ] GC(269)   Other: 0.05ms
[2026-09-03T12:36:18.123+0800][37.271s][info][gc,heap     ] GC(269) Eden regions: 76->0(104)
[2026-09-03T12:36:18.123+0800][37.271s][info][gc,heap     ] GC(269) Survivor regions: 13->12(12)
[2026-09-03T12:36:18.123+0800][37.271s][info][gc,heap     ] GC(269) Old regions: 79->96
[2026-09-03T12:36:18.123+0800][37.271s][info][gc,heap     ] GC(269) Humongous regions: 1->1
[2026-09-03T12:36:18.123+0800][37.271s][info][gc,metaspace] GC(269) Metaspace: 1059K(1216K)->1059K(1216K) NonClass: 994K(1088K)->994K(1088K) Class: 64K(128K)->64K(128K)
[2026-09-03T12:36:18.123+0800][37.271s][info][gc          ] GC(269) Pause Young (Prepare Mixed) (G1 Evacuation Pause) 169M->109M(256M) 2.000ms
[2026-09-03T12:36:18.123+0800][37.271s][info][gc,cpu      ] GC(269) User=0.01s Sys=0.00s Real=0.00s
[2026-09-03T12:36:18.123+0800][37.271s][info][safepoint   ] Safepoint "G1CollectForAllocation", Time since last: 219217416 ns, Reaching safepoint: 2125 ns, At safepoint: 2022709 ns, Leaving safepoint: 26125 ns, Total: 2050959 ns, Threads: 0 runnable, 42 total
[2026-09-03T12:36:18.438+0800][37.585s][info][gc,start    ] GC(270) Pause Young (Mixed) (G1 Evacuation Pause)
[2026-09-03T12:36:18.438+0800][37.585s][info][gc,task     ] GC(270) Using 9 workers of 9 for evacuation
[2026-09-03T12:36:18.440+0800][37.588s][info][gc,phases   ] GC(270)   Pre Evacuate Collection Set: 0.04ms
[2026-09-03T12:36:18.440+0800][37.588s][info][gc,phases   ] GC(270)   Merge Heap Roots: 0.05ms
[2026-09-03T12:36:18.440+0800][37.588s][info][gc,phases   ] GC(270)   Evacuate Collection Set: 1.96ms
[2026-09-03T12:36:18.440+0800][37.588s][info][gc,phases   ] GC(270)   Post Evacuate Collection Set: 0.09ms
[2026-09-03T12:36:18.440+0800][37.588s][info][gc,phases   ] GC(270)   Other: 0.06ms
[2026-09-03T12:36:18.440+0800][37.588s][info][gc,heap     ] GC(270) Eden regions: 104->0(104)
[2026-09-03T12:36:18.440+0800][37.588s][info][gc,heap     ] GC(270) Survivor regions: 12->15(15)
[2026-09-03T12:36:18.440+0800][37.588s][info][gc,heap     ] GC(270) Old regions: 96->92
[2026-09-03T12:36:18.440+0800][37.588s][info][gc,heap     ] GC(270) Humongous regions: 1->1
[2026-09-03T12:36:18.440+0800][37.588s][info][gc,metaspace] GC(270) Metaspace: 1059K(1216K)->1059K(1216K) NonClass: 994K(1088K)->994K(1088K) Class: 64K(128K)->64K(128K)
[2026-09-03T12:36:18.440+0800][37.588s][info][gc          ] GC(270) Pause Young (Mixed) (G1 Evacuation Pause) 213M->107M(256M) 2.316ms
[2026-09-03T12:36:18.440+0800][37.588s][info][gc,cpu      ] GC(270) User=0.01s Sys=0.00s Real=0.01s
[2026-09-03T12:36:18.440+0800][37.588s][info][safepoint   ] Safepoint "G1CollectForAllocation", Time since last: 314539041 ns, Reaching safepoint: 21042 ns, At safepoint: 2340000 ns, Leaving safepoint: 23083 ns, Total: 2384125 ns, Threads: 1 runnable, 42 total
[2026-09-03T12:36:18.756+0800][37.903s][info][gc,start    ] GC(271) Pause Young (Concurrent Start) (G1 Evacuation Pause)
[2026-09-03T12:36:18.756+0800][37.903s][info][gc,task     ] GC(271) Using 9 workers of 9 for evacuation
[2026-09-03T12:36:18.758+0800][37.905s][info][gc,phases   ] GC(271)   Pre Evacuate Collection Set: 0.05ms
[2026-09-03T12:36:18.758+0800][37.905s][info][gc,phases   ] GC(271)   Merge Heap Roots: 0.02ms
[2026-09-03T12:36:18.758+0800][37.905s][info][gc,phases   ] GC(271)   Evacuate Collection Set: 1.90ms
[2026-09-03T12:36:18.758+0800][37.905s][info][gc,phases   ] GC(271)   Post Evacuate Collection Set: 0.11ms
[2026-09-03T12:36:18.758+0800][37.905s][info][gc,phases   ] GC(271)   Other: 0.06ms
[2026-09-03T12:36:18.758+0800][37.905s][info][gc,heap     ] GC(271) Eden regions: 104->0(89)
[2026-09-03T12:36:18.758+0800][37.905s][info][gc,heap     ] GC(271) Survivor regions: 15->15(15)
[2026-09-03T12:36:18.758+0800][37.905s][info][gc,heap     ] GC(271) Old regions: 92->113
[2026-09-03T12:36:18.758+0800][37.905s][info][gc,heap     ] GC(271) Humongous regions: 1->1
[2026-09-03T12:36:18.758+0800][37.905s][info][gc,metaspace] GC(271) Metaspace: 1059K(1216K)->1059K(1216K) NonClass: 994K(1088K)->994K(1088K) Class: 64K(128K)->64K(128K)
[2026-09-03T12:36:18.758+0800][37.905s][info][gc          ] GC(271) Pause Young (Concurrent Start) (G1 Evacuation Pause) 211M->128M(256M) 2.241ms
[2026-09-03T12:36:18.758+0800][37.905s][info][gc,cpu      ] GC(271) User=0.01s Sys=0.01s Real=0.00s
[2026-09-03T12:36:18.758+0800][37.905s][info][gc          ] GC(272) Concurrent Mark Cycle
[2026-09-03T12:36:18.758+0800][37.905s][info][gc,marking  ] GC(272) Concurrent Scan Root Regions
[2026-09-03T12:36:18.758+0800][37.905s][info][safepoint   ] Safepoint "G1CollectForAllocation", Time since last: 315435500 ns, Reaching safepoint: 2125 ns, At safepoint: 2267834 ns, Leaving safepoint: 40541 ns, Total: 2310500 ns, Threads: 0 runnable, 42 total
[2026-09-03T12:36:18.761+0800][37.908s][info][gc,marking  ] GC(272) Concurrent Scan Root Regions 2.521ms
[2026-09-03T12:36:18.761+0800][37.908s][info][gc,marking  ] GC(272) Concurrent Mark
[2026-09-03T12:36:18.761+0800][37.908s][info][gc,marking  ] GC(272) Concurrent Mark From Roots
[2026-09-03T12:36:18.761+0800][37.908s][info][gc,task     ] GC(272) Concurrent Mark Using 2 of 2 Workers
[2026-09-03T12:36:18.764+0800][37.911s][info][gc,marking  ] GC(272) Concurrent Mark From Roots 3.115ms
[2026-09-03T12:36:18.764+0800][37.911s][info][gc,marking  ] GC(272) Concurrent Preclean
[2026-09-03T12:36:18.764+0800][37.911s][info][gc,marking  ] GC(272) Concurrent Preclean 0.008ms
[2026-09-03T12:36:18.764+0800][37.911s][info][gc,start    ] GC(272) Pause Remark
[2026-09-03T12:36:18.764+0800][37.911s][info][gc          ] GC(272) Pause Remark 132M->93M(256M) 0.292ms
[2026-09-03T12:36:18.764+0800][37.911s][info][gc,cpu      ] GC(272) User=0.00s Sys=0.00s Real=0.00s
[2026-09-03T12:36:18.764+0800][37.911s][info][safepoint   ] Safepoint "G1PauseRemark", Time since last: 5686375 ns, Reaching safepoint: 26292 ns, At safepoint: 316542 ns, Leaving safepoint: 15666 ns, Total: 358500 ns, Threads: 1 runnable, 42 total
[2026-09-03T12:36:18.764+0800][37.911s][info][gc,marking  ] GC(272) Concurrent Mark 3.570ms
[2026-09-03T12:36:18.764+0800][37.912s][info][gc,marking  ] GC(272) Concurrent Rebuild Remembered Sets and Scrub Regions
[2026-09-03T12:36:18.767+0800][37.915s][info][gc,marking  ] GC(272) Concurrent Rebuild Remembered Sets and Scrub Regions 3.173ms
[2026-09-03T12:36:18.767+0800][37.915s][info][gc,start    ] GC(272) Pause Cleanup
[2026-09-03T12:36:18.767+0800][37.915s][info][gc          ] GC(272) Pause Cleanup 93M->93M(256M) 0.031ms
[2026-09-03T12:36:18.767+0800][37.915s][info][gc,cpu      ] GC(272) User=0.00s Sys=0.00s Real=0.00s
[2026-09-03T12:36:18.767+0800][37.915s][info][safepoint   ] Safepoint "G1PauseCleanup", Time since last: 3273917 ns, Reaching safepoint: 21917 ns, At safepoint: 47000 ns, Leaving safepoint: 3083 ns, Total: 72000 ns, Threads: 1 runnable, 42 total
[2026-09-03T12:36:18.767+0800][37.915s][info][gc,marking  ] GC(272) Concurrent Clear Claimed Marks
[2026-09-03T12:36:18.767+0800][37.915s][info][gc,marking  ] GC(272) Concurrent Clear Claimed Marks 0.004ms
[2026-09-03T12:36:18.767+0800][37.915s][info][gc,marking  ] GC(272) Concurrent Cleanup for Next Mark
[2026-09-03T12:36:18.768+0800][37.915s][info][gc,marking  ] GC(272) Concurrent Cleanup for Next Mark 0.088ms
[2026-09-03T12:36:18.768+0800][37.915s][info][gc          ] GC(272) Concurrent Mark Cycle 9.550ms
[2026-09-03T12:36:19.026+0800][38.173s][info][gc,start    ] GC(273) Pause Young (Prepare Mixed) (G1 Evacuation Pause)
[2026-09-03T12:36:19.026+0800][38.173s][info][gc,task     ] GC(273) Using 9 workers of 9 for evacuation
[2026-09-03T12:36:19.028+0800][38.176s][info][gc,phases   ] GC(273)   Pre Evacuate Collection Set: 0.06ms
[2026-09-03T12:36:19.028+0800][38.176s][info][gc,phases   ] GC(273)   Merge Heap Roots: 0.03ms
[2026-09-03T12:36:19.028+0800][38.176s][info][gc,phases   ] GC(273)   Evacuate Collection Set: 1.81ms
[2026-09-03T12:36:19.028+0800][38.176s][info][gc,phases   ] GC(273)   Post Evacuate Collection Set: 0.08ms
[2026-09-03T12:36:19.028+0800][38.176s][info][gc,phases   ] GC(273)   Other: 0.06ms
[2026-09-03T12:36:19.028+0800][38.176s][info][gc,heap     ] GC(273) Eden regions: 89->0(104)
[2026-09-03T12:36:19.028+0800][38.176s][info][gc,heap     ] GC(273) Survivor regions: 15->13(13)
[2026-09-03T12:36:19.028+0800][38.176s][info][gc,heap     ] GC(273) Old regions: 74->94
[2026-09-03T12:36:19.028+0800][38.176s][info][gc,heap     ] GC(273) Humongous regions: 1->1
[2026-09-03T12:36:19.028+0800][38.176s][info][gc,metaspace] GC(273) Metaspace: 1059K(1216K)->1059K(1216K) NonClass: 994K(1088K)->994K(1088K) Class: 64K(128K)->64K(128K)
[2026-09-03T12:36:19.028+0800][38.176s][info][gc          ] GC(273) Pause Young (Prepare Mixed) (G1 Evacuation Pause) 178M->107M(256M) 2.166ms
[2026-09-03T12:36:19.028+0800][38.176s][info][gc,cpu      ] GC(273) User=0.02s Sys=0.00s Real=0.00s
[2026-09-03T12:36:19.028+0800][38.176s][info][safepoint   ] Safepoint "G1CollectForAllocation", Time since last: 258635125 ns, Reaching safepoint: 2125 ns, At safepoint: 2190583 ns, Leaving safepoint: 24250 ns, Total: 2216958 ns, Threads: 0 runnable, 42 total
[2026-09-03T12:36:19.344+0800][38.491s][info][gc,start    ] GC(274) Pause Young (Mixed) (G1 Evacuation Pause)
[2026-09-03T12:36:19.344+0800][38.491s][info][gc,task     ] GC(274) Using 9 workers of 9 for evacuation
[2026-09-03T12:36:19.346+0800][38.493s][info][gc,phases   ] GC(274)   Pre Evacuate Collection Set: 0.07ms
[2026-09-03T12:36:19.346+0800][38.493s][info][gc,phases   ] GC(274)   Merge Heap Roots: 0.03ms
[2026-09-03T12:36:19.346+0800][38.493s][info][gc,phases   ] GC(274)   Evacuate Collection Set: 1.81ms
[2026-09-03T12:36:19.346+0800][38.493s][info][gc,phases   ] GC(274)   Post Evacuate Collection Set: 0.11ms
[2026-09-03T12:36:19.346+0800][38.493s][info][gc,phases   ] GC(274)   Other: 0.06ms
[2026-09-03T12:36:19.346+0800][38.493s][info][gc,heap     ] GC(274) Eden regions: 104->0(101)
[2026-09-03T12:36:19.346+0800][38.493s][info][gc,heap     ] GC(274) Survivor regions: 13->15(15)
[2026-09-03T12:36:19.346+0800][38.493s][info][gc,heap     ] GC(274) Old regions: 94->97
[2026-09-03T12:36:19.346+0800][38.493s][info][gc,heap     ] GC(274) Humongous regions: 1->1
[2026-09-03T12:36:19.346+0800][38.493s][info][gc,metaspace] GC(274) Metaspace: 1059K(1216K)->1059K(1216K) NonClass: 994K(1088K)->994K(1088K) Class: 64K(128K)->64K(128K)
[2026-09-03T12:36:19.346+0800][38.494s][info][gc          ] GC(274) Pause Young (Mixed) (G1 Evacuation Pause) 211M->113M(256M) 2.189ms
[2026-09-03T12:36:19.346+0800][38.494s][info][gc,cpu      ] GC(274) User=0.02s Sys=0.00s Real=0.00s
[2026-09-03T12:36:19.346+0800][38.494s][info][safepoint   ] Safepoint "G1CollectForAllocation", Time since last: 315652084 ns, Reaching safepoint: 2083 ns, At safepoint: 2211333 ns, Leaving safepoint: 46834 ns, Total: 2260250 ns, Threads: 0 runnable, 42 total
[2026-09-03T12:36:19.653+0800][38.800s][info][gc,start    ] GC(275) Pause Young (Concurrent Start) (G1 Evacuation Pause)
[2026-09-03T12:36:19.653+0800][38.800s][info][gc,task     ] GC(275) Using 9 workers of 9 for evacuation
[2026-09-03T12:36:19.655+0800][38.802s][info][gc,phases   ] GC(275)   Pre Evacuate Collection Set: 0.08ms
[2026-09-03T12:36:19.655+0800][38.802s][info][gc,phases   ] GC(275)   Merge Heap Roots: 0.03ms
[2026-09-03T12:36:19.655+0800][38.802s][info][gc,phases   ] GC(275)   Evacuate Collection Set: 1.81ms
[2026-09-03T12:36:19.655+0800][38.802s][info][gc,phases   ] GC(275)   Post Evacuate Collection Set: 0.10ms
[2026-09-03T12:36:19.655+0800][38.802s][info][gc,phases   ] GC(275)   Other: 0.05ms
[2026-09-03T12:36:19.655+0800][38.802s][info][gc,heap     ] GC(275) Eden regions: 101->0(86)
[2026-09-03T12:36:19.655+0800][38.802s][info][gc,heap     ] GC(275) Survivor regions: 15->15(15)
[2026-09-03T12:36:19.655+0800][38.802s][info][gc,heap     ] GC(275) Old regions: 97->118
[2026-09-03T12:36:19.655+0800][38.802s][info][gc,heap     ] GC(275) Humongous regions: 1->1
[2026-09-03T12:36:19.655+0800][38.802s][info][gc,metaspace] GC(275) Metaspace: 1059K(1216K)->1059K(1216K) NonClass: 994K(1088K)->994K(1088K) Class: 64K(128K)->64K(128K)
[2026-09-03T12:36:19.655+0800][38.802s][info][gc          ] GC(275) Pause Young (Concurrent Start) (G1 Evacuation Pause) 214M->133M(256M) 2.185ms
[2026-09-03T12:36:19.655+0800][38.802s][info][gc,cpu      ] GC(275) User=0.02s Sys=0.00s Real=0.00s
[2026-09-03T12:36:19.655+0800][38.802s][info][gc          ] GC(276) Concurrent Mark Cycle
[2026-09-03T12:36:19.655+0800][38.802s][info][gc,marking  ] GC(276) Concurrent Scan Root Regions
[2026-09-03T12:36:19.655+0800][38.802s][info][safepoint   ] Safepoint "G1CollectForAllocation", Time since last: 306285833 ns, Reaching safepoint: 2042 ns, At safepoint: 2213000 ns, Leaving safepoint: 36875 ns, Total: 2251917 ns, Threads: 0 runnable, 42 total
[2026-09-03T12:36:19.657+0800][38.804s][info][gc,marking  ] GC(276) Concurrent Scan Root Regions 2.200ms
[2026-09-03T12:36:19.657+0800][38.804s][info][gc,marking  ] GC(276) Concurrent Mark
[2026-09-03T12:36:19.657+0800][38.804s][info][gc,marking  ] GC(276) Concurrent Mark From Roots
[2026-09-03T12:36:19.657+0800][38.804s][info][gc,task     ] GC(276) Concurrent Mark Using 2 of 2 Workers
[2026-09-03T12:36:19.661+0800][38.808s][info][gc,marking  ] GC(276) Concurrent Mark From Roots 3.634ms
[2026-09-03T12:36:19.661+0800][38.808s][info][gc,marking  ] GC(276) Concurrent Preclean
[2026-09-03T12:36:19.661+0800][38.808s][info][gc,marking  ] GC(276) Concurrent Preclean 0.008ms
[2026-09-03T12:36:19.661+0800][38.808s][info][gc,start    ] GC(276) Pause Remark
[2026-09-03T12:36:19.661+0800][38.808s][info][gc          ] GC(276) Pause Remark 137M->107M(256M) 0.346ms
[2026-09-03T12:36:19.661+0800][38.808s][info][gc,cpu      ] GC(276) User=0.00s Sys=0.00s Real=0.00s
[2026-09-03T12:36:19.661+0800][38.808s][info][safepoint   ] Safepoint "G1PauseRemark", Time since last: 5884875 ns, Reaching safepoint: 2333 ns, At safepoint: 371000 ns, Leaving safepoint: 21167 ns, Total: 394500 ns, Threads: 0 runnable, 42 total
[2026-09-03T12:36:19.661+0800][38.808s][info][gc,marking  ] GC(276) Concurrent Mark 4.150ms
[2026-09-03T12:36:19.661+0800][38.808s][info][gc,marking  ] GC(276) Concurrent Rebuild Remembered Sets and Scrub Regions
[2026-09-03T12:36:19.665+0800][38.812s][info][gc,marking  ] GC(276) Concurrent Rebuild Remembered Sets and Scrub Regions 3.628ms
[2026-09-03T12:36:19.665+0800][38.812s][info][gc,start    ] GC(276) Pause Cleanup
[2026-09-03T12:36:19.665+0800][38.812s][info][gc          ] GC(276) Pause Cleanup 109M->109M(256M) 0.037ms
[2026-09-03T12:36:19.665+0800][38.812s][info][gc,cpu      ] GC(276) User=0.00s Sys=0.00s Real=0.00s
[2026-09-03T12:36:19.665+0800][38.812s][info][safepoint   ] Safepoint "G1PauseCleanup", Time since last: 3721916 ns, Reaching safepoint: 1709 ns, At safepoint: 55083 ns, Leaving safepoint: 2000 ns, Total: 58792 ns, Threads: 0 runnable, 42 total
[2026-09-03T12:36:19.665+0800][38.812s][info][gc,marking  ] GC(276) Concurrent Clear Claimed Marks
[2026-09-03T12:36:19.665+0800][38.812s][info][gc,marking  ] GC(276) Concurrent Clear Claimed Marks 0.007ms
[2026-09-03T12:36:19.665+0800][38.812s][info][gc,marking  ] GC(276) Concurrent Cleanup for Next Mark
[2026-09-03T12:36:19.665+0800][38.812s][info][gc,marking  ] GC(276) Concurrent Cleanup for Next Mark 0.084ms
[2026-09-03T12:36:19.665+0800][38.812s][info][gc          ] GC(276) Concurrent Mark Cycle 10.225ms
[2026-09-03T12:36:19.914+0800][39.062s][info][gc,start    ] GC(277) Pause Young (Prepare Mixed) (G1 Evacuation Pause)
[2026-09-03T12:36:19.914+0800][39.062s][info][gc,task     ] GC(277) Using 9 workers of 9 for evacuation
[2026-09-03T12:36:19.916+0800][39.064s][info][gc,phases   ] GC(277)   Pre Evacuate Collection Set: 0.05ms
[2026-09-03T12:36:19.916+0800][39.064s][info][gc,phases   ] GC(277)   Merge Heap Roots: 0.02ms
[2026-09-03T12:36:19.916+0800][39.064s][info][gc,phases   ] GC(277)   Evacuate Collection Set: 1.72ms
[2026-09-03T12:36:19.916+0800][39.064s][info][gc,phases   ] GC(277)   Post Evacuate Collection Set: 0.10ms
[2026-09-03T12:36:19.916+0800][39.064s][info][gc,phases   ] GC(277)   Other: 0.05ms
[2026-09-03T12:36:19.916+0800][39.064s][info][gc,heap     ] GC(277) Eden regions: 86->0(94)
[2026-09-03T12:36:19.916+0800][39.064s][info][gc,heap     ] GC(277) Survivor regions: 15->13(13)
[2026-09-03T12:36:19.916+0800][39.064s][info][gc,heap     ] GC(277) Old regions: 88->108
[2026-09-03T12:36:19.916+0800][39.064s][info][gc,heap     ] GC(277) Humongous regions: 1->1
[2026-09-03T12:36:19.916+0800][39.064s][info][gc,metaspace] GC(277) Metaspace: 1059K(1216K)->1059K(1216K) NonClass: 994K(1088K)->994K(1088K) Class: 64K(128K)->64K(128K)
[2026-09-03T12:36:19.916+0800][39.064s][info][gc          ] GC(277) Pause Young (Prepare Mixed) (G1 Evacuation Pause) 189M->121M(256M) 2.056ms
[2026-09-03T12:36:19.916+0800][39.064s][info][gc,cpu      ] GC(277) User=0.02s Sys=0.00s Real=0.00s
[2026-09-03T12:36:19.917+0800][39.064s][info][safepoint   ] Safepoint "G1CollectForAllocation", Time since last: 249566833 ns, Reaching safepoint: 2042 ns, At safepoint: 2079750 ns, Leaving safepoint: 47417 ns, Total: 2129209 ns, Threads: 0 runnable, 42 total
[2026-09-03T12:36:20.201+0800][39.348s][info][gc,start    ] GC(278) Pause Young (Mixed) (G1 Evacuation Pause)
[2026-09-03T12:36:20.201+0800][39.348s][info][gc,task     ] GC(278) Using 9 workers of 9 for evacuation
[2026-09-03T12:36:20.203+0800][39.350s][info][gc,phases   ] GC(278)   Pre Evacuate Collection Set: 0.05ms
[2026-09-03T12:36:20.203+0800][39.350s][info][gc,phases   ] GC(278)   Merge Heap Roots: 0.02ms
[2026-09-03T12:36:20.203+0800][39.350s][info][gc,phases   ] GC(278)   Evacuate Collection Set: 1.89ms
[2026-09-03T12:36:20.203+0800][39.350s][info][gc,phases   ] GC(278)   Post Evacuate Collection Set: 0.11ms
[2026-09-03T12:36:20.203+0800][39.350s][info][gc,phases   ] GC(278)   Other: 0.06ms
[2026-09-03T12:36:20.203+0800][39.350s][info][gc,heap     ] GC(278) Eden regions: 94->0(101)
[2026-09-03T12:36:20.203+0800][39.350s][info][gc,heap     ] GC(278) Survivor regions: 13->14(14)
[2026-09-03T12:36:20.203+0800][39.350s][info][gc,heap     ] GC(278) Old regions: 108->97
[2026-09-03T12:36:20.203+0800][39.350s][info][gc,heap     ] GC(278) Humongous regions: 1->1
[2026-09-03T12:36:20.203+0800][39.350s][info][gc,metaspace] GC(278) Metaspace: 1059K(1216K)->1059K(1216K) NonClass: 994K(1088K)->994K(1088K) Class: 64K(128K)->64K(128K)
[2026-09-03T12:36:20.203+0800][39.350s][info][gc          ] GC(278) Pause Young (Mixed) (G1 Evacuation Pause) 215M->111M(256M) 2.229ms
[2026-09-03T12:36:20.203+0800][39.350s][info][gc,cpu      ] GC(278) User=0.01s Sys=0.00s Real=0.00s
[2026-09-03T12:36:20.203+0800][39.350s][info][safepoint   ] Safepoint "G1CollectForAllocation", Time since last: 284264666 ns, Reaching safepoint: 2292 ns, At safepoint: 2252833 ns, Leaving safepoint: 31417 ns, Total: 2286542 ns, Threads: 0 runnable, 42 total
[2026-09-03T12:36:20.510+0800][39.657s][info][gc,start    ] GC(279) Pause Young (Mixed) (G1 Evacuation Pause)
[2026-09-03T12:36:20.510+0800][39.657s][info][gc,task     ] GC(279) Using 9 workers of 9 for evacuation
[2026-09-03T12:36:20.512+0800][39.659s][info][gc,phases   ] GC(279)   Pre Evacuate Collection Set: 0.07ms
[2026-09-03T12:36:20.512+0800][39.659s][info][gc,phases   ] GC(279)   Merge Heap Roots: 0.03ms
[2026-09-03T12:36:20.512+0800][39.659s][info][gc,phases   ] GC(279)   Evacuate Collection Set: 1.90ms
[2026-09-03T12:36:20.512+0800][39.659s][info][gc,phases   ] GC(279)   Post Evacuate Collection Set: 0.09ms
[2026-09-03T12:36:20.512+0800][39.659s][info][gc,phases   ] GC(279)   Other: 0.05ms
[2026-09-03T12:36:20.512+0800][39.659s][info][gc,heap     ] GC(279) Eden regions: 101->0(91)
[2026-09-03T12:36:20.512+0800][39.659s][info][gc,heap     ] GC(279) Survivor regions: 14->15(15)
[2026-09-03T12:36:20.512+0800][39.659s][info][gc,heap     ] GC(279) Old regions: 97->111
[2026-09-03T12:36:20.512+0800][39.659s][info][gc,heap     ] GC(279) Humongous regions: 1->1
[2026-09-03T12:36:20.512+0800][39.659s][info][gc,metaspace] GC(279) Metaspace: 1059K(1216K)->1059K(1216K) NonClass: 994K(1088K)->994K(1088K) Class: 64K(128K)->64K(128K)
[2026-09-03T12:36:20.512+0800][39.659s][info][gc          ] GC(279) Pause Young (Mixed) (G1 Evacuation Pause) 212M->127M(256M) 2.239ms
[2026-09-03T12:36:20.512+0800][39.659s][info][gc,cpu      ] GC(279) User=0.01s Sys=0.00s Real=0.00s
[2026-09-03T12:36:20.512+0800][39.659s][info][safepoint   ] Safepoint "G1CollectForAllocation", Time since last: 306546083 ns, Reaching safepoint: 2000 ns, At safepoint: 2261084 ns, Leaving safepoint: 28500 ns, Total: 2291584 ns, Threads: 0 runnable, 42 total
[2026-09-03T12:36:20.787+0800][39.935s][info][gc,start    ] GC(280) Pause Young (Concurrent Start) (G1 Evacuation Pause)
[2026-09-03T12:36:20.787+0800][39.935s][info][gc,task     ] GC(280) Using 9 workers of 9 for evacuation
[2026-09-03T12:36:20.789+0800][39.937s][info][gc,phases   ] GC(280)   Pre Evacuate Collection Set: 0.06ms
[2026-09-03T12:36:20.789+0800][39.937s][info][gc,phases   ] GC(280)   Merge Heap Roots: 0.02ms
[2026-09-03T12:36:20.789+0800][39.937s][info][gc,phases   ] GC(280)   Evacuate Collection Set: 1.96ms
[2026-09-03T12:36:20.789+0800][39.937s][info][gc,phases   ] GC(280)   Post Evacuate Collection Set: 0.08ms
[2026-09-03T12:36:20.789+0800][39.937s][info][gc,phases   ] GC(280)   Other: 0.06ms
[2026-09-03T12:36:20.789+0800][39.937s][info][gc,heap     ] GC(280) Eden regions: 91->0(78)
[2026-09-03T12:36:20.789+0800][39.937s][info][gc,heap     ] GC(280) Survivor regions: 15->14(14)
[2026-09-03T12:36:20.789+0800][39.937s][info][gc,heap     ] GC(280) Old regions: 111->130
[2026-09-03T12:36:20.790+0800][39.937s][info][gc,heap     ] GC(280) Humongous regions: 1->1
[2026-09-03T12:36:20.790+0800][39.937s][info][gc,metaspace] GC(280) Metaspace: 1059K(1216K)->1059K(1216K) NonClass: 994K(1088K)->994K(1088K) Class: 64K(128K)->64K(128K)
[2026-09-03T12:36:20.790+0800][39.937s][info][gc          ] GC(280) Pause Young (Concurrent Start) (G1 Evacuation Pause) 217M->145M(256M) 2.274ms
[2026-09-03T12:36:20.790+0800][39.937s][info][gc          ] GC(281) Concurrent Mark Cycle
[2026-09-03T12:36:20.790+0800][39.937s][info][gc,cpu      ] GC(280) User=0.02s Sys=0.00s Real=0.01s
[2026-09-03T12:36:20.790+0800][39.937s][info][gc,marking  ] GC(281) Concurrent Scan Root Regions
[2026-09-03T12:36:20.790+0800][39.937s][info][safepoint   ] Safepoint "G1CollectForAllocation", Time since last: 275328291 ns, Reaching safepoint: 3084 ns, At safepoint: 2311458 ns, Leaving safepoint: 19667 ns, Total: 2334209 ns, Threads: 0 runnable, 42 total
[2026-09-03T12:36:20.792+0800][39.939s][info][gc,marking  ] GC(281) Concurrent Scan Root Regions 2.028ms
[2026-09-03T12:36:20.792+0800][39.939s][info][gc,marking  ] GC(281) Concurrent Mark
[2026-09-03T12:36:20.792+0800][39.939s][info][gc,marking  ] GC(281) Concurrent Mark From Roots
[2026-09-03T12:36:20.792+0800][39.939s][info][gc,task     ] GC(281) Concurrent Mark Using 2 of 2 Workers
[2026-09-03T12:36:20.795+0800][39.943s][info][gc,marking  ] GC(281) Concurrent Mark From Roots 3.699ms
[2026-09-03T12:36:20.795+0800][39.943s][info][gc,marking  ] GC(281) Concurrent Preclean
[2026-09-03T12:36:20.795+0800][39.943s][info][gc,marking  ] GC(281) Concurrent Preclean 0.011ms
[2026-09-03T12:36:20.795+0800][39.943s][info][gc,start    ] GC(281) Pause Remark
[2026-09-03T12:36:20.796+0800][39.943s][info][gc          ] GC(281) Pause Remark 148M->97M(256M) 0.294ms
[2026-09-03T12:36:20.796+0800][39.943s][info][gc,cpu      ] GC(281) User=0.00s Sys=0.00s Real=0.00s
[2026-09-03T12:36:20.796+0800][39.943s][info][safepoint   ] Safepoint "G1PauseRemark", Time since last: 5778833 ns, Reaching safepoint: 20292 ns, At safepoint: 316750 ns, Leaving safepoint: 11041 ns, Total: 348083 ns, Threads: 1 runnable, 42 total
[2026-09-03T12:36:20.796+0800][39.943s][info][gc,marking  ] GC(281) Concurrent Mark 4.136ms
[2026-09-03T12:36:20.796+0800][39.943s][info][gc,marking  ] GC(281) Concurrent Rebuild Remembered Sets and Scrub Regions
[2026-09-03T12:36:20.799+0800][39.946s][info][gc,marking  ] GC(281) Concurrent Rebuild Remembered Sets and Scrub Regions 3.078ms
[2026-09-03T12:36:20.799+0800][39.946s][info][gc,start    ] GC(281) Pause Cleanup
[2026-09-03T12:36:20.799+0800][39.946s][info][gc          ] GC(281) Pause Cleanup 99M->99M(256M) 0.032ms
[2026-09-03T12:36:20.799+0800][39.946s][info][gc,cpu      ] GC(281) User=0.00s Sys=0.00s Real=0.00s
[2026-09-03T12:36:20.799+0800][39.946s][info][safepoint   ] Safepoint "G1PauseCleanup", Time since last: 3146459 ns, Reaching safepoint: 2000 ns, At safepoint: 49916 ns, Leaving safepoint: 2750 ns, Total: 54666 ns, Threads: 0 runnable, 42 total
[2026-09-03T12:36:20.799+0800][39.946s][info][gc,marking  ] GC(281) Concurrent Clear Claimed Marks
[2026-09-03T12:36:20.799+0800][39.946s][info][gc,marking  ] GC(281) Concurrent Clear Claimed Marks 0.004ms
[2026-09-03T12:36:20.799+0800][39.946s][info][gc,marking  ] GC(281) Concurrent Cleanup for Next Mark
[2026-09-03T12:36:20.799+0800][39.946s][info][gc,marking  ] GC(281) Concurrent Cleanup for Next Mark 0.117ms
[2026-09-03T12:36:20.799+0800][39.946s][info][gc          ] GC(281) Concurrent Mark Cycle 9.516ms
[2026-09-03T12:36:21.023+0800][40.171s][info][gc,start    ] GC(282) Pause Young (Prepare Mixed) (G1 Evacuation Pause)
[2026-09-03T12:36:21.023+0800][40.171s][info][gc,task     ] GC(282) Using 9 workers of 9 for evacuation
[2026-09-03T12:36:21.025+0800][40.173s][info][gc,phases   ] GC(282)   Pre Evacuate Collection Set: 0.06ms
[2026-09-03T12:36:21.025+0800][40.173s][info][gc,phases   ] GC(282)   Merge Heap Roots: 0.03ms
[2026-09-03T12:36:21.025+0800][40.173s][info][gc,phases   ] GC(282)   Evacuate Collection Set: 1.74ms
[2026-09-03T12:36:21.025+0800][40.173s][info][gc,phases   ] GC(282)   Post Evacuate Collection Set: 0.09ms
[2026-09-03T12:36:21.025+0800][40.173s][info][gc,phases   ] GC(282)   Other: 0.06ms
[2026-09-03T12:36:21.025+0800][40.173s][info][gc,heap     ] GC(282) Eden regions: 78->0(103)
[2026-09-03T12:36:21.025+0800][40.173s][info][gc,heap     ] GC(282) Survivor regions: 14->12(12)
[2026-09-03T12:36:21.025+0800][40.173s][info][gc,heap     ] GC(282) Old regions: 79->97
[2026-09-03T12:36:21.025+0800][40.173s][info][gc,heap     ] GC(282) Humongous regions: 1->1
[2026-09-03T12:36:21.025+0800][40.173s][info][gc,metaspace] GC(282) Metaspace: 1059K(1216K)->1059K(1216K) NonClass: 994K(1088K)->994K(1088K) Class: 64K(128K)->64K(128K)
[2026-09-03T12:36:21.026+0800][40.173s][info][gc          ] GC(282) Pause Young (Prepare Mixed) (G1 Evacuation Pause) 172M->109M(256M) 2.110ms
[2026-09-03T12:36:21.026+0800][40.173s][info][gc,cpu      ] GC(282) User=0.02s Sys=0.00s Real=0.00s
[2026-09-03T12:36:21.026+0800][40.173s][info][safepoint   ] Safepoint "G1CollectForAllocation", Time since last: 224491292 ns, Reaching safepoint: 2417 ns, At safepoint: 2135833 ns, Leaving safepoint: 28333 ns, Total: 2166583 ns, Threads: 0 runnable, 42 total
[2026-09-03T12:36:21.273+0800][40.421s][info][gc,exit     ] Heap
[2026-09-03T12:36:21.273+0800][40.421s][info][gc,exit     ]  garbage-first heap   total reserved 262144K, committed 262144K, used 188274K [0x00000007f0000000, 0x0000000800000000)
[2026-09-03T12:36:21.273+0800][40.421s][info][gc,exit     ]   region size 1M, 75 eden (75M), 12 survivor (12M), 97 old (97M), 1 humongous (1M), 71 free (71M)
[2026-09-03T12:36:21.273+0800][40.421s][info][gc,exit     ]  Metaspace       used 1140K, committed 1344K, reserved 1114112K
[2026-09-03T12:36:21.273+0800][40.421s][info][gc,exit     ]   class space    used 76K, committed 192K, reserved 1048576K
