[2026-09-03T12:40:46.155+0800][0.009s][info][gc,init] CardTable entry size: 512
[2026-09-03T12:40:46.155+0800][0.009s][info][gc     ] Using G1
[2026-09-03T12:40:46.156+0800][0.010s][info][gc,init] Version: 26+35-2893 (release)
[2026-09-03T12:40:46.156+0800][0.010s][info][gc,init] CPUs: 10 total, 10 available
[2026-09-03T12:40:46.156+0800][0.010s][info][gc,init] Memory: 16384M
[2026-09-03T12:40:46.156+0800][0.010s][info][gc,init] Large Page Support: Disabled
[2026-09-03T12:40:46.156+0800][0.010s][info][gc,init] NUMA Support: Disabled
[2026-09-03T12:40:46.156+0800][0.010s][info][gc,init] Compressed Oops: Enabled (Zero based)
[2026-09-03T12:40:46.156+0800][0.010s][info][gc,init] Heap Region Size: 1M
[2026-09-03T12:40:46.156+0800][0.010s][info][gc,init] Heap Min Capacity: 256M
[2026-09-03T12:40:46.156+0800][0.010s][info][gc,init] Heap Initial Capacity: 256M
[2026-09-03T12:40:46.156+0800][0.010s][info][gc,init] Heap Max Capacity: 256M
[2026-09-03T12:40:46.156+0800][0.010s][info][gc,init] Pre-touch: Disabled
[2026-09-03T12:40:46.156+0800][0.010s][info][gc,init] Parallel Workers: 9
[2026-09-03T12:40:46.156+0800][0.010s][info][gc,init] Concurrent Workers: 2
[2026-09-03T12:40:46.156+0800][0.010s][info][gc,init] Concurrent Refinement Workers: 9
[2026-09-03T12:40:46.156+0800][0.010s][info][gc,init] Periodic GC: Disabled
[2026-09-03T12:40:46.164+0800][0.019s][info][gc,metaspace] CDS archive(s) mapped at: [0x000007fc00000000-0x000007fc00dac000-0x000007fc00dac000), size 14336000, SharedBaseAddress: 0x000007fc00000000, ArchiveRelocationMode: 1.
[2026-09-03T12:40:46.165+0800][0.019s][info][gc,metaspace] Compressed class space mapped at: 0x000007fc01000000-0x000007fc41000000, reserved size: 1073741824
[2026-09-03T12:40:46.165+0800][0.019s][info][gc,metaspace] UseCompressedClassPointers 1, UseCompactObjectHeaders 0
[2026-09-03T12:40:46.165+0800][0.019s][info][gc,metaspace] Narrow klass pointer bits 32, Max shift 3
[2026-09-03T12:40:46.165+0800][0.019s][info][gc,metaspace] Narrow klass base: 0x000007fc00000000, Narrow klass shift: 0
[2026-09-03T12:40:46.165+0800][0.019s][info][gc,metaspace] Encoding Range: [0x000007fc00000000 - 0x000007fd00000000), (4294967296 bytes)
[2026-09-03T12:40:46.165+0800][0.019s][info][gc,metaspace] Klass Range:    [0x000007fc00000000 - 0x000007fc41000000), (1090519040 bytes)
[2026-09-03T12:40:46.165+0800][0.019s][info][gc,metaspace] Klass ID Range:  [8 - 1090519033) (1090519025)
[2026-09-03T12:40:46.165+0800][0.019s][info][gc,metaspace] Protection zone: [0x000007fc00000000 - 0x000007fc00004000), (16384 bytes)
[2026-09-03T12:40:46.358+0800][0.212s][info][gc,start    ] GC(0) Pause Young (Normal) (G1 Evacuation Pause)
[2026-09-03T12:40:46.358+0800][0.212s][info][gc,task     ] GC(0) Using 9 workers of 9 for evacuation
[2026-09-03T12:40:46.360+0800][0.214s][info][gc,phases   ] GC(0)   Pre Evacuate Collection Set: 0.06ms
[2026-09-03T12:40:46.360+0800][0.214s][info][gc,phases   ] GC(0)   Merge Heap Roots: 0.06ms
[2026-09-03T12:40:46.360+0800][0.214s][info][gc,phases   ] GC(0)   Evacuate Collection Set: 1.74ms
[2026-09-03T12:40:46.360+0800][0.214s][info][gc,phases   ] GC(0)   Post Evacuate Collection Set: 0.11ms
[2026-09-03T12:40:46.360+0800][0.214s][info][gc,phases   ] GC(0)   Other: 0.24ms
[2026-09-03T12:40:46.360+0800][0.214s][info][gc,heap     ] GC(0) Eden regions: 47->0(105)
[2026-09-03T12:40:46.360+0800][0.214s][info][gc,heap     ] GC(0) Survivor regions: 0->6(6)
[2026-09-03T12:40:46.360+0800][0.214s][info][gc,heap     ] GC(0) Old regions: 2->5
[2026-09-03T12:40:46.360+0800][0.214s][info][gc,heap     ] GC(0) Humongous regions: 0->0
[2026-09-03T12:40:46.360+0800][0.214s][info][gc,metaspace] GC(0) Metaspace: 1043K(1216K)->1043K(1216K) NonClass: 978K(1088K)->978K(1088K) Class: 64K(128K)->64K(128K)
[2026-09-03T12:40:46.360+0800][0.214s][info][gc          ] GC(0) Pause Young (Normal) (G1 Evacuation Pause) 48M->9M(256M) 2.418ms
[2026-09-03T12:40:46.360+0800][0.214s][info][gc,cpu      ] GC(0) User=0.00s Sys=0.00s Real=0.01s
[2026-09-03T12:40:46.360+0800][0.214s][info][safepoint   ] Safepoint "G1CollectForAllocation", Time since last: 185907167 ns, Reaching safepoint: 30500 ns, At safepoint: 2456333 ns, Leaving safepoint: 18584 ns, Total: 2505417 ns, Threads: 1 runnable, 44 total
[2026-09-03T12:40:46.469+0800][0.323s][info][gc,start    ] GC(1) Pause Young (Normal) (G1 Evacuation Pause)
[2026-09-03T12:40:46.469+0800][0.323s][info][gc,task     ] GC(1) Using 9 workers of 9 for evacuation
[2026-09-03T12:40:46.473+0800][0.327s][info][gc,phases   ] GC(1)   Pre Evacuate Collection Set: 0.06ms
[2026-09-03T12:40:46.473+0800][0.327s][info][gc,phases   ] GC(1)   Merge Heap Roots: 0.05ms
[2026-09-03T12:40:46.473+0800][0.327s][info][gc,phases   ] GC(1)   Evacuate Collection Set: 3.30ms
[2026-09-03T12:40:46.473+0800][0.327s][info][gc,phases   ] GC(1)   Post Evacuate Collection Set: 0.14ms
[2026-09-03T12:40:46.473+0800][0.327s][info][gc,phases   ] GC(1)   Other: 0.06ms
[2026-09-03T12:40:46.473+0800][0.327s][info][gc,heap     ] GC(1) Eden regions: 105->0(118)
[2026-09-03T12:40:46.473+0800][0.327s][info][gc,heap     ] GC(1) Survivor regions: 6->14(14)
[2026-09-03T12:40:46.473+0800][0.327s][info][gc,heap     ] GC(1) Old regions: 5->19
[2026-09-03T12:40:46.473+0800][0.327s][info][gc,heap     ] GC(1) Humongous regions: 0->0
[2026-09-03T12:40:46.473+0800][0.327s][info][gc,metaspace] GC(1) Metaspace: 1046K(1216K)->1046K(1216K) NonClass: 981K(1088K)->981K(1088K) Class: 64K(128K)->64K(128K)
[2026-09-03T12:40:46.473+0800][0.327s][info][gc          ] GC(1) Pause Young (Normal) (G1 Evacuation Pause) 114M->32M(256M) 3.737ms
[2026-09-03T12:40:46.473+0800][0.327s][info][gc,cpu      ] GC(1) User=0.02s Sys=0.01s Real=0.01s
[2026-09-03T12:40:46.473+0800][0.327s][info][safepoint   ] Safepoint "G1CollectForAllocation", Time since last: 108792833 ns, Reaching safepoint: 34917 ns, At safepoint: 3765416 ns, Leaving safepoint: 12125 ns, Total: 3812458 ns, Threads: 1 runnable, 44 total
[2026-09-03T12:40:46.586+0800][0.440s][info][gc,start    ] GC(2) Pause Young (Normal) (G1 Evacuation Pause)
[2026-09-03T12:40:46.586+0800][0.440s][info][gc,task     ] GC(2) Using 9 workers of 9 for evacuation
[2026-09-03T12:40:46.590+0800][0.444s][info][gc,phases   ] GC(2)   Pre Evacuate Collection Set: 0.06ms
[2026-09-03T12:40:46.590+0800][0.444s][info][gc,phases   ] GC(2)   Merge Heap Roots: 0.03ms
[2026-09-03T12:40:46.590+0800][0.444s][info][gc,phases   ] GC(2)   Evacuate Collection Set: 4.09ms
[2026-09-03T12:40:46.590+0800][0.444s][info][gc,phases   ] GC(2)   Post Evacuate Collection Set: 0.12ms
[2026-09-03T12:40:46.590+0800][0.444s][info][gc,phases   ] GC(2)   Other: 0.07ms
[2026-09-03T12:40:46.590+0800][0.444s][info][gc,heap     ] GC(2) Eden regions: 118->0(114)
[2026-09-03T12:40:46.590+0800][0.444s][info][gc,heap     ] GC(2) Survivor regions: 14->17(17)
[2026-09-03T12:40:46.590+0800][0.444s][info][gc,heap     ] GC(2) Old regions: 19->42
[2026-09-03T12:40:46.590+0800][0.444s][info][gc,heap     ] GC(2) Humongous regions: 0->0
[2026-09-03T12:40:46.590+0800][0.444s][info][gc,metaspace] GC(2) Metaspace: 1046K(1216K)->1046K(1216K) NonClass: 981K(1088K)->981K(1088K) Class: 64K(128K)->64K(128K)
[2026-09-03T12:40:46.590+0800][0.445s][info][gc          ] GC(2) Pause Young (Normal) (G1 Evacuation Pause) 150M->57M(256M) 4.514ms
[2026-09-03T12:40:46.590+0800][0.445s][info][gc,cpu      ] GC(2) User=0.01s Sys=0.02s Real=0.01s
[2026-09-03T12:40:46.590+0800][0.445s][info][safepoint   ] Safepoint "G1CollectForAllocation", Time since last: 113016000 ns, Reaching safepoint: 5792 ns, At safepoint: 4566042 ns, Leaving safepoint: 27291 ns, Total: 4599125 ns, Threads: 0 runnable, 44 total
[2026-09-03T12:40:46.699+0800][0.553s][info][gc,start    ] GC(3) Pause Young (Normal) (G1 Evacuation Pause)
[2026-09-03T12:40:46.699+0800][0.553s][info][gc,task     ] GC(3) Using 9 workers of 9 for evacuation
[2026-09-03T12:40:46.703+0800][0.557s][info][gc,phases   ] GC(3)   Pre Evacuate Collection Set: 0.07ms
[2026-09-03T12:40:46.703+0800][0.557s][info][gc,phases   ] GC(3)   Merge Heap Roots: 0.03ms
[2026-09-03T12:40:46.703+0800][0.557s][info][gc,phases   ] GC(3)   Evacuate Collection Set: 3.25ms
[2026-09-03T12:40:46.703+0800][0.557s][info][gc,phases   ] GC(3)   Post Evacuate Collection Set: 0.09ms
[2026-09-03T12:40:46.703+0800][0.557s][info][gc,phases   ] GC(3)   Other: 0.07ms
[2026-09-03T12:40:46.703+0800][0.557s][info][gc,heap     ] GC(3) Eden regions: 114->0(109)
[2026-09-03T12:40:46.703+0800][0.557s][info][gc,heap     ] GC(3) Survivor regions: 17->17(17)
[2026-09-03T12:40:46.703+0800][0.557s][info][gc,heap     ] GC(3) Old regions: 42->64
[2026-09-03T12:40:46.703+0800][0.557s][info][gc,heap     ] GC(3) Humongous regions: 1->1
[2026-09-03T12:40:46.703+0800][0.557s][info][gc,metaspace] GC(3) Metaspace: 1059K(1216K)->1059K(1216K) NonClass: 994K(1088K)->994K(1088K) Class: 64K(128K)->64K(128K)
[2026-09-03T12:40:46.703+0800][0.557s][info][gc          ] GC(3) Pause Young (Normal) (G1 Evacuation Pause) 172M->81M(256M) 3.638ms
[2026-09-03T12:40:46.703+0800][0.557s][info][gc,cpu      ] GC(3) User=0.02s Sys=0.00s Real=0.01s
[2026-09-03T12:40:46.703+0800][0.557s][info][safepoint   ] Safepoint "G1CollectForAllocation", Time since last: 108598167 ns, Reaching safepoint: 41208 ns, At safepoint: 3664167 ns, Leaving safepoint: 22375 ns, Total: 3727750 ns, Threads: 4 runnable, 43 total
[2026-09-03T12:40:46.799+0800][0.653s][info][gc,start    ] GC(4) Pause Young (Normal) (G1 Evacuation Pause)
[2026-09-03T12:40:46.799+0800][0.653s][info][gc,task     ] GC(4) Using 9 workers of 9 for evacuation
[2026-09-03T12:40:46.806+0800][0.660s][info][gc,phases   ] GC(4)   Pre Evacuate Collection Set: 0.07ms
[2026-09-03T12:40:46.806+0800][0.660s][info][gc,phases   ] GC(4)   Merge Heap Roots: 0.02ms
[2026-09-03T12:40:46.806+0800][0.660s][info][gc,phases   ] GC(4)   Evacuate Collection Set: 6.54ms
[2026-09-03T12:40:46.806+0800][0.660s][info][gc,phases   ] GC(4)   Post Evacuate Collection Set: 0.12ms
[2026-09-03T12:40:46.806+0800][0.660s][info][gc,phases   ] GC(4)   Other: 0.06ms
[2026-09-03T12:40:46.806+0800][0.660s][info][gc,heap     ] GC(4) Eden regions: 109->0(100)
[2026-09-03T12:40:46.806+0800][0.660s][info][gc,heap     ] GC(4) Survivor regions: 17->16(16)
[2026-09-03T12:40:46.806+0800][0.660s][info][gc,heap     ] GC(4) Old regions: 64->87
[2026-09-03T12:40:46.806+0800][0.660s][info][gc,heap     ] GC(4) Humongous regions: 1->1
[2026-09-03T12:40:46.806+0800][0.660s][info][gc,metaspace] GC(4) Metaspace: 1059K(1216K)->1059K(1216K) NonClass: 994K(1088K)->994K(1088K) Class: 64K(128K)->64K(128K)
[2026-09-03T12:40:46.806+0800][0.660s][info][gc          ] GC(4) Pause Young (Normal) (G1 Evacuation Pause) 190M->103M(256M) 6.936ms
[2026-09-03T12:40:46.806+0800][0.660s][info][gc,cpu      ] GC(4) User=0.02s Sys=0.00s Real=0.01s
[2026-09-03T12:40:46.806+0800][0.660s][info][safepoint   ] Safepoint "G1CollectForAllocation", Time since last: 96390167 ns, Reaching safepoint: 50875 ns, At safepoint: 6967500 ns, Leaving safepoint: 26500 ns, Total: 7044875 ns, Threads: 1 runnable, 43 total
[2026-09-03T12:40:46.902+0800][0.756s][info][gc,start    ] GC(5) Pause Young (Normal) (G1 Evacuation Pause)
[2026-09-03T12:40:46.902+0800][0.756s][info][gc,task     ] GC(5) Using 9 workers of 9 for evacuation
[2026-09-03T12:40:46.905+0800][0.760s][info][gc,phases   ] GC(5)   Pre Evacuate Collection Set: 0.07ms
[2026-09-03T12:40:46.905+0800][0.760s][info][gc,phases   ] GC(5)   Merge Heap Roots: 0.03ms
[2026-09-03T12:40:46.905+0800][0.760s][info][gc,phases   ] GC(5)   Evacuate Collection Set: 3.21ms
[2026-09-03T12:40:46.905+0800][0.760s][info][gc,phases   ] GC(5)   Post Evacuate Collection Set: 0.09ms
[2026-09-03T12:40:46.906+0800][0.760s][info][gc,phases   ] GC(5)   Other: 0.06ms
[2026-09-03T12:40:46.906+0800][0.760s][info][gc,heap     ] GC(5) Eden regions: 100->0(87)
[2026-09-03T12:40:46.906+0800][0.760s][info][gc,heap     ] GC(5) Survivor regions: 16->15(15)
[2026-09-03T12:40:46.906+0800][0.760s][info][gc,heap     ] GC(5) Old regions: 87->109
[2026-09-03T12:40:46.906+0800][0.760s][info][gc,heap     ] GC(5) Humongous regions: 1->1
[2026-09-03T12:40:46.906+0800][0.760s][info][gc,metaspace] GC(5) Metaspace: 1059K(1216K)->1059K(1216K) NonClass: 994K(1088K)->994K(1088K) Class: 64K(128K)->64K(128K)
[2026-09-03T12:40:46.906+0800][0.760s][info][gc          ] GC(5) Pause Young (Normal) (G1 Evacuation Pause) 203M->124M(256M) 3.587ms
[2026-09-03T12:40:46.906+0800][0.760s][info][gc,cpu      ] GC(5) User=0.02s Sys=0.00s Real=0.00s
[2026-09-03T12:40:46.906+0800][0.760s][info][safepoint   ] Safepoint "G1CollectForAllocation", Time since last: 95782291 ns, Reaching safepoint: 2834 ns, At safepoint: 3623708 ns, Leaving safepoint: 23292 ns, Total: 3649834 ns, Threads: 0 runnable, 42 total
[2026-09-03T12:40:46.987+0800][0.841s][info][gc,start    ] GC(6) Pause Young (Normal) (G1 Evacuation Pause)
[2026-09-03T12:40:46.987+0800][0.841s][info][gc,task     ] GC(6) Using 9 workers of 9 for evacuation
[2026-09-03T12:40:46.990+0800][0.844s][info][gc,phases   ] GC(6)   Pre Evacuate Collection Set: 0.08ms
[2026-09-03T12:40:46.990+0800][0.844s][info][gc,phases   ] GC(6)   Merge Heap Roots: 0.06ms
[2026-09-03T12:40:46.990+0800][0.844s][info][gc,phases   ] GC(6)   Evacuate Collection Set: 2.25ms
[2026-09-03T12:40:46.990+0800][0.844s][info][gc,phases   ] GC(6)   Post Evacuate Collection Set: 0.10ms
[2026-09-03T12:40:46.990+0800][0.844s][info][gc,phases   ] GC(6)   Other: 0.06ms
[2026-09-03T12:40:46.990+0800][0.844s][info][gc,heap     ] GC(6) Eden regions: 87->0(75)
[2026-09-03T12:40:46.990+0800][0.844s][info][gc,heap     ] GC(6) Survivor regions: 15->13(13)
[2026-09-03T12:40:46.990+0800][0.844s][info][gc,heap     ] GC(6) Old regions: 109->130
[2026-09-03T12:40:46.990+0800][0.844s][info][gc,heap     ] GC(6) Humongous regions: 1->1
[2026-09-03T12:40:46.990+0800][0.844s][info][gc,metaspace] GC(6) Metaspace: 1059K(1216K)->1059K(1216K) NonClass: 994K(1088K)->994K(1088K) Class: 64K(128K)->64K(128K)
[2026-09-03T12:40:46.990+0800][0.844s][info][gc          ] GC(6) Pause Young (Normal) (G1 Evacuation Pause) 211M->143M(256M) 2.667ms
[2026-09-03T12:40:46.990+0800][0.844s][info][gc,cpu      ] GC(6) User=0.02s Sys=0.00s Real=0.01s
[2026-09-03T12:40:46.990+0800][0.844s][info][safepoint   ] Safepoint "G1CollectForAllocation", Time since last: 81648958 ns, Reaching safepoint: 5375 ns, At safepoint: 2705250 ns, Leaving safepoint: 48292 ns, Total: 2758917 ns, Threads: 0 runnable, 42 total
[2026-09-03T12:40:47.061+0800][0.915s][info][gc,start    ] GC(7) Pause Young (Concurrent Start) (G1 Evacuation Pause)
[2026-09-03T12:40:47.061+0800][0.915s][info][gc,task     ] GC(7) Using 9 workers of 9 for evacuation
[2026-09-03T12:40:47.063+0800][0.917s][info][gc,phases   ] GC(7)   Pre Evacuate Collection Set: 0.08ms
[2026-09-03T12:40:47.063+0800][0.917s][info][gc,phases   ] GC(7)   Merge Heap Roots: 0.02ms
[2026-09-03T12:40:47.063+0800][0.917s][info][gc,phases   ] GC(7)   Evacuate Collection Set: 2.02ms
[2026-09-03T12:40:47.063+0800][0.917s][info][gc,phases   ] GC(7)   Post Evacuate Collection Set: 0.08ms
[2026-09-03T12:40:47.063+0800][0.917s][info][gc,phases   ] GC(7)   Other: 0.06ms
[2026-09-03T12:40:47.063+0800][0.917s][info][gc,heap     ] GC(7) Eden regions: 75->0(65)
[2026-09-03T12:40:47.063+0800][0.917s][info][gc,heap     ] GC(7) Survivor regions: 13->11(11)
[2026-09-03T12:40:47.063+0800][0.917s][info][gc,heap     ] GC(7) Old regions: 130->148
[2026-09-03T12:40:47.063+0800][0.917s][info][gc,heap     ] GC(7) Humongous regions: 1->1
[2026-09-03T12:40:47.063+0800][0.917s][info][gc,metaspace] GC(7) Metaspace: 1059K(1216K)->1059K(1216K) NonClass: 994K(1088K)->994K(1088K) Class: 64K(128K)->64K(128K)
[2026-09-03T12:40:47.063+0800][0.917s][info][gc          ] GC(7) Pause Young (Concurrent Start) (G1 Evacuation Pause) 218M->158M(256M) 2.368ms
[2026-09-03T12:40:47.063+0800][0.917s][info][gc,cpu      ] GC(7) User=0.02s Sys=0.00s Real=0.00s
[2026-09-03T12:40:47.063+0800][0.917s][info][gc          ] GC(8) Concurrent Mark Cycle
[2026-09-03T12:40:47.063+0800][0.917s][info][gc,marking  ] GC(8) Concurrent Scan Root Regions
[2026-09-03T12:40:47.063+0800][0.917s][info][safepoint   ] Safepoint "G1CollectForAllocation", Time since last: 70579875 ns, Reaching safepoint: 37875 ns, At safepoint: 2398541 ns, Leaving safepoint: 28667 ns, Total: 2465083 ns, Threads: 2 runnable, 42 total
[2026-09-03T12:40:47.065+0800][0.919s][info][gc,marking  ] GC(8) Concurrent Scan Root Regions 1.829ms
[2026-09-03T12:40:47.065+0800][0.919s][info][gc,marking  ] GC(8) Concurrent Mark
[2026-09-03T12:40:47.065+0800][0.919s][info][gc,marking  ] GC(8) Concurrent Mark From Roots
[2026-09-03T12:40:47.065+0800][0.919s][info][gc,task     ] GC(8) Concurrent Mark Using 2 of 2 Workers
[2026-09-03T12:40:47.072+0800][0.926s][info][gc,marking  ] GC(8) Concurrent Mark From Roots 6.728ms
[2026-09-03T12:40:47.072+0800][0.926s][info][gc,marking  ] GC(8) Concurrent Preclean
[2026-09-03T12:40:47.072+0800][0.927s][info][gc,marking  ] GC(8) Concurrent Preclean 0.744ms
[2026-09-03T12:40:47.073+0800][0.927s][info][gc,start    ] GC(8) Pause Remark
[2026-09-03T12:40:47.073+0800][0.927s][info][gc          ] GC(8) Pause Remark 168M->167M(256M) 0.403ms
[2026-09-03T12:40:47.073+0800][0.927s][info][gc,cpu      ] GC(8) User=0.00s Sys=0.00s Real=0.00s
[2026-09-03T12:40:47.073+0800][0.927s][info][safepoint   ] Safepoint "G1PauseRemark", Time since last: 9394875 ns, Reaching safepoint: 37458 ns, At safepoint: 467167 ns, Leaving safepoint: 20792 ns, Total: 525417 ns, Threads: 2 runnable, 42 total
[2026-09-03T12:40:47.073+0800][0.927s][info][gc,marking  ] GC(8) Concurrent Mark 8.172ms
[2026-09-03T12:40:47.073+0800][0.927s][info][gc,marking  ] GC(8) Concurrent Rebuild Remembered Sets and Scrub Regions
[2026-09-03T12:40:47.081+0800][0.935s][info][gc,marking  ] GC(8) Concurrent Rebuild Remembered Sets and Scrub Regions 8.001ms
[2026-09-03T12:40:47.081+0800][0.935s][info][gc,start    ] GC(8) Pause Cleanup
[2026-09-03T12:40:47.081+0800][0.935s][info][gc          ] GC(8) Pause Cleanup 177M->177M(256M) 0.042ms
[2026-09-03T12:40:47.081+0800][0.935s][info][gc,cpu      ] GC(8) User=0.00s Sys=0.00s Real=0.00s
[2026-09-03T12:40:47.081+0800][0.935s][info][safepoint   ] Safepoint "G1PauseCleanup", Time since last: 8151541 ns, Reaching safepoint: 72167 ns, At safepoint: 62250 ns, Leaving safepoint: 22583 ns, Total: 157000 ns, Threads: 2 runnable, 42 total
[2026-09-03T12:40:47.081+0800][0.935s][info][gc,marking  ] GC(8) Concurrent Clear Claimed Marks
[2026-09-03T12:40:47.081+0800][0.935s][info][gc,marking  ] GC(8) Concurrent Clear Claimed Marks 0.008ms
[2026-09-03T12:40:47.081+0800][0.935s][info][gc,marking  ] GC(8) Concurrent Cleanup for Next Mark
[2026-09-03T12:40:47.082+0800][0.936s][info][gc,marking  ] GC(8) Concurrent Cleanup for Next Mark 0.341ms
[2026-09-03T12:40:47.082+0800][0.936s][info][gc          ] GC(8) Concurrent Mark Cycle 18.685ms
[2026-09-03T12:40:47.124+0800][0.978s][info][gc,start    ] GC(9) Pause Young (Prepare Mixed) (G1 Evacuation Pause)
[2026-09-03T12:40:47.124+0800][0.978s][info][gc,task     ] GC(9) Using 9 workers of 9 for evacuation
[2026-09-03T12:40:47.126+0800][0.980s][info][gc,phases   ] GC(9)   Pre Evacuate Collection Set: 0.06ms
[2026-09-03T12:40:47.126+0800][0.980s][info][gc,phases   ] GC(9)   Merge Heap Roots: 0.03ms
[2026-09-03T12:40:47.126+0800][0.980s][info][gc,phases   ] GC(9)   Evacuate Collection Set: 1.72ms
[2026-09-03T12:40:47.126+0800][0.980s][info][gc,phases   ] GC(9)   Post Evacuate Collection Set: 0.14ms
[2026-09-03T12:40:47.126+0800][0.980s][info][gc,phases   ] GC(9)   Other: 0.07ms
[2026-09-03T12:40:47.126+0800][0.980s][info][gc,heap     ] GC(9) Eden regions: 65->0(56)
[2026-09-03T12:40:47.126+0800][0.980s][info][gc,heap     ] GC(9) Survivor regions: 11->10(10)
[2026-09-03T12:40:47.126+0800][0.980s][info][gc,heap     ] GC(9) Old regions: 147->162
[2026-09-03T12:40:47.126+0800][0.980s][info][gc,heap     ] GC(9) Humongous regions: 1->1
[2026-09-03T12:40:47.126+0800][0.981s][info][gc,metaspace] GC(9) Metaspace: 1059K(1216K)->1059K(1216K) NonClass: 994K(1088K)->994K(1088K) Class: 64K(128K)->64K(128K)
[2026-09-03T12:40:47.126+0800][0.981s][info][gc          ] GC(9) Pause Young (Prepare Mixed) (G1 Evacuation Pause) 222M->171M(256M) 2.160ms
[2026-09-03T12:40:47.126+0800][0.981s][info][gc,cpu      ] GC(9) User=0.02s Sys=0.00s Real=0.00s
[2026-09-03T12:40:47.126+0800][0.981s][info][safepoint   ] Safepoint "G1CollectForAllocation", Time since last: 42883709 ns, Reaching safepoint: 23583 ns, At safepoint: 2196458 ns, Leaving safepoint: 24000 ns, Total: 2244041 ns, Threads: 3 runnable, 42 total
[2026-09-03T12:40:47.180+0800][1.034s][info][gc,start    ] GC(10) Pause Young (Mixed) (G1 Evacuation Pause)
[2026-09-03T12:40:47.180+0800][1.034s][info][gc,task     ] GC(10) Using 9 workers of 9 for evacuation
[2026-09-03T12:40:47.182+0800][1.036s][info][gc,phases   ] GC(10)   Pre Evacuate Collection Set: 0.07ms
[2026-09-03T12:40:47.182+0800][1.036s][info][gc,phases   ] GC(10)   Merge Heap Roots: 0.03ms
[2026-09-03T12:40:47.182+0800][1.036s][info][gc,phases   ] GC(10)   Evacuate Collection Set: 1.44ms
[2026-09-03T12:40:47.182+0800][1.036s][info][gc,phases   ] GC(10)   Post Evacuate Collection Set: 0.09ms
[2026-09-03T12:40:47.182+0800][1.036s][info][gc,phases   ] GC(10)   Other: 0.06ms
[2026-09-03T12:40:47.182+0800][1.036s][info][gc,heap     ] GC(10) Eden regions: 56->0(67)
[2026-09-03T12:40:47.182+0800][1.036s][info][gc,heap     ] GC(10) Survivor regions: 10->9(9)
[2026-09-03T12:40:47.182+0800][1.036s][info][gc,heap     ] GC(10) Old regions: 162->148
[2026-09-03T12:40:47.182+0800][1.036s][info][gc,heap     ] GC(10) Humongous regions: 1->1
[2026-09-03T12:40:47.182+0800][1.036s][info][gc,metaspace] GC(10) Metaspace: 1059K(1216K)->1059K(1216K) NonClass: 994K(1088K)->994K(1088K) Class: 64K(128K)->64K(128K)
[2026-09-03T12:40:47.182+0800][1.036s][info][gc          ] GC(10) Pause Young (Mixed) (G1 Evacuation Pause) 227M->157M(256M) 1.792ms
[2026-09-03T12:40:47.182+0800][1.036s][info][gc,cpu      ] GC(10) User=0.02s Sys=0.00s Real=0.00s
[2026-09-03T12:40:47.182+0800][1.036s][info][safepoint   ] Safepoint "G1CollectForAllocation", Time since last: 53464917 ns, Reaching safepoint: 113542 ns, At safepoint: 1815083 ns, Leaving safepoint: 31542 ns, Total: 1960167 ns, Threads: 4 runnable, 42 total
[2026-09-03T12:40:47.242+0800][1.097s][info][gc,start    ] GC(11) Pause Young (Mixed) (G1 Evacuation Pause)
[2026-09-03T12:40:47.242+0800][1.097s][info][gc,task     ] GC(11) Using 9 workers of 9 for evacuation
[2026-09-03T12:40:47.245+0800][1.099s][info][gc,phases   ] GC(11)   Pre Evacuate Collection Set: 0.04ms
[2026-09-03T12:40:47.245+0800][1.099s][info][gc,phases   ] GC(11)   Merge Heap Roots: 0.03ms
[2026-09-03T12:40:47.245+0800][1.099s][info][gc,phases   ] GC(11)   Evacuate Collection Set: 1.92ms
[2026-09-03T12:40:47.245+0800][1.099s][info][gc,phases   ] GC(11)   Post Evacuate Collection Set: 0.10ms
[2026-09-03T12:40:47.245+0800][1.099s][info][gc,phases   ] GC(11)   Other: 0.06ms
[2026-09-03T12:40:47.245+0800][1.099s][info][gc,heap     ] GC(11) Eden regions: 67->0(77)
[2026-09-03T12:40:47.245+0800][1.099s][info][gc,heap     ] GC(11) Survivor regions: 9->10(10)
[2026-09-03T12:40:47.245+0800][1.099s][info][gc,heap     ] GC(11) Old regions: 148->133
[2026-09-03T12:40:47.245+0800][1.099s][info][gc,heap     ] GC(11) Humongous regions: 1->1
[2026-09-03T12:40:47.245+0800][1.099s][info][gc,metaspace] GC(11) Metaspace: 1059K(1216K)->1059K(1216K) NonClass: 994K(1088K)->994K(1088K) Class: 64K(128K)->64K(128K)
[2026-09-03T12:40:47.245+0800][1.099s][info][gc          ] GC(11) Pause Young (Mixed) (G1 Evacuation Pause) 224M->142M(256M) 2.263ms
[2026-09-03T12:40:47.245+0800][1.099s][info][gc,cpu      ] GC(11) User=0.01s Sys=0.00s Real=0.00s
[2026-09-03T12:40:47.245+0800][1.099s][info][safepoint   ] Safepoint "G1CollectForAllocation", Time since last: 60508083 ns, Reaching safepoint: 54042 ns, At safepoint: 2296500 ns, Leaving safepoint: 39000 ns, Total: 2389542 ns, Threads: 3 runnable, 42 total
[2026-09-03T12:40:47.322+0800][1.176s][info][gc,start    ] GC(12) Pause Young (Mixed) (G1 Evacuation Pause)
[2026-09-03T12:40:47.322+0800][1.176s][info][gc,task     ] GC(12) Using 9 workers of 9 for evacuation
[2026-09-03T12:40:47.324+0800][1.178s][info][gc,phases   ] GC(12)   Pre Evacuate Collection Set: 0.07ms
[2026-09-03T12:40:47.324+0800][1.178s][info][gc,phases   ] GC(12)   Merge Heap Roots: 0.03ms
[2026-09-03T12:40:47.324+0800][1.178s][info][gc,phases   ] GC(12)   Evacuate Collection Set: 1.72ms
[2026-09-03T12:40:47.324+0800][1.178s][info][gc,phases   ] GC(12)   Post Evacuate Collection Set: 0.11ms
[2026-09-03T12:40:47.324+0800][1.178s][info][gc,phases   ] GC(12)   Other: 0.06ms
[2026-09-03T12:40:47.324+0800][1.178s][info][gc,heap     ] GC(12) Eden regions: 77->0(86)
[2026-09-03T12:40:47.324+0800][1.178s][info][gc,heap     ] GC(12) Survivor regions: 10->11(11)
[2026-09-03T12:40:47.324+0800][1.178s][info][gc,heap     ] GC(12) Old regions: 133->120
[2026-09-03T12:40:47.324+0800][1.178s][info][gc,heap     ] GC(12) Humongous regions: 1->1
[2026-09-03T12:40:47.324+0800][1.178s][info][gc,metaspace] GC(12) Metaspace: 1059K(1216K)->1059K(1216K) NonClass: 994K(1088K)->994K(1088K) Class: 64K(128K)->64K(128K)
[2026-09-03T12:40:47.324+0800][1.178s][info][gc          ] GC(12) Pause Young (Mixed) (G1 Evacuation Pause) 219M->130M(256M) 2.104ms
[2026-09-03T12:40:47.324+0800][1.178s][info][gc,cpu      ] GC(12) User=0.01s Sys=0.00s Real=0.00s
[2026-09-03T12:40:47.324+0800][1.178s][info][safepoint   ] Safepoint "G1CollectForAllocation", Time since last: 76920250 ns, Reaching safepoint: 36875 ns, At safepoint: 2167916 ns, Leaving safepoint: 34584 ns, Total: 2239375 ns, Threads: 2 runnable, 42 total
[2026-09-03T12:40:47.404+0800][1.258s][info][gc,start    ] GC(13) Pause Young (Mixed) (G1 Evacuation Pause)
[2026-09-03T12:40:47.404+0800][1.258s][info][gc,task     ] GC(13) Using 9 workers of 9 for evacuation
[2026-09-03T12:40:47.406+0800][1.260s][info][gc,phases   ] GC(13)   Pre Evacuate Collection Set: 0.08ms
[2026-09-03T12:40:47.406+0800][1.260s][info][gc,phases   ] GC(13)   Merge Heap Roots: 0.03ms
[2026-09-03T12:40:47.406+0800][1.260s][info][gc,phases   ] GC(13)   Evacuate Collection Set: 1.86ms
[2026-09-03T12:40:47.406+0800][1.260s][info][gc,phases   ] GC(13)   Post Evacuate Collection Set: 0.10ms
[2026-09-03T12:40:47.406+0800][1.260s][info][gc,phases   ] GC(13)   Other: 0.08ms
[2026-09-03T12:40:47.406+0800][1.260s][info][gc,heap     ] GC(13) Eden regions: 86->0(76)
[2026-09-03T12:40:47.406+0800][1.260s][info][gc,heap     ] GC(13) Survivor regions: 11->13(13)
[2026-09-03T12:40:47.406+0800][1.260s][info][gc,heap     ] GC(13) Old regions: 120->132
[2026-09-03T12:40:47.406+0800][1.260s][info][gc,heap     ] GC(13) Humongous regions: 1->1
[2026-09-03T12:40:47.406+0800][1.260s][info][gc,metaspace] GC(13) Metaspace: 1059K(1216K)->1059K(1216K) NonClass: 994K(1088K)->994K(1088K) Class: 64K(128K)->64K(128K)
[2026-09-03T12:40:47.406+0800][1.260s][info][gc          ] GC(13) Pause Young (Mixed) (G1 Evacuation Pause) 216M->145M(256M) 2.260ms
[2026-09-03T12:40:47.406+0800][1.260s][info][gc,cpu      ] GC(13) User=0.01s Sys=0.00s Real=0.00s
[2026-09-03T12:40:47.406+0800][1.260s][info][safepoint   ] Safepoint "G1CollectForAllocation", Time since last: 79904791 ns, Reaching safepoint: 4709 ns, At safepoint: 2334625 ns, Leaving safepoint: 55916 ns, Total: 2395250 ns, Threads: 0 runnable, 42 total
[2026-09-03T12:40:47.480+0800][1.334s][info][gc,start    ] GC(14) Pause Young (Concurrent Start) (G1 Evacuation Pause)
[2026-09-03T12:40:47.480+0800][1.334s][info][gc,task     ] GC(14) Using 9 workers of 9 for evacuation
[2026-09-03T12:40:47.482+0800][1.336s][info][gc,phases   ] GC(14)   Pre Evacuate Collection Set: 0.05ms
[2026-09-03T12:40:47.482+0800][1.336s][info][gc,phases   ] GC(14)   Merge Heap Roots: 0.03ms
[2026-09-03T12:40:47.482+0800][1.336s][info][gc,phases   ] GC(14)   Evacuate Collection Set: 1.70ms
[2026-09-03T12:40:47.482+0800][1.336s][info][gc,phases   ] GC(14)   Post Evacuate Collection Set: 0.08ms
[2026-09-03T12:40:47.482+0800][1.336s][info][gc,phases   ] GC(14)   Other: 0.07ms
[2026-09-03T12:40:47.482+0800][1.336s][info][gc,heap     ] GC(14) Eden regions: 76->0(65)
[2026-09-03T12:40:47.482+0800][1.336s][info][gc,heap     ] GC(14) Survivor regions: 13->12(12)
[2026-09-03T12:40:47.482+0800][1.336s][info][gc,heap     ] GC(14) Old regions: 132->149
[2026-09-03T12:40:47.482+0800][1.336s][info][gc,heap     ] GC(14) Humongous regions: 1->1
[2026-09-03T12:40:47.482+0800][1.336s][info][gc,metaspace] GC(14) Metaspace: 1059K(1216K)->1059K(1216K) NonClass: 994K(1088K)->994K(1088K) Class: 64K(128K)->64K(128K)
[2026-09-03T12:40:47.482+0800][1.336s][info][gc          ] GC(14) Pause Young (Concurrent Start) (G1 Evacuation Pause) 221M->160M(256M) 2.091ms
[2026-09-03T12:40:47.482+0800][1.336s][info][gc          ] GC(15) Concurrent Mark Cycle
[2026-09-03T12:40:47.482+0800][1.336s][info][gc,cpu      ] GC(14) User=0.01s Sys=0.00s Real=0.00s
[2026-09-03T12:40:47.482+0800][1.336s][info][gc,marking  ] GC(15) Concurrent Scan Root Regions
[2026-09-03T12:40:47.482+0800][1.336s][info][safepoint   ] Safepoint "G1CollectForAllocation", Time since last: 73744917 ns, Reaching safepoint: 46042 ns, At safepoint: 2137875 ns, Leaving safepoint: 36333 ns, Total: 2220250 ns, Threads: 1 runnable, 42 total
[2026-09-03T12:40:47.484+0800][1.338s][info][gc,marking  ] GC(15) Concurrent Scan Root Regions 1.754ms
[2026-09-03T12:40:47.484+0800][1.338s][info][gc,marking  ] GC(15) Concurrent Mark
[2026-09-03T12:40:47.484+0800][1.338s][info][gc,marking  ] GC(15) Concurrent Mark From Roots
[2026-09-03T12:40:47.484+0800][1.338s][info][gc,task     ] GC(15) Concurrent Mark Using 2 of 2 Workers
[2026-09-03T12:40:47.490+0800][1.344s][info][gc,marking  ] GC(15) Concurrent Mark From Roots 6.087ms
[2026-09-03T12:40:47.490+0800][1.344s][info][gc,marking  ] GC(15) Concurrent Preclean
[2026-09-03T12:40:47.490+0800][1.344s][info][gc,marking  ] GC(15) Concurrent Preclean 0.030ms
[2026-09-03T12:40:47.490+0800][1.344s][info][gc,start    ] GC(15) Pause Remark
[2026-09-03T12:40:47.491+0800][1.345s][info][gc          ] GC(15) Pause Remark 168M->103M(256M) 0.517ms
[2026-09-03T12:40:47.491+0800][1.345s][info][gc,cpu      ] GC(15) User=0.00s Sys=0.01s Real=0.00s
[2026-09-03T12:40:47.491+0800][1.345s][info][safepoint   ] Safepoint "G1PauseRemark", Time since last: 7936750 ns, Reaching safepoint: 5208 ns, At safepoint: 552500 ns, Leaving safepoint: 16125 ns, Total: 573833 ns, Threads: 0 runnable, 42 total
[2026-09-03T12:40:47.491+0800][1.345s][info][gc,marking  ] GC(15) Concurrent Mark 6.878ms
[2026-09-03T12:40:47.491+0800][1.345s][info][gc,marking  ] GC(15) Concurrent Rebuild Remembered Sets and Scrub Regions
[2026-09-03T12:40:47.496+0800][1.351s][info][gc,marking  ] GC(15) Concurrent Rebuild Remembered Sets and Scrub Regions 5.573ms
[2026-09-03T12:40:47.496+0800][1.351s][info][gc,start    ] GC(15) Pause Cleanup
[2026-09-03T12:40:47.497+0800][1.351s][info][gc          ] GC(15) Pause Cleanup 109M->109M(256M) 0.098ms
[2026-09-03T12:40:47.497+0800][1.351s][info][gc,cpu      ] GC(15) User=0.00s Sys=0.00s Real=0.00s
[2026-09-03T12:40:47.497+0800][1.351s][info][safepoint   ] Safepoint "G1PauseCleanup", Time since last: 5756167 ns, Reaching safepoint: 4583 ns, At safepoint: 138042 ns, Leaving safepoint: 22542 ns, Total: 165167 ns, Threads: 0 runnable, 42 total
[2026-09-03T12:40:47.497+0800][1.351s][info][gc,marking  ] GC(15) Concurrent Clear Claimed Marks
[2026-09-03T12:40:47.497+0800][1.351s][info][gc,marking  ] GC(15) Concurrent Clear Claimed Marks 0.022ms
[2026-09-03T12:40:47.497+0800][1.351s][info][gc,marking  ] GC(15) Concurrent Cleanup for Next Mark
[2026-09-03T12:40:47.497+0800][1.351s][info][gc,marking  ] GC(15) Concurrent Cleanup for Next Mark 0.217ms
[2026-09-03T12:40:47.497+0800][1.351s][info][gc          ] GC(15) Concurrent Mark Cycle 14.820ms
[2026-09-03T12:40:47.547+0800][1.401s][info][gc,start    ] GC(16) Pause Young (Prepare Mixed) (G1 Evacuation Pause)
[2026-09-03T12:40:47.547+0800][1.401s][info][gc,task     ] GC(16) Using 9 workers of 9 for evacuation
[2026-09-03T12:40:47.549+0800][1.403s][info][gc,phases   ] GC(16)   Pre Evacuate Collection Set: 0.06ms
[2026-09-03T12:40:47.549+0800][1.403s][info][gc,phases   ] GC(16)   Merge Heap Roots: 0.03ms
[2026-09-03T12:40:47.549+0800][1.403s][info][gc,phases   ] GC(16)   Evacuate Collection Set: 1.40ms
[2026-09-03T12:40:47.549+0800][1.403s][info][gc,phases   ] GC(16)   Post Evacuate Collection Set: 0.12ms
[2026-09-03T12:40:47.549+0800][1.403s][info][gc,phases   ] GC(16)   Other: 0.06ms
[2026-09-03T12:40:47.549+0800][1.403s][info][gc,heap     ] GC(16) Eden regions: 65->0(102)
[2026-09-03T12:40:47.549+0800][1.403s][info][gc,heap     ] GC(16) Survivor regions: 12->10(10)
[2026-09-03T12:40:47.549+0800][1.403s][info][gc,heap     ] GC(16) Old regions: 84->99
[2026-09-03T12:40:47.549+0800][1.403s][info][gc,heap     ] GC(16) Humongous regions: 1->1
[2026-09-03T12:40:47.549+0800][1.403s][info][gc,metaspace] GC(16) Metaspace: 1059K(1216K)->1059K(1216K) NonClass: 994K(1088K)->994K(1088K) Class: 64K(128K)->64K(128K)
[2026-09-03T12:40:47.549+0800][1.403s][info][gc          ] GC(16) Pause Young (Prepare Mixed) (G1 Evacuation Pause) 160M->109M(256M) 1.793ms
[2026-09-03T12:40:47.549+0800][1.403s][info][gc,cpu      ] GC(16) User=0.02s Sys=0.00s Real=0.00s
[2026-09-03T12:40:47.549+0800][1.403s][info][safepoint   ] Safepoint "G1CollectForAllocation", Time since last: 50225916 ns, Reaching safepoint: 4792 ns, At safepoint: 1842667 ns, Leaving safepoint: 45250 ns, Total: 1892709 ns, Threads: 1 runnable, 42 total
[2026-09-03T12:40:47.641+0800][1.495s][info][gc,start    ] GC(17) Pause Young (Mixed) (G1 Evacuation Pause)
[2026-09-03T12:40:47.641+0800][1.495s][info][gc,task     ] GC(17) Using 9 workers of 9 for evacuation
[2026-09-03T12:40:47.643+0800][1.498s][info][gc,phases   ] GC(17)   Pre Evacuate Collection Set: 0.04ms
[2026-09-03T12:40:47.643+0800][1.498s][info][gc,phases   ] GC(17)   Merge Heap Roots: 0.03ms
[2026-09-03T12:40:47.644+0800][1.498s][info][gc,phases   ] GC(17)   Evacuate Collection Set: 1.96ms
[2026-09-03T12:40:47.644+0800][1.498s][info][gc,phases   ] GC(17)   Post Evacuate Collection Set: 0.11ms
[2026-09-03T12:40:47.644+0800][1.498s][info][gc,phases   ] GC(17)   Other: 0.06ms
[2026-09-03T12:40:47.644+0800][1.498s][info][gc,heap     ] GC(17) Eden regions: 102->0(105)
[2026-09-03T12:40:47.644+0800][1.498s][info][gc,heap     ] GC(17) Survivor regions: 10->14(14)
[2026-09-03T12:40:47.644+0800][1.498s][info][gc,heap     ] GC(17) Old regions: 99->92
[2026-09-03T12:40:47.644+0800][1.498s][info][gc,heap     ] GC(17) Humongous regions: 1->1
[2026-09-03T12:40:47.644+0800][1.498s][info][gc,metaspace] GC(17) Metaspace: 1059K(1216K)->1059K(1216K) NonClass: 994K(1088K)->994K(1088K) Class: 64K(128K)->64K(128K)
[2026-09-03T12:40:47.644+0800][1.498s][info][gc          ] GC(17) Pause Young (Mixed) (G1 Evacuation Pause) 211M->105M(256M) 2.317ms
[2026-09-03T12:40:47.644+0800][1.498s][info][gc,cpu      ] GC(17) User=0.01s Sys=0.00s Real=0.00s
[2026-09-03T12:40:47.644+0800][1.498s][info][safepoint   ] Safepoint "G1CollectForAllocation", Time since last: 92479583 ns, Reaching safepoint: 43583 ns, At safepoint: 2343709 ns, Leaving safepoint: 29750 ns, Total: 2417042 ns, Threads: 3 runnable, 42 total
[2026-09-03T12:40:47.740+0800][1.595s][info][gc,start    ] GC(18) Pause Young (Normal) (G1 Evacuation Pause)
[2026-09-03T12:40:47.740+0800][1.595s][info][gc,task     ] GC(18) Using 9 workers of 9 for evacuation
[2026-09-03T12:40:47.743+0800][1.597s][info][gc,phases   ] GC(18)   Pre Evacuate Collection Set: 0.08ms
[2026-09-03T12:40:47.743+0800][1.597s][info][gc,phases   ] GC(18)   Merge Heap Roots: 0.03ms
[2026-09-03T12:40:47.743+0800][1.597s][info][gc,phases   ] GC(18)   Evacuate Collection Set: 1.94ms
[2026-09-03T12:40:47.743+0800][1.597s][info][gc,phases   ] GC(18)   Post Evacuate Collection Set: 0.10ms
[2026-09-03T12:40:47.743+0800][1.597s][info][gc,phases   ] GC(18)   Other: 0.06ms
[2026-09-03T12:40:47.743+0800][1.597s][info][gc,heap     ] GC(18) Eden regions: 105->0(90)
[2026-09-03T12:40:47.743+0800][1.597s][info][gc,heap     ] GC(18) Survivor regions: 14->15(15)
[2026-09-03T12:40:47.743+0800][1.597s][info][gc,heap     ] GC(18) Old regions: 92->112
[2026-09-03T12:40:47.743+0800][1.597s][info][gc,heap     ] GC(18) Humongous regions: 1->1
[2026-09-03T12:40:47.743+0800][1.597s][info][gc,metaspace] GC(18) Metaspace: 1059K(1216K)->1059K(1216K) NonClass: 994K(1088K)->994K(1088K) Class: 64K(128K)->64K(128K)
[2026-09-03T12:40:47.743+0800][1.597s][info][gc          ] GC(18) Pause Young (Normal) (G1 Evacuation Pause) 210M->126M(256M) 2.331ms
[2026-09-03T12:40:47.743+0800][1.597s][info][gc,cpu      ] GC(18) User=0.01s Sys=0.00s Real=0.00s
[2026-09-03T12:40:47.743+0800][1.597s][info][safepoint   ] Safepoint "G1CollectForAllocation", Time since last: 96769541 ns, Reaching safepoint: 22417 ns, At safepoint: 2353708 ns, Leaving safepoint: 38875 ns, Total: 2415000 ns, Threads: 1 runnable, 42 total
[2026-09-03T12:40:47.828+0800][1.682s][info][gc,start    ] GC(19) Pause Young (Normal) (G1 Evacuation Pause)
[2026-09-03T12:40:47.828+0800][1.682s][info][gc,task     ] GC(19) Using 9 workers of 9 for evacuation
[2026-09-03T12:40:47.830+0800][1.684s][info][gc,phases   ] GC(19)   Pre Evacuate Collection Set: 0.07ms
[2026-09-03T12:40:47.830+0800][1.684s][info][gc,phases   ] GC(19)   Merge Heap Roots: 0.04ms
[2026-09-03T12:40:47.830+0800][1.684s][info][gc,phases   ] GC(19)   Evacuate Collection Set: 2.27ms
[2026-09-03T12:40:47.830+0800][1.684s][info][gc,phases   ] GC(19)   Post Evacuate Collection Set: 0.08ms
[2026-09-03T12:40:47.830+0800][1.684s][info][gc,phases   ] GC(19)   Other: 0.08ms
[2026-09-03T12:40:47.830+0800][1.684s][info][gc,heap     ] GC(19) Eden regions: 90->0(77)
[2026-09-03T12:40:47.830+0800][1.684s][info][gc,heap     ] GC(19) Survivor regions: 15->14(14)
[2026-09-03T12:40:47.830+0800][1.684s][info][gc,heap     ] GC(19) Old regions: 112->131
[2026-09-03T12:40:47.830+0800][1.684s][info][gc,heap     ] GC(19) Humongous regions: 1->1
[2026-09-03T12:40:47.830+0800][1.684s][info][gc,metaspace] GC(19) Metaspace: 1059K(1216K)->1059K(1216K) NonClass: 994K(1088K)->994K(1088K) Class: 64K(128K)->64K(128K)
[2026-09-03T12:40:47.830+0800][1.684s][info][gc          ] GC(19) Pause Young (Normal) (G1 Evacuation Pause) 216M->145M(256M) 2.701ms
[2026-09-03T12:40:47.830+0800][1.684s][info][gc,cpu      ] GC(19) User=0.01s Sys=0.00s Real=0.01s
[2026-09-03T12:40:47.830+0800][1.685s][info][safepoint   ] Safepoint "G1CollectForAllocation", Time since last: 84770250 ns, Reaching safepoint: 44584 ns, At safepoint: 2740666 ns, Leaving safepoint: 19667 ns, Total: 2804917 ns, Threads: 1 runnable, 42 total
[2026-09-03T12:40:47.903+0800][1.757s][info][gc,start    ] GC(20) Pause Young (Concurrent Start) (G1 Evacuation Pause)
[2026-09-03T12:40:47.903+0800][1.757s][info][gc,task     ] GC(20) Using 9 workers of 9 for evacuation
[2026-09-03T12:40:47.905+0800][1.759s][info][gc,phases   ] GC(20)   Pre Evacuate Collection Set: 0.08ms
[2026-09-03T12:40:47.905+0800][1.759s][info][gc,phases   ] GC(20)   Merge Heap Roots: 0.03ms
[2026-09-03T12:40:47.905+0800][1.759s][info][gc,phases   ] GC(20)   Evacuate Collection Set: 1.73ms
[2026-09-03T12:40:47.905+0800][1.759s][info][gc,phases   ] GC(20)   Post Evacuate Collection Set: 0.09ms
[2026-09-03T12:40:47.905+0800][1.759s][info][gc,phases   ] GC(20)   Other: 0.06ms
[2026-09-03T12:40:47.905+0800][1.759s][info][gc,heap     ] GC(20) Eden regions: 77->0(66)
[2026-09-03T12:40:47.905+0800][1.759s][info][gc,heap     ] GC(20) Survivor regions: 14->12(12)
[2026-09-03T12:40:47.905+0800][1.759s][info][gc,heap     ] GC(20) Old regions: 131->149
[2026-09-03T12:40:47.905+0800][1.759s][info][gc,heap     ] GC(20) Humongous regions: 1->1
[2026-09-03T12:40:47.905+0800][1.759s][info][gc,metaspace] GC(20) Metaspace: 1059K(1216K)->1059K(1216K) NonClass: 994K(1088K)->994K(1088K) Class: 64K(128K)->64K(128K)
[2026-09-03T12:40:47.905+0800][1.759s][info][gc          ] GC(20) Pause Young (Concurrent Start) (G1 Evacuation Pause) 222M->160M(256M) 2.099ms
[2026-09-03T12:40:47.905+0800][1.759s][info][gc,cpu      ] GC(20) User=0.01s Sys=0.00s Real=0.00s
[2026-09-03T12:40:47.905+0800][1.759s][info][gc          ] GC(21) Concurrent Mark Cycle
[2026-09-03T12:40:47.905+0800][1.759s][info][gc,marking  ] GC(21) Concurrent Scan Root Regions
[2026-09-03T12:40:47.905+0800][1.759s][info][safepoint   ] Safepoint "G1CollectForAllocation", Time since last: 72771833 ns, Reaching safepoint: 23542 ns, At safepoint: 2170083 ns, Leaving safepoint: 20167 ns, Total: 2213792 ns, Threads: 1 runnable, 42 total
[2026-09-03T12:40:47.907+0800][1.761s][info][gc,marking  ] GC(21) Concurrent Scan Root Regions 1.816ms
[2026-09-03T12:40:47.907+0800][1.761s][info][gc,marking  ] GC(21) Concurrent Mark
[2026-09-03T12:40:47.907+0800][1.761s][info][gc,marking  ] GC(21) Concurrent Mark From Roots
[2026-09-03T12:40:47.907+0800][1.761s][info][gc,task     ] GC(21) Concurrent Mark Using 2 of 2 Workers
[2026-09-03T12:40:47.912+0800][1.766s][info][gc,marking  ] GC(21) Concurrent Mark From Roots 4.430ms
[2026-09-03T12:40:47.912+0800][1.766s][info][gc,marking  ] GC(21) Concurrent Preclean
[2026-09-03T12:40:47.912+0800][1.766s][info][gc,marking  ] GC(21) Concurrent Preclean 0.010ms
[2026-09-03T12:40:47.912+0800][1.766s][info][gc,start    ] GC(21) Pause Remark
[2026-09-03T12:40:47.912+0800][1.766s][info][gc          ] GC(21) Pause Remark 168M->128M(256M) 0.344ms
[2026-09-03T12:40:47.912+0800][1.766s][info][gc,cpu      ] GC(21) User=0.00s Sys=0.00s Real=0.00s
[2026-09-03T12:40:47.912+0800][1.766s][info][safepoint   ] Safepoint "G1PauseRemark", Time since last: 6383708 ns, Reaching safepoint: 2750 ns, At safepoint: 365000 ns, Leaving safepoint: 21750 ns, Total: 389500 ns, Threads: 0 runnable, 42 total
[2026-09-03T12:40:47.912+0800][1.766s][info][gc,marking  ] GC(21) Concurrent Mark 4.972ms
[2026-09-03T12:40:47.912+0800][1.766s][info][gc,marking  ] GC(21) Concurrent Rebuild Remembered Sets and Scrub Regions
[2026-09-03T12:40:47.918+0800][1.772s][info][gc,marking  ] GC(21) Concurrent Rebuild Remembered Sets and Scrub Regions 5.356ms
[2026-09-03T12:40:47.918+0800][1.772s][info][gc,start    ] GC(21) Pause Cleanup
[2026-09-03T12:40:47.918+0800][1.772s][info][gc          ] GC(21) Pause Cleanup 133M->133M(256M) 0.071ms
[2026-09-03T12:40:47.918+0800][1.772s][info][gc,cpu      ] GC(21) User=0.00s Sys=0.00s Real=0.00s
[2026-09-03T12:40:47.918+0800][1.772s][info][safepoint   ] Safepoint "G1PauseCleanup", Time since last: 5486375 ns, Reaching safepoint: 52584 ns, At safepoint: 106666 ns, Leaving safepoint: 22542 ns, Total: 181792 ns, Threads: 1 runnable, 42 total
[2026-09-03T12:40:47.918+0800][1.772s][info][gc,marking  ] GC(21) Concurrent Clear Claimed Marks
[2026-09-03T12:40:47.918+0800][1.772s][info][gc,marking  ] GC(21) Concurrent Clear Claimed Marks 0.006ms
[2026-09-03T12:40:47.918+0800][1.772s][info][gc,marking  ] GC(21) Concurrent Cleanup for Next Mark
[2026-09-03T12:40:47.918+0800][1.772s][info][gc,marking  ] GC(21) Concurrent Cleanup for Next Mark 0.240ms
[2026-09-03T12:40:47.918+0800][1.772s][info][gc          ] GC(21) Concurrent Mark Cycle 12.786ms
[2026-09-03T12:40:47.968+0800][1.822s][info][gc,start    ] GC(22) Pause Young (Prepare Mixed) (G1 Evacuation Pause)
[2026-09-03T12:40:47.968+0800][1.822s][info][gc,task     ] GC(22) Using 9 workers of 9 for evacuation
[2026-09-03T12:40:47.970+0800][1.824s][info][gc,phases   ] GC(22)   Pre Evacuate Collection Set: 0.04ms
[2026-09-03T12:40:47.970+0800][1.824s][info][gc,phases   ] GC(22)   Merge Heap Roots: 0.02ms
[2026-09-03T12:40:47.970+0800][1.824s][info][gc,phases   ] GC(22)   Evacuate Collection Set: 1.46ms
[2026-09-03T12:40:47.970+0800][1.824s][info][gc,phases   ] GC(22)   Post Evacuate Collection Set: 0.09ms
[2026-09-03T12:40:47.970+0800][1.824s][info][gc,phases   ] GC(22)   Other: 0.06ms
[2026-09-03T12:40:47.970+0800][1.824s][info][gc,heap     ] GC(22) Eden regions: 66->0(84)
[2026-09-03T12:40:47.970+0800][1.824s][info][gc,heap     ] GC(22) Survivor regions: 12->10(10)
[2026-09-03T12:40:47.970+0800][1.824s][info][gc,heap     ] GC(22) Old regions: 109->125
[2026-09-03T12:40:47.970+0800][1.824s][info][gc,heap     ] GC(22) Humongous regions: 1->1
[2026-09-03T12:40:47.970+0800][1.824s][info][gc,metaspace] GC(22) Metaspace: 1059K(1216K)->1059K(1216K) NonClass: 994K(1088K)->994K(1088K) Class: 64K(128K)->64K(128K)
[2026-09-03T12:40:47.970+0800][1.824s][info][gc          ] GC(22) Pause Young (Prepare Mixed) (G1 Evacuation Pause) 186M->134M(256M) 1.764ms
[2026-09-03T12:40:47.970+0800][1.824s][info][gc,cpu      ] GC(22) User=0.01s Sys=0.01s Real=0.01s
[2026-09-03T12:40:47.970+0800][1.824s][info][safepoint   ] Safepoint "G1CollectForAllocation", Time since last: 50180375 ns, Reaching safepoint: 22625 ns, At safepoint: 1787708 ns, Leaving safepoint: 30709 ns, Total: 1841042 ns, Threads: 1 runnable, 42 total
[2026-09-03T12:40:48.049+0800][1.903s][info][gc,start    ] GC(23) Pause Young (Mixed) (G1 Evacuation Pause)
[2026-09-03T12:40:48.049+0800][1.903s][info][gc,task     ] GC(23) Using 9 workers of 9 for evacuation
[2026-09-03T12:40:48.051+0800][1.905s][info][gc,phases   ] GC(23)   Pre Evacuate Collection Set: 0.06ms
[2026-09-03T12:40:48.051+0800][1.905s][info][gc,phases   ] GC(23)   Merge Heap Roots: 0.02ms
[2026-09-03T12:40:48.051+0800][1.905s][info][gc,phases   ] GC(23)   Evacuate Collection Set: 1.59ms
[2026-09-03T12:40:48.051+0800][1.905s][info][gc,phases   ] GC(23)   Post Evacuate Collection Set: 0.11ms
[2026-09-03T12:40:48.051+0800][1.905s][info][gc,phases   ] GC(23)   Other: 0.05ms
[2026-09-03T12:40:48.051+0800][1.905s][info][gc,heap     ] GC(23) Eden regions: 84->0(92)
[2026-09-03T12:40:48.051+0800][1.905s][info][gc,heap     ] GC(23) Survivor regions: 10->12(12)
[2026-09-03T12:40:48.051+0800][1.905s][info][gc,heap     ] GC(23) Old regions: 125->113
[2026-09-03T12:40:48.051+0800][1.905s][info][gc,heap     ] GC(23) Humongous regions: 1->1
[2026-09-03T12:40:48.051+0800][1.905s][info][gc,metaspace] GC(23) Metaspace: 1059K(1216K)->1059K(1216K) NonClass: 994K(1088K)->994K(1088K) Class: 64K(128K)->64K(128K)
[2026-09-03T12:40:48.051+0800][1.905s][info][gc          ] GC(23) Pause Young (Mixed) (G1 Evacuation Pause) 218M->125M(256M) 1.938ms
[2026-09-03T12:40:48.051+0800][1.905s][info][gc,cpu      ] GC(23) User=0.01s Sys=0.00s Real=0.01s
[2026-09-03T12:40:48.051+0800][1.905s][info][safepoint   ] Safepoint "G1CollectForAllocation", Time since last: 78812375 ns, Reaching safepoint: 132458 ns, At safepoint: 1961833 ns, Leaving safepoint: 43584 ns, Total: 2137875 ns, Threads: 2 runnable, 42 total
[2026-09-03T12:40:48.136+0800][1.990s][info][gc,start    ] GC(24) Pause Young (Mixed) (G1 Evacuation Pause)
[2026-09-03T12:40:48.136+0800][1.990s][info][gc,task     ] GC(24) Using 9 workers of 9 for evacuation
[2026-09-03T12:40:48.139+0800][1.993s][info][gc,phases   ] GC(24)   Pre Evacuate Collection Set: 0.04ms
[2026-09-03T12:40:48.139+0800][1.993s][info][gc,phases   ] GC(24)   Merge Heap Roots: 0.03ms
[2026-09-03T12:40:48.139+0800][1.993s][info][gc,phases   ] GC(24)   Evacuate Collection Set: 2.63ms
[2026-09-03T12:40:48.139+0800][1.993s][info][gc,phases   ] GC(24)   Post Evacuate Collection Set: 0.10ms
[2026-09-03T12:40:48.139+0800][1.993s][info][gc,phases   ] GC(24)   Other: 0.08ms
[2026-09-03T12:40:48.139+0800][1.993s][info][gc,heap     ] GC(24) Eden regions: 92->0(94)
[2026-09-03T12:40:48.139+0800][1.993s][info][gc,heap     ] GC(24) Survivor regions: 12->13(13)
[2026-09-03T12:40:48.139+0800][1.993s][info][gc,heap     ] GC(24) Old regions: 113->108
[2026-09-03T12:40:48.139+0800][1.993s][info][gc,heap     ] GC(24) Humongous regions: 1->1
[2026-09-03T12:40:48.139+0800][1.993s][info][gc,metaspace] GC(24) Metaspace: 1059K(1216K)->1059K(1216K) NonClass: 994K(1088K)->994K(1088K) Class: 64K(128K)->64K(128K)
[2026-09-03T12:40:48.139+0800][1.993s][info][gc          ] GC(24) Pause Young (Mixed) (G1 Evacuation Pause) 217M->120M(256M) 3.051ms
[2026-09-03T12:40:48.139+0800][1.993s][info][gc,cpu      ] GC(24) User=0.01s Sys=0.00s Real=0.00s
[2026-09-03T12:40:48.139+0800][1.993s][info][safepoint   ] Safepoint "G1CollectForAllocation", Time since last: 85421166 ns, Reaching safepoint: 38000 ns, At safepoint: 3086750 ns, Leaving safepoint: 28750 ns, Total: 3153500 ns, Threads: 3 runnable, 42 total
[2026-09-03T12:40:48.229+0800][2.083s][info][gc,start    ] GC(25) Pause Young (Concurrent Start) (G1 Evacuation Pause)
[2026-09-03T12:40:48.229+0800][2.083s][info][gc,task     ] GC(25) Using 9 workers of 9 for evacuation
[2026-09-03T12:40:48.231+0800][2.085s][info][gc,phases   ] GC(25)   Pre Evacuate Collection Set: 0.07ms
[2026-09-03T12:40:48.231+0800][2.085s][info][gc,phases   ] GC(25)   Merge Heap Roots: 0.02ms
[2026-09-03T12:40:48.231+0800][2.085s][info][gc,phases   ] GC(25)   Evacuate Collection Set: 1.74ms
[2026-09-03T12:40:48.231+0800][2.085s][info][gc,phases   ] GC(25)   Post Evacuate Collection Set: 0.10ms
[2026-09-03T12:40:48.231+0800][2.085s][info][gc,phases   ] GC(25)   Other: 0.06ms
[2026-09-03T12:40:48.231+0800][2.085s][info][gc,heap     ] GC(25) Eden regions: 94->0(81)
[2026-09-03T12:40:48.231+0800][2.085s][info][gc,heap     ] GC(25) Survivor regions: 13->14(14)
[2026-09-03T12:40:48.231+0800][2.085s][info][gc,heap     ] GC(25) Old regions: 108->126
[2026-09-03T12:40:48.231+0800][2.085s][info][gc,heap     ] GC(25) Humongous regions: 1->1
[2026-09-03T12:40:48.231+0800][2.085s][info][gc,metaspace] GC(25) Metaspace: 1059K(1216K)->1059K(1216K) NonClass: 994K(1088K)->994K(1088K) Class: 64K(128K)->64K(128K)
[2026-09-03T12:40:48.231+0800][2.085s][info][gc          ] GC(25) Pause Young (Concurrent Start) (G1 Evacuation Pause) 214M->140M(256M) 2.116ms
[2026-09-03T12:40:48.231+0800][2.085s][info][gc,cpu      ] GC(25) User=0.01s Sys=0.00s Real=0.01s
[2026-09-03T12:40:48.231+0800][2.085s][info][gc          ] GC(26) Concurrent Mark Cycle
[2026-09-03T12:40:48.231+0800][2.085s][info][gc,marking  ] GC(26) Concurrent Scan Root Regions
[2026-09-03T12:40:48.231+0800][2.085s][info][safepoint   ] Safepoint "G1CollectForAllocation", Time since last: 89743875 ns, Reaching safepoint: 4709 ns, At safepoint: 2176000 ns, Leaving safepoint: 82666 ns, Total: 2263375 ns, Threads: 0 runnable, 42 total
[2026-09-03T12:40:48.233+0800][2.087s][info][gc,marking  ] GC(26) Concurrent Scan Root Regions 1.999ms
[2026-09-03T12:40:48.233+0800][2.087s][info][gc,marking  ] GC(26) Concurrent Mark
[2026-09-03T12:40:48.233+0800][2.087s][info][gc,marking  ] GC(26) Concurrent Mark From Roots
[2026-09-03T12:40:48.233+0800][2.087s][info][gc,task     ] GC(26) Concurrent Mark Using 2 of 2 Workers
[2026-09-03T12:40:48.237+0800][2.091s][info][gc,marking  ] GC(26) Concurrent Mark From Roots 3.837ms
[2026-09-03T12:40:48.237+0800][2.091s][info][gc,marking  ] GC(26) Concurrent Preclean
[2026-09-03T12:40:48.237+0800][2.091s][info][gc,marking  ] GC(26) Concurrent Preclean 0.025ms
[2026-09-03T12:40:48.237+0800][2.091s][info][gc,start    ] GC(26) Pause Remark
[2026-09-03T12:40:48.238+0800][2.092s][info][gc          ] GC(26) Pause Remark 147M->93M(256M) 0.440ms
[2026-09-03T12:40:48.238+0800][2.092s][info][gc,cpu      ] GC(26) User=0.00s Sys=0.01s Real=0.00s
[2026-09-03T12:40:48.238+0800][2.092s][info][safepoint   ] Safepoint "G1PauseRemark", Time since last: 5963250 ns, Reaching safepoint: 19667 ns, At safepoint: 468667 ns, Leaving safepoint: 41750 ns, Total: 530084 ns, Threads: 1 runnable, 42 total
[2026-09-03T12:40:48.238+0800][2.092s][info][gc,marking  ] GC(26) Concurrent Mark 4.573ms
[2026-09-03T12:40:48.238+0800][2.092s][info][gc,marking  ] GC(26) Concurrent Rebuild Remembered Sets and Scrub Regions
[2026-09-03T12:40:48.241+0800][2.095s][info][gc,marking  ] GC(26) Concurrent Rebuild Remembered Sets and Scrub Regions 3.087ms
[2026-09-03T12:40:48.241+0800][2.095s][info][gc,start    ] GC(26) Pause Cleanup
[2026-09-03T12:40:48.241+0800][2.095s][info][gc          ] GC(26) Pause Cleanup 96M->96M(256M) 0.059ms
[2026-09-03T12:40:48.241+0800][2.095s][info][gc,cpu      ] GC(26) User=0.00s Sys=0.00s Real=0.00s
[2026-09-03T12:40:48.241+0800][2.095s][info][safepoint   ] Safepoint "G1PauseCleanup", Time since last: 3230125 ns, Reaching safepoint: 3916 ns, At safepoint: 89334 ns, Leaving safepoint: 35583 ns, Total: 128833 ns, Threads: 0 runnable, 42 total
[2026-09-03T12:40:48.241+0800][2.095s][info][gc,marking  ] GC(26) Concurrent Clear Claimed Marks
[2026-09-03T12:40:48.241+0800][2.095s][info][gc,marking  ] GC(26) Concurrent Clear Claimed Marks 0.019ms
[2026-09-03T12:40:48.241+0800][2.095s][info][gc,marking  ] GC(26) Concurrent Cleanup for Next Mark
[2026-09-03T12:40:48.241+0800][2.096s][info][gc,marking  ] GC(26) Concurrent Cleanup for Next Mark 0.174ms
[2026-09-03T12:40:48.241+0800][2.096s][info][gc          ] GC(26) Concurrent Mark Cycle 10.206ms
[2026-09-03T12:40:48.308+0800][2.163s][info][gc,start    ] GC(27) Pause Young (Prepare Mixed) (G1 Evacuation Pause)
[2026-09-03T12:40:48.308+0800][2.163s][info][gc,task     ] GC(27) Using 9 workers of 9 for evacuation
[2026-09-03T12:40:48.310+0800][2.165s][info][gc,phases   ] GC(27)   Pre Evacuate Collection Set: 0.04ms
[2026-09-03T12:40:48.310+0800][2.165s][info][gc,phases   ] GC(27)   Merge Heap Roots: 0.03ms
[2026-09-03T12:40:48.310+0800][2.165s][info][gc,phases   ] GC(27)   Evacuate Collection Set: 1.65ms
[2026-09-03T12:40:48.310+0800][2.165s][info][gc,phases   ] GC(27)   Post Evacuate Collection Set: 0.09ms
[2026-09-03T12:40:48.310+0800][2.165s][info][gc,phases   ] GC(27)   Other: 0.06ms
[2026-09-03T12:40:48.310+0800][2.165s][info][gc,heap     ] GC(27) Eden regions: 81->0(107)
[2026-09-03T12:40:48.310+0800][2.165s][info][gc,heap     ] GC(27) Survivor regions: 14->12(12)
[2026-09-03T12:40:48.310+0800][2.165s][info][gc,heap     ] GC(27) Old regions: 72->91
[2026-09-03T12:40:48.310+0800][2.165s][info][gc,heap     ] GC(27) Humongous regions: 1->1
[2026-09-03T12:40:48.310+0800][2.165s][info][gc,metaspace] GC(27) Metaspace: 1059K(1216K)->1059K(1216K) NonClass: 994K(1088K)->994K(1088K) Class: 64K(128K)->64K(128K)
[2026-09-03T12:40:48.310+0800][2.165s][info][gc          ] GC(27) Pause Young (Prepare Mixed) (G1 Evacuation Pause) 167M->103M(256M) 1.987ms
[2026-09-03T12:40:48.310+0800][2.165s][info][gc,cpu      ] GC(27) User=0.01s Sys=0.00s Real=0.01s
[2026-09-03T12:40:48.310+0800][2.165s][info][safepoint   ] Safepoint "G1CollectForAllocation", Time since last: 67246333 ns, Reaching safepoint: 2334 ns, At safepoint: 2009166 ns, Leaving safepoint: 44375 ns, Total: 2055875 ns, Threads: 0 runnable, 42 total
[2026-09-03T12:40:48.411+0800][2.265s][info][gc,start    ] GC(28) Pause Young (Mixed) (G1 Evacuation Pause)
[2026-09-03T12:40:48.411+0800][2.265s][info][gc,task     ] GC(28) Using 9 workers of 9 for evacuation
[2026-09-03T12:40:48.413+0800][2.268s][info][gc,phases   ] GC(28)   Pre Evacuate Collection Set: 0.07ms
[2026-09-03T12:40:48.414+0800][2.268s][info][gc,phases   ] GC(28)   Merge Heap Roots: 0.03ms
[2026-09-03T12:40:48.414+0800][2.268s][info][gc,phases   ] GC(28)   Evacuate Collection Set: 2.00ms
[2026-09-03T12:40:48.414+0800][2.268s][info][gc,phases   ] GC(28)   Post Evacuate Collection Set: 0.09ms
[2026-09-03T12:40:48.414+0800][2.268s][info][gc,phases   ] GC(28)   Other: 0.05ms
[2026-09-03T12:40:48.414+0800][2.268s][info][gc,heap     ] GC(28) Eden regions: 107->0(102)
[2026-09-03T12:40:48.414+0800][2.268s][info][gc,heap     ] GC(28) Survivor regions: 12->15(15)
[2026-09-03T12:40:48.414+0800][2.268s][info][gc,heap     ] GC(28) Old regions: 91->96
[2026-09-03T12:40:48.414+0800][2.268s][info][gc,heap     ] GC(28) Humongous regions: 1->1
[2026-09-03T12:40:48.414+0800][2.268s][info][gc,metaspace] GC(28) Metaspace: 1059K(1216K)->1059K(1216K) NonClass: 994K(1088K)->994K(1088K) Class: 64K(128K)->64K(128K)
[2026-09-03T12:40:48.414+0800][2.268s][info][gc          ] GC(28) Pause Young (Mixed) (G1 Evacuation Pause) 210M->110M(256M) 2.359ms
[2026-09-03T12:40:48.414+0800][2.268s][info][gc,cpu      ] GC(28) User=0.02s Sys=0.00s Real=0.00s
[2026-09-03T12:40:48.414+0800][2.268s][info][safepoint   ] Safepoint "G1CollectForAllocation", Time since last: 100649875 ns, Reaching safepoint: 46959 ns, At safepoint: 2393125 ns, Leaving safepoint: 28291 ns, Total: 2468375 ns, Threads: 1 runnable, 42 total
[2026-09-03T12:40:48.508+0800][2.362s][info][gc,start    ] GC(29) Pause Young (Concurrent Start) (G1 Evacuation Pause)
[2026-09-03T12:40:48.508+0800][2.363s][info][gc,task     ] GC(29) Using 9 workers of 9 for evacuation
[2026-09-03T12:40:48.511+0800][2.365s][info][gc,phases   ] GC(29)   Pre Evacuate Collection Set: 0.08ms
[2026-09-03T12:40:48.511+0800][2.365s][info][gc,phases   ] GC(29)   Merge Heap Roots: 0.02ms
[2026-09-03T12:40:48.511+0800][2.365s][info][gc,phases   ] GC(29)   Evacuate Collection Set: 1.99ms
[2026-09-03T12:40:48.511+0800][2.365s][info][gc,phases   ] GC(29)   Post Evacuate Collection Set: 0.10ms
[2026-09-03T12:40:48.511+0800][2.365s][info][gc,phases   ] GC(29)   Other: 0.06ms
[2026-09-03T12:40:48.511+0800][2.365s][info][gc,heap     ] GC(29) Eden regions: 102->0(87)
[2026-09-03T12:40:48.511+0800][2.365s][info][gc,heap     ] GC(29) Survivor regions: 15->15(15)
[2026-09-03T12:40:48.511+0800][2.365s][info][gc,heap     ] GC(29) Old regions: 96->117
[2026-09-03T12:40:48.511+0800][2.365s][info][gc,heap     ] GC(29) Humongous regions: 1->1
[2026-09-03T12:40:48.511+0800][2.365s][info][gc,metaspace] GC(29) Metaspace: 1059K(1216K)->1059K(1216K) NonClass: 994K(1088K)->994K(1088K) Class: 64K(128K)->64K(128K)
[2026-09-03T12:40:48.511+0800][2.365s][info][gc          ] GC(29) Pause Young (Concurrent Start) (G1 Evacuation Pause) 212M->131M(256M) 2.366ms
[2026-09-03T12:40:48.511+0800][2.365s][info][gc,cpu      ] GC(29) User=0.02s Sys=0.00s Real=0.01s
[2026-09-03T12:40:48.511+0800][2.365s][info][gc          ] GC(30) Concurrent Mark Cycle
[2026-09-03T12:40:48.511+0800][2.365s][info][gc,marking  ] GC(30) Concurrent Scan Root Regions
[2026-09-03T12:40:48.511+0800][2.365s][info][safepoint   ] Safepoint "G1CollectForAllocation", Time since last: 94697209 ns, Reaching safepoint: 2250 ns, At safepoint: 2397041 ns, Leaving safepoint: 40250 ns, Total: 2439541 ns, Threads: 0 runnable, 42 total
[2026-09-03T12:40:48.513+0800][2.367s][info][gc,marking  ] GC(30) Concurrent Scan Root Regions 2.399ms
[2026-09-03T12:40:48.513+0800][2.367s][info][gc,marking  ] GC(30) Concurrent Mark
[2026-09-03T12:40:48.513+0800][2.367s][info][gc,marking  ] GC(30) Concurrent Mark From Roots
[2026-09-03T12:40:48.513+0800][2.367s][info][gc,task     ] GC(30) Concurrent Mark Using 2 of 2 Workers
[2026-09-03T12:40:48.517+0800][2.371s][info][gc,marking  ] GC(30) Concurrent Mark From Roots 3.800ms
[2026-09-03T12:40:48.517+0800][2.371s][info][gc,marking  ] GC(30) Concurrent Preclean
[2026-09-03T12:40:48.517+0800][2.371s][info][gc,marking  ] GC(30) Concurrent Preclean 0.019ms
[2026-09-03T12:40:48.517+0800][2.371s][info][gc,start    ] GC(30) Pause Remark
[2026-09-03T12:40:48.518+0800][2.372s][info][gc          ] GC(30) Pause Remark 138M->112M(256M) 0.538ms
[2026-09-03T12:40:48.518+0800][2.372s][info][gc,cpu      ] GC(30) User=0.00s Sys=0.00s Real=0.00s
[2026-09-03T12:40:48.518+0800][2.372s][info][safepoint   ] Safepoint "G1PauseRemark", Time since last: 6288625 ns, Reaching safepoint: 30375 ns, At safepoint: 580209 ns, Leaving safepoint: 19083 ns, Total: 629667 ns, Threads: 1 runnable, 42 total
[2026-09-03T12:40:48.518+0800][2.372s][info][gc,marking  ] GC(30) Concurrent Mark 4.545ms
[2026-09-03T12:40:48.518+0800][2.372s][info][gc,marking  ] GC(30) Concurrent Rebuild Remembered Sets and Scrub Regions
[2026-09-03T12:40:48.524+0800][2.378s][info][gc,marking  ] GC(30) Concurrent Rebuild Remembered Sets and Scrub Regions 6.118ms
[2026-09-03T12:40:48.524+0800][2.378s][info][gc,start    ] GC(30) Pause Cleanup
[2026-09-03T12:40:48.524+0800][2.378s][info][gc          ] GC(30) Pause Cleanup 118M->118M(256M) 0.041ms
[2026-09-03T12:40:48.524+0800][2.378s][info][gc,cpu      ] GC(30) User=0.00s Sys=0.00s Real=0.00s
[2026-09-03T12:40:48.524+0800][2.378s][info][safepoint   ] Safepoint "G1PauseCleanup", Time since last: 6191167 ns, Reaching safepoint: 2291 ns, At safepoint: 61334 ns, Leaving safepoint: 14291 ns, Total: 77916 ns, Threads: 0 runnable, 42 total
[2026-09-03T12:40:48.524+0800][2.378s][info][gc,marking  ] GC(30) Concurrent Clear Claimed Marks
[2026-09-03T12:40:48.524+0800][2.378s][info][gc,marking  ] GC(30) Concurrent Clear Claimed Marks 0.012ms
[2026-09-03T12:40:48.524+0800][2.378s][info][gc,marking  ] GC(30) Concurrent Cleanup for Next Mark
[2026-09-03T12:40:48.524+0800][2.378s][info][gc,marking  ] GC(30) Concurrent Cleanup for Next Mark 0.105ms
[2026-09-03T12:40:48.524+0800][2.378s][info][gc          ] GC(30) Concurrent Mark Cycle 13.401ms
[2026-09-03T12:40:48.592+0800][2.446s][info][gc,start    ] GC(31) Pause Young (Prepare Mixed) (G1 Evacuation Pause)
[2026-09-03T12:40:48.592+0800][2.446s][info][gc,task     ] GC(31) Using 9 workers of 9 for evacuation
[2026-09-03T12:40:48.594+0800][2.448s][info][gc,phases   ] GC(31)   Pre Evacuate Collection Set: 0.06ms
[2026-09-03T12:40:48.594+0800][2.448s][info][gc,phases   ] GC(31)   Merge Heap Roots: 0.02ms
[2026-09-03T12:40:48.594+0800][2.448s][info][gc,phases   ] GC(31)   Evacuate Collection Set: 1.75ms
[2026-09-03T12:40:48.594+0800][2.448s][info][gc,phases   ] GC(31)   Post Evacuate Collection Set: 0.10ms
[2026-09-03T12:40:48.594+0800][2.448s][info][gc,phases   ] GC(31)   Other: 0.06ms
[2026-09-03T12:40:48.594+0800][2.448s][info][gc,heap     ] GC(31) Eden regions: 87->0(93)
[2026-09-03T12:40:48.594+0800][2.448s][info][gc,heap     ] GC(31) Survivor regions: 15->13(13)
[2026-09-03T12:40:48.594+0800][2.448s][info][gc,heap     ] GC(31) Old regions: 91->110
[2026-09-03T12:40:48.594+0800][2.448s][info][gc,heap     ] GC(31) Humongous regions: 1->1
[2026-09-03T12:40:48.594+0800][2.448s][info][gc,metaspace] GC(31) Metaspace: 1059K(1216K)->1059K(1216K) NonClass: 994K(1088K)->994K(1088K) Class: 64K(128K)->64K(128K)
[2026-09-03T12:40:48.594+0800][2.448s][info][gc          ] GC(31) Pause Young (Prepare Mixed) (G1 Evacuation Pause) 192M->123M(256M) 2.118ms
[2026-09-03T12:40:48.594+0800][2.448s][info][gc,cpu      ] GC(31) User=0.02s Sys=0.00s Real=0.00s
[2026-09-03T12:40:48.594+0800][2.448s][info][safepoint   ] Safepoint "G1CollectForAllocation", Time since last: 68184292 ns, Reaching safepoint: 2500 ns, At safepoint: 2144458 ns, Leaving safepoint: 34459 ns, Total: 2181417 ns, Threads: 0 runnable, 42 total
[2026-09-03T12:40:48.682+0800][2.536s][info][gc,start    ] GC(32) Pause Young (Mixed) (G1 Evacuation Pause)
[2026-09-03T12:40:48.682+0800][2.536s][info][gc,task     ] GC(32) Using 9 workers of 9 for evacuation
[2026-09-03T12:40:48.684+0800][2.538s][info][gc,phases   ] GC(32)   Pre Evacuate Collection Set: 0.05ms
[2026-09-03T12:40:48.684+0800][2.538s][info][gc,phases   ] GC(32)   Merge Heap Roots: 0.03ms
[2026-09-03T12:40:48.684+0800][2.538s][info][gc,phases   ] GC(32)   Evacuate Collection Set: 2.06ms
[2026-09-03T12:40:48.684+0800][2.538s][info][gc,phases   ] GC(32)   Post Evacuate Collection Set: 0.12ms
[2026-09-03T12:40:48.684+0800][2.538s][info][gc,phases   ] GC(32)   Other: 0.06ms
[2026-09-03T12:40:48.684+0800][2.538s][info][gc,heap     ] GC(32) Eden regions: 93->0(100)
[2026-09-03T12:40:48.684+0800][2.538s][info][gc,heap     ] GC(32) Survivor regions: 13->14(14)
[2026-09-03T12:40:48.684+0800][2.538s][info][gc,heap     ] GC(32) Old regions: 110->99
[2026-09-03T12:40:48.684+0800][2.538s][info][gc,heap     ] GC(32) Humongous regions: 1->1
[2026-09-03T12:40:48.684+0800][2.538s][info][gc,metaspace] GC(32) Metaspace: 1059K(1216K)->1059K(1216K) NonClass: 994K(1088K)->994K(1088K) Class: 64K(128K)->64K(128K)
[2026-09-03T12:40:48.684+0800][2.538s][info][gc          ] GC(32) Pause Young (Mixed) (G1 Evacuation Pause) 216M->113M(256M) 2.427ms
[2026-09-03T12:40:48.684+0800][2.538s][info][gc,cpu      ] GC(32) User=0.01s Sys=0.00s Real=0.00s
[2026-09-03T12:40:48.684+0800][2.538s][info][safepoint   ] Safepoint "G1CollectForAllocation", Time since last: 87220041 ns, Reaching safepoint: 32209 ns, At safepoint: 2453166 ns, Leaving safepoint: 54334 ns, Total: 2539709 ns, Threads: 2 runnable, 42 total
[2026-09-03T12:40:48.781+0800][2.635s][info][gc,start    ] GC(33) Pause Young (Mixed) (G1 Evacuation Pause)
[2026-09-03T12:40:48.781+0800][2.635s][info][gc,task     ] GC(33) Using 9 workers of 9 for evacuation
[2026-09-03T12:40:48.783+0800][2.637s][info][gc,phases   ] GC(33)   Pre Evacuate Collection Set: 0.09ms
[2026-09-03T12:40:48.783+0800][2.637s][info][gc,phases   ] GC(33)   Merge Heap Roots: 0.02ms
[2026-09-03T12:40:48.783+0800][2.637s][info][gc,phases   ] GC(33)   Evacuate Collection Set: 1.93ms
[2026-09-03T12:40:48.783+0800][2.637s][info][gc,phases   ] GC(33)   Post Evacuate Collection Set: 0.09ms
[2026-09-03T12:40:48.783+0800][2.637s][info][gc,phases   ] GC(33)   Other: 0.06ms
[2026-09-03T12:40:48.783+0800][2.637s][info][gc,heap     ] GC(33) Eden regions: 100->0(90)
[2026-09-03T12:40:48.783+0800][2.637s][info][gc,heap     ] GC(33) Survivor regions: 14->15(15)
[2026-09-03T12:40:48.783+0800][2.637s][info][gc,heap     ] GC(33) Old regions: 99->112
[2026-09-03T12:40:48.783+0800][2.637s][info][gc,heap     ] GC(33) Humongous regions: 1->1
[2026-09-03T12:40:48.783+0800][2.637s][info][gc,metaspace] GC(33) Metaspace: 1059K(1216K)->1059K(1216K) NonClass: 994K(1088K)->994K(1088K) Class: 64K(128K)->64K(128K)
[2026-09-03T12:40:48.783+0800][2.637s][info][gc          ] GC(33) Pause Young (Mixed) (G1 Evacuation Pause) 213M->127M(256M) 2.318ms
[2026-09-03T12:40:48.783+0800][2.637s][info][gc,cpu      ] GC(33) User=0.02s Sys=0.00s Real=0.00s
[2026-09-03T12:40:48.783+0800][2.637s][info][safepoint   ] Safepoint "G1CollectForAllocation", Time since last: 96824666 ns, Reaching safepoint: 2667 ns, At safepoint: 2357208 ns, Leaving safepoint: 24709 ns, Total: 2384584 ns, Threads: 0 runnable, 42 total
[2026-09-03T12:40:48.868+0800][2.722s][info][gc,start    ] GC(34) Pause Young (Concurrent Start) (G1 Evacuation Pause)
[2026-09-03T12:40:48.868+0800][2.722s][info][gc,task     ] GC(34) Using 9 workers of 9 for evacuation
[2026-09-03T12:40:48.870+0800][2.724s][info][gc,phases   ] GC(34)   Pre Evacuate Collection Set: 0.06ms
[2026-09-03T12:40:48.870+0800][2.724s][info][gc,phases   ] GC(34)   Merge Heap Roots: 0.02ms
[2026-09-03T12:40:48.870+0800][2.724s][info][gc,phases   ] GC(34)   Evacuate Collection Set: 1.90ms
[2026-09-03T12:40:48.870+0800][2.724s][info][gc,phases   ] GC(34)   Post Evacuate Collection Set: 0.11ms
[2026-09-03T12:40:48.870+0800][2.724s][info][gc,phases   ] GC(34)   Other: 0.05ms
[2026-09-03T12:40:48.870+0800][2.724s][info][gc,heap     ] GC(34) Eden regions: 90->0(78)
[2026-09-03T12:40:48.870+0800][2.724s][info][gc,heap     ] GC(34) Survivor regions: 15->14(14)
[2026-09-03T12:40:48.870+0800][2.724s][info][gc,heap     ] GC(34) Old regions: 112->131
[2026-09-03T12:40:48.870+0800][2.724s][info][gc,heap     ] GC(34) Humongous regions: 1->1
[2026-09-03T12:40:48.870+0800][2.724s][info][gc,metaspace] GC(34) Metaspace: 1059K(1216K)->1059K(1216K) NonClass: 994K(1088K)->994K(1088K) Class: 64K(128K)->64K(128K)
[2026-09-03T12:40:48.870+0800][2.724s][info][gc          ] GC(34) Pause Young (Concurrent Start) (G1 Evacuation Pause) 217M->145M(256M) 2.248ms
[2026-09-03T12:40:48.870+0800][2.724s][info][gc,cpu      ] GC(34) User=0.01s Sys=0.00s Real=0.01s
[2026-09-03T12:40:48.870+0800][2.724s][info][gc          ] GC(35) Concurrent Mark Cycle
[2026-09-03T12:40:48.870+0800][2.724s][info][gc,marking  ] GC(35) Concurrent Scan Root Regions
[2026-09-03T12:40:48.870+0800][2.724s][info][safepoint   ] Safepoint "G1CollectForAllocation", Time since last: 84446666 ns, Reaching safepoint: 32667 ns, At safepoint: 2280750 ns, Leaving safepoint: 72083 ns, Total: 2385500 ns, Threads: 3 runnable, 42 total
[2026-09-03T12:40:48.872+0800][2.726s][info][gc,marking  ] GC(35) Concurrent Scan Root Regions 2.292ms
[2026-09-03T12:40:48.872+0800][2.727s][info][gc,marking  ] GC(35) Concurrent Mark
[2026-09-03T12:40:48.872+0800][2.727s][info][gc,marking  ] GC(35) Concurrent Mark From Roots
[2026-09-03T12:40:48.872+0800][2.727s][info][gc,task     ] GC(35) Concurrent Mark Using 2 of 2 Workers
[2026-09-03T12:40:48.877+0800][2.731s][info][gc,marking  ] GC(35) Concurrent Mark From Roots 4.387ms
[2026-09-03T12:40:48.877+0800][2.731s][info][gc,marking  ] GC(35) Concurrent Preclean
[2026-09-03T12:40:48.877+0800][2.731s][info][gc,marking  ] GC(35) Concurrent Preclean 0.020ms
[2026-09-03T12:40:48.877+0800][2.731s][info][gc,start    ] GC(35) Pause Remark
[2026-09-03T12:40:48.877+0800][2.731s][info][gc          ] GC(35) Pause Remark 152M->119M(256M) 0.367ms
[2026-09-03T12:40:48.877+0800][2.732s][info][gc,cpu      ] GC(35) User=0.00s Sys=0.01s Real=0.00s
[2026-09-03T12:40:48.877+0800][2.732s][info][safepoint   ] Safepoint "G1PauseRemark", Time since last: 6838584 ns, Reaching safepoint: 5500 ns, At safepoint: 415625 ns, Leaving safepoint: 39708 ns, Total: 460833 ns, Threads: 2 runnable, 42 total
[2026-09-03T12:40:48.877+0800][2.732s][info][gc,marking  ] GC(35) Concurrent Mark 5.113ms
[2026-09-03T12:40:48.877+0800][2.732s][info][gc,marking  ] GC(35) Concurrent Rebuild Remembered Sets and Scrub Regions
[2026-09-03T12:40:48.882+0800][2.736s][info][gc,marking  ] GC(35) Concurrent Rebuild Remembered Sets and Scrub Regions 4.348ms
[2026-09-03T12:40:48.882+0800][2.736s][info][gc,start    ] GC(35) Pause Cleanup
[2026-09-03T12:40:48.882+0800][2.736s][info][gc          ] GC(35) Pause Cleanup 123M->123M(256M) 0.041ms
[2026-09-03T12:40:48.882+0800][2.736s][info][gc,cpu      ] GC(35) User=0.00s Sys=0.00s Real=0.00s
[2026-09-03T12:40:48.882+0800][2.736s][info][safepoint   ] Safepoint "G1PauseCleanup", Time since last: 4492792 ns, Reaching safepoint: 49375 ns, At safepoint: 68083 ns, Leaving safepoint: 29667 ns, Total: 147125 ns, Threads: 1 runnable, 42 total
[2026-09-03T12:40:48.882+0800][2.736s][info][gc,marking  ] GC(35) Concurrent Clear Claimed Marks
[2026-09-03T12:40:48.882+0800][2.736s][info][gc,marking  ] GC(35) Concurrent Clear Claimed Marks 0.031ms
[2026-09-03T12:40:48.882+0800][2.736s][info][gc,marking  ] GC(35) Concurrent Cleanup for Next Mark
[2026-09-03T12:40:48.882+0800][2.737s][info][gc,marking  ] GC(35) Concurrent Cleanup for Next Mark 0.257ms
[2026-09-03T12:40:48.882+0800][2.737s][info][gc          ] GC(35) Concurrent Mark Cycle 12.392ms
[2026-09-03T12:40:48.947+0800][2.802s][info][gc,start    ] GC(36) Pause Young (Prepare Mixed) (G1 Evacuation Pause)
[2026-09-03T12:40:48.948+0800][2.802s][info][gc,task     ] GC(36) Using 9 workers of 9 for evacuation
[2026-09-03T12:40:48.949+0800][2.804s][info][gc,phases   ] GC(36)   Pre Evacuate Collection Set: 0.07ms
[2026-09-03T12:40:48.949+0800][2.804s][info][gc,phases   ] GC(36)   Merge Heap Roots: 0.02ms
[2026-09-03T12:40:48.949+0800][2.804s][info][gc,phases   ] GC(36)   Evacuate Collection Set: 1.64ms
[2026-09-03T12:40:48.949+0800][2.804s][info][gc,phases   ] GC(36)   Post Evacuate Collection Set: 0.09ms
[2026-09-03T12:40:48.949+0800][2.804s][info][gc,phases   ] GC(36)   Other: 0.06ms
[2026-09-03T12:40:48.949+0800][2.804s][info][gc,heap     ] GC(36) Eden regions: 78->0(90)
[2026-09-03T12:40:48.949+0800][2.804s][info][gc,heap     ] GC(36) Survivor regions: 14->12(12)
[2026-09-03T12:40:48.949+0800][2.804s][info][gc,heap     ] GC(36) Old regions: 98->116
[2026-09-03T12:40:48.949+0800][2.804s][info][gc,heap     ] GC(36) Humongous regions: 1->1
[2026-09-03T12:40:48.949+0800][2.804s][info][gc,metaspace] GC(36) Metaspace: 1059K(1216K)->1059K(1216K) NonClass: 994K(1088K)->994K(1088K) Class: 64K(128K)->64K(128K)
[2026-09-03T12:40:48.949+0800][2.804s][info][gc          ] GC(36) Pause Young (Prepare Mixed) (G1 Evacuation Pause) 190M->128M(256M) 1.990ms
[2026-09-03T12:40:48.949+0800][2.804s][info][gc,cpu      ] GC(36) User=0.02s Sys=0.00s Real=0.00s
[2026-09-03T12:40:48.950+0800][2.804s][info][safepoint   ] Safepoint "G1CollectForAllocation", Time since last: 65419083 ns, Reaching safepoint: 17417 ns, At safepoint: 2015500 ns, Leaving safepoint: 22250 ns, Total: 2055167 ns, Threads: 2 runnable, 42 total
[2026-09-03T12:40:49.034+0800][2.888s][info][gc,start    ] GC(37) Pause Young (Mixed) (G1 Evacuation Pause)
[2026-09-03T12:40:49.034+0800][2.888s][info][gc,task     ] GC(37) Using 9 workers of 9 for evacuation
[2026-09-03T12:40:49.036+0800][2.890s][info][gc,phases   ] GC(37)   Pre Evacuate Collection Set: 0.07ms
[2026-09-03T12:40:49.036+0800][2.890s][info][gc,phases   ] GC(37)   Merge Heap Roots: 0.04ms
[2026-09-03T12:40:49.036+0800][2.890s][info][gc,phases   ] GC(37)   Evacuate Collection Set: 1.67ms
[2026-09-03T12:40:49.036+0800][2.890s][info][gc,phases   ] GC(37)   Post Evacuate Collection Set: 0.11ms
[2026-09-03T12:40:49.036+0800][2.890s][info][gc,phases   ] GC(37)   Other: 0.06ms
[2026-09-03T12:40:49.036+0800][2.890s][info][gc,heap     ] GC(37) Eden regions: 90->0(95)
[2026-09-03T12:40:49.036+0800][2.890s][info][gc,heap     ] GC(37) Survivor regions: 12->13(13)
[2026-09-03T12:40:49.036+0800][2.890s][info][gc,heap     ] GC(37) Old regions: 116->108
[2026-09-03T12:40:49.036+0800][2.890s][info][gc,heap     ] GC(37) Humongous regions: 1->1
[2026-09-03T12:40:49.036+0800][2.890s][info][gc,metaspace] GC(37) Metaspace: 1059K(1216K)->1059K(1216K) NonClass: 994K(1088K)->994K(1088K) Class: 64K(128K)->64K(128K)
[2026-09-03T12:40:49.036+0800][2.890s][info][gc          ] GC(37) Pause Young (Mixed) (G1 Evacuation Pause) 218M->120M(256M) 2.055ms
[2026-09-03T12:40:49.036+0800][2.890s][info][gc,cpu      ] GC(37) User=0.01s Sys=0.00s Real=0.00s
[2026-09-03T12:40:49.036+0800][2.890s][info][safepoint   ] Safepoint "G1CollectForAllocation", Time since last: 84267125 ns, Reaching safepoint: 24083 ns, At safepoint: 2099667 ns, Leaving safepoint: 41875 ns, Total: 2165625 ns, Threads: 2 runnable, 42 total
[2026-09-03T12:40:49.124+0800][2.978s][info][gc,start    ] GC(38) Pause Young (Mixed) (G1 Evacuation Pause)
[2026-09-03T12:40:49.124+0800][2.978s][info][gc,task     ] GC(38) Using 9 workers of 9 for evacuation
[2026-09-03T12:40:49.126+0800][2.980s][info][gc,phases   ] GC(38)   Pre Evacuate Collection Set: 0.06ms
[2026-09-03T12:40:49.126+0800][2.980s][info][gc,phases   ] GC(38)   Merge Heap Roots: 0.02ms
[2026-09-03T12:40:49.126+0800][2.980s][info][gc,phases   ] GC(38)   Evacuate Collection Set: 1.97ms
[2026-09-03T12:40:49.126+0800][2.980s][info][gc,phases   ] GC(38)   Post Evacuate Collection Set: 0.10ms
[2026-09-03T12:40:49.126+0800][2.980s][info][gc,phases   ] GC(38)   Other: 0.06ms
[2026-09-03T12:40:49.126+0800][2.980s][info][gc,heap     ] GC(38) Eden regions: 95->0(91)
[2026-09-03T12:40:49.126+0800][2.980s][info][gc,heap     ] GC(38) Survivor regions: 13->14(14)
[2026-09-03T12:40:49.126+0800][2.980s][info][gc,heap     ] GC(38) Old regions: 108->112
[2026-09-03T12:40:49.126+0800][2.980s][info][gc,heap     ] GC(38) Humongous regions: 1->1
[2026-09-03T12:40:49.126+0800][2.980s][info][gc,metaspace] GC(38) Metaspace: 1059K(1216K)->1059K(1216K) NonClass: 994K(1088K)->994K(1088K) Class: 64K(128K)->64K(128K)
[2026-09-03T12:40:49.126+0800][2.980s][info][gc          ] GC(38) Pause Young (Mixed) (G1 Evacuation Pause) 215M->126M(256M) 2.321ms
[2026-09-03T12:40:49.126+0800][2.980s][info][gc,cpu      ] GC(38) User=0.01s Sys=0.00s Real=0.00s
[2026-09-03T12:40:49.126+0800][2.981s][info][safepoint   ] Safepoint "G1CollectForAllocation", Time since last: 87991833 ns, Reaching safepoint: 60833 ns, At safepoint: 2345542 ns, Leaving safepoint: 41792 ns, Total: 2448167 ns, Threads: 2 runnable, 42 total
[2026-09-03T12:40:49.211+0800][3.065s][info][gc,start    ] GC(39) Pause Young (Concurrent Start) (G1 Evacuation Pause)
[2026-09-03T12:40:49.211+0800][3.065s][info][gc,task     ] GC(39) Using 9 workers of 9 for evacuation
[2026-09-03T12:40:49.213+0800][3.067s][info][gc,phases   ] GC(39)   Pre Evacuate Collection Set: 0.07ms
[2026-09-03T12:40:49.213+0800][3.067s][info][gc,phases   ] GC(39)   Merge Heap Roots: 0.04ms
[2026-09-03T12:40:49.213+0800][3.067s][info][gc,phases   ] GC(39)   Evacuate Collection Set: 1.91ms
[2026-09-03T12:40:49.213+0800][3.067s][info][gc,phases   ] GC(39)   Post Evacuate Collection Set: 0.07ms
[2026-09-03T12:40:49.213+0800][3.067s][info][gc,phases   ] GC(39)   Other: 0.10ms
[2026-09-03T12:40:49.213+0800][3.067s][info][gc,heap     ] GC(39) Eden regions: 91->0(78)
[2026-09-03T12:40:49.213+0800][3.067s][info][gc,heap     ] GC(39) Survivor regions: 14->14(14)
[2026-09-03T12:40:49.213+0800][3.067s][info][gc,heap     ] GC(39) Old regions: 112->131
[2026-09-03T12:40:49.213+0800][3.067s][info][gc,heap     ] GC(39) Humongous regions: 1->1
[2026-09-03T12:40:49.213+0800][3.067s][info][gc,metaspace] GC(39) Metaspace: 1059K(1216K)->1059K(1216K) NonClass: 994K(1088K)->994K(1088K) Class: 64K(128K)->64K(128K)
[2026-09-03T12:40:49.213+0800][3.067s][info][gc          ] GC(39) Pause Young (Concurrent Start) (G1 Evacuation Pause) 217M->144M(256M) 2.328ms
[2026-09-03T12:40:49.213+0800][3.067s][info][gc          ] GC(40) Concurrent Mark Cycle
[2026-09-03T12:40:49.213+0800][3.067s][info][gc,cpu      ] GC(39) User=0.01s Sys=0.00s Real=0.00s
[2026-09-03T12:40:49.213+0800][3.067s][info][gc,marking  ] GC(40) Concurrent Scan Root Regions
[2026-09-03T12:40:49.213+0800][3.067s][info][safepoint   ] Safepoint "G1CollectForAllocation", Time since last: 84340666 ns, Reaching safepoint: 2125 ns, At safepoint: 2377709 ns, Leaving safepoint: 22833 ns, Total: 2402667 ns, Threads: 0 runnable, 42 total
[2026-09-03T12:40:49.215+0800][3.069s][info][gc,marking  ] GC(40) Concurrent Scan Root Regions 1.900ms
[2026-09-03T12:40:49.215+0800][3.069s][info][gc,marking  ] GC(40) Concurrent Mark
[2026-09-03T12:40:49.215+0800][3.069s][info][gc,marking  ] GC(40) Concurrent Mark From Roots
[2026-09-03T12:40:49.215+0800][3.069s][info][gc,task     ] GC(40) Concurrent Mark Using 2 of 2 Workers
[2026-09-03T12:40:49.219+0800][3.073s][info][gc,marking  ] GC(40) Concurrent Mark From Roots 3.866ms
[2026-09-03T12:40:49.219+0800][3.073s][info][gc,marking  ] GC(40) Concurrent Preclean
[2026-09-03T12:40:49.219+0800][3.073s][info][gc,marking  ] GC(40) Concurrent Preclean 0.019ms
[2026-09-03T12:40:49.219+0800][3.073s][info][gc,start    ] GC(40) Pause Remark
[2026-09-03T12:40:49.219+0800][3.074s][info][gc          ] GC(40) Pause Remark 151M->114M(256M) 0.349ms
[2026-09-03T12:40:49.219+0800][3.074s][info][gc,cpu      ] GC(40) User=0.00s Sys=0.01s Real=0.00s
[2026-09-03T12:40:49.219+0800][3.074s][info][safepoint   ] Safepoint "G1PauseRemark", Time since last: 5842500 ns, Reaching safepoint: 24083 ns, At safepoint: 391542 ns, Leaving safepoint: 22792 ns, Total: 438417 ns, Threads: 1 runnable, 42 total
[2026-09-03T12:40:49.219+0800][3.074s][info][gc,marking  ] GC(40) Concurrent Mark 4.413ms
[2026-09-03T12:40:49.219+0800][3.074s][info][gc,marking  ] GC(40) Concurrent Rebuild Remembered Sets and Scrub Regions
[2026-09-03T12:40:49.223+0800][3.078s][info][gc,marking  ] GC(40) Concurrent Rebuild Remembered Sets and Scrub Regions 4.006ms
[2026-09-03T12:40:49.224+0800][3.078s][info][gc,start    ] GC(40) Pause Cleanup
[2026-09-03T12:40:49.224+0800][3.078s][info][gc          ] GC(40) Pause Cleanup 119M->119M(256M) 0.035ms
[2026-09-03T12:40:49.224+0800][3.078s][info][gc,cpu      ] GC(40) User=0.00s Sys=0.00s Real=0.00s
[2026-09-03T12:40:49.224+0800][3.078s][info][safepoint   ] Safepoint "G1PauseCleanup", Time since last: 4052291 ns, Reaching safepoint: 24292 ns, At safepoint: 89500 ns, Leaving safepoint: 23375 ns, Total: 137167 ns, Threads: 2 runnable, 42 total
[2026-09-03T12:40:49.224+0800][3.078s][info][gc,marking  ] GC(40) Concurrent Clear Claimed Marks
[2026-09-03T12:40:49.224+0800][3.078s][info][gc,marking  ] GC(40) Concurrent Clear Claimed Marks 0.004ms
[2026-09-03T12:40:49.224+0800][3.078s][info][gc,marking  ] GC(40) Concurrent Cleanup for Next Mark
[2026-09-03T12:40:49.224+0800][3.078s][info][gc,marking  ] GC(40) Concurrent Cleanup for Next Mark 0.087ms
[2026-09-03T12:40:49.224+0800][3.078s][info][gc          ] GC(40) Concurrent Mark Cycle 10.621ms
[2026-09-03T12:40:49.285+0800][3.140s][info][gc,start    ] GC(41) Pause Young (Prepare Mixed) (G1 Evacuation Pause)
[2026-09-03T12:40:49.285+0800][3.140s][info][gc,task     ] GC(41) Using 9 workers of 9 for evacuation
[2026-09-03T12:40:49.287+0800][3.142s][info][gc,phases   ] GC(41)   Pre Evacuate Collection Set: 0.05ms
[2026-09-03T12:40:49.287+0800][3.142s][info][gc,phases   ] GC(41)   Merge Heap Roots: 0.02ms
[2026-09-03T12:40:49.287+0800][3.142s][info][gc,phases   ] GC(41)   Evacuate Collection Set: 1.72ms
[2026-09-03T12:40:49.287+0800][3.142s][info][gc,phases   ] GC(41)   Post Evacuate Collection Set: 0.11ms
[2026-09-03T12:40:49.287+0800][3.142s][info][gc,phases   ] GC(41)   Other: 0.06ms
[2026-09-03T12:40:49.287+0800][3.142s][info][gc,heap     ] GC(41) Eden regions: 78->0(92)
[2026-09-03T12:40:49.287+0800][3.142s][info][gc,heap     ] GC(41) Survivor regions: 14->12(12)
[2026-09-03T12:40:49.287+0800][3.142s][info][gc,heap     ] GC(41) Old regions: 94->112
[2026-09-03T12:40:49.287+0800][3.142s][info][gc,heap     ] GC(41) Humongous regions: 1->1
[2026-09-03T12:40:49.287+0800][3.142s][info][gc,metaspace] GC(41) Metaspace: 1059K(1216K)->1059K(1216K) NonClass: 994K(1088K)->994K(1088K) Class: 64K(128K)->64K(128K)
[2026-09-03T12:40:49.287+0800][3.142s][info][gc          ] GC(41) Pause Young (Prepare Mixed) (G1 Evacuation Pause) 185M->124M(256M) 2.062ms
[2026-09-03T12:40:49.287+0800][3.142s][info][gc,cpu      ] GC(41) User=0.02s Sys=0.00s Real=0.00s
[2026-09-03T12:40:49.288+0800][3.142s][info][safepoint   ] Safepoint "G1CollectForAllocation", Time since last: 61720917 ns, Reaching safepoint: 32750 ns, At safepoint: 2095208 ns, Leaving safepoint: 64542 ns, Total: 2192500 ns, Threads: 2 runnable, 42 total
[2026-09-03T12:40:49.374+0800][3.228s][info][gc,start    ] GC(42) Pause Young (Mixed) (G1 Evacuation Pause)
[2026-09-03T12:40:49.374+0800][3.228s][info][gc,task     ] GC(42) Using 9 workers of 9 for evacuation
[2026-09-03T12:40:49.376+0800][3.230s][info][gc,phases   ] GC(42)   Pre Evacuate Collection Set: 0.05ms
[2026-09-03T12:40:49.376+0800][3.231s][info][gc,phases   ] GC(42)   Merge Heap Roots: 0.03ms
[2026-09-03T12:40:49.376+0800][3.231s][info][gc,phases   ] GC(42)   Evacuate Collection Set: 1.77ms
[2026-09-03T12:40:49.376+0800][3.231s][info][gc,phases   ] GC(42)   Post Evacuate Collection Set: 0.11ms
[2026-09-03T12:40:49.376+0800][3.231s][info][gc,phases   ] GC(42)   Other: 0.06ms
[2026-09-03T12:40:49.376+0800][3.231s][info][gc,heap     ] GC(42) Eden regions: 92->0(100)
[2026-09-03T12:40:49.376+0800][3.231s][info][gc,heap     ] GC(42) Survivor regions: 12->13(13)
[2026-09-03T12:40:49.376+0800][3.231s][info][gc,heap     ] GC(42) Old regions: 112->100
[2026-09-03T12:40:49.376+0800][3.231s][info][gc,heap     ] GC(42) Humongous regions: 1->1
[2026-09-03T12:40:49.376+0800][3.231s][info][gc,metaspace] GC(42) Metaspace: 1059K(1216K)->1059K(1216K) NonClass: 994K(1088K)->994K(1088K) Class: 64K(128K)->64K(128K)
[2026-09-03T12:40:49.376+0800][3.231s][info][gc          ] GC(42) Pause Young (Mixed) (G1 Evacuation Pause) 216M->113M(256M) 2.114ms
[2026-09-03T12:40:49.376+0800][3.231s][info][gc,cpu      ] GC(42) User=0.01s Sys=0.01s Real=0.00s
[2026-09-03T12:40:49.376+0800][3.231s][info][safepoint   ] Safepoint "G1CollectForAllocation", Time since last: 86711875 ns, Reaching safepoint: 41250 ns, At safepoint: 2149666 ns, Leaving safepoint: 43500 ns, Total: 2234416 ns, Threads: 1 runnable, 42 total
[2026-09-03T12:40:49.471+0800][3.325s][info][gc,start    ] GC(43) Pause Young (Mixed) (G1 Evacuation Pause)
[2026-09-03T12:40:49.471+0800][3.325s][info][gc,task     ] GC(43) Using 9 workers of 9 for evacuation
[2026-09-03T12:40:49.473+0800][3.327s][info][gc,phases   ] GC(43)   Pre Evacuate Collection Set: 0.07ms
[2026-09-03T12:40:49.473+0800][3.327s][info][gc,phases   ] GC(43)   Merge Heap Roots: 0.02ms
[2026-09-03T12:40:49.473+0800][3.327s][info][gc,phases   ] GC(43)   Evacuate Collection Set: 1.76ms
[2026-09-03T12:40:49.473+0800][3.327s][info][gc,phases   ] GC(43)   Post Evacuate Collection Set: 0.09ms
[2026-09-03T12:40:49.473+0800][3.327s][info][gc,phases   ] GC(43)   Other: 0.06ms
[2026-09-03T12:40:49.473+0800][3.327s][info][gc,heap     ] GC(43) Eden regions: 100->0(90)
[2026-09-03T12:40:49.473+0800][3.327s][info][gc,heap     ] GC(43) Survivor regions: 13->15(15)
[2026-09-03T12:40:49.473+0800][3.327s][info][gc,heap     ] GC(43) Old regions: 100->113
[2026-09-03T12:40:49.473+0800][3.327s][info][gc,heap     ] GC(43) Humongous regions: 1->1
[2026-09-03T12:40:49.473+0800][3.327s][info][gc,metaspace] GC(43) Metaspace: 1059K(1216K)->1059K(1216K) NonClass: 994K(1088K)->994K(1088K) Class: 64K(128K)->64K(128K)
[2026-09-03T12:40:49.473+0800][3.327s][info][gc          ] GC(43) Pause Young (Mixed) (G1 Evacuation Pause) 213M->127M(256M) 2.113ms
[2026-09-03T12:40:49.473+0800][3.327s][info][gc,cpu      ] GC(43) User=0.01s Sys=0.00s Real=0.00s
[2026-09-03T12:40:49.473+0800][3.327s][info][safepoint   ] Safepoint "G1CollectForAllocation", Time since last: 94200209 ns, Reaching safepoint: 2500 ns, At safepoint: 2136250 ns, Leaving safepoint: 45250 ns, Total: 2184000 ns, Threads: 0 runnable, 42 total
[2026-09-03T12:40:49.558+0800][3.412s][info][gc,start    ] GC(44) Pause Young (Concurrent Start) (G1 Evacuation Pause)
[2026-09-03T12:40:49.558+0800][3.412s][info][gc,task     ] GC(44) Using 9 workers of 9 for evacuation
[2026-09-03T12:40:49.560+0800][3.414s][info][gc,phases   ] GC(44)   Pre Evacuate Collection Set: 0.08ms
[2026-09-03T12:40:49.560+0800][3.414s][info][gc,phases   ] GC(44)   Merge Heap Roots: 0.02ms
[2026-09-03T12:40:49.560+0800][3.414s][info][gc,phases   ] GC(44)   Evacuate Collection Set: 1.80ms
[2026-09-03T12:40:49.560+0800][3.414s][info][gc,phases   ] GC(44)   Post Evacuate Collection Set: 0.09ms
[2026-09-03T12:40:49.560+0800][3.414s][info][gc,phases   ] GC(44)   Other: 0.06ms
[2026-09-03T12:40:49.560+0800][3.414s][info][gc,heap     ] GC(44) Eden regions: 90->0(76)
[2026-09-03T12:40:49.560+0800][3.414s][info][gc,heap     ] GC(44) Survivor regions: 15->14(14)
[2026-09-03T12:40:49.560+0800][3.414s][info][gc,heap     ] GC(44) Old regions: 113->133
[2026-09-03T12:40:49.560+0800][3.414s][info][gc,heap     ] GC(44) Humongous regions: 1->1
[2026-09-03T12:40:49.560+0800][3.414s][info][gc,metaspace] GC(44) Metaspace: 1059K(1216K)->1059K(1216K) NonClass: 994K(1088K)->994K(1088K) Class: 64K(128K)->64K(128K)
[2026-09-03T12:40:49.560+0800][3.414s][info][gc          ] GC(44) Pause Young (Concurrent Start) (G1 Evacuation Pause) 217M->147M(256M) 2.144ms
[2026-09-03T12:40:49.560+0800][3.414s][info][gc,cpu      ] GC(44) User=0.02s Sys=0.00s Real=0.01s
[2026-09-03T12:40:49.560+0800][3.414s][info][gc          ] GC(45) Concurrent Mark Cycle
[2026-09-03T12:40:49.560+0800][3.414s][info][gc,marking  ] GC(45) Concurrent Scan Root Regions
[2026-09-03T12:40:49.560+0800][3.414s][info][safepoint   ] Safepoint "G1CollectForAllocation", Time since last: 84740291 ns, Reaching safepoint: 2750 ns, At safepoint: 2172125 ns, Leaving safepoint: 44709 ns, Total: 2219584 ns, Threads: 0 runnable, 42 total
[2026-09-03T12:40:49.562+0800][3.416s][info][gc,marking  ] GC(45) Concurrent Scan Root Regions 1.966ms
[2026-09-03T12:40:49.562+0800][3.416s][info][gc,marking  ] GC(45) Concurrent Mark
[2026-09-03T12:40:49.562+0800][3.416s][info][gc,marking  ] GC(45) Concurrent Mark From Roots
[2026-09-03T12:40:49.562+0800][3.416s][info][gc,task     ] GC(45) Concurrent Mark Using 2 of 2 Workers
[2026-09-03T12:40:49.566+0800][3.420s][info][gc,marking  ] GC(45) Concurrent Mark From Roots 4.464ms
[2026-09-03T12:40:49.566+0800][3.420s][info][gc,marking  ] GC(45) Concurrent Preclean
[2026-09-03T12:40:49.566+0800][3.420s][info][gc,marking  ] GC(45) Concurrent Preclean 0.008ms
[2026-09-03T12:40:49.566+0800][3.420s][info][gc,start    ] GC(45) Pause Remark
[2026-09-03T12:40:49.567+0800][3.421s][info][gc          ] GC(45) Pause Remark 154M->119M(256M) 0.316ms
[2026-09-03T12:40:49.567+0800][3.421s][info][gc,cpu      ] GC(45) User=0.00s Sys=0.00s Real=0.00s
[2026-09-03T12:40:49.567+0800][3.421s][info][safepoint   ] Safepoint "G1PauseRemark", Time since last: 6465583 ns, Reaching safepoint: 2125 ns, At safepoint: 335292 ns, Leaving safepoint: 20458 ns, Total: 357875 ns, Threads: 0 runnable, 42 total
[2026-09-03T12:40:49.567+0800][3.421s][info][gc,marking  ] GC(45) Concurrent Mark 4.935ms
[2026-09-03T12:40:49.567+0800][3.421s][info][gc,marking  ] GC(45) Concurrent Rebuild Remembered Sets and Scrub Regions
[2026-09-03T12:40:49.571+0800][3.425s][info][gc,marking  ] GC(45) Concurrent Rebuild Remembered Sets and Scrub Regions 3.806ms
[2026-09-03T12:40:49.571+0800][3.425s][info][gc,start    ] GC(45) Pause Cleanup
[2026-09-03T12:40:49.571+0800][3.425s][info][gc          ] GC(45) Pause Cleanup 124M->124M(256M) 0.126ms
[2026-09-03T12:40:49.571+0800][3.425s][info][gc,cpu      ] GC(45) User=0.00s Sys=0.00s Real=0.00s
[2026-09-03T12:40:49.571+0800][3.425s][info][safepoint   ] Safepoint "G1PauseCleanup", Time since last: 3966833 ns, Reaching safepoint: 41209 ns, At safepoint: 163708 ns, Leaving safepoint: 17875 ns, Total: 222792 ns, Threads: 1 runnable, 42 total
[2026-09-03T12:40:49.571+0800][3.425s][info][gc,marking  ] GC(45) Concurrent Clear Claimed Marks
[2026-09-03T12:40:49.571+0800][3.425s][info][gc,marking  ] GC(45) Concurrent Clear Claimed Marks 0.024ms
[2026-09-03T12:40:49.571+0800][3.425s][info][gc,marking  ] GC(45) Concurrent Cleanup for Next Mark
[2026-09-03T12:40:49.571+0800][3.425s][info][gc,marking  ] GC(45) Concurrent Cleanup for Next Mark 0.210ms
[2026-09-03T12:40:49.571+0800][3.425s][info][gc          ] GC(45) Concurrent Mark Cycle 11.454ms
[2026-09-03T12:40:49.632+0800][3.486s][info][gc,start    ] GC(46) Pause Young (Prepare Mixed) (G1 Evacuation Pause)
[2026-09-03T12:40:49.632+0800][3.487s][info][gc,task     ] GC(46) Using 9 workers of 9 for evacuation
[2026-09-03T12:40:49.634+0800][3.488s][info][gc,phases   ] GC(46)   Pre Evacuate Collection Set: 0.07ms
[2026-09-03T12:40:49.634+0800][3.488s][info][gc,phases   ] GC(46)   Merge Heap Roots: 0.02ms
[2026-09-03T12:40:49.634+0800][3.488s][info][gc,phases   ] GC(46)   Evacuate Collection Set: 1.62ms
[2026-09-03T12:40:49.634+0800][3.488s][info][gc,phases   ] GC(46)   Post Evacuate Collection Set: 0.08ms
[2026-09-03T12:40:49.634+0800][3.488s][info][gc,phases   ] GC(46)   Other: 0.06ms
[2026-09-03T12:40:49.634+0800][3.488s][info][gc,heap     ] GC(46) Eden regions: 76->0(90)
[2026-09-03T12:40:49.634+0800][3.488s][info][gc,heap     ] GC(46) Survivor regions: 14->12(12)
[2026-09-03T12:40:49.634+0800][3.488s][info][gc,heap     ] GC(46) Old regions: 98->116
[2026-09-03T12:40:49.634+0800][3.488s][info][gc,heap     ] GC(46) Humongous regions: 1->1
[2026-09-03T12:40:49.634+0800][3.488s][info][gc,metaspace] GC(46) Metaspace: 1059K(1216K)->1059K(1216K) NonClass: 994K(1088K)->994K(1088K) Class: 64K(128K)->64K(128K)
[2026-09-03T12:40:49.634+0800][3.488s][info][gc          ] GC(46) Pause Young (Prepare Mixed) (G1 Evacuation Pause) 188M->127M(256M) 1.940ms
[2026-09-03T12:40:49.634+0800][3.488s][info][gc,cpu      ] GC(46) User=0.02s Sys=0.00s Real=0.00s
[2026-09-03T12:40:49.634+0800][3.488s][info][safepoint   ] Safepoint "G1CollectForAllocation", Time since last: 61427417 ns, Reaching safepoint: 39000 ns, At safepoint: 1999375 ns, Leaving safepoint: 35916 ns, Total: 2074291 ns, Threads: 2 runnable, 42 total
[2026-09-03T12:40:49.718+0800][3.572s][info][gc,start    ] GC(47) Pause Young (Mixed) (G1 Evacuation Pause)
[2026-09-03T12:40:49.718+0800][3.572s][info][gc,task     ] GC(47) Using 9 workers of 9 for evacuation
[2026-09-03T12:40:49.720+0800][3.574s][info][gc,phases   ] GC(47)   Pre Evacuate Collection Set: 0.07ms
[2026-09-03T12:40:49.720+0800][3.574s][info][gc,phases   ] GC(47)   Merge Heap Roots: 0.03ms
[2026-09-03T12:40:49.720+0800][3.574s][info][gc,phases   ] GC(47)   Evacuate Collection Set: 1.84ms
[2026-09-03T12:40:49.720+0800][3.574s][info][gc,phases   ] GC(47)   Post Evacuate Collection Set: 0.11ms
[2026-09-03T12:40:49.720+0800][3.574s][info][gc,phases   ] GC(47)   Other: 0.06ms
[2026-09-03T12:40:49.720+0800][3.574s][info][gc,heap     ] GC(47) Eden regions: 90->0(97)
[2026-09-03T12:40:49.720+0800][3.574s][info][gc,heap     ] GC(47) Survivor regions: 12->13(13)
[2026-09-03T12:40:49.720+0800][3.574s][info][gc,heap     ] GC(47) Old regions: 116->104
[2026-09-03T12:40:49.720+0800][3.574s][info][gc,heap     ] GC(47) Humongous regions: 1->1
[2026-09-03T12:40:49.720+0800][3.574s][info][gc,metaspace] GC(47) Metaspace: 1059K(1216K)->1059K(1216K) NonClass: 994K(1088K)->994K(1088K) Class: 64K(128K)->64K(128K)
[2026-09-03T12:40:49.720+0800][3.574s][info][gc          ] GC(47) Pause Young (Mixed) (G1 Evacuation Pause) 217M->116M(256M) 2.206ms
[2026-09-03T12:40:49.720+0800][3.574s][info][gc,cpu      ] GC(47) User=0.01s Sys=0.00s Real=0.01s
[2026-09-03T12:40:49.720+0800][3.574s][info][safepoint   ] Safepoint "G1CollectForAllocation", Time since last: 83512209 ns, Reaching safepoint: 38666 ns, At safepoint: 2231625 ns, Leaving safepoint: 22709 ns, Total: 2293000 ns, Threads: 4 runnable, 42 total
[2026-09-03T12:40:49.811+0800][3.665s][info][gc,start    ] GC(48) Pause Young (Mixed) (G1 Evacuation Pause)
[2026-09-03T12:40:49.811+0800][3.665s][info][gc,task     ] GC(48) Using 9 workers of 9 for evacuation
[2026-09-03T12:40:49.813+0800][3.667s][info][gc,phases   ] GC(48)   Pre Evacuate Collection Set: 0.08ms
[2026-09-03T12:40:49.813+0800][3.667s][info][gc,phases   ] GC(48)   Merge Heap Roots: 0.03ms
[2026-09-03T12:40:49.813+0800][3.667s][info][gc,phases   ] GC(48)   Evacuate Collection Set: 1.91ms
[2026-09-03T12:40:49.813+0800][3.667s][info][gc,phases   ] GC(48)   Post Evacuate Collection Set: 0.09ms
[2026-09-03T12:40:49.813+0800][3.667s][info][gc,phases   ] GC(48)   Other: 0.06ms
[2026-09-03T12:40:49.813+0800][3.667s][info][gc,heap     ] GC(48) Eden regions: 97->0(90)
[2026-09-03T12:40:49.813+0800][3.667s][info][gc,heap     ] GC(48) Survivor regions: 13->14(14)
[2026-09-03T12:40:49.813+0800][3.667s][info][gc,heap     ] GC(48) Old regions: 104->113
[2026-09-03T12:40:49.813+0800][3.667s][info][gc,heap     ] GC(48) Humongous regions: 1->1
[2026-09-03T12:40:49.813+0800][3.667s][info][gc,metaspace] GC(48) Metaspace: 1059K(1216K)->1059K(1216K) NonClass: 994K(1088K)->994K(1088K) Class: 64K(128K)->64K(128K)
[2026-09-03T12:40:49.813+0800][3.667s][info][gc          ] GC(48) Pause Young (Mixed) (G1 Evacuation Pause) 213M->126M(256M) 2.278ms
[2026-09-03T12:40:49.813+0800][3.667s][info][gc,cpu      ] GC(48) User=0.01s Sys=0.00s Real=0.00s
[2026-09-03T12:40:49.813+0800][3.667s][info][safepoint   ] Safepoint "G1CollectForAllocation", Time since last: 90474750 ns, Reaching safepoint: 16916 ns, At safepoint: 2304000 ns, Leaving safepoint: 24375 ns, Total: 2345291 ns, Threads: 0 runnable, 42 total
[2026-09-03T12:40:49.897+0800][3.751s][info][gc,start    ] GC(49) Pause Young (Concurrent Start) (G1 Evacuation Pause)
[2026-09-03T12:40:49.897+0800][3.751s][info][gc,task     ] GC(49) Using 9 workers of 9 for evacuation
[2026-09-03T12:40:49.899+0800][3.753s][info][gc,phases   ] GC(49)   Pre Evacuate Collection Set: 0.08ms
[2026-09-03T12:40:49.899+0800][3.753s][info][gc,phases   ] GC(49)   Merge Heap Roots: 0.02ms
[2026-09-03T12:40:49.899+0800][3.753s][info][gc,phases   ] GC(49)   Evacuate Collection Set: 1.75ms
[2026-09-03T12:40:49.899+0800][3.753s][info][gc,phases   ] GC(49)   Post Evacuate Collection Set: 0.10ms
[2026-09-03T12:40:49.899+0800][3.753s][info][gc,phases   ] GC(49)   Other: 0.05ms
[2026-09-03T12:40:49.899+0800][3.753s][info][gc,heap     ] GC(49) Eden regions: 90->0(78)
[2026-09-03T12:40:49.899+0800][3.753s][info][gc,heap     ] GC(49) Survivor regions: 14->13(13)
[2026-09-03T12:40:49.899+0800][3.753s][info][gc,heap     ] GC(49) Old regions: 113->132
[2026-09-03T12:40:49.899+0800][3.753s][info][gc,heap     ] GC(49) Humongous regions: 1->1
[2026-09-03T12:40:49.899+0800][3.753s][info][gc,metaspace] GC(49) Metaspace: 1059K(1216K)->1059K(1216K) NonClass: 994K(1088K)->994K(1088K) Class: 64K(128K)->64K(128K)
[2026-09-03T12:40:49.899+0800][3.753s][info][gc          ] GC(49) Pause Young (Concurrent Start) (G1 Evacuation Pause) 216M->145M(256M) 2.108ms
[2026-09-03T12:40:49.899+0800][3.753s][info][gc,cpu      ] GC(49) User=0.02s Sys=0.00s Real=0.00s
[2026-09-03T12:40:49.899+0800][3.753s][info][gc          ] GC(50) Concurrent Mark Cycle
[2026-09-03T12:40:49.899+0800][3.753s][info][gc,marking  ] GC(50) Concurrent Scan Root Regions
[2026-09-03T12:40:49.899+0800][3.753s][info][safepoint   ] Safepoint "G1CollectForAllocation", Time since last: 83768167 ns, Reaching safepoint: 32792 ns, At safepoint: 2175541 ns, Leaving safepoint: 53459 ns, Total: 2261792 ns, Threads: 5 runnable, 42 total
[2026-09-03T12:40:49.901+0800][3.755s][info][gc,marking  ] GC(50) Concurrent Scan Root Regions 1.862ms
[2026-09-03T12:40:49.901+0800][3.755s][info][gc,marking  ] GC(50) Concurrent Mark
[2026-09-03T12:40:49.901+0800][3.755s][info][gc,marking  ] GC(50) Concurrent Mark From Roots
[2026-09-03T12:40:49.901+0800][3.755s][info][gc,task     ] GC(50) Concurrent Mark Using 2 of 2 Workers
[2026-09-03T12:40:49.905+0800][3.759s][info][gc,marking  ] GC(50) Concurrent Mark From Roots 4.369ms
[2026-09-03T12:40:49.905+0800][3.759s][info][gc,marking  ] GC(50) Concurrent Preclean
[2026-09-03T12:40:49.905+0800][3.759s][info][gc,marking  ] GC(50) Concurrent Preclean 0.009ms
[2026-09-03T12:40:49.905+0800][3.759s][info][gc,start    ] GC(50) Pause Remark
[2026-09-03T12:40:49.906+0800][3.760s][info][gc          ] GC(50) Pause Remark 152M->113M(256M) 0.317ms
[2026-09-03T12:40:49.906+0800][3.760s][info][gc,cpu      ] GC(50) User=0.01s Sys=0.00s Real=0.00s
[2026-09-03T12:40:49.906+0800][3.760s][info][safepoint   ] Safepoint "G1PauseRemark", Time since last: 6257666 ns, Reaching safepoint: 24542 ns, At safepoint: 336583 ns, Leaving safepoint: 28334 ns, Total: 389459 ns, Threads: 4 runnable, 42 total
[2026-09-03T12:40:49.906+0800][3.760s][info][gc,marking  ] GC(50) Concurrent Mark 4.882ms
[2026-09-03T12:40:49.906+0800][3.760s][info][gc,marking  ] GC(50) Concurrent Rebuild Remembered Sets and Scrub Regions
[2026-09-03T12:40:49.909+0800][3.764s][info][gc,marking  ] GC(50) Concurrent Rebuild Remembered Sets and Scrub Regions 3.766ms
[2026-09-03T12:40:49.910+0800][3.764s][info][gc,start    ] GC(50) Pause Cleanup
[2026-09-03T12:40:49.910+0800][3.764s][info][gc          ] GC(50) Pause Cleanup 117M->117M(256M) 0.037ms
[2026-09-03T12:40:49.910+0800][3.764s][info][gc,cpu      ] GC(50) User=0.00s Sys=0.00s Real=0.00s
[2026-09-03T12:40:49.910+0800][3.764s][info][safepoint   ] Safepoint "G1PauseCleanup", Time since last: 3927000 ns, Reaching safepoint: 35000 ns, At safepoint: 56041 ns, Leaving safepoint: 19625 ns, Total: 110666 ns, Threads: 1 runnable, 42 total
[2026-09-03T12:40:49.910+0800][3.764s][info][gc,marking  ] GC(50) Concurrent Clear Claimed Marks
[2026-09-03T12:40:49.910+0800][3.764s][info][gc,marking  ] GC(50) Concurrent Clear Claimed Marks 0.036ms
[2026-09-03T12:40:49.910+0800][3.764s][info][gc,marking  ] GC(50) Concurrent Cleanup for Next Mark
[2026-09-03T12:40:49.910+0800][3.764s][info][gc,marking  ] GC(50) Concurrent Cleanup for Next Mark 0.244ms
[2026-09-03T12:40:49.910+0800][3.764s][info][gc          ] GC(50) Concurrent Mark Cycle 11.168ms
[2026-09-03T12:40:49.972+0800][3.826s][info][gc,start    ] GC(51) Pause Young (Prepare Mixed) (G1 Evacuation Pause)
[2026-09-03T12:40:49.972+0800][3.826s][info][gc,task     ] GC(51) Using 9 workers of 9 for evacuation
[2026-09-03T12:40:49.974+0800][3.828s][info][gc,phases   ] GC(51)   Pre Evacuate Collection Set: 0.07ms
[2026-09-03T12:40:49.974+0800][3.828s][info][gc,phases   ] GC(51)   Merge Heap Roots: 0.02ms
[2026-09-03T12:40:49.974+0800][3.828s][info][gc,phases   ] GC(51)   Evacuate Collection Set: 1.56ms
[2026-09-03T12:40:49.974+0800][3.828s][info][gc,phases   ] GC(51)   Post Evacuate Collection Set: 0.10ms
[2026-09-03T12:40:49.974+0800][3.828s][info][gc,phases   ] GC(51)   Other: 0.05ms
[2026-09-03T12:40:49.974+0800][3.828s][info][gc,heap     ] GC(51) Eden regions: 78->0(93)
[2026-09-03T12:40:49.974+0800][3.828s][info][gc,heap     ] GC(51) Survivor regions: 13->12(12)
[2026-09-03T12:40:49.974+0800][3.828s][info][gc,heap     ] GC(51) Old regions: 93->111
[2026-09-03T12:40:49.974+0800][3.828s][info][gc,heap     ] GC(51) Humongous regions: 1->1
[2026-09-03T12:40:49.974+0800][3.828s][info][gc,metaspace] GC(51) Metaspace: 1059K(1216K)->1059K(1216K) NonClass: 994K(1088K)->994K(1088K) Class: 64K(128K)->64K(128K)
[2026-09-03T12:40:49.974+0800][3.828s][info][gc          ] GC(51) Pause Young (Prepare Mixed) (G1 Evacuation Pause) 184M->122M(256M) 1.898ms
[2026-09-03T12:40:49.974+0800][3.828s][info][gc,cpu      ] GC(51) User=0.02s Sys=0.00s Real=0.00s
[2026-09-03T12:40:49.974+0800][3.828s][info][safepoint   ] Safepoint "G1CollectForAllocation", Time since last: 62537375 ns, Reaching safepoint: 39375 ns, At safepoint: 1944709 ns, Leaving safepoint: 43958 ns, Total: 2028042 ns, Threads: 1 runnable, 42 total
[2026-09-03T12:40:50.061+0800][3.915s][info][gc,start    ] GC(52) Pause Young (Mixed) (G1 Evacuation Pause)
[2026-09-03T12:40:50.061+0800][3.915s][info][gc,task     ] GC(52) Using 9 workers of 9 for evacuation
[2026-09-03T12:40:50.063+0800][3.917s][info][gc,phases   ] GC(52)   Pre Evacuate Collection Set: 0.07ms
[2026-09-03T12:40:50.063+0800][3.917s][info][gc,phases   ] GC(52)   Merge Heap Roots: 0.03ms
[2026-09-03T12:40:50.063+0800][3.917s][info][gc,phases   ] GC(52)   Evacuate Collection Set: 2.02ms
[2026-09-03T12:40:50.063+0800][3.917s][info][gc,phases   ] GC(52)   Post Evacuate Collection Set: 0.10ms
[2026-09-03T12:40:50.063+0800][3.917s][info][gc,phases   ] GC(52)   Other: 0.06ms
[2026-09-03T12:40:50.063+0800][3.917s][info][gc,heap     ] GC(52) Eden regions: 93->0(100)
[2026-09-03T12:40:50.063+0800][3.917s][info][gc,heap     ] GC(52) Survivor regions: 12->14(14)
[2026-09-03T12:40:50.063+0800][3.917s][info][gc,heap     ] GC(52) Old regions: 111->99
[2026-09-03T12:40:50.063+0800][3.917s][info][gc,heap     ] GC(52) Humongous regions: 1->1
[2026-09-03T12:40:50.063+0800][3.917s][info][gc,metaspace] GC(52) Metaspace: 1059K(1216K)->1059K(1216K) NonClass: 994K(1088K)->994K(1088K) Class: 64K(128K)->64K(128K)
[2026-09-03T12:40:50.063+0800][3.917s][info][gc          ] GC(52) Pause Young (Mixed) (G1 Evacuation Pause) 215M->112M(256M) 2.364ms
[2026-09-03T12:40:50.063+0800][3.917s][info][gc,cpu      ] GC(52) User=0.02s Sys=0.00s Real=0.00s
[2026-09-03T12:40:50.063+0800][3.917s][info][safepoint   ] Safepoint "G1CollectForAllocation", Time since last: 86464000 ns, Reaching safepoint: 2750 ns, At safepoint: 2388417 ns, Leaving safepoint: 24708 ns, Total: 2415875 ns, Threads: 0 runnable, 42 total
[2026-09-03T12:40:50.156+0800][4.010s][info][gc,start    ] GC(53) Pause Young (Mixed) (G1 Evacuation Pause)
[2026-09-03T12:40:50.156+0800][4.010s][info][gc,task     ] GC(53) Using 9 workers of 9 for evacuation
[2026-09-03T12:40:50.158+0800][4.012s][info][gc,phases   ] GC(53)   Pre Evacuate Collection Set: 0.07ms
[2026-09-03T12:40:50.158+0800][4.012s][info][gc,phases   ] GC(53)   Merge Heap Roots: 0.04ms
[2026-09-03T12:40:50.158+0800][4.012s][info][gc,phases   ] GC(53)   Evacuate Collection Set: 1.86ms
[2026-09-03T12:40:50.158+0800][4.012s][info][gc,phases   ] GC(53)   Post Evacuate Collection Set: 0.10ms
[2026-09-03T12:40:50.158+0800][4.012s][info][gc,phases   ] GC(53)   Other: 0.06ms
[2026-09-03T12:40:50.158+0800][4.012s][info][gc,heap     ] GC(53) Eden regions: 100->0(90)
[2026-09-03T12:40:50.158+0800][4.012s][info][gc,heap     ] GC(53) Survivor regions: 14->15(15)
[2026-09-03T12:40:50.158+0800][4.012s][info][gc,heap     ] GC(53) Old regions: 99->113
[2026-09-03T12:40:50.158+0800][4.012s][info][gc,heap     ] GC(53) Humongous regions: 1->1
[2026-09-03T12:40:50.158+0800][4.012s][info][gc,metaspace] GC(53) Metaspace: 1059K(1216K)->1059K(1216K) NonClass: 994K(1088K)->994K(1088K) Class: 64K(128K)->64K(128K)
[2026-09-03T12:40:50.158+0800][4.012s][info][gc          ] GC(53) Pause Young (Mixed) (G1 Evacuation Pause) 212M->127M(256M) 2.238ms
[2026-09-03T12:40:50.158+0800][4.012s][info][gc,cpu      ] GC(53) User=0.01s Sys=0.00s Real=0.00s
[2026-09-03T12:40:50.158+0800][4.012s][info][safepoint   ] Safepoint "G1CollectForAllocation", Time since last: 92490417 ns, Reaching safepoint: 11708 ns, At safepoint: 2264958 ns, Leaving safepoint: 42834 ns, Total: 2319500 ns, Threads: 0 runnable, 42 total
[2026-09-03T12:40:50.243+0800][4.097s][info][gc,start    ] GC(54) Pause Young (Concurrent Start) (G1 Evacuation Pause)
[2026-09-03T12:40:50.243+0800][4.097s][info][gc,task     ] GC(54) Using 9 workers of 9 for evacuation
[2026-09-03T12:40:50.245+0800][4.100s][info][gc,phases   ] GC(54)   Pre Evacuate Collection Set: 0.05ms
[2026-09-03T12:40:50.245+0800][4.100s][info][gc,phases   ] GC(54)   Merge Heap Roots: 0.02ms
[2026-09-03T12:40:50.245+0800][4.100s][info][gc,phases   ] GC(54)   Evacuate Collection Set: 1.89ms
[2026-09-03T12:40:50.245+0800][4.100s][info][gc,phases   ] GC(54)   Post Evacuate Collection Set: 0.09ms
[2026-09-03T12:40:50.245+0800][4.100s][info][gc,phases   ] GC(54)   Other: 0.06ms
[2026-09-03T12:40:50.245+0800][4.100s][info][gc,heap     ] GC(54) Eden regions: 90->0(77)
[2026-09-03T12:40:50.245+0800][4.100s][info][gc,heap     ] GC(54) Survivor regions: 15->14(14)
[2026-09-03T12:40:50.245+0800][4.100s][info][gc,heap     ] GC(54) Old regions: 113->132
[2026-09-03T12:40:50.245+0800][4.100s][info][gc,heap     ] GC(54) Humongous regions: 1->1
[2026-09-03T12:40:50.245+0800][4.100s][info][gc,metaspace] GC(54) Metaspace: 1059K(1216K)->1059K(1216K) NonClass: 994K(1088K)->994K(1088K) Class: 64K(128K)->64K(128K)
[2026-09-03T12:40:50.246+0800][4.100s][info][gc          ] GC(54) Pause Young (Concurrent Start) (G1 Evacuation Pause) 217M->146M(256M) 2.225ms
[2026-09-03T12:40:50.246+0800][4.100s][info][gc,cpu      ] GC(54) User=0.02s Sys=0.00s Real=0.00s
[2026-09-03T12:40:50.246+0800][4.100s][info][gc          ] GC(55) Concurrent Mark Cycle
[2026-09-03T12:40:50.246+0800][4.100s][info][gc,marking  ] GC(55) Concurrent Scan Root Regions
[2026-09-03T12:40:50.246+0800][4.100s][info][safepoint   ] Safepoint "G1CollectForAllocation", Time since last: 85310208 ns, Reaching safepoint: 29458 ns, At safepoint: 2282875 ns, Leaving safepoint: 26542 ns, Total: 2338875 ns, Threads: 1 runnable, 42 total
[2026-09-03T12:40:50.248+0800][4.102s][info][gc,marking  ] GC(55) Concurrent Scan Root Regions 2.063ms
[2026-09-03T12:40:50.248+0800][4.102s][info][gc,marking  ] GC(55) Concurrent Mark
[2026-09-03T12:40:50.248+0800][4.102s][info][gc,marking  ] GC(55) Concurrent Mark From Roots
[2026-09-03T12:40:50.248+0800][4.102s][info][gc,task     ] GC(55) Concurrent Mark Using 2 of 2 Workers
[2026-09-03T12:40:50.252+0800][4.106s][info][gc,marking  ] GC(55) Concurrent Mark From Roots 4.161ms
[2026-09-03T12:40:50.252+0800][4.106s][info][gc,marking  ] GC(55) Concurrent Preclean
[2026-09-03T12:40:50.252+0800][4.106s][info][gc,marking  ] GC(55) Concurrent Preclean 0.030ms
[2026-09-03T12:40:50.252+0800][4.106s][info][gc,start    ] GC(55) Pause Remark
[2026-09-03T12:40:50.252+0800][4.106s][info][gc          ] GC(55) Pause Remark 153M->117M(256M) 0.318ms
[2026-09-03T12:40:50.252+0800][4.106s][info][gc,cpu      ] GC(55) User=0.00s Sys=0.00s Real=0.00s
[2026-09-03T12:40:50.252+0800][4.107s][info][safepoint   ] Safepoint "G1PauseRemark", Time since last: 6353042 ns, Reaching safepoint: 51625 ns, At safepoint: 343041 ns, Leaving safepoint: 40167 ns, Total: 434833 ns, Threads: 2 runnable, 42 total
[2026-09-03T12:40:50.252+0800][4.107s][info][gc,marking  ] GC(55) Concurrent Mark 4.790ms
[2026-09-03T12:40:50.252+0800][4.107s][info][gc,marking  ] GC(55) Concurrent Rebuild Remembered Sets and Scrub Regions
[2026-09-03T12:40:50.257+0800][4.111s][info][gc,marking  ] GC(55) Concurrent Rebuild Remembered Sets and Scrub Regions 4.064ms
[2026-09-03T12:40:50.257+0800][4.111s][info][gc,start    ] GC(55) Pause Cleanup
[2026-09-03T12:40:50.257+0800][4.111s][info][gc          ] GC(55) Pause Cleanup 121M->121M(256M) 0.042ms
[2026-09-03T12:40:50.257+0800][4.111s][info][gc,cpu      ] GC(55) User=0.00s Sys=0.00s Real=0.00s
[2026-09-03T12:40:50.257+0800][4.111s][info][safepoint   ] Safepoint "G1PauseCleanup", Time since last: 4231792 ns, Reaching safepoint: 23375 ns, At safepoint: 60583 ns, Leaving safepoint: 21708 ns, Total: 105666 ns, Threads: 1 runnable, 42 total
[2026-09-03T12:40:50.257+0800][4.111s][info][gc,marking  ] GC(55) Concurrent Clear Claimed Marks
[2026-09-03T12:40:50.257+0800][4.111s][info][gc,marking  ] GC(55) Concurrent Clear Claimed Marks 0.010ms
[2026-09-03T12:40:50.257+0800][4.111s][info][gc,marking  ] GC(55) Concurrent Cleanup for Next Mark
[2026-09-03T12:40:50.257+0800][4.111s][info][gc,marking  ] GC(55) Concurrent Cleanup for Next Mark 0.149ms
[2026-09-03T12:40:50.257+0800][4.111s][info][gc          ] GC(55) Concurrent Mark Cycle 11.353ms
[2026-09-03T12:40:50.319+0800][4.173s][info][gc,start    ] GC(56) Pause Young (Prepare Mixed) (G1 Evacuation Pause)
[2026-09-03T12:40:50.319+0800][4.173s][info][gc,task     ] GC(56) Using 9 workers of 9 for evacuation
[2026-09-03T12:40:50.321+0800][4.175s][info][gc,phases   ] GC(56)   Pre Evacuate Collection Set: 0.06ms
[2026-09-03T12:40:50.321+0800][4.175s][info][gc,phases   ] GC(56)   Merge Heap Roots: 0.03ms
[2026-09-03T12:40:50.321+0800][4.175s][info][gc,phases   ] GC(56)   Evacuate Collection Set: 1.67ms
[2026-09-03T12:40:50.321+0800][4.175s][info][gc,phases   ] GC(56)   Post Evacuate Collection Set: 0.11ms
[2026-09-03T12:40:50.321+0800][4.175s][info][gc,phases   ] GC(56)   Other: 0.06ms
[2026-09-03T12:40:50.321+0800][4.175s][info][gc,heap     ] GC(56) Eden regions: 77->0(91)
[2026-09-03T12:40:50.321+0800][4.175s][info][gc,heap     ] GC(56) Survivor regions: 14->12(12)
[2026-09-03T12:40:50.321+0800][4.175s][info][gc,heap     ] GC(56) Old regions: 96->114
[2026-09-03T12:40:50.321+0800][4.175s][info][gc,heap     ] GC(56) Humongous regions: 1->1
[2026-09-03T12:40:50.321+0800][4.175s][info][gc,metaspace] GC(56) Metaspace: 1059K(1216K)->1059K(1216K) NonClass: 994K(1088K)->994K(1088K) Class: 64K(128K)->64K(128K)
[2026-09-03T12:40:50.321+0800][4.175s][info][gc          ] GC(56) Pause Young (Prepare Mixed) (G1 Evacuation Pause) 187M->125M(256M) 2.021ms
[2026-09-03T12:40:50.321+0800][4.175s][info][gc,cpu      ] GC(56) User=0.02s Sys=0.00s Real=0.01s
[2026-09-03T12:40:50.321+0800][4.175s][info][safepoint   ] Safepoint "G1CollectForAllocation", Time since last: 61874375 ns, Reaching safepoint: 48125 ns, At safepoint: 2073084 ns, Leaving safepoint: 37291 ns, Total: 2158500 ns, Threads: 2 runnable, 42 total
[2026-09-03T12:40:50.407+0800][4.261s][info][gc,start    ] GC(57) Pause Young (Mixed) (G1 Evacuation Pause)
[2026-09-03T12:40:50.407+0800][4.261s][info][gc,task     ] GC(57) Using 9 workers of 9 for evacuation
[2026-09-03T12:40:50.409+0800][4.263s][info][gc,phases   ] GC(57)   Pre Evacuate Collection Set: 0.07ms
[2026-09-03T12:40:50.409+0800][4.263s][info][gc,phases   ] GC(57)   Merge Heap Roots: 0.03ms
[2026-09-03T12:40:50.409+0800][4.263s][info][gc,phases   ] GC(57)   Evacuate Collection Set: 1.79ms
[2026-09-03T12:40:50.409+0800][4.263s][info][gc,phases   ] GC(57)   Post Evacuate Collection Set: 0.11ms
[2026-09-03T12:40:50.409+0800][4.263s][info][gc,phases   ] GC(57)   Other: 0.05ms
[2026-09-03T12:40:50.409+0800][4.263s][info][gc,heap     ] GC(57) Eden regions: 91->0(99)
[2026-09-03T12:40:50.409+0800][4.263s][info][gc,heap     ] GC(57) Survivor regions: 12->13(13)
[2026-09-03T12:40:50.409+0800][4.263s][info][gc,heap     ] GC(57) Old regions: 114->102
[2026-09-03T12:40:50.409+0800][4.263s][info][gc,heap     ] GC(57) Humongous regions: 1->1
[2026-09-03T12:40:50.409+0800][4.263s][info][gc,metaspace] GC(57) Metaspace: 1059K(1216K)->1059K(1216K) NonClass: 994K(1088K)->994K(1088K) Class: 64K(128K)->64K(128K)
[2026-09-03T12:40:50.409+0800][4.263s][info][gc          ] GC(57) Pause Young (Mixed) (G1 Evacuation Pause) 216M->114M(256M) 2.142ms
[2026-09-03T12:40:50.409+0800][4.263s][info][gc,cpu      ] GC(57) User=0.01s Sys=0.00s Real=0.00s
[2026-09-03T12:40:50.409+0800][4.263s][info][safepoint   ] Safepoint "G1CollectForAllocation", Time since last: 86105500 ns, Reaching safepoint: 21500 ns, At safepoint: 2196875 ns, Leaving safepoint: 42750 ns, Total: 2261125 ns, Threads: 1 runnable, 42 total
[2026-09-03T12:40:50.503+0800][4.357s][info][gc,start    ] GC(58) Pause Young (Mixed) (G1 Evacuation Pause)
[2026-09-03T12:40:50.503+0800][4.357s][info][gc,task     ] GC(58) Using 9 workers of 9 for evacuation
[2026-09-03T12:40:50.505+0800][4.359s][info][gc,phases   ] GC(58)   Pre Evacuate Collection Set: 0.07ms
[2026-09-03T12:40:50.505+0800][4.359s][info][gc,phases   ] GC(58)   Merge Heap Roots: 0.02ms
[2026-09-03T12:40:50.505+0800][4.359s][info][gc,phases   ] GC(58)   Evacuate Collection Set: 2.04ms
[2026-09-03T12:40:50.505+0800][4.359s][info][gc,phases   ] GC(58)   Post Evacuate Collection Set: 0.10ms
[2026-09-03T12:40:50.505+0800][4.359s][info][gc,phases   ] GC(58)   Other: 0.08ms
[2026-09-03T12:40:50.505+0800][4.359s][info][gc,heap     ] GC(58) Eden regions: 99->0(90)
[2026-09-03T12:40:50.505+0800][4.359s][info][gc,heap     ] GC(58) Survivor regions: 13->14(14)
[2026-09-03T12:40:50.505+0800][4.359s][info][gc,heap     ] GC(58) Old regions: 102->113
[2026-09-03T12:40:50.505+0800][4.359s][info][gc,heap     ] GC(58) Humongous regions: 1->1
[2026-09-03T12:40:50.505+0800][4.359s][info][gc,metaspace] GC(58) Metaspace: 1059K(1216K)->1059K(1216K) NonClass: 994K(1088K)->994K(1088K) Class: 64K(128K)->64K(128K)
[2026-09-03T12:40:50.505+0800][4.359s][info][gc          ] GC(58) Pause Young (Mixed) (G1 Evacuation Pause) 213M->127M(256M) 2.430ms
[2026-09-03T12:40:50.505+0800][4.359s][info][gc,cpu      ] GC(58) User=0.01s Sys=0.00s Real=0.00s
[2026-09-03T12:40:50.505+0800][4.359s][info][safepoint   ] Safepoint "G1CollectForAllocation", Time since last: 93529125 ns, Reaching safepoint: 23334 ns, At safepoint: 2453416 ns, Leaving safepoint: 27542 ns, Total: 2504292 ns, Threads: 1 runnable, 42 total
[2026-09-03T12:40:50.589+0800][4.443s][info][gc,start    ] GC(59) Pause Young (Concurrent Start) (G1 Evacuation Pause)
[2026-09-03T12:40:50.589+0800][4.443s][info][gc,task     ] GC(59) Using 9 workers of 9 for evacuation
[2026-09-03T12:40:50.591+0800][4.446s][info][gc,phases   ] GC(59)   Pre Evacuate Collection Set: 0.08ms
[2026-09-03T12:40:50.591+0800][4.446s][info][gc,phases   ] GC(59)   Merge Heap Roots: 0.03ms
[2026-09-03T12:40:50.591+0800][4.446s][info][gc,phases   ] GC(59)   Evacuate Collection Set: 1.85ms
[2026-09-03T12:40:50.591+0800][4.446s][info][gc,phases   ] GC(59)   Post Evacuate Collection Set: 0.09ms
[2026-09-03T12:40:50.591+0800][4.446s][info][gc,phases   ] GC(59)   Other: 0.06ms
[2026-09-03T12:40:50.591+0800][4.446s][info][gc,heap     ] GC(59) Eden regions: 90->0(78)
[2026-09-03T12:40:50.591+0800][4.446s][info][gc,heap     ] GC(59) Survivor regions: 14->13(13)
[2026-09-03T12:40:50.591+0800][4.446s][info][gc,heap     ] GC(59) Old regions: 113->132
[2026-09-03T12:40:50.591+0800][4.446s][info][gc,heap     ] GC(59) Humongous regions: 1->1
[2026-09-03T12:40:50.591+0800][4.446s][info][gc,metaspace] GC(59) Metaspace: 1059K(1216K)->1059K(1216K) NonClass: 994K(1088K)->994K(1088K) Class: 64K(128K)->64K(128K)
[2026-09-03T12:40:50.591+0800][4.446s][info][gc          ] GC(59) Pause Young (Concurrent Start) (G1 Evacuation Pause) 217M->145M(256M) 2.236ms
[2026-09-03T12:40:50.591+0800][4.446s][info][gc,cpu      ] GC(59) User=0.01s Sys=0.00s Real=0.01s
[2026-09-03T12:40:50.591+0800][4.446s][info][gc          ] GC(60) Concurrent Mark Cycle
[2026-09-03T12:40:50.591+0800][4.446s][info][gc,marking  ] GC(60) Concurrent Scan Root Regions
[2026-09-03T12:40:50.591+0800][4.446s][info][safepoint   ] Safepoint "G1CollectForAllocation", Time since last: 84077208 ns, Reaching safepoint: 2625 ns, At safepoint: 2266292 ns, Leaving safepoint: 19875 ns, Total: 2288792 ns, Threads: 0 runnable, 42 total
[2026-09-03T12:40:50.593+0800][4.448s][info][gc,marking  ] GC(60) Concurrent Scan Root Regions 2.012ms
[2026-09-03T12:40:50.594+0800][4.448s][info][gc,marking  ] GC(60) Concurrent Mark
[2026-09-03T12:40:50.594+0800][4.448s][info][gc,marking  ] GC(60) Concurrent Mark From Roots
[2026-09-03T12:40:50.594+0800][4.448s][info][gc,task     ] GC(60) Concurrent Mark Using 2 of 2 Workers
[2026-09-03T12:40:50.599+0800][4.453s][info][gc,marking  ] GC(60) Concurrent Mark From Roots 5.643ms
[2026-09-03T12:40:50.599+0800][4.453s][info][gc,marking  ] GC(60) Concurrent Preclean
[2026-09-03T12:40:50.599+0800][4.453s][info][gc,marking  ] GC(60) Concurrent Preclean 0.018ms
[2026-09-03T12:40:50.599+0800][4.454s][info][gc,start    ] GC(60) Pause Remark
[2026-09-03T12:40:50.600+0800][4.454s][info][gc          ] GC(60) Pause Remark 154M->117M(256M) 0.346ms
[2026-09-03T12:40:50.600+0800][4.454s][info][gc,cpu      ] GC(60) User=0.00s Sys=0.00s Real=0.01s
[2026-09-03T12:40:50.600+0800][4.454s][info][safepoint   ] Safepoint "G1PauseRemark", Time since last: 7844500 ns, Reaching safepoint: 48875 ns, At safepoint: 385708 ns, Leaving safepoint: 25792 ns, Total: 460375 ns, Threads: 1 runnable, 42 total
[2026-09-03T12:40:50.600+0800][4.454s][info][gc,marking  ] GC(60) Concurrent Mark 6.344ms
[2026-09-03T12:40:50.600+0800][4.454s][info][gc,marking  ] GC(60) Concurrent Rebuild Remembered Sets and Scrub Regions
[2026-09-03T12:40:50.605+0800][4.459s][info][gc,marking  ] GC(60) Concurrent Rebuild Remembered Sets and Scrub Regions 4.954ms
[2026-09-03T12:40:50.605+0800][4.459s][info][gc,start    ] GC(60) Pause Cleanup
[2026-09-03T12:40:50.605+0800][4.459s][info][gc          ] GC(60) Pause Cleanup 122M->122M(256M) 0.091ms
[2026-09-03T12:40:50.605+0800][4.459s][info][gc,cpu      ] GC(60) User=0.00s Sys=0.00s Real=0.00s
[2026-09-03T12:40:50.605+0800][4.459s][info][safepoint   ] Safepoint "G1PauseCleanup", Time since last: 5115458 ns, Reaching safepoint: 25125 ns, At safepoint: 126709 ns, Leaving safepoint: 22541 ns, Total: 174375 ns, Threads: 1 runnable, 42 total
[2026-09-03T12:40:50.605+0800][4.459s][info][gc,marking  ] GC(60) Concurrent Clear Claimed Marks
[2026-09-03T12:40:50.605+0800][4.459s][info][gc,marking  ] GC(60) Concurrent Clear Claimed Marks 0.010ms
[2026-09-03T12:40:50.605+0800][4.459s][info][gc,marking  ] GC(60) Concurrent Cleanup for Next Mark
[2026-09-03T12:40:50.605+0800][4.460s][info][gc,marking  ] GC(60) Concurrent Cleanup for Next Mark 0.211ms
[2026-09-03T12:40:50.605+0800][4.460s][info][gc          ] GC(60) Concurrent Mark Cycle 13.937ms
[2026-09-03T12:40:50.666+0800][4.520s][info][gc,start    ] GC(61) Pause Young (Prepare Mixed) (G1 Evacuation Pause)
[2026-09-03T12:40:50.666+0800][4.520s][info][gc,task     ] GC(61) Using 9 workers of 9 for evacuation
[2026-09-03T12:40:50.668+0800][4.522s][info][gc,phases   ] GC(61)   Pre Evacuate Collection Set: 0.06ms
[2026-09-03T12:40:50.668+0800][4.522s][info][gc,phases   ] GC(61)   Merge Heap Roots: 0.03ms
[2026-09-03T12:40:50.668+0800][4.522s][info][gc,phases   ] GC(61)   Evacuate Collection Set: 1.67ms
[2026-09-03T12:40:50.668+0800][4.522s][info][gc,phases   ] GC(61)   Post Evacuate Collection Set: 0.10ms
[2026-09-03T12:40:50.668+0800][4.522s][info][gc,phases   ] GC(61)   Other: 0.07ms
[2026-09-03T12:40:50.668+0800][4.522s][info][gc,heap     ] GC(61) Eden regions: 78->0(92)
[2026-09-03T12:40:50.668+0800][4.522s][info][gc,heap     ] GC(61) Survivor regions: 13->12(12)
[2026-09-03T12:40:50.668+0800][4.522s][info][gc,heap     ] GC(61) Old regions: 95->112
[2026-09-03T12:40:50.668+0800][4.522s][info][gc,heap     ] GC(61) Humongous regions: 1->1
[2026-09-03T12:40:50.668+0800][4.522s][info][gc,metaspace] GC(61) Metaspace: 1059K(1216K)->1059K(1216K) NonClass: 994K(1088K)->994K(1088K) Class: 64K(128K)->64K(128K)
[2026-09-03T12:40:50.668+0800][4.522s][info][gc          ] GC(61) Pause Young (Prepare Mixed) (G1 Evacuation Pause) 186M->124M(256M) 2.057ms
[2026-09-03T12:40:50.668+0800][4.522s][info][gc,cpu      ] GC(61) User=0.02s Sys=0.00s Real=0.00s
[2026-09-03T12:40:50.668+0800][4.522s][info][safepoint   ] Safepoint "G1CollectForAllocation", Time since last: 60754500 ns, Reaching safepoint: 2834 ns, At safepoint: 2083000 ns, Leaving safepoint: 63708 ns, Total: 2149542 ns, Threads: 0 runnable, 42 total
[2026-09-03T12:40:50.756+0800][4.610s][info][gc,start    ] GC(62) Pause Young (Mixed) (G1 Evacuation Pause)
[2026-09-03T12:40:50.756+0800][4.610s][info][gc,task     ] GC(62) Using 9 workers of 9 for evacuation
[2026-09-03T12:40:50.758+0800][4.613s][info][gc,phases   ] GC(62)   Pre Evacuate Collection Set: 0.04ms
[2026-09-03T12:40:50.758+0800][4.613s][info][gc,phases   ] GC(62)   Merge Heap Roots: 0.02ms
[2026-09-03T12:40:50.758+0800][4.613s][info][gc,phases   ] GC(62)   Evacuate Collection Set: 1.80ms
[2026-09-03T12:40:50.758+0800][4.613s][info][gc,phases   ] GC(62)   Post Evacuate Collection Set: 0.09ms
[2026-09-03T12:40:50.758+0800][4.613s][info][gc,phases   ] GC(62)   Other: 0.06ms
[2026-09-03T12:40:50.758+0800][4.613s][info][gc,heap     ] GC(62) Eden regions: 92->0(100)
[2026-09-03T12:40:50.758+0800][4.613s][info][gc,heap     ] GC(62) Survivor regions: 12->13(13)
[2026-09-03T12:40:50.758+0800][4.613s][info][gc,heap     ] GC(62) Old regions: 112->100
[2026-09-03T12:40:50.758+0800][4.613s][info][gc,heap     ] GC(62) Humongous regions: 1->1
[2026-09-03T12:40:50.758+0800][4.613s][info][gc,metaspace] GC(62) Metaspace: 1059K(1216K)->1059K(1216K) NonClass: 994K(1088K)->994K(1088K) Class: 64K(128K)->64K(128K)
[2026-09-03T12:40:50.758+0800][4.613s][info][gc          ] GC(62) Pause Young (Mixed) (G1 Evacuation Pause) 216M->112M(256M) 2.135ms
[2026-09-03T12:40:50.758+0800][4.613s][info][gc,cpu      ] GC(62) User=0.02s Sys=0.00s Real=0.00s
[2026-09-03T12:40:50.758+0800][4.613s][info][safepoint   ] Safepoint "G1CollectForAllocation", Time since last: 88261042 ns, Reaching safepoint: 30583 ns, At safepoint: 2174208 ns, Leaving safepoint: 22000 ns, Total: 2226791 ns, Threads: 3 runnable, 42 total
[2026-09-03T12:40:50.852+0800][4.706s][info][gc,start    ] GC(63) Pause Young (Mixed) (G1 Evacuation Pause)
[2026-09-03T12:40:50.852+0800][4.706s][info][gc,task     ] GC(63) Using 9 workers of 9 for evacuation
[2026-09-03T12:40:50.855+0800][4.709s][info][gc,phases   ] GC(63)   Pre Evacuate Collection Set: 0.05ms
[2026-09-03T12:40:50.855+0800][4.709s][info][gc,phases   ] GC(63)   Merge Heap Roots: 0.04ms
[2026-09-03T12:40:50.855+0800][4.709s][info][gc,phases   ] GC(63)   Evacuate Collection Set: 2.45ms
[2026-09-03T12:40:50.855+0800][4.709s][info][gc,phases   ] GC(63)   Post Evacuate Collection Set: 0.10ms
[2026-09-03T12:40:50.855+0800][4.709s][info][gc,phases   ] GC(63)   Other: 0.08ms
[2026-09-03T12:40:50.855+0800][4.709s][info][gc,heap     ] GC(63) Eden regions: 100->0(90)
[2026-09-03T12:40:50.855+0800][4.709s][info][gc,heap     ] GC(63) Survivor regions: 13->15(15)
[2026-09-03T12:40:50.855+0800][4.709s][info][gc,heap     ] GC(63) Old regions: 100->112
[2026-09-03T12:40:50.855+0800][4.709s][info][gc,heap     ] GC(63) Humongous regions: 1->1
[2026-09-03T12:40:50.855+0800][4.709s][info][gc,metaspace] GC(63) Metaspace: 1059K(1216K)->1059K(1216K) NonClass: 994K(1088K)->994K(1088K) Class: 64K(128K)->64K(128K)
[2026-09-03T12:40:50.855+0800][4.709s][info][gc          ] GC(63) Pause Young (Mixed) (G1 Evacuation Pause) 212M->126M(256M) 2.891ms
[2026-09-03T12:40:50.855+0800][4.709s][info][gc,cpu      ] GC(63) User=0.01s Sys=0.00s Real=0.00s
[2026-09-03T12:40:50.855+0800][4.709s][info][safepoint   ] Safepoint "G1CollectForAllocation", Time since last: 93618584 ns, Reaching safepoint: 2708 ns, At safepoint: 2924708 ns, Leaving safepoint: 21084 ns, Total: 2948500 ns, Threads: 0 runnable, 42 total
[2026-09-03T12:40:50.941+0800][4.795s][info][gc,start    ] GC(64) Pause Young (Concurrent Start) (G1 Evacuation Pause)
[2026-09-03T12:40:50.941+0800][4.795s][info][gc,task     ] GC(64) Using 9 workers of 9 for evacuation
[2026-09-03T12:40:50.943+0800][4.797s][info][gc,phases   ] GC(64)   Pre Evacuate Collection Set: 0.11ms
[2026-09-03T12:40:50.943+0800][4.797s][info][gc,phases   ] GC(64)   Merge Heap Roots: 0.03ms
[2026-09-03T12:40:50.943+0800][4.797s][info][gc,phases   ] GC(64)   Evacuate Collection Set: 1.92ms
[2026-09-03T12:40:50.943+0800][4.797s][info][gc,phases   ] GC(64)   Post Evacuate Collection Set: 0.09ms
[2026-09-03T12:40:50.943+0800][4.797s][info][gc,phases   ] GC(64)   Other: 0.06ms
[2026-09-03T12:40:50.943+0800][4.797s][info][gc,heap     ] GC(64) Eden regions: 90->0(78)
[2026-09-03T12:40:50.943+0800][4.797s][info][gc,heap     ] GC(64) Survivor regions: 15->14(14)
[2026-09-03T12:40:50.943+0800][4.797s][info][gc,heap     ] GC(64) Old regions: 112->131
[2026-09-03T12:40:50.943+0800][4.797s][info][gc,heap     ] GC(64) Humongous regions: 1->1
[2026-09-03T12:40:50.943+0800][4.797s][info][gc,metaspace] GC(64) Metaspace: 1059K(1216K)->1059K(1216K) NonClass: 994K(1088K)->994K(1088K) Class: 64K(128K)->64K(128K)
[2026-09-03T12:40:50.943+0800][4.797s][info][gc          ] GC(64) Pause Young (Concurrent Start) (G1 Evacuation Pause) 216M->145M(256M) 2.323ms
[2026-09-03T12:40:50.943+0800][4.797s][info][gc,cpu      ] GC(64) User=0.01s Sys=0.00s Real=0.00s
[2026-09-03T12:40:50.943+0800][4.797s][info][gc          ] GC(65) Concurrent Mark Cycle
[2026-09-03T12:40:50.943+0800][4.797s][info][gc,marking  ] GC(65) Concurrent Scan Root Regions
[2026-09-03T12:40:50.943+0800][4.797s][info][safepoint   ] Safepoint "G1CollectForAllocation", Time since last: 85638625 ns, Reaching safepoint: 2666 ns, At safepoint: 2351334 ns, Leaving safepoint: 39208 ns, Total: 2393208 ns, Threads: 0 runnable, 42 total
[2026-09-03T12:40:50.945+0800][4.799s][info][gc,marking  ] GC(65) Concurrent Scan Root Regions 2.042ms
[2026-09-03T12:40:50.945+0800][4.799s][info][gc,marking  ] GC(65) Concurrent Mark
[2026-09-03T12:40:50.945+0800][4.799s][info][gc,marking  ] GC(65) Concurrent Mark From Roots
[2026-09-03T12:40:50.945+0800][4.799s][info][gc,task     ] GC(65) Concurrent Mark Using 2 of 2 Workers
[2026-09-03T12:40:50.950+0800][4.804s][info][gc,marking  ] GC(65) Concurrent Mark From Roots 4.430ms
[2026-09-03T12:40:50.950+0800][4.804s][info][gc,marking  ] GC(65) Concurrent Preclean
[2026-09-03T12:40:50.950+0800][4.804s][info][gc,marking  ] GC(65) Concurrent Preclean 0.009ms
[2026-09-03T12:40:50.950+0800][4.804s][info][gc,start    ] GC(65) Pause Remark
[2026-09-03T12:40:50.950+0800][4.804s][info][gc          ] GC(65) Pause Remark 152M->116M(256M) 0.328ms
[2026-09-03T12:40:50.950+0800][4.804s][info][gc,cpu      ] GC(65) User=0.00s Sys=0.00s Real=0.00s
[2026-09-03T12:40:50.950+0800][4.804s][info][safepoint   ] Safepoint "G1PauseRemark", Time since last: 6581667 ns, Reaching safepoint: 27750 ns, At safepoint: 370000 ns, Leaving safepoint: 21000 ns, Total: 418750 ns, Threads: 1 runnable, 42 total
[2026-09-03T12:40:50.950+0800][4.804s][info][gc,marking  ] GC(65) Concurrent Mark 4.976ms
[2026-09-03T12:40:50.950+0800][4.804s][info][gc,marking  ] GC(65) Concurrent Rebuild Remembered Sets and Scrub Regions
[2026-09-03T12:40:50.954+0800][4.808s][info][gc,marking  ] GC(65) Concurrent Rebuild Remembered Sets and Scrub Regions 4.137ms
[2026-09-03T12:40:50.954+0800][4.809s][info][gc,start    ] GC(65) Pause Cleanup
[2026-09-03T12:40:50.954+0800][4.809s][info][gc          ] GC(65) Pause Cleanup 121M->121M(256M) 0.037ms
[2026-09-03T12:40:50.954+0800][4.809s][info][gc,cpu      ] GC(65) User=0.00s Sys=0.00s Real=0.00s
[2026-09-03T12:40:50.955+0800][4.809s][info][safepoint   ] Safepoint "G1PauseCleanup", Time since last: 4246791 ns, Reaching safepoint: 90375 ns, At safepoint: 64792 ns, Leaving safepoint: 27250 ns, Total: 182417 ns, Threads: 1 runnable, 42 total
[2026-09-03T12:40:50.955+0800][4.809s][info][gc,marking  ] GC(65) Concurrent Clear Claimed Marks
[2026-09-03T12:40:50.955+0800][4.809s][info][gc,marking  ] GC(65) Concurrent Clear Claimed Marks 0.008ms
[2026-09-03T12:40:50.955+0800][4.809s][info][gc,marking  ] GC(65) Concurrent Cleanup for Next Mark
[2026-09-03T12:40:50.955+0800][4.809s][info][gc,marking  ] GC(65) Concurrent Cleanup for Next Mark 0.161ms
[2026-09-03T12:40:50.955+0800][4.809s][info][gc          ] GC(65) Concurrent Mark Cycle 11.796ms
[2026-09-03T12:40:51.017+0800][4.871s][info][gc,start    ] GC(66) Pause Young (Prepare Mixed) (G1 Evacuation Pause)
[2026-09-03T12:40:51.017+0800][4.871s][info][gc,task     ] GC(66) Using 9 workers of 9 for evacuation
[2026-09-03T12:40:51.019+0800][4.873s][info][gc,phases   ] GC(66)   Pre Evacuate Collection Set: 0.07ms
[2026-09-03T12:40:51.019+0800][4.873s][info][gc,phases   ] GC(66)   Merge Heap Roots: 0.02ms
[2026-09-03T12:40:51.019+0800][4.874s][info][gc,phases   ] GC(66)   Evacuate Collection Set: 1.82ms
[2026-09-03T12:40:51.019+0800][4.874s][info][gc,phases   ] GC(66)   Post Evacuate Collection Set: 0.09ms
[2026-09-03T12:40:51.019+0800][4.874s][info][gc,phases   ] GC(66)   Other: 0.06ms
[2026-09-03T12:40:51.019+0800][4.874s][info][gc,heap     ] GC(66) Eden regions: 78->0(92)
[2026-09-03T12:40:51.019+0800][4.874s][info][gc,heap     ] GC(66) Survivor regions: 14->12(12)
[2026-09-03T12:40:51.019+0800][4.874s][info][gc,heap     ] GC(66) Old regions: 95->113
[2026-09-03T12:40:51.019+0800][4.874s][info][gc,heap     ] GC(66) Humongous regions: 1->1
[2026-09-03T12:40:51.019+0800][4.874s][info][gc,metaspace] GC(66) Metaspace: 1059K(1216K)->1059K(1216K) NonClass: 994K(1088K)->994K(1088K) Class: 64K(128K)->64K(128K)
[2026-09-03T12:40:51.019+0800][4.874s][info][gc          ] GC(66) Pause Young (Prepare Mixed) (G1 Evacuation Pause) 187M->125M(256M) 2.176ms
[2026-09-03T12:40:51.019+0800][4.874s][info][gc,cpu      ] GC(66) User=0.01s Sys=0.00s Real=0.00s
[2026-09-03T12:40:51.019+0800][4.874s][info][safepoint   ] Safepoint "G1CollectForAllocation", Time since last: 62660083 ns, Reaching safepoint: 29584 ns, At safepoint: 2218500 ns, Leaving safepoint: 64166 ns, Total: 2312250 ns, Threads: 2 runnable, 42 total
[2026-09-03T12:40:51.106+0800][4.960s][info][gc,start    ] GC(67) Pause Young (Mixed) (G1 Evacuation Pause)
[2026-09-03T12:40:51.106+0800][4.960s][info][gc,task     ] GC(67) Using 9 workers of 9 for evacuation
[2026-09-03T12:40:51.108+0800][4.962s][info][gc,phases   ] GC(67)   Pre Evacuate Collection Set: 0.07ms
[2026-09-03T12:40:51.108+0800][4.962s][info][gc,phases   ] GC(67)   Merge Heap Roots: 0.03ms
[2026-09-03T12:40:51.108+0800][4.962s][info][gc,phases   ] GC(67)   Evacuate Collection Set: 1.77ms
[2026-09-03T12:40:51.108+0800][4.962s][info][gc,phases   ] GC(67)   Post Evacuate Collection Set: 0.11ms
[2026-09-03T12:40:51.108+0800][4.962s][info][gc,phases   ] GC(67)   Other: 0.06ms
[2026-09-03T12:40:51.108+0800][4.962s][info][gc,heap     ] GC(67) Eden regions: 92->0(100)
[2026-09-03T12:40:51.108+0800][4.962s][info][gc,heap     ] GC(67) Survivor regions: 12->13(13)
[2026-09-03T12:40:51.108+0800][4.962s][info][gc,heap     ] GC(67) Old regions: 113->101
[2026-09-03T12:40:51.108+0800][4.962s][info][gc,heap     ] GC(67) Humongous regions: 1->1
[2026-09-03T12:40:51.108+0800][4.962s][info][gc,metaspace] GC(67) Metaspace: 1059K(1216K)->1059K(1216K) NonClass: 994K(1088K)->994K(1088K) Class: 64K(128K)->64K(128K)
[2026-09-03T12:40:51.108+0800][4.962s][info][gc          ] GC(67) Pause Young (Mixed) (G1 Evacuation Pause) 217M->113M(256M) 2.187ms
[2026-09-03T12:40:51.108+0800][4.962s][info][gc,cpu      ] GC(67) User=0.01s Sys=0.00s Real=0.00s
[2026-09-03T12:40:51.108+0800][4.962s][info][safepoint   ] Safepoint "G1CollectForAllocation", Time since last: 85984834 ns, Reaching safepoint: 26000 ns, At safepoint: 2233333 ns, Leaving safepoint: 40917 ns, Total: 2300250 ns, Threads: 2 runnable, 42 total
[2026-09-03T12:40:51.202+0800][5.056s][info][gc,start    ] GC(68) Pause Young (Mixed) (G1 Evacuation Pause)
[2026-09-03T12:40:51.202+0800][5.056s][info][gc,task     ] GC(68) Using 9 workers of 9 for evacuation
[2026-09-03T12:40:51.204+0800][5.058s][info][gc,phases   ] GC(68)   Pre Evacuate Collection Set: 0.08ms
[2026-09-03T12:40:51.204+0800][5.058s][info][gc,phases   ] GC(68)   Merge Heap Roots: 0.05ms
[2026-09-03T12:40:51.204+0800][5.058s][info][gc,phases   ] GC(68)   Evacuate Collection Set: 1.95ms
[2026-09-03T12:40:51.204+0800][5.058s][info][gc,phases   ] GC(68)   Post Evacuate Collection Set: 0.11ms
[2026-09-03T12:40:51.204+0800][5.058s][info][gc,phases   ] GC(68)   Other: 0.06ms
[2026-09-03T12:40:51.204+0800][5.058s][info][gc,heap     ] GC(68) Eden regions: 100->0(91)
[2026-09-03T12:40:51.204+0800][5.058s][info][gc,heap     ] GC(68) Survivor regions: 13->15(15)
[2026-09-03T12:40:51.204+0800][5.058s][info][gc,heap     ] GC(68) Old regions: 101->111
[2026-09-03T12:40:51.204+0800][5.058s][info][gc,heap     ] GC(68) Humongous regions: 1->1
[2026-09-03T12:40:51.204+0800][5.058s][info][gc,metaspace] GC(68) Metaspace: 1059K(1216K)->1059K(1216K) NonClass: 994K(1088K)->994K(1088K) Class: 64K(128K)->64K(128K)
[2026-09-03T12:40:51.204+0800][5.058s][info][gc          ] GC(68) Pause Young (Mixed) (G1 Evacuation Pause) 213M->126M(256M) 2.357ms
[2026-09-03T12:40:51.204+0800][5.058s][info][gc,cpu      ] GC(68) User=0.01s Sys=0.00s Real=0.00s
[2026-09-03T12:40:51.204+0800][5.058s][info][safepoint   ] Safepoint "G1CollectForAllocation", Time since last: 93776083 ns, Reaching safepoint: 36708 ns, At safepoint: 2381834 ns, Leaving safepoint: 22208 ns, Total: 2440750 ns, Threads: 1 runnable, 42 total
[2026-09-03T12:40:51.290+0800][5.144s][info][gc,start    ] GC(69) Pause Young (Concurrent Start) (G1 Evacuation Pause)
[2026-09-03T12:40:51.290+0800][5.144s][info][gc,task     ] GC(69) Using 9 workers of 9 for evacuation
[2026-09-03T12:40:51.292+0800][5.146s][info][gc,phases   ] GC(69)   Pre Evacuate Collection Set: 0.08ms
[2026-09-03T12:40:51.292+0800][5.146s][info][gc,phases   ] GC(69)   Merge Heap Roots: 0.03ms
[2026-09-03T12:40:51.292+0800][5.146s][info][gc,phases   ] GC(69)   Evacuate Collection Set: 1.82ms
[2026-09-03T12:40:51.292+0800][5.146s][info][gc,phases   ] GC(69)   Post Evacuate Collection Set: 0.10ms
[2026-09-03T12:40:51.292+0800][5.146s][info][gc,phases   ] GC(69)   Other: 0.05ms
[2026-09-03T12:40:51.292+0800][5.146s][info][gc,heap     ] GC(69) Eden regions: 91->0(78)
[2026-09-03T12:40:51.292+0800][5.146s][info][gc,heap     ] GC(69) Survivor regions: 15->14(14)
[2026-09-03T12:40:51.292+0800][5.146s][info][gc,heap     ] GC(69) Old regions: 111->131
[2026-09-03T12:40:51.292+0800][5.146s][info][gc,heap     ] GC(69) Humongous regions: 1->1
[2026-09-03T12:40:51.292+0800][5.146s][info][gc,metaspace] GC(69) Metaspace: 1059K(1216K)->1059K(1216K) NonClass: 994K(1088K)->994K(1088K) Class: 64K(128K)->64K(128K)
[2026-09-03T12:40:51.292+0800][5.146s][info][gc          ] GC(69) Pause Young (Concurrent Start) (G1 Evacuation Pause) 217M->145M(256M) 2.196ms
[2026-09-03T12:40:51.292+0800][5.147s][info][gc,cpu      ] GC(69) User=0.02s Sys=0.00s Real=0.00s
[2026-09-03T12:40:51.292+0800][5.147s][info][gc          ] GC(70) Concurrent Mark Cycle
[2026-09-03T12:40:51.292+0800][5.147s][info][gc,marking  ] GC(70) Concurrent Scan Root Regions
[2026-09-03T12:40:51.292+0800][5.147s][info][safepoint   ] Safepoint "G1CollectForAllocation", Time since last: 86071792 ns, Reaching safepoint: 90791 ns, At safepoint: 2226417 ns, Leaving safepoint: 36542 ns, Total: 2353750 ns, Threads: 2 runnable, 42 total
[2026-09-03T12:40:51.294+0800][5.148s][info][gc,marking  ] GC(70) Concurrent Scan Root Regions 1.939ms
[2026-09-03T12:40:51.294+0800][5.149s][info][gc,marking  ] GC(70) Concurrent Mark
[2026-09-03T12:40:51.294+0800][5.149s][info][gc,marking  ] GC(70) Concurrent Mark From Roots
[2026-09-03T12:40:51.294+0800][5.149s][info][gc,task     ] GC(70) Concurrent Mark Using 2 of 2 Workers
[2026-09-03T12:40:51.299+0800][5.153s][info][gc,marking  ] GC(70) Concurrent Mark From Roots 4.360ms
[2026-09-03T12:40:51.299+0800][5.153s][info][gc,marking  ] GC(70) Concurrent Preclean
[2026-09-03T12:40:51.299+0800][5.153s][info][gc,marking  ] GC(70) Concurrent Preclean 0.060ms
[2026-09-03T12:40:51.299+0800][5.153s][info][gc,start    ] GC(70) Pause Remark
[2026-09-03T12:40:51.299+0800][5.153s][info][gc          ] GC(70) Pause Remark 152M->116M(256M) 0.296ms
[2026-09-03T12:40:51.299+0800][5.153s][info][gc,cpu      ] GC(70) User=0.01s Sys=0.00s Real=0.00s
[2026-09-03T12:40:51.299+0800][5.153s][info][safepoint   ] Safepoint "G1PauseRemark", Time since last: 6488875 ns, Reaching safepoint: 33041 ns, At safepoint: 326917 ns, Leaving safepoint: 19250 ns, Total: 379208 ns, Threads: 2 runnable, 42 total
[2026-09-03T12:40:51.299+0800][5.154s][info][gc,marking  ] GC(70) Concurrent Mark 5.004ms
[2026-09-03T12:40:51.299+0800][5.154s][info][gc,marking  ] GC(70) Concurrent Rebuild Remembered Sets and Scrub Regions
[2026-09-03T12:40:51.303+0800][5.157s][info][gc,marking  ] GC(70) Concurrent Rebuild Remembered Sets and Scrub Regions 3.902ms
[2026-09-03T12:40:51.303+0800][5.158s][info][gc,start    ] GC(70) Pause Cleanup
[2026-09-03T12:40:51.303+0800][5.158s][info][gc          ] GC(70) Pause Cleanup 121M->121M(256M) 0.037ms
[2026-09-03T12:40:51.303+0800][5.158s][info][gc,cpu      ] GC(70) User=0.00s Sys=0.00s Real=0.00s
[2026-09-03T12:40:51.303+0800][5.158s][info][safepoint   ] Safepoint "G1PauseCleanup", Time since last: 4061083 ns, Reaching safepoint: 24042 ns, At safepoint: 70333 ns, Leaving safepoint: 45334 ns, Total: 139709 ns, Threads: 1 runnable, 42 total
[2026-09-03T12:40:51.304+0800][5.158s][info][gc,marking  ] GC(70) Concurrent Clear Claimed Marks
[2026-09-03T12:40:51.304+0800][5.158s][info][gc,marking  ] GC(70) Concurrent Clear Claimed Marks 0.032ms
[2026-09-03T12:40:51.304+0800][5.158s][info][gc,marking  ] GC(70) Concurrent Cleanup for Next Mark
[2026-09-03T12:40:51.304+0800][5.158s][info][gc,marking  ] GC(70) Concurrent Cleanup for Next Mark 0.127ms
[2026-09-03T12:40:51.304+0800][5.158s][info][gc          ] GC(70) Concurrent Mark Cycle 11.375ms
[2026-09-03T12:40:51.367+0800][5.221s][info][gc,start    ] GC(71) Pause Young (Prepare Mixed) (G1 Evacuation Pause)
[2026-09-03T12:40:51.367+0800][5.221s][info][gc,task     ] GC(71) Using 9 workers of 9 for evacuation
[2026-09-03T12:40:51.369+0800][5.223s][info][gc,phases   ] GC(71)   Pre Evacuate Collection Set: 0.04ms
[2026-09-03T12:40:51.369+0800][5.223s][info][gc,phases   ] GC(71)   Merge Heap Roots: 0.02ms
[2026-09-03T12:40:51.369+0800][5.223s][info][gc,phases   ] GC(71)   Evacuate Collection Set: 1.60ms
[2026-09-03T12:40:51.369+0800][5.223s][info][gc,phases   ] GC(71)   Post Evacuate Collection Set: 0.10ms
[2026-09-03T12:40:51.369+0800][5.223s][info][gc,phases   ] GC(71)   Other: 0.06ms
[2026-09-03T12:40:51.369+0800][5.223s][info][gc,heap     ] GC(71) Eden regions: 78->0(91)
[2026-09-03T12:40:51.369+0800][5.223s][info][gc,heap     ] GC(71) Survivor regions: 14->12(12)
[2026-09-03T12:40:51.369+0800][5.223s][info][gc,heap     ] GC(71) Old regions: 95->114
[2026-09-03T12:40:51.369+0800][5.223s][info][gc,heap     ] GC(71) Humongous regions: 1->1
[2026-09-03T12:40:51.369+0800][5.223s][info][gc,metaspace] GC(71) Metaspace: 1059K(1216K)->1059K(1216K) NonClass: 994K(1088K)->994K(1088K) Class: 64K(128K)->64K(128K)
[2026-09-03T12:40:51.369+0800][5.223s][info][gc          ] GC(71) Pause Young (Prepare Mixed) (G1 Evacuation Pause) 187M->125M(256M) 1.917ms
[2026-09-03T12:40:51.369+0800][5.223s][info][gc,cpu      ] GC(71) User=0.01s Sys=0.00s Real=0.00s
[2026-09-03T12:40:51.369+0800][5.223s][info][safepoint   ] Safepoint "G1CollectForAllocation", Time since last: 63270750 ns, Reaching safepoint: 49583 ns, At safepoint: 1938833 ns, Leaving safepoint: 42292 ns, Total: 2030708 ns, Threads: 1 runnable, 42 total
[2026-09-03T12:40:51.451+0800][5.305s][info][gc,start    ] GC(72) Pause Young (Mixed) (G1 Evacuation Pause)
[2026-09-03T12:40:51.451+0800][5.305s][info][gc,task     ] GC(72) Using 9 workers of 9 for evacuation
[2026-09-03T12:40:51.453+0800][5.307s][info][gc,phases   ] GC(72)   Pre Evacuate Collection Set: 0.04ms
[2026-09-03T12:40:51.453+0800][5.307s][info][gc,phases   ] GC(72)   Merge Heap Roots: 0.02ms
[2026-09-03T12:40:51.453+0800][5.307s][info][gc,phases   ] GC(72)   Evacuate Collection Set: 1.80ms
[2026-09-03T12:40:51.453+0800][5.307s][info][gc,phases   ] GC(72)   Post Evacuate Collection Set: 0.11ms
[2026-09-03T12:40:51.453+0800][5.307s][info][gc,phases   ] GC(72)   Other: 0.06ms
[2026-09-03T12:40:51.453+0800][5.307s][info][gc,heap     ] GC(72) Eden regions: 91->0(99)
[2026-09-03T12:40:51.453+0800][5.307s][info][gc,heap     ] GC(72) Survivor regions: 12->13(13)
[2026-09-03T12:40:51.453+0800][5.307s][info][gc,heap     ] GC(72) Old regions: 114->102
[2026-09-03T12:40:51.453+0800][5.307s][info][gc,heap     ] GC(72) Humongous regions: 1->1
[2026-09-03T12:40:51.453+0800][5.307s][info][gc,metaspace] GC(72) Metaspace: 1059K(1216K)->1059K(1216K) NonClass: 994K(1088K)->994K(1088K) Class: 64K(128K)->64K(128K)
[2026-09-03T12:40:51.453+0800][5.307s][info][gc          ] GC(72) Pause Young (Mixed) (G1 Evacuation Pause) 216M->115M(256M) 2.136ms
[2026-09-03T12:40:51.453+0800][5.307s][info][gc,cpu      ] GC(72) User=0.02s Sys=0.01s Real=0.00s
[2026-09-03T12:40:51.453+0800][5.307s][info][safepoint   ] Safepoint "G1CollectForAllocation", Time since last: 82275500 ns, Reaching safepoint: 2083 ns, At safepoint: 2158875 ns, Leaving safepoint: 48209 ns, Total: 2209167 ns, Threads: 0 runnable, 42 total
[2026-09-03T12:40:51.542+0800][5.396s][info][gc,start    ] GC(73) Pause Young (Mixed) (G1 Evacuation Pause)
[2026-09-03T12:40:51.542+0800][5.397s][info][gc,task     ] GC(73) Using 9 workers of 9 for evacuation
[2026-09-03T12:40:51.545+0800][5.399s][info][gc,phases   ] GC(73)   Pre Evacuate Collection Set: 0.07ms
[2026-09-03T12:40:51.545+0800][5.399s][info][gc,phases   ] GC(73)   Merge Heap Roots: 0.03ms
[2026-09-03T12:40:51.545+0800][5.399s][info][gc,phases   ] GC(73)   Evacuate Collection Set: 1.87ms
[2026-09-03T12:40:51.545+0800][5.399s][info][gc,phases   ] GC(73)   Post Evacuate Collection Set: 0.11ms
[2026-09-03T12:40:51.545+0800][5.399s][info][gc,phases   ] GC(73)   Other: 0.06ms
[2026-09-03T12:40:51.545+0800][5.399s][info][gc,heap     ] GC(73) Eden regions: 99->0(89)
[2026-09-03T12:40:51.545+0800][5.399s][info][gc,heap     ] GC(73) Survivor regions: 13->14(14)
[2026-09-03T12:40:51.545+0800][5.399s][info][gc,heap     ] GC(73) Old regions: 102->115
[2026-09-03T12:40:51.545+0800][5.399s][info][gc,heap     ] GC(73) Humongous regions: 1->1
[2026-09-03T12:40:51.545+0800][5.399s][info][gc,metaspace] GC(73) Metaspace: 1059K(1216K)->1059K(1216K) NonClass: 994K(1088K)->994K(1088K) Class: 64K(128K)->64K(128K)
[2026-09-03T12:40:51.545+0800][5.399s][info][gc          ] GC(73) Pause Young (Mixed) (G1 Evacuation Pause) 214M->129M(256M) 2.272ms
[2026-09-03T12:40:51.545+0800][5.399s][info][gc,cpu      ] GC(73) User=0.01s Sys=0.00s Real=0.00s
[2026-09-03T12:40:51.545+0800][5.399s][info][safepoint   ] Safepoint "G1CollectForAllocation", Time since last: 89009916 ns, Reaching safepoint: 28125 ns, At safepoint: 2300375 ns, Leaving safepoint: 37209 ns, Total: 2365709 ns, Threads: 1 runnable, 42 total
[2026-09-03T12:40:51.625+0800][5.480s][info][gc,start    ] GC(74) Pause Young (Concurrent Start) (G1 Evacuation Pause)
[2026-09-03T12:40:51.625+0800][5.480s][info][gc,task     ] GC(74) Using 9 workers of 9 for evacuation
[2026-09-03T12:40:51.627+0800][5.482s][info][gc,phases   ] GC(74)   Pre Evacuate Collection Set: 0.07ms
[2026-09-03T12:40:51.627+0800][5.482s][info][gc,phases   ] GC(74)   Merge Heap Roots: 0.01ms
[2026-09-03T12:40:51.627+0800][5.482s][info][gc,phases   ] GC(74)   Evacuate Collection Set: 1.73ms
[2026-09-03T12:40:51.627+0800][5.482s][info][gc,phases   ] GC(74)   Post Evacuate Collection Set: 0.10ms
[2026-09-03T12:40:51.627+0800][5.482s][info][gc,phases   ] GC(74)   Other: 0.06ms
[2026-09-03T12:40:51.627+0800][5.482s][info][gc,heap     ] GC(74) Eden regions: 89->0(76)
[2026-09-03T12:40:51.627+0800][5.482s][info][gc,heap     ] GC(74) Survivor regions: 14->13(13)
[2026-09-03T12:40:51.627+0800][5.482s][info][gc,heap     ] GC(74) Old regions: 115->134
[2026-09-03T12:40:51.627+0800][5.482s][info][gc,heap     ] GC(74) Humongous regions: 1->1
[2026-09-03T12:40:51.627+0800][5.482s][info][gc,metaspace] GC(74) Metaspace: 1059K(1216K)->1059K(1216K) NonClass: 994K(1088K)->994K(1088K) Class: 64K(128K)->64K(128K)
[2026-09-03T12:40:51.627+0800][5.482s][info][gc          ] GC(74) Pause Young (Concurrent Start) (G1 Evacuation Pause) 218M->147M(256M) 2.075ms
[2026-09-03T12:40:51.627+0800][5.482s][info][gc,cpu      ] GC(74) User=0.02s Sys=0.00s Real=0.00s
[2026-09-03T12:40:51.627+0800][5.482s][info][gc          ] GC(75) Concurrent Mark Cycle
[2026-09-03T12:40:51.627+0800][5.482s][info][gc,marking  ] GC(75) Concurrent Scan Root Regions
[2026-09-03T12:40:51.627+0800][5.482s][info][safepoint   ] Safepoint "G1CollectForAllocation", Time since last: 80714791 ns, Reaching safepoint: 2417 ns, At safepoint: 2102917 ns, Leaving safepoint: 36000 ns, Total: 2141334 ns, Threads: 0 runnable, 42 total
[2026-09-03T12:40:51.630+0800][5.484s][info][gc,marking  ] GC(75) Concurrent Scan Root Regions 2.041ms
[2026-09-03T12:40:51.630+0800][5.484s][info][gc,marking  ] GC(75) Concurrent Mark
[2026-09-03T12:40:51.630+0800][5.484s][info][gc,marking  ] GC(75) Concurrent Mark From Roots
[2026-09-03T12:40:51.630+0800][5.484s][info][gc,task     ] GC(75) Concurrent Mark Using 2 of 2 Workers
[2026-09-03T12:40:51.634+0800][5.488s][info][gc,marking  ] GC(75) Concurrent Mark From Roots 4.417ms
[2026-09-03T12:40:51.634+0800][5.488s][info][gc,marking  ] GC(75) Concurrent Preclean
[2026-09-03T12:40:51.634+0800][5.488s][info][gc,marking  ] GC(75) Concurrent Preclean 0.008ms
[2026-09-03T12:40:51.634+0800][5.488s][info][gc,start    ] GC(75) Pause Remark
[2026-09-03T12:40:51.634+0800][5.488s][info][gc          ] GC(75) Pause Remark 154M->124M(256M) 0.335ms
[2026-09-03T12:40:51.634+0800][5.488s][info][gc,cpu      ] GC(75) User=0.00s Sys=0.01s Real=0.00s
[2026-09-03T12:40:51.634+0800][5.489s][info][safepoint   ] Safepoint "G1PauseRemark", Time since last: 6494250 ns, Reaching safepoint: 2458 ns, At safepoint: 357167 ns, Leaving safepoint: 18541 ns, Total: 378166 ns, Threads: 0 runnable, 42 total
[2026-09-03T12:40:51.634+0800][5.489s][info][gc,marking  ] GC(75) Concurrent Mark 4.864ms
[2026-09-03T12:40:51.634+0800][5.489s][info][gc,marking  ] GC(75) Concurrent Rebuild Remembered Sets and Scrub Regions
[2026-09-03T12:40:51.638+0800][5.492s][info][gc,marking  ] GC(75) Concurrent Rebuild Remembered Sets and Scrub Regions 3.888ms
[2026-09-03T12:40:51.638+0800][5.492s][info][gc,start    ] GC(75) Pause Cleanup
[2026-09-03T12:40:51.638+0800][5.493s][info][gc          ] GC(75) Pause Cleanup 127M->127M(256M) 0.038ms
[2026-09-03T12:40:51.638+0800][5.493s][info][gc,cpu      ] GC(75) User=0.00s Sys=0.00s Real=0.00s
[2026-09-03T12:40:51.638+0800][5.493s][info][safepoint   ] Safepoint "G1PauseCleanup", Time since last: 3939042 ns, Reaching safepoint: 21375 ns, At safepoint: 57667 ns, Leaving safepoint: 18875 ns, Total: 97917 ns, Threads: 2 runnable, 42 total
[2026-09-03T12:40:51.638+0800][5.493s][info][gc,marking  ] GC(75) Concurrent Clear Claimed Marks
[2026-09-03T12:40:51.638+0800][5.493s][info][gc,marking  ] GC(75) Concurrent Clear Claimed Marks 0.007ms
[2026-09-03T12:40:51.638+0800][5.493s][info][gc,marking  ] GC(75) Concurrent Cleanup for Next Mark
[2026-09-03T12:40:51.639+0800][5.493s][info][gc,marking  ] GC(75) Concurrent Cleanup for Next Mark 0.106ms
[2026-09-03T12:40:51.639+0800][5.493s][info][gc          ] GC(75) Concurrent Mark Cycle 11.088ms
[2026-09-03T12:40:51.699+0800][5.554s][info][gc,start    ] GC(76) Pause Young (Prepare Mixed) (G1 Evacuation Pause)
[2026-09-03T12:40:51.699+0800][5.554s][info][gc,task     ] GC(76) Using 9 workers of 9 for evacuation
[2026-09-03T12:40:51.702+0800][5.556s][info][gc,phases   ] GC(76)   Pre Evacuate Collection Set: 0.07ms
[2026-09-03T12:40:51.702+0800][5.556s][info][gc,phases   ] GC(76)   Merge Heap Roots: 0.03ms
[2026-09-03T12:40:51.702+0800][5.556s][info][gc,phases   ] GC(76)   Evacuate Collection Set: 1.94ms
[2026-09-03T12:40:51.702+0800][5.556s][info][gc,phases   ] GC(76)   Post Evacuate Collection Set: 0.09ms
[2026-09-03T12:40:51.702+0800][5.556s][info][gc,phases   ] GC(76)   Other: 0.07ms
[2026-09-03T12:40:51.702+0800][5.556s][info][gc,heap     ] GC(76) Eden regions: 76->0(86)
[2026-09-03T12:40:51.702+0800][5.556s][info][gc,heap     ] GC(76) Survivor regions: 13->12(12)
[2026-09-03T12:40:51.702+0800][5.556s][info][gc,heap     ] GC(76) Old regions: 104->121
[2026-09-03T12:40:51.702+0800][5.556s][info][gc,heap     ] GC(76) Humongous regions: 1->1
[2026-09-03T12:40:51.702+0800][5.556s][info][gc,metaspace] GC(76) Metaspace: 1059K(1216K)->1059K(1216K) NonClass: 994K(1088K)->994K(1088K) Class: 64K(128K)->64K(128K)
[2026-09-03T12:40:51.702+0800][5.556s][info][gc          ] GC(76) Pause Young (Prepare Mixed) (G1 Evacuation Pause) 193M->133M(256M) 2.356ms
[2026-09-03T12:40:51.702+0800][5.556s][info][gc,cpu      ] GC(76) User=0.01s Sys=0.00s Real=0.01s
[2026-09-03T12:40:51.702+0800][5.556s][info][safepoint   ] Safepoint "G1CollectForAllocation", Time since last: 60936000 ns, Reaching safepoint: 25416 ns, At safepoint: 2398709 ns, Leaving safepoint: 22000 ns, Total: 2446125 ns, Threads: 1 runnable, 42 total
[2026-09-03T12:40:51.780+0800][5.634s][info][gc,start    ] GC(77) Pause Young (Mixed) (G1 Evacuation Pause)
[2026-09-03T12:40:51.780+0800][5.634s][info][gc,task     ] GC(77) Using 9 workers of 9 for evacuation
[2026-09-03T12:40:51.782+0800][5.636s][info][gc,phases   ] GC(77)   Pre Evacuate Collection Set: 0.08ms
[2026-09-03T12:40:51.782+0800][5.636s][info][gc,phases   ] GC(77)   Merge Heap Roots: 0.02ms
[2026-09-03T12:40:51.782+0800][5.636s][info][gc,phases   ] GC(77)   Evacuate Collection Set: 1.69ms
[2026-09-03T12:40:51.782+0800][5.636s][info][gc,phases   ] GC(77)   Post Evacuate Collection Set: 0.11ms
[2026-09-03T12:40:51.782+0800][5.636s][info][gc,phases   ] GC(77)   Other: 0.06ms
[2026-09-03T12:40:51.782+0800][5.636s][info][gc,heap     ] GC(77) Eden regions: 86->0(93)
[2026-09-03T12:40:51.782+0800][5.636s][info][gc,heap     ] GC(77) Survivor regions: 12->13(13)
[2026-09-03T12:40:51.782+0800][5.636s][info][gc,heap     ] GC(77) Old regions: 121->111
[2026-09-03T12:40:51.782+0800][5.636s][info][gc,heap     ] GC(77) Humongous regions: 1->1
[2026-09-03T12:40:51.782+0800][5.636s][info][gc,metaspace] GC(77) Metaspace: 1059K(1216K)->1059K(1216K) NonClass: 994K(1088K)->994K(1088K) Class: 64K(128K)->64K(128K)
[2026-09-03T12:40:51.782+0800][5.636s][info][gc          ] GC(77) Pause Young (Mixed) (G1 Evacuation Pause) 219M->124M(256M) 2.074ms
[2026-09-03T12:40:51.782+0800][5.636s][info][gc,cpu      ] GC(77) User=0.02s Sys=0.00s Real=0.00s
[2026-09-03T12:40:51.782+0800][5.636s][info][safepoint   ] Safepoint "G1CollectForAllocation", Time since last: 77784208 ns, Reaching safepoint: 24083 ns, At safepoint: 2111500 ns, Leaving safepoint: 35375 ns, Total: 2170958 ns, Threads: 1 runnable, 42 total
[2026-09-03T12:40:51.864+0800][5.718s][info][gc,start    ] GC(78) Pause Young (Mixed) (G1 Evacuation Pause)
[2026-09-03T12:40:51.864+0800][5.718s][info][gc,task     ] GC(78) Using 9 workers of 9 for evacuation
[2026-09-03T12:40:51.866+0800][5.720s][info][gc,phases   ] GC(78)   Pre Evacuate Collection Set: 0.07ms
[2026-09-03T12:40:51.866+0800][5.720s][info][gc,phases   ] GC(78)   Merge Heap Roots: 0.03ms
[2026-09-03T12:40:51.866+0800][5.720s][info][gc,phases   ] GC(78)   Evacuate Collection Set: 1.82ms
[2026-09-03T12:40:51.866+0800][5.720s][info][gc,phases   ] GC(78)   Post Evacuate Collection Set: 0.11ms
[2026-09-03T12:40:51.866+0800][5.720s][info][gc,phases   ] GC(78)   Other: 0.05ms
[2026-09-03T12:40:51.866+0800][5.720s][info][gc,heap     ] GC(78) Eden regions: 93->0(92)
[2026-09-03T12:40:51.866+0800][5.720s][info][gc,heap     ] GC(78) Survivor regions: 13->14(14)
[2026-09-03T12:40:51.866+0800][5.720s][info][gc,heap     ] GC(78) Old regions: 111->110
[2026-09-03T12:40:51.866+0800][5.720s][info][gc,heap     ] GC(78) Humongous regions: 1->1
[2026-09-03T12:40:51.866+0800][5.720s][info][gc,metaspace] GC(78) Metaspace: 1059K(1216K)->1059K(1216K) NonClass: 994K(1088K)->994K(1088K) Class: 64K(128K)->64K(128K)
[2026-09-03T12:40:51.866+0800][5.720s][info][gc          ] GC(78) Pause Young (Mixed) (G1 Evacuation Pause) 217M->123M(256M) 2.185ms
[2026-09-03T12:40:51.866+0800][5.720s][info][gc,cpu      ] GC(78) User=0.02s Sys=0.00s Real=0.00s
[2026-09-03T12:40:51.866+0800][5.720s][info][safepoint   ] Safepoint "G1CollectForAllocation", Time since last: 82119834 ns, Reaching safepoint: 40375 ns, At safepoint: 2208041 ns, Leaving safepoint: 21834 ns, Total: 2270250 ns, Threads: 1 runnable, 42 total
[2026-09-03T12:40:51.950+0800][5.804s][info][gc,start    ] GC(79) Pause Young (Concurrent Start) (G1 Evacuation Pause)
[2026-09-03T12:40:51.950+0800][5.805s][info][gc,task     ] GC(79) Using 9 workers of 9 for evacuation
[2026-09-03T12:40:51.953+0800][5.807s][info][gc,phases   ] GC(79)   Pre Evacuate Collection Set: 0.07ms
[2026-09-03T12:40:51.953+0800][5.807s][info][gc,phases   ] GC(79)   Merge Heap Roots: 0.02ms
[2026-09-03T12:40:51.953+0800][5.807s][info][gc,phases   ] GC(79)   Evacuate Collection Set: 2.09ms
[2026-09-03T12:40:51.953+0800][5.807s][info][gc,phases   ] GC(79)   Post Evacuate Collection Set: 0.11ms
[2026-09-03T12:40:51.953+0800][5.807s][info][gc,phases   ] GC(79)   Other: 0.09ms
[2026-09-03T12:40:51.953+0800][5.807s][info][gc,heap     ] GC(79) Eden regions: 92->0(80)
[2026-09-03T12:40:51.953+0800][5.807s][info][gc,heap     ] GC(79) Survivor regions: 14->14(14)
[2026-09-03T12:40:51.953+0800][5.807s][info][gc,heap     ] GC(79) Old regions: 110->128
[2026-09-03T12:40:51.953+0800][5.807s][info][gc,heap     ] GC(79) Humongous regions: 1->1
[2026-09-03T12:40:51.953+0800][5.807s][info][gc,metaspace] GC(79) Metaspace: 1059K(1216K)->1059K(1216K) NonClass: 994K(1088K)->994K(1088K) Class: 64K(128K)->64K(128K)
[2026-09-03T12:40:51.953+0800][5.807s][info][gc          ] GC(79) Pause Young (Concurrent Start) (G1 Evacuation Pause) 215M->142M(256M) 2.524ms
[2026-09-03T12:40:51.953+0800][5.807s][info][gc,cpu      ] GC(79) User=0.02s Sys=0.00s Real=0.00s
[2026-09-03T12:40:51.953+0800][5.807s][info][gc          ] GC(80) Concurrent Mark Cycle
[2026-09-03T12:40:51.953+0800][5.807s][info][gc,marking  ] GC(80) Concurrent Scan Root Regions
[2026-09-03T12:40:51.953+0800][5.807s][info][safepoint   ] Safepoint "G1CollectForAllocation", Time since last: 84121958 ns, Reaching safepoint: 5125 ns, At safepoint: 2566292 ns, Leaving safepoint: 33416 ns, Total: 2604833 ns, Threads: 0 runnable, 42 total
[2026-09-03T12:40:51.955+0800][5.809s][info][gc,marking  ] GC(80) Concurrent Scan Root Regions 2.344ms
[2026-09-03T12:40:51.955+0800][5.809s][info][gc,marking  ] GC(80) Concurrent Mark
[2026-09-03T12:40:51.955+0800][5.809s][info][gc,marking  ] GC(80) Concurrent Mark From Roots
[2026-09-03T12:40:51.955+0800][5.809s][info][gc,task     ] GC(80) Concurrent Mark Using 2 of 2 Workers
[2026-09-03T12:40:51.959+0800][5.813s][info][gc,marking  ] GC(80) Concurrent Mark From Roots 3.783ms
[2026-09-03T12:40:51.959+0800][5.813s][info][gc,marking  ] GC(80) Concurrent Preclean
[2026-09-03T12:40:51.959+0800][5.813s][info][gc,marking  ] GC(80) Concurrent Preclean 0.021ms
[2026-09-03T12:40:51.959+0800][5.813s][info][gc,start    ] GC(80) Pause Remark
[2026-09-03T12:40:51.960+0800][5.814s][info][gc          ] GC(80) Pause Remark 147M->116M(256M) 0.341ms
[2026-09-03T12:40:51.960+0800][5.814s][info][gc,cpu      ] GC(80) User=0.00s Sys=0.01s Real=0.01s
[2026-09-03T12:40:51.960+0800][5.814s][info][safepoint   ] Safepoint "G1PauseRemark", Time since last: 6290667 ns, Reaching safepoint: 74500 ns, At safepoint: 381125 ns, Leaving safepoint: 24250 ns, Total: 479875 ns, Threads: 2 runnable, 42 total
[2026-09-03T12:40:51.960+0800][5.814s][info][gc,marking  ] GC(80) Concurrent Mark 4.500ms
[2026-09-03T12:40:51.960+0800][5.814s][info][gc,marking  ] GC(80) Concurrent Rebuild Remembered Sets and Scrub Regions
[2026-09-03T12:40:51.965+0800][5.819s][info][gc,marking  ] GC(80) Concurrent Rebuild Remembered Sets and Scrub Regions 5.298ms
[2026-09-03T12:40:51.965+0800][5.819s][info][gc,start    ] GC(80) Pause Cleanup
[2026-09-03T12:40:51.965+0800][5.819s][info][gc          ] GC(80) Pause Cleanup 121M->121M(256M) 0.044ms
[2026-09-03T12:40:51.965+0800][5.819s][info][gc,cpu      ] GC(80) User=0.00s Sys=0.00s Real=0.00s
[2026-09-03T12:40:51.965+0800][5.819s][info][safepoint   ] Safepoint "G1PauseCleanup", Time since last: 5454083 ns, Reaching safepoint: 33417 ns, At safepoint: 66167 ns, Leaving safepoint: 26916 ns, Total: 126500 ns, Threads: 1 runnable, 42 total
[2026-09-03T12:40:51.965+0800][5.819s][info][gc,marking  ] GC(80) Concurrent Clear Claimed Marks
[2026-09-03T12:40:51.965+0800][5.819s][info][gc,marking  ] GC(80) Concurrent Clear Claimed Marks 0.032ms
[2026-09-03T12:40:51.965+0800][5.819s][info][gc,marking  ] GC(80) Concurrent Cleanup for Next Mark
[2026-09-03T12:40:51.965+0800][5.820s][info][gc,marking  ] GC(80) Concurrent Cleanup for Next Mark 0.162ms
[2026-09-03T12:40:51.965+0800][5.820s][info][gc          ] GC(80) Concurrent Mark Cycle 12.677ms
[2026-09-03T12:40:52.032+0800][5.887s][info][gc,start    ] GC(81) Pause Young (Prepare Mixed) (G1 Evacuation Pause)
[2026-09-03T12:40:52.032+0800][5.887s][info][gc,task     ] GC(81) Using 9 workers of 9 for evacuation
[2026-09-03T12:40:52.034+0800][5.889s][info][gc,phases   ] GC(81)   Pre Evacuate Collection Set: 0.06ms
[2026-09-03T12:40:52.034+0800][5.889s][info][gc,phases   ] GC(81)   Merge Heap Roots: 0.02ms
[2026-09-03T12:40:52.035+0800][5.889s][info][gc,phases   ] GC(81)   Evacuate Collection Set: 1.79ms
[2026-09-03T12:40:52.035+0800][5.889s][info][gc,phases   ] GC(81)   Post Evacuate Collection Set: 0.10ms
[2026-09-03T12:40:52.035+0800][5.889s][info][gc,phases   ] GC(81)   Other: 0.06ms
[2026-09-03T12:40:52.035+0800][5.889s][info][gc,heap     ] GC(81) Eden regions: 80->0(90)
[2026-09-03T12:40:52.035+0800][5.889s][info][gc,heap     ] GC(81) Survivor regions: 14->12(12)
[2026-09-03T12:40:52.035+0800][5.889s][info][gc,heap     ] GC(81) Old regions: 97->116
[2026-09-03T12:40:52.035+0800][5.889s][info][gc,heap     ] GC(81) Humongous regions: 1->1
[2026-09-03T12:40:52.035+0800][5.889s][info][gc,metaspace] GC(81) Metaspace: 1059K(1216K)->1059K(1216K) NonClass: 994K(1088K)->994K(1088K) Class: 64K(128K)->64K(128K)
[2026-09-03T12:40:52.035+0800][5.889s][info][gc          ] GC(81) Pause Young (Prepare Mixed) (G1 Evacuation Pause) 191M->128M(256M) 2.148ms
[2026-09-03T12:40:52.035+0800][5.889s][info][gc,cpu      ] GC(81) User=0.02s Sys=0.00s Real=0.00s
[2026-09-03T12:40:52.035+0800][5.889s][info][safepoint   ] Safepoint "G1CollectForAllocation", Time since last: 67102167 ns, Reaching safepoint: 61458 ns, At safepoint: 2187000 ns, Leaving safepoint: 34500 ns, Total: 2282958 ns, Threads: 2 runnable, 42 total
[2026-09-03T12:40:52.117+0800][5.971s][info][gc,start    ] GC(82) Pause Young (Mixed) (G1 Evacuation Pause)
[2026-09-03T12:40:52.117+0800][5.971s][info][gc,task     ] GC(82) Using 9 workers of 9 for evacuation
[2026-09-03T12:40:52.119+0800][5.973s][info][gc,phases   ] GC(82)   Pre Evacuate Collection Set: 0.05ms
[2026-09-03T12:40:52.119+0800][5.973s][info][gc,phases   ] GC(82)   Merge Heap Roots: 0.03ms
[2026-09-03T12:40:52.119+0800][5.973s][info][gc,phases   ] GC(82)   Evacuate Collection Set: 1.86ms
[2026-09-03T12:40:52.119+0800][5.973s][info][gc,phases   ] GC(82)   Post Evacuate Collection Set: 0.11ms
[2026-09-03T12:40:52.119+0800][5.973s][info][gc,phases   ] GC(82)   Other: 0.08ms
[2026-09-03T12:40:52.119+0800][5.973s][info][gc,heap     ] GC(82) Eden regions: 90->0(98)
[2026-09-03T12:40:52.119+0800][5.973s][info][gc,heap     ] GC(82) Survivor regions: 12->13(13)
[2026-09-03T12:40:52.119+0800][5.973s][info][gc,heap     ] GC(82) Old regions: 116->103
[2026-09-03T12:40:52.119+0800][5.973s][info][gc,heap     ] GC(82) Humongous regions: 1->1
[2026-09-03T12:40:52.119+0800][5.973s][info][gc,metaspace] GC(82) Metaspace: 1059K(1216K)->1059K(1216K) NonClass: 994K(1088K)->994K(1088K) Class: 64K(128K)->64K(128K)
[2026-09-03T12:40:52.119+0800][5.973s][info][gc          ] GC(82) Pause Young (Mixed) (G1 Evacuation Pause) 218M->116M(256M) 2.265ms
[2026-09-03T12:40:52.119+0800][5.973s][info][gc,cpu      ] GC(82) User=0.02s Sys=0.00s Real=0.00s
[2026-09-03T12:40:52.119+0800][5.973s][info][safepoint   ] Safepoint "G1CollectForAllocation", Time since last: 82289459 ns, Reaching safepoint: 4916 ns, At safepoint: 2302292 ns, Leaving safepoint: 36958 ns, Total: 2344166 ns, Threads: 0 runnable, 42 total
[2026-09-03T12:40:52.214+0800][6.068s][info][gc,start    ] GC(83) Pause Young (Mixed) (G1 Evacuation Pause)
[2026-09-03T12:40:52.214+0800][6.068s][info][gc,task     ] GC(83) Using 9 workers of 9 for evacuation
[2026-09-03T12:40:52.216+0800][6.071s][info][gc,phases   ] GC(83)   Pre Evacuate Collection Set: 0.06ms
[2026-09-03T12:40:52.216+0800][6.071s][info][gc,phases   ] GC(83)   Merge Heap Roots: 0.04ms
[2026-09-03T12:40:52.216+0800][6.071s][info][gc,phases   ] GC(83)   Evacuate Collection Set: 1.87ms
[2026-09-03T12:40:52.216+0800][6.071s][info][gc,phases   ] GC(83)   Post Evacuate Collection Set: 0.10ms
[2026-09-03T12:40:52.216+0800][6.071s][info][gc,phases   ] GC(83)   Other: 0.06ms
[2026-09-03T12:40:52.216+0800][6.071s][info][gc,heap     ] GC(83) Eden regions: 98->0(91)
[2026-09-03T12:40:52.216+0800][6.071s][info][gc,heap     ] GC(83) Survivor regions: 13->14(14)
[2026-09-03T12:40:52.216+0800][6.071s][info][gc,heap     ] GC(83) Old regions: 103->112
[2026-09-03T12:40:52.216+0800][6.071s][info][gc,heap     ] GC(83) Humongous regions: 1->1
[2026-09-03T12:40:52.216+0800][6.071s][info][gc,metaspace] GC(83) Metaspace: 1059K(1216K)->1059K(1216K) NonClass: 994K(1088K)->994K(1088K) Class: 64K(128K)->64K(128K)
[2026-09-03T12:40:52.216+0800][6.071s][info][gc          ] GC(83) Pause Young (Mixed) (G1 Evacuation Pause) 214M->125M(256M) 2.257ms
[2026-09-03T12:40:52.216+0800][6.071s][info][gc,cpu      ] GC(83) User=0.01s Sys=0.01s Real=0.00s
[2026-09-03T12:40:52.216+0800][6.071s][info][safepoint   ] Safepoint "G1CollectForAllocation", Time since last: 94923542 ns, Reaching safepoint: 25583 ns, At safepoint: 2284625 ns, Leaving safepoint: 39625 ns, Total: 2349833 ns, Threads: 1 runnable, 42 total
[2026-09-03T12:40:52.304+0800][6.158s][info][gc,start    ] GC(84) Pause Young (Concurrent Start) (G1 Evacuation Pause)
[2026-09-03T12:40:52.304+0800][6.158s][info][gc,task     ] GC(84) Using 9 workers of 9 for evacuation
[2026-09-03T12:40:52.306+0800][6.161s][info][gc,phases   ] GC(84)   Pre Evacuate Collection Set: 0.09ms
[2026-09-03T12:40:52.306+0800][6.161s][info][gc,phases   ] GC(84)   Merge Heap Roots: 0.05ms
[2026-09-03T12:40:52.306+0800][6.161s][info][gc,phases   ] GC(84)   Evacuate Collection Set: 2.11ms
[2026-09-03T12:40:52.306+0800][6.161s][info][gc,phases   ] GC(84)   Post Evacuate Collection Set: 0.10ms
[2026-09-03T12:40:52.306+0800][6.161s][info][gc,phases   ] GC(84)   Other: 0.07ms
[2026-09-03T12:40:52.306+0800][6.161s][info][gc,heap     ] GC(84) Eden regions: 91->0(78)
[2026-09-03T12:40:52.306+0800][6.161s][info][gc,heap     ] GC(84) Survivor regions: 14->14(14)
[2026-09-03T12:40:52.306+0800][6.161s][info][gc,heap     ] GC(84) Old regions: 112->131
[2026-09-03T12:40:52.306+0800][6.161s][info][gc,heap     ] GC(84) Humongous regions: 1->1
[2026-09-03T12:40:52.306+0800][6.161s][info][gc,metaspace] GC(84) Metaspace: 1059K(1216K)->1059K(1216K) NonClass: 994K(1088K)->994K(1088K) Class: 64K(128K)->64K(128K)
[2026-09-03T12:40:52.306+0800][6.161s][info][gc          ] GC(84) Pause Young (Concurrent Start) (G1 Evacuation Pause) 216M->145M(256M) 2.541ms
[2026-09-03T12:40:52.307+0800][6.161s][info][gc,cpu      ] GC(84) User=0.02s Sys=0.00s Real=0.00s
[2026-09-03T12:40:52.307+0800][6.161s][info][gc          ] GC(85) Concurrent Mark Cycle
[2026-09-03T12:40:52.307+0800][6.161s][info][gc,marking  ] GC(85) Concurrent Scan Root Regions
[2026-09-03T12:40:52.307+0800][6.161s][info][safepoint   ] Safepoint "G1CollectForAllocation", Time since last: 87394250 ns, Reaching safepoint: 48167 ns, At safepoint: 2574417 ns, Leaving safepoint: 36708 ns, Total: 2659292 ns, Threads: 2 runnable, 42 total
[2026-09-03T12:40:52.309+0800][6.163s][info][gc,marking  ] GC(85) Concurrent Scan Root Regions 2.011ms
[2026-09-03T12:40:52.309+0800][6.163s][info][gc,marking  ] GC(85) Concurrent Mark
[2026-09-03T12:40:52.309+0800][6.163s][info][gc,marking  ] GC(85) Concurrent Mark From Roots
[2026-09-03T12:40:52.309+0800][6.163s][info][gc,task     ] GC(85) Concurrent Mark Using 2 of 2 Workers
[2026-09-03T12:40:52.314+0800][6.168s][info][gc,marking  ] GC(85) Concurrent Mark From Roots 4.959ms
[2026-09-03T12:40:52.314+0800][6.168s][info][gc,marking  ] GC(85) Concurrent Preclean
[2026-09-03T12:40:52.314+0800][6.168s][info][gc,marking  ] GC(85) Concurrent Preclean 0.011ms
[2026-09-03T12:40:52.314+0800][6.168s][info][gc,start    ] GC(85) Pause Remark
[2026-09-03T12:40:52.314+0800][6.168s][info][gc          ] GC(85) Pause Remark 152M->123M(256M) 0.415ms
[2026-09-03T12:40:52.314+0800][6.168s][info][gc,cpu      ] GC(85) User=0.00s Sys=0.00s Real=0.00s
[2026-09-03T12:40:52.314+0800][6.168s][info][safepoint   ] Safepoint "G1PauseRemark", Time since last: 7077750 ns, Reaching safepoint: 37083 ns, At safepoint: 461875 ns, Leaving safepoint: 25125 ns, Total: 524083 ns, Threads: 1 runnable, 42 total
[2026-09-03T12:40:52.314+0800][6.168s][info][gc,marking  ] GC(85) Concurrent Mark 5.658ms
[2026-09-03T12:40:52.314+0800][6.168s][info][gc,marking  ] GC(85) Concurrent Rebuild Remembered Sets and Scrub Regions
[2026-09-03T12:40:52.319+0800][6.173s][info][gc,marking  ] GC(85) Concurrent Rebuild Remembered Sets and Scrub Regions 4.509ms
[2026-09-03T12:40:52.319+0800][6.173s][info][gc,start    ] GC(85) Pause Cleanup
[2026-09-03T12:40:52.319+0800][6.173s][info][gc          ] GC(85) Pause Cleanup 128M->128M(256M) 0.038ms
[2026-09-03T12:40:52.319+0800][6.173s][info][gc,cpu      ] GC(85) User=0.00s Sys=0.00s Real=0.00s
[2026-09-03T12:40:52.319+0800][6.173s][info][safepoint   ] Safepoint "G1PauseCleanup", Time since last: 4671500 ns, Reaching safepoint: 27459 ns, At safepoint: 58708 ns, Leaving safepoint: 11458 ns, Total: 97625 ns, Threads: 1 runnable, 42 total
[2026-09-03T12:40:52.319+0800][6.173s][info][gc,marking  ] GC(85) Concurrent Clear Claimed Marks
[2026-09-03T12:40:52.319+0800][6.173s][info][gc,marking  ] GC(85) Concurrent Clear Claimed Marks 0.028ms
[2026-09-03T12:40:52.319+0800][6.173s][info][gc,marking  ] GC(85) Concurrent Cleanup for Next Mark
[2026-09-03T12:40:52.319+0800][6.173s][info][gc,marking  ] GC(85) Concurrent Cleanup for Next Mark 0.246ms
[2026-09-03T12:40:52.319+0800][6.173s][info][gc          ] GC(85) Concurrent Mark Cycle 12.789ms
[2026-09-03T12:40:52.382+0800][6.236s][info][gc,start    ] GC(86) Pause Young (Prepare Mixed) (G1 Evacuation Pause)
[2026-09-03T12:40:52.382+0800][6.236s][info][gc,task     ] GC(86) Using 9 workers of 9 for evacuation
[2026-09-03T12:40:52.384+0800][6.238s][info][gc,phases   ] GC(86)   Pre Evacuate Collection Set: 0.07ms
[2026-09-03T12:40:52.384+0800][6.238s][info][gc,phases   ] GC(86)   Merge Heap Roots: 0.04ms
[2026-09-03T12:40:52.384+0800][6.239s][info][gc,phases   ] GC(86)   Evacuate Collection Set: 1.78ms
[2026-09-03T12:40:52.384+0800][6.239s][info][gc,phases   ] GC(86)   Post Evacuate Collection Set: 0.09ms
[2026-09-03T12:40:52.384+0800][6.239s][info][gc,phases   ] GC(86)   Other: 0.06ms
[2026-09-03T12:40:52.384+0800][6.239s][info][gc,heap     ] GC(86) Eden regions: 78->0(86)
[2026-09-03T12:40:52.384+0800][6.239s][info][gc,heap     ] GC(86) Survivor regions: 14->12(12)
[2026-09-03T12:40:52.384+0800][6.239s][info][gc,heap     ] GC(86) Old regions: 102->121
[2026-09-03T12:40:52.384+0800][6.239s][info][gc,heap     ] GC(86) Humongous regions: 1->1
[2026-09-03T12:40:52.384+0800][6.239s][info][gc,metaspace] GC(86) Metaspace: 1059K(1216K)->1059K(1216K) NonClass: 994K(1088K)->994K(1088K) Class: 64K(128K)->64K(128K)
[2026-09-03T12:40:52.384+0800][6.239s][info][gc          ] GC(86) Pause Young (Prepare Mixed) (G1 Evacuation Pause) 194M->132M(256M) 2.147ms
[2026-09-03T12:40:52.384+0800][6.239s][info][gc,cpu      ] GC(86) User=0.01s Sys=0.00s Real=0.00s
[2026-09-03T12:40:52.384+0800][6.239s][info][safepoint   ] Safepoint "G1CollectForAllocation", Time since last: 63255459 ns, Reaching safepoint: 25291 ns, At safepoint: 2198042 ns, Leaving safepoint: 38667 ns, Total: 2262000 ns, Threads: 2 runnable, 42 total
[2026-09-03T12:40:52.473+0800][6.327s][info][gc,start    ] GC(87) Pause Young (Mixed) (G1 Evacuation Pause)
[2026-09-03T12:40:52.473+0800][6.327s][info][gc,task     ] GC(87) Using 9 workers of 9 for evacuation
[2026-09-03T12:40:52.476+0800][6.330s][info][gc,phases   ] GC(87)   Pre Evacuate Collection Set: 0.05ms
[2026-09-03T12:40:52.476+0800][6.330s][info][gc,phases   ] GC(87)   Merge Heap Roots: 0.04ms
[2026-09-03T12:40:52.476+0800][6.330s][info][gc,phases   ] GC(87)   Evacuate Collection Set: 2.69ms
[2026-09-03T12:40:52.476+0800][6.330s][info][gc,phases   ] GC(87)   Post Evacuate Collection Set: 0.22ms
[2026-09-03T12:40:52.476+0800][6.330s][info][gc,phases   ] GC(87)   Other: 0.12ms
[2026-09-03T12:40:52.476+0800][6.330s][info][gc,heap     ] GC(87) Eden regions: 86->0(92)
[2026-09-03T12:40:52.476+0800][6.330s][info][gc,heap     ] GC(87) Survivor regions: 12->13(13)
[2026-09-03T12:40:52.476+0800][6.330s][info][gc,heap     ] GC(87) Old regions: 121->112
[2026-09-03T12:40:52.476+0800][6.330s][info][gc,heap     ] GC(87) Humongous regions: 1->1
[2026-09-03T12:40:52.476+0800][6.330s][info][gc,metaspace] GC(87) Metaspace: 1059K(1216K)->1059K(1216K) NonClass: 994K(1088K)->994K(1088K) Class: 64K(128K)->64K(128K)
[2026-09-03T12:40:52.476+0800][6.330s][info][gc          ] GC(87) Pause Young (Mixed) (G1 Evacuation Pause) 218M->124M(256M) 3.447ms
[2026-09-03T12:40:52.476+0800][6.330s][info][gc,cpu      ] GC(87) User=0.01s Sys=0.00s Real=0.00s
[2026-09-03T12:40:52.476+0800][6.330s][info][safepoint   ] Safepoint "G1CollectForAllocation", Time since last: 88282916 ns, Reaching safepoint: 27500 ns, At safepoint: 3486959 ns, Leaving safepoint: 17583 ns, Total: 3532042 ns, Threads: 2 runnable, 42 total
[2026-09-03T12:40:52.571+0800][6.425s][info][gc,start    ] GC(88) Pause Young (Mixed) (G1 Evacuation Pause)
[2026-09-03T12:40:52.571+0800][6.425s][info][gc,task     ] GC(88) Using 9 workers of 9 for evacuation
[2026-09-03T12:40:52.573+0800][6.427s][info][gc,phases   ] GC(88)   Pre Evacuate Collection Set: 0.11ms
[2026-09-03T12:40:52.573+0800][6.427s][info][gc,phases   ] GC(88)   Merge Heap Roots: 0.09ms
[2026-09-03T12:40:52.573+0800][6.427s][info][gc,phases   ] GC(88)   Evacuate Collection Set: 2.14ms
[2026-09-03T12:40:52.573+0800][6.427s][info][gc,phases   ] GC(88)   Post Evacuate Collection Set: 0.12ms
[2026-09-03T12:40:52.573+0800][6.427s][info][gc,phases   ] GC(88)   Other: 0.12ms
[2026-09-03T12:40:52.573+0800][6.427s][info][gc,heap     ] GC(88) Eden regions: 92->0(91)
[2026-09-03T12:40:52.573+0800][6.427s][info][gc,heap     ] GC(88) Survivor regions: 13->14(14)
[2026-09-03T12:40:52.573+0800][6.427s][info][gc,heap     ] GC(88) Old regions: 112->112
[2026-09-03T12:40:52.573+0800][6.427s][info][gc,heap     ] GC(88) Humongous regions: 1->1
[2026-09-03T12:40:52.573+0800][6.427s][info][gc,metaspace] GC(88) Metaspace: 1059K(1216K)->1059K(1216K) NonClass: 994K(1088K)->994K(1088K) Class: 64K(128K)->64K(128K)
[2026-09-03T12:40:52.573+0800][6.427s][info][gc          ] GC(88) Pause Young (Mixed) (G1 Evacuation Pause) 216M->125M(256M) 2.712ms
[2026-09-03T12:40:52.573+0800][6.427s][info][gc,cpu      ] GC(88) User=0.02s Sys=0.00s Real=0.00s
[2026-09-03T12:40:52.573+0800][6.427s][info][safepoint   ] Safepoint "G1CollectForAllocation", Time since last: 94290292 ns, Reaching safepoint: 3125 ns, At safepoint: 2738333 ns, Leaving safepoint: 21292 ns, Total: 2762750 ns, Threads: 0 runnable, 42 total
[2026-09-03T12:40:52.665+0800][6.519s][info][gc,start    ] GC(89) Pause Young (Concurrent Start) (G1 Evacuation Pause)
[2026-09-03T12:40:52.665+0800][6.519s][info][gc,task     ] GC(89) Using 9 workers of 9 for evacuation
[2026-09-03T12:40:52.667+0800][6.521s][info][gc,phases   ] GC(89)   Pre Evacuate Collection Set: 0.07ms
[2026-09-03T12:40:52.667+0800][6.521s][info][gc,phases   ] GC(89)   Merge Heap Roots: 0.02ms
[2026-09-03T12:40:52.667+0800][6.521s][info][gc,phases   ] GC(89)   Evacuate Collection Set: 1.77ms
[2026-09-03T12:40:52.667+0800][6.521s][info][gc,phases   ] GC(89)   Post Evacuate Collection Set: 0.08ms
[2026-09-03T12:40:52.667+0800][6.521s][info][gc,phases   ] GC(89)   Other: 0.06ms
[2026-09-03T12:40:52.667+0800][6.521s][info][gc,heap     ] GC(89) Eden regions: 91->0(78)
[2026-09-03T12:40:52.667+0800][6.521s][info][gc,heap     ] GC(89) Survivor regions: 14->14(14)
[2026-09-03T12:40:52.667+0800][6.521s][info][gc,heap     ] GC(89) Old regions: 112->130
[2026-09-03T12:40:52.667+0800][6.521s][info][gc,heap     ] GC(89) Humongous regions: 1->1
[2026-09-03T12:40:52.667+0800][6.521s][info][gc,metaspace] GC(89) Metaspace: 1059K(1216K)->1059K(1216K) NonClass: 994K(1088K)->994K(1088K) Class: 64K(128K)->64K(128K)
[2026-09-03T12:40:52.667+0800][6.521s][info][gc          ] GC(89) Pause Young (Concurrent Start) (G1 Evacuation Pause) 216M->144M(256M) 2.110ms
[2026-09-03T12:40:52.667+0800][6.521s][info][gc,cpu      ] GC(89) User=0.01s Sys=0.00s Real=0.00s
[2026-09-03T12:40:52.667+0800][6.521s][info][gc          ] GC(90) Concurrent Mark Cycle
[2026-09-03T12:40:52.667+0800][6.521s][info][gc,marking  ] GC(90) Concurrent Scan Root Regions
[2026-09-03T12:40:52.667+0800][6.521s][info][safepoint   ] Safepoint "G1CollectForAllocation", Time since last: 91585666 ns, Reaching safepoint: 48000 ns, At safepoint: 2162459 ns, Leaving safepoint: 18083 ns, Total: 2228542 ns, Threads: 2 runnable, 42 total
[2026-09-03T12:40:52.669+0800][6.523s][info][gc,marking  ] GC(90) Concurrent Scan Root Regions 1.912ms
[2026-09-03T12:40:52.669+0800][6.523s][info][gc,marking  ] GC(90) Concurrent Mark
[2026-09-03T12:40:52.669+0800][6.523s][info][gc,marking  ] GC(90) Concurrent Mark From Roots
[2026-09-03T12:40:52.669+0800][6.523s][info][gc,task     ] GC(90) Concurrent Mark Using 2 of 2 Workers
[2026-09-03T12:40:52.676+0800][6.530s][info][gc,marking  ] GC(90) Concurrent Mark From Roots 6.662ms
[2026-09-03T12:40:52.676+0800][6.530s][info][gc,marking  ] GC(90) Concurrent Preclean
[2026-09-03T12:40:52.676+0800][6.530s][info][gc,marking  ] GC(90) Concurrent Preclean 0.020ms
[2026-09-03T12:40:52.676+0800][6.530s][info][gc,start    ] GC(90) Pause Remark
[2026-09-03T12:40:52.676+0800][6.530s][info][gc          ] GC(90) Pause Remark 153M->122M(256M) 0.293ms
[2026-09-03T12:40:52.676+0800][6.530s][info][gc,cpu      ] GC(90) User=0.01s Sys=0.00s Real=0.00s
[2026-09-03T12:40:52.676+0800][6.530s][info][safepoint   ] Safepoint "G1PauseRemark", Time since last: 8686083 ns, Reaching safepoint: 29417 ns, At safepoint: 316458 ns, Leaving safepoint: 25709 ns, Total: 371584 ns, Threads: 2 runnable, 42 total
[2026-09-03T12:40:52.676+0800][6.530s][info][gc,marking  ] GC(90) Concurrent Mark 7.152ms
[2026-09-03T12:40:52.676+0800][6.530s][info][gc,marking  ] GC(90) Concurrent Rebuild Remembered Sets and Scrub Regions
[2026-09-03T12:40:52.681+0800][6.535s][info][gc,marking  ] GC(90) Concurrent Rebuild Remembered Sets and Scrub Regions 5.078ms
[2026-09-03T12:40:52.681+0800][6.535s][info][gc,start    ] GC(90) Pause Cleanup
[2026-09-03T12:40:52.681+0800][6.536s][info][gc          ] GC(90) Pause Cleanup 127M->127M(256M) 0.037ms
[2026-09-03T12:40:52.681+0800][6.536s][info][gc,cpu      ] GC(90) User=0.00s Sys=0.00s Real=0.00s
[2026-09-03T12:40:52.681+0800][6.536s][info][safepoint   ] Safepoint "G1PauseCleanup", Time since last: 5134291 ns, Reaching safepoint: 2209 ns, At safepoint: 55541 ns, Leaving safepoint: 12834 ns, Total: 70584 ns, Threads: 0 runnable, 42 total
[2026-09-03T12:40:52.681+0800][6.536s][info][gc,marking  ] GC(90) Concurrent Clear Claimed Marks
[2026-09-03T12:40:52.681+0800][6.536s][info][gc,marking  ] GC(90) Concurrent Clear Claimed Marks 0.004ms
[2026-09-03T12:40:52.681+0800][6.536s][info][gc,marking  ] GC(90) Concurrent Cleanup for Next Mark
[2026-09-03T12:40:52.682+0800][6.536s][info][gc,marking  ] GC(90) Concurrent Cleanup for Next Mark 0.097ms
[2026-09-03T12:40:52.682+0800][6.536s][info][gc          ] GC(90) Concurrent Mark Cycle 14.447ms
[2026-09-03T12:40:52.741+0800][6.595s][info][gc,start    ] GC(91) Pause Young (Prepare Mixed) (G1 Evacuation Pause)
[2026-09-03T12:40:52.741+0800][6.595s][info][gc,task     ] GC(91) Using 9 workers of 9 for evacuation
[2026-09-03T12:40:52.743+0800][6.597s][info][gc,phases   ] GC(91)   Pre Evacuate Collection Set: 0.07ms
[2026-09-03T12:40:52.743+0800][6.597s][info][gc,phases   ] GC(91)   Merge Heap Roots: 0.03ms
[2026-09-03T12:40:52.743+0800][6.597s][info][gc,phases   ] GC(91)   Evacuate Collection Set: 1.78ms
[2026-09-03T12:40:52.743+0800][6.597s][info][gc,phases   ] GC(91)   Post Evacuate Collection Set: 0.11ms
[2026-09-03T12:40:52.743+0800][6.597s][info][gc,phases   ] GC(91)   Other: 0.07ms
[2026-09-03T12:40:52.743+0800][6.597s][info][gc,heap     ] GC(91) Eden regions: 78->0(88)
[2026-09-03T12:40:52.743+0800][6.597s][info][gc,heap     ] GC(91) Survivor regions: 14->12(12)
[2026-09-03T12:40:52.743+0800][6.597s][info][gc,heap     ] GC(91) Old regions: 99->118
[2026-09-03T12:40:52.743+0800][6.597s][info][gc,heap     ] GC(91) Humongous regions: 1->1
[2026-09-03T12:40:52.743+0800][6.597s][info][gc,metaspace] GC(91) Metaspace: 1059K(1216K)->1059K(1216K) NonClass: 994K(1088K)->994K(1088K) Class: 64K(128K)->64K(128K)
[2026-09-03T12:40:52.743+0800][6.597s][info][gc          ] GC(91) Pause Young (Prepare Mixed) (G1 Evacuation Pause) 191M->129M(256M) 2.219ms
[2026-09-03T12:40:52.743+0800][6.597s][info][gc,cpu      ] GC(91) User=0.02s Sys=0.00s Real=0.00s
[2026-09-03T12:40:52.743+0800][6.597s][info][safepoint   ] Safepoint "G1CollectForAllocation", Time since last: 59640166 ns, Reaching safepoint: 4584 ns, At safepoint: 2252250 ns, Leaving safepoint: 22375 ns, Total: 2279209 ns, Threads: 0 runnable, 42 total
[2026-09-03T12:40:52.829+0800][6.683s][info][gc,start    ] GC(92) Pause Young (Mixed) (G1 Evacuation Pause)
[2026-09-03T12:40:52.829+0800][6.683s][info][gc,task     ] GC(92) Using 9 workers of 9 for evacuation
[2026-09-03T12:40:52.831+0800][6.685s][info][gc,phases   ] GC(92)   Pre Evacuate Collection Set: 0.08ms
[2026-09-03T12:40:52.831+0800][6.685s][info][gc,phases   ] GC(92)   Merge Heap Roots: 0.03ms
[2026-09-03T12:40:52.831+0800][6.685s][info][gc,phases   ] GC(92)   Evacuate Collection Set: 1.67ms
[2026-09-03T12:40:52.831+0800][6.685s][info][gc,phases   ] GC(92)   Post Evacuate Collection Set: 0.11ms
[2026-09-03T12:40:52.831+0800][6.685s][info][gc,phases   ] GC(92)   Other: 0.06ms
[2026-09-03T12:40:52.831+0800][6.685s][info][gc,heap     ] GC(92) Eden regions: 88->0(95)
[2026-09-03T12:40:52.831+0800][6.685s][info][gc,heap     ] GC(92) Survivor regions: 12->13(13)
[2026-09-03T12:40:52.831+0800][6.685s][info][gc,heap     ] GC(92) Old regions: 118->108
[2026-09-03T12:40:52.831+0800][6.685s][info][gc,heap     ] GC(92) Humongous regions: 1->1
[2026-09-03T12:40:52.831+0800][6.685s][info][gc,metaspace] GC(92) Metaspace: 1059K(1216K)->1059K(1216K) NonClass: 994K(1088K)->994K(1088K) Class: 64K(128K)->64K(128K)
[2026-09-03T12:40:52.831+0800][6.685s][info][gc          ] GC(92) Pause Young (Mixed) (G1 Evacuation Pause) 217M->121M(256M) 2.078ms
[2026-09-03T12:40:52.831+0800][6.686s][info][gc,cpu      ] GC(92) User=0.02s Sys=0.00s Real=0.01s
[2026-09-03T12:40:52.831+0800][6.686s][info][safepoint   ] Safepoint "G1CollectForAllocation", Time since last: 85910208 ns, Reaching safepoint: 26833 ns, At safepoint: 2118500 ns, Leaving safepoint: 43375 ns, Total: 2188708 ns, Threads: 1 runnable, 42 total
[2026-09-03T12:40:52.923+0800][6.777s][info][gc,start    ] GC(93) Pause Young (Mixed) (G1 Evacuation Pause)
[2026-09-03T12:40:52.923+0800][6.777s][info][gc,task     ] GC(93) Using 9 workers of 9 for evacuation
[2026-09-03T12:40:52.925+0800][6.779s][info][gc,phases   ] GC(93)   Pre Evacuate Collection Set: 0.08ms
[2026-09-03T12:40:52.925+0800][6.779s][info][gc,phases   ] GC(93)   Merge Heap Roots: 0.03ms
[2026-09-03T12:40:52.925+0800][6.779s][info][gc,phases   ] GC(93)   Evacuate Collection Set: 1.83ms
[2026-09-03T12:40:52.925+0800][6.779s][info][gc,phases   ] GC(93)   Post Evacuate Collection Set: 0.10ms
[2026-09-03T12:40:52.925+0800][6.779s][info][gc,phases   ] GC(93)   Other: 0.06ms
[2026-09-03T12:40:52.925+0800][6.779s][info][gc,heap     ] GC(93) Eden regions: 95->0(92)
[2026-09-03T12:40:52.925+0800][6.779s][info][gc,heap     ] GC(93) Survivor regions: 13->14(14)
[2026-09-03T12:40:52.925+0800][6.779s][info][gc,heap     ] GC(93) Old regions: 108->111
[2026-09-03T12:40:52.925+0800][6.779s][info][gc,heap     ] GC(93) Humongous regions: 1->1
[2026-09-03T12:40:52.925+0800][6.779s][info][gc,metaspace] GC(93) Metaspace: 1059K(1216K)->1059K(1216K) NonClass: 994K(1088K)->994K(1088K) Class: 64K(128K)->64K(128K)
[2026-09-03T12:40:52.925+0800][6.779s][info][gc          ] GC(93) Pause Young (Mixed) (G1 Evacuation Pause) 216M->124M(256M) 2.214ms
[2026-09-03T12:40:52.925+0800][6.779s][info][gc,cpu      ] GC(93) User=0.02s Sys=0.00s Real=0.00s
[2026-09-03T12:40:52.925+0800][6.779s][info][safepoint   ] Safepoint "G1CollectForAllocation", Time since last: 91470709 ns, Reaching safepoint: 20916 ns, At safepoint: 2239500 ns, Leaving safepoint: 25667 ns, Total: 2286083 ns, Threads: 2 runnable, 42 total
[2026-09-03T12:40:53.017+0800][6.871s][info][gc,start    ] GC(94) Pause Young (Concurrent Start) (G1 Evacuation Pause)
[2026-09-03T12:40:53.017+0800][6.871s][info][gc,task     ] GC(94) Using 9 workers of 9 for evacuation
[2026-09-03T12:40:53.020+0800][6.874s][info][gc,phases   ] GC(94)   Pre Evacuate Collection Set: 0.09ms
[2026-09-03T12:40:53.020+0800][6.874s][info][gc,phases   ] GC(94)   Merge Heap Roots: 0.03ms
[2026-09-03T12:40:53.020+0800][6.874s][info][gc,phases   ] GC(94)   Evacuate Collection Set: 2.36ms
[2026-09-03T12:40:53.020+0800][6.874s][info][gc,phases   ] GC(94)   Post Evacuate Collection Set: 0.12ms
[2026-09-03T12:40:53.020+0800][6.874s][info][gc,phases   ] GC(94)   Other: 0.06ms
[2026-09-03T12:40:53.020+0800][6.874s][info][gc,heap     ] GC(94) Eden regions: 92->0(79)
[2026-09-03T12:40:53.020+0800][6.874s][info][gc,heap     ] GC(94) Survivor regions: 14->14(14)
[2026-09-03T12:40:53.020+0800][6.874s][info][gc,heap     ] GC(94) Old regions: 111->129
[2026-09-03T12:40:53.020+0800][6.874s][info][gc,heap     ] GC(94) Humongous regions: 1->1
[2026-09-03T12:40:53.020+0800][6.874s][info][gc,metaspace] GC(94) Metaspace: 1059K(1216K)->1059K(1216K) NonClass: 994K(1088K)->994K(1088K) Class: 64K(128K)->64K(128K)
[2026-09-03T12:40:53.020+0800][6.874s][info][gc          ] GC(94) Pause Young (Concurrent Start) (G1 Evacuation Pause) 216M->143M(256M) 2.792ms
[2026-09-03T12:40:53.020+0800][6.874s][info][gc,cpu      ] GC(94) User=0.02s Sys=0.00s Real=0.01s
[2026-09-03T12:40:53.020+0800][6.874s][info][gc          ] GC(95) Concurrent Mark Cycle
[2026-09-03T12:40:53.020+0800][6.874s][info][gc,marking  ] GC(95) Concurrent Scan Root Regions
[2026-09-03T12:40:53.020+0800][6.874s][info][safepoint   ] Safepoint "G1CollectForAllocation", Time since last: 91678167 ns, Reaching safepoint: 75791 ns, At safepoint: 2852584 ns, Leaving safepoint: 17500 ns, Total: 2945875 ns, Threads: 1 runnable, 42 total
[2026-09-03T12:40:53.022+0800][6.876s][info][gc,marking  ] GC(95) Concurrent Scan Root Regions 2.339ms
[2026-09-03T12:40:53.022+0800][6.876s][info][gc,marking  ] GC(95) Concurrent Mark
[2026-09-03T12:40:53.022+0800][6.876s][info][gc,marking  ] GC(95) Concurrent Mark From Roots
[2026-09-03T12:40:53.022+0800][6.876s][info][gc,task     ] GC(95) Concurrent Mark Using 2 of 2 Workers
[2026-09-03T12:40:53.027+0800][6.881s][info][gc,marking  ] GC(95) Concurrent Mark From Roots 4.840ms
[2026-09-03T12:40:53.027+0800][6.881s][info][gc,marking  ] GC(95) Concurrent Preclean
[2026-09-03T12:40:53.027+0800][6.881s][info][gc,marking  ] GC(95) Concurrent Preclean 0.012ms
[2026-09-03T12:40:53.027+0800][6.881s][info][gc,start    ] GC(95) Pause Remark
[2026-09-03T12:40:53.028+0800][6.882s][info][gc          ] GC(95) Pause Remark 150M->120M(256M) 0.399ms
[2026-09-03T12:40:53.028+0800][6.882s][info][gc,cpu      ] GC(95) User=0.00s Sys=0.00s Real=0.00s
[2026-09-03T12:40:53.028+0800][6.882s][info][safepoint   ] Safepoint "G1PauseRemark", Time since last: 7307041 ns, Reaching safepoint: 15875 ns, At safepoint: 420459 ns, Leaving safepoint: 30041 ns, Total: 466375 ns, Threads: 0 runnable, 42 total
[2026-09-03T12:40:53.028+0800][6.882s][info][gc,marking  ] GC(95) Concurrent Mark 5.459ms
[2026-09-03T12:40:53.028+0800][6.882s][info][gc,marking  ] GC(95) Concurrent Rebuild Remembered Sets and Scrub Regions
[2026-09-03T12:40:53.032+0800][6.886s][info][gc,marking  ] GC(95) Concurrent Rebuild Remembered Sets and Scrub Regions 4.594ms
[2026-09-03T12:40:53.032+0800][6.887s][info][gc,start    ] GC(95) Pause Cleanup
[2026-09-03T12:40:53.032+0800][6.887s][info][gc          ] GC(95) Pause Cleanup 125M->125M(256M) 0.049ms
[2026-09-03T12:40:53.032+0800][6.887s][info][gc,cpu      ] GC(95) User=0.00s Sys=0.00s Real=0.00s
[2026-09-03T12:40:53.033+0800][6.887s][info][safepoint   ] Safepoint "G1PauseCleanup", Time since last: 4768875 ns, Reaching safepoint: 86959 ns, At safepoint: 83166 ns, Leaving safepoint: 23584 ns, Total: 193709 ns, Threads: 4 runnable, 42 total
[2026-09-03T12:40:53.033+0800][6.887s][info][gc,marking  ] GC(95) Concurrent Clear Claimed Marks
[2026-09-03T12:40:53.033+0800][6.887s][info][gc,marking  ] GC(95) Concurrent Clear Claimed Marks 0.011ms
[2026-09-03T12:40:53.033+0800][6.887s][info][gc,marking  ] GC(95) Concurrent Cleanup for Next Mark
[2026-09-03T12:40:53.033+0800][6.887s][info][gc,marking  ] GC(95) Concurrent Cleanup for Next Mark 0.197ms
[2026-09-03T12:40:53.033+0800][6.887s][info][gc          ] GC(95) Concurrent Mark Cycle 13.090ms
[2026-09-03T12:40:53.099+0800][6.953s][info][gc,start    ] GC(96) Pause Young (Prepare Mixed) (G1 Evacuation Pause)
[2026-09-03T12:40:53.099+0800][6.953s][info][gc,task     ] GC(96) Using 9 workers of 9 for evacuation
[2026-09-03T12:40:53.101+0800][6.955s][info][gc,phases   ] GC(96)   Pre Evacuate Collection Set: 0.05ms
[2026-09-03T12:40:53.101+0800][6.955s][info][gc,phases   ] GC(96)   Merge Heap Roots: 0.03ms
[2026-09-03T12:40:53.101+0800][6.955s][info][gc,phases   ] GC(96)   Evacuate Collection Set: 1.71ms
[2026-09-03T12:40:53.101+0800][6.955s][info][gc,phases   ] GC(96)   Post Evacuate Collection Set: 0.10ms
[2026-09-03T12:40:53.101+0800][6.955s][info][gc,phases   ] GC(96)   Other: 0.06ms
[2026-09-03T12:40:53.101+0800][6.955s][info][gc,heap     ] GC(96) Eden regions: 79->0(89)
[2026-09-03T12:40:53.101+0800][6.955s][info][gc,heap     ] GC(96) Survivor regions: 14->12(12)
[2026-09-03T12:40:53.101+0800][6.955s][info][gc,heap     ] GC(96) Old regions: 99->117
[2026-09-03T12:40:53.101+0800][6.955s][info][gc,heap     ] GC(96) Humongous regions: 1->1
[2026-09-03T12:40:53.101+0800][6.955s][info][gc,metaspace] GC(96) Metaspace: 1059K(1216K)->1059K(1216K) NonClass: 994K(1088K)->994K(1088K) Class: 64K(128K)->64K(128K)
[2026-09-03T12:40:53.101+0800][6.955s][info][gc          ] GC(96) Pause Young (Prepare Mixed) (G1 Evacuation Pause) 192M->129M(256M) 2.043ms
[2026-09-03T12:40:53.101+0800][6.955s][info][gc,cpu      ] GC(96) User=0.01s Sys=0.00s Real=0.01s
[2026-09-03T12:40:53.101+0800][6.955s][info][safepoint   ] Safepoint "G1CollectForAllocation", Time since last: 65989916 ns, Reaching safepoint: 28750 ns, At safepoint: 2080209 ns, Leaving safepoint: 22208 ns, Total: 2131167 ns, Threads: 3 runnable, 42 total
[2026-09-03T12:40:53.186+0800][7.040s][info][gc,start    ] GC(97) Pause Young (Mixed) (G1 Evacuation Pause)
[2026-09-03T12:40:53.186+0800][7.040s][info][gc,task     ] GC(97) Using 9 workers of 9 for evacuation
[2026-09-03T12:40:53.188+0800][7.043s][info][gc,phases   ] GC(97)   Pre Evacuate Collection Set: 0.07ms
[2026-09-03T12:40:53.188+0800][7.043s][info][gc,phases   ] GC(97)   Merge Heap Roots: 0.02ms
[2026-09-03T12:40:53.188+0800][7.043s][info][gc,phases   ] GC(97)   Evacuate Collection Set: 2.10ms
[2026-09-03T12:40:53.188+0800][7.043s][info][gc,phases   ] GC(97)   Post Evacuate Collection Set: 0.09ms
[2026-09-03T12:40:53.188+0800][7.043s][info][gc,phases   ] GC(97)   Other: 0.05ms
[2026-09-03T12:40:53.188+0800][7.043s][info][gc,heap     ] GC(97) Eden regions: 89->0(94)
[2026-09-03T12:40:53.188+0800][7.043s][info][gc,heap     ] GC(97) Survivor regions: 12->13(13)
[2026-09-03T12:40:53.188+0800][7.043s][info][gc,heap     ] GC(97) Old regions: 117->109
[2026-09-03T12:40:53.188+0800][7.043s][info][gc,heap     ] GC(97) Humongous regions: 1->1
[2026-09-03T12:40:53.188+0800][7.043s][info][gc,metaspace] GC(97) Metaspace: 1059K(1216K)->1059K(1216K) NonClass: 994K(1088K)->994K(1088K) Class: 64K(128K)->64K(128K)
[2026-09-03T12:40:53.188+0800][7.043s][info][gc          ] GC(97) Pause Young (Mixed) (G1 Evacuation Pause) 218M->121M(256M) 2.459ms
[2026-09-03T12:40:53.188+0800][7.043s][info][gc,cpu      ] GC(97) User=0.01s Sys=0.00s Real=0.00s
[2026-09-03T12:40:53.188+0800][7.043s][info][safepoint   ] Safepoint "G1CollectForAllocation", Time since last: 85251583 ns, Reaching safepoint: 80167 ns, At safepoint: 2490792 ns, Leaving safepoint: 22208 ns, Total: 2593167 ns, Threads: 4 runnable, 42 total
[2026-09-03T12:40:53.277+0800][7.131s][info][gc,start    ] GC(98) Pause Young (Mixed) (G1 Evacuation Pause)
[2026-09-03T12:40:53.277+0800][7.131s][info][gc,task     ] GC(98) Using 9 workers of 9 for evacuation
[2026-09-03T12:40:53.279+0800][7.133s][info][gc,phases   ] GC(98)   Pre Evacuate Collection Set: 0.07ms
[2026-09-03T12:40:53.279+0800][7.133s][info][gc,phases   ] GC(98)   Merge Heap Roots: 0.03ms
[2026-09-03T12:40:53.279+0800][7.133s][info][gc,phases   ] GC(98)   Evacuate Collection Set: 1.94ms
[2026-09-03T12:40:53.279+0800][7.133s][info][gc,phases   ] GC(98)   Post Evacuate Collection Set: 0.09ms
[2026-09-03T12:40:53.279+0800][7.133s][info][gc,phases   ] GC(98)   Other: 0.06ms
[2026-09-03T12:40:53.279+0800][7.133s][info][gc,heap     ] GC(98) Eden regions: 94->0(92)
[2026-09-03T12:40:53.279+0800][7.133s][info][gc,heap     ] GC(98) Survivor regions: 13->14(14)
[2026-09-03T12:40:53.279+0800][7.133s][info][gc,heap     ] GC(98) Old regions: 109->111
[2026-09-03T12:40:53.279+0800][7.133s][info][gc,heap     ] GC(98) Humongous regions: 1->1
[2026-09-03T12:40:53.279+0800][7.133s][info][gc,metaspace] GC(98) Metaspace: 1059K(1216K)->1059K(1216K) NonClass: 994K(1088K)->994K(1088K) Class: 64K(128K)->64K(128K)
[2026-09-03T12:40:53.279+0800][7.133s][info][gc          ] GC(98) Pause Young (Mixed) (G1 Evacuation Pause) 215M->124M(256M) 2.320ms
[2026-09-03T12:40:53.279+0800][7.133s][info][gc,cpu      ] GC(98) User=0.02s Sys=0.00s Real=0.00s
[2026-09-03T12:40:53.279+0800][7.133s][info][safepoint   ] Safepoint "G1CollectForAllocation", Time since last: 88104583 ns, Reaching safepoint: 26292 ns, At safepoint: 2346458 ns, Leaving safepoint: 25250 ns, Total: 2398000 ns, Threads: 2 runnable, 42 total
[2026-09-03T12:40:53.367+0800][7.221s][info][gc,start    ] GC(99) Pause Young (Concurrent Start) (G1 Evacuation Pause)
[2026-09-03T12:40:53.367+0800][7.221s][info][gc,task     ] GC(99) Using 9 workers of 9 for evacuation
[2026-09-03T12:40:53.369+0800][7.223s][info][gc,phases   ] GC(99)   Pre Evacuate Collection Set: 0.09ms
[2026-09-03T12:40:53.369+0800][7.223s][info][gc,phases   ] GC(99)   Merge Heap Roots: 0.03ms
[2026-09-03T12:40:53.369+0800][7.223s][info][gc,phases   ] GC(99)   Evacuate Collection Set: 2.00ms
[2026-09-03T12:40:53.369+0800][7.223s][info][gc,phases   ] GC(99)   Post Evacuate Collection Set: 0.09ms
[2026-09-03T12:40:53.369+0800][7.223s][info][gc,phases   ] GC(99)   Other: 0.06ms
[2026-09-03T12:40:53.369+0800][7.223s][info][gc,heap     ] GC(99) Eden regions: 92->0(79)
[2026-09-03T12:40:53.369+0800][7.223s][info][gc,heap     ] GC(99) Survivor regions: 14->14(14)
[2026-09-03T12:40:53.369+0800][7.223s][info][gc,heap     ] GC(99) Old regions: 111->129
[2026-09-03T12:40:53.369+0800][7.223s][info][gc,heap     ] GC(99) Humongous regions: 1->1
[2026-09-03T12:40:53.369+0800][7.223s][info][gc,metaspace] GC(99) Metaspace: 1059K(1216K)->1059K(1216K) NonClass: 994K(1088K)->994K(1088K) Class: 64K(128K)->64K(128K)
[2026-09-03T12:40:53.369+0800][7.223s][info][gc          ] GC(99) Pause Young (Concurrent Start) (G1 Evacuation Pause) 216M->143M(256M) 2.372ms
[2026-09-03T12:40:53.369+0800][7.223s][info][gc,cpu      ] GC(99) User=0.02s Sys=0.00s Real=0.00s
[2026-09-03T12:40:53.369+0800][7.223s][info][gc          ] GC(100) Concurrent Mark Cycle
[2026-09-03T12:40:53.369+0800][7.223s][info][gc,marking  ] GC(100) Concurrent Scan Root Regions
[2026-09-03T12:40:53.369+0800][7.223s][info][safepoint   ] Safepoint "G1CollectForAllocation", Time since last: 87616000 ns, Reaching safepoint: 46250 ns, At safepoint: 2424959 ns, Leaving safepoint: 27000 ns, Total: 2498209 ns, Threads: 2 runnable, 42 total
[2026-09-03T12:40:53.371+0800][7.225s][info][gc,marking  ] GC(100) Concurrent Scan Root Regions 1.976ms
[2026-09-03T12:40:53.371+0800][7.225s][info][gc,marking  ] GC(100) Concurrent Mark
[2026-09-03T12:40:53.371+0800][7.225s][info][gc,marking  ] GC(100) Concurrent Mark From Roots
[2026-09-03T12:40:53.371+0800][7.225s][info][gc,task     ] GC(100) Concurrent Mark Using 2 of 2 Workers
[2026-09-03T12:40:53.377+0800][7.231s][info][gc,marking  ] GC(100) Concurrent Mark From Roots 6.155ms
[2026-09-03T12:40:53.377+0800][7.231s][info][gc,marking  ] GC(100) Concurrent Preclean
[2026-09-03T12:40:53.377+0800][7.231s][info][gc,marking  ] GC(100) Concurrent Preclean 0.011ms
[2026-09-03T12:40:53.377+0800][7.232s][info][gc,start    ] GC(100) Pause Remark
[2026-09-03T12:40:53.378+0800][7.232s][info][gc          ] GC(100) Pause Remark 152M->122M(256M) 0.324ms
[2026-09-03T12:40:53.378+0800][7.232s][info][gc,cpu      ] GC(100) User=0.00s Sys=0.01s Real=0.00s
[2026-09-03T12:40:53.378+0800][7.232s][info][safepoint   ] Safepoint "G1PauseRemark", Time since last: 8258333 ns, Reaching safepoint: 83250 ns, At safepoint: 347750 ns, Leaving safepoint: 19500 ns, Total: 450500 ns, Threads: 2 runnable, 42 total
[2026-09-03T12:40:53.378+0800][7.232s][info][gc,marking  ] GC(100) Concurrent Mark 6.697ms
[2026-09-03T12:40:53.378+0800][7.232s][info][gc,marking  ] GC(100) Concurrent Rebuild Remembered Sets and Scrub Regions
[2026-09-03T12:40:53.384+0800][7.238s][info][gc,marking  ] GC(100) Concurrent Rebuild Remembered Sets and Scrub Regions 5.684ms
[2026-09-03T12:40:53.384+0800][7.238s][info][gc,start    ] GC(100) Pause Cleanup
[2026-09-03T12:40:53.384+0800][7.238s][info][gc          ] GC(100) Pause Cleanup 128M->128M(256M) 0.041ms
[2026-09-03T12:40:53.384+0800][7.238s][info][gc,cpu      ] GC(100) User=0.00s Sys=0.00s Real=0.00s
[2026-09-03T12:40:53.384+0800][7.238s][info][safepoint   ] Safepoint "G1PauseCleanup", Time since last: 5740667 ns, Reaching safepoint: 2500 ns, At safepoint: 61000 ns, Leaving safepoint: 7750 ns, Total: 71250 ns, Threads: 0 runnable, 42 total
[2026-09-03T12:40:53.384+0800][7.238s][info][gc,marking  ] GC(100) Concurrent Clear Claimed Marks
[2026-09-03T12:40:53.384+0800][7.238s][info][gc,marking  ] GC(100) Concurrent Clear Claimed Marks 0.029ms
[2026-09-03T12:40:53.384+0800][7.238s][info][gc,marking  ] GC(100) Concurrent Cleanup for Next Mark
[2026-09-03T12:40:53.384+0800][7.238s][info][gc,marking  ] GC(100) Concurrent Cleanup for Next Mark 0.122ms
[2026-09-03T12:40:53.384+0800][7.238s][info][gc          ] GC(100) Concurrent Mark Cycle 14.781ms
[2026-09-03T12:40:53.443+0800][7.297s][info][gc,start    ] GC(101) Pause Young (Prepare Mixed) (G1 Evacuation Pause)
[2026-09-03T12:40:53.443+0800][7.297s][info][gc,task     ] GC(101) Using 9 workers of 9 for evacuation
[2026-09-03T12:40:53.445+0800][7.300s][info][gc,phases   ] GC(101)   Pre Evacuate Collection Set: 0.07ms
[2026-09-03T12:40:53.446+0800][7.300s][info][gc,phases   ] GC(101)   Merge Heap Roots: 0.02ms
[2026-09-03T12:40:53.446+0800][7.300s][info][gc,phases   ] GC(101)   Evacuate Collection Set: 1.91ms
[2026-09-03T12:40:53.446+0800][7.300s][info][gc,phases   ] GC(101)   Post Evacuate Collection Set: 0.08ms
[2026-09-03T12:40:53.446+0800][7.300s][info][gc,phases   ] GC(101)   Other: 0.06ms
[2026-09-03T12:40:53.446+0800][7.300s][info][gc,heap     ] GC(101) Eden regions: 79->0(89)
[2026-09-03T12:40:53.446+0800][7.300s][info][gc,heap     ] GC(101) Survivor regions: 14->12(12)
[2026-09-03T12:40:53.446+0800][7.300s][info][gc,heap     ] GC(101) Old regions: 99->117
[2026-09-03T12:40:53.446+0800][7.300s][info][gc,heap     ] GC(101) Humongous regions: 1->1
[2026-09-03T12:40:53.446+0800][7.300s][info][gc,metaspace] GC(101) Metaspace: 1059K(1216K)->1059K(1216K) NonClass: 994K(1088K)->994K(1088K) Class: 64K(128K)->64K(128K)
[2026-09-03T12:40:53.446+0800][7.300s][info][gc          ] GC(101) Pause Young (Prepare Mixed) (G1 Evacuation Pause) 192M->129M(256M) 2.258ms
[2026-09-03T12:40:53.446+0800][7.300s][info][gc,cpu      ] GC(101) User=0.02s Sys=0.00s Real=0.00s
[2026-09-03T12:40:53.446+0800][7.300s][info][safepoint   ] Safepoint "G1CollectForAllocation", Time since last: 59665333 ns, Reaching safepoint: 2542 ns, At safepoint: 2283583 ns, Leaving safepoint: 25667 ns, Total: 2311792 ns, Threads: 0 runnable, 42 total
[2026-09-03T12:40:53.526+0800][7.380s][info][gc,start    ] GC(102) Pause Young (Mixed) (G1 Evacuation Pause)
[2026-09-03T12:40:53.526+0800][7.380s][info][gc,task     ] GC(102) Using 9 workers of 9 for evacuation
[2026-09-03T12:40:53.529+0800][7.383s][info][gc,phases   ] GC(102)   Pre Evacuate Collection Set: 0.05ms
[2026-09-03T12:40:53.529+0800][7.383s][info][gc,phases   ] GC(102)   Merge Heap Roots: 0.04ms
[2026-09-03T12:40:53.529+0800][7.383s][info][gc,phases   ] GC(102)   Evacuate Collection Set: 2.23ms
[2026-09-03T12:40:53.529+0800][7.383s][info][gc,phases   ] GC(102)   Post Evacuate Collection Set: 0.12ms
[2026-09-03T12:40:53.529+0800][7.383s][info][gc,phases   ] GC(102)   Other: 0.07ms
[2026-09-03T12:40:53.529+0800][7.383s][info][gc,heap     ] GC(102) Eden regions: 89->0(94)
[2026-09-03T12:40:53.529+0800][7.383s][info][gc,heap     ] GC(102) Survivor regions: 12->13(13)
[2026-09-03T12:40:53.529+0800][7.383s][info][gc,heap     ] GC(102) Old regions: 117->109
[2026-09-03T12:40:53.529+0800][7.383s][info][gc,heap     ] GC(102) Humongous regions: 1->1
[2026-09-03T12:40:53.529+0800][7.383s][info][gc,metaspace] GC(102) Metaspace: 1059K(1216K)->1059K(1216K) NonClass: 994K(1088K)->994K(1088K) Class: 64K(128K)->64K(128K)
[2026-09-03T12:40:53.529+0800][7.383s][info][gc          ] GC(102) Pause Young (Mixed) (G1 Evacuation Pause) 218M->122M(256M) 2.613ms
[2026-09-03T12:40:53.529+0800][7.383s][info][gc,cpu      ] GC(102) User=0.01s Sys=0.00s Real=0.00s
[2026-09-03T12:40:53.529+0800][7.383s][info][safepoint   ] Safepoint "G1CollectForAllocation", Time since last: 80489458 ns, Reaching safepoint: 3083 ns, At safepoint: 2641209 ns, Leaving safepoint: 17416 ns, Total: 2661708 ns, Threads: 0 runnable, 42 total
[2026-09-03T12:40:53.618+0800][7.472s][info][gc,start    ] GC(103) Pause Young (Mixed) (G1 Evacuation Pause)
[2026-09-03T12:40:53.618+0800][7.472s][info][gc,task     ] GC(103) Using 9 workers of 9 for evacuation
[2026-09-03T12:40:53.620+0800][7.475s][info][gc,phases   ] GC(103)   Pre Evacuate Collection Set: 0.05ms
[2026-09-03T12:40:53.620+0800][7.475s][info][gc,phases   ] GC(103)   Merge Heap Roots: 0.02ms
[2026-09-03T12:40:53.620+0800][7.475s][info][gc,phases   ] GC(103)   Evacuate Collection Set: 1.87ms
[2026-09-03T12:40:53.620+0800][7.475s][info][gc,phases   ] GC(103)   Post Evacuate Collection Set: 0.10ms
[2026-09-03T12:40:53.620+0800][7.475s][info][gc,phases   ] GC(103)   Other: 0.06ms
[2026-09-03T12:40:53.620+0800][7.475s][info][gc,heap     ] GC(103) Eden regions: 94->0(91)
[2026-09-03T12:40:53.620+0800][7.475s][info][gc,heap     ] GC(103) Survivor regions: 13->14(14)
[2026-09-03T12:40:53.620+0800][7.475s][info][gc,heap     ] GC(103) Old regions: 109->112
[2026-09-03T12:40:53.620+0800][7.475s][info][gc,heap     ] GC(103) Humongous regions: 1->1
[2026-09-03T12:40:53.620+0800][7.475s][info][gc,metaspace] GC(103) Metaspace: 1059K(1216K)->1059K(1216K) NonClass: 994K(1088K)->994K(1088K) Class: 64K(128K)->64K(128K)
[2026-09-03T12:40:53.620+0800][7.475s][info][gc          ] GC(103) Pause Young (Mixed) (G1 Evacuation Pause) 216M->125M(256M) 2.217ms
[2026-09-03T12:40:53.621+0800][7.475s][info][gc,cpu      ] GC(103) User=0.02s Sys=0.00s Real=0.01s
[2026-09-03T12:40:53.621+0800][7.475s][info][safepoint   ] Safepoint "G1CollectForAllocation", Time since last: 89470292 ns, Reaching safepoint: 31208 ns, At safepoint: 2270834 ns, Leaving safepoint: 23291 ns, Total: 2325333 ns, Threads: 1 runnable, 42 total
[2026-09-03T12:40:53.705+0800][7.559s][info][gc,start    ] GC(104) Pause Young (Concurrent Start) (G1 Evacuation Pause)
[2026-09-03T12:40:53.705+0800][7.559s][info][gc,task     ] GC(104) Using 9 workers of 9 for evacuation
[2026-09-03T12:40:53.707+0800][7.562s][info][gc,phases   ] GC(104)   Pre Evacuate Collection Set: 0.05ms
[2026-09-03T12:40:53.707+0800][7.562s][info][gc,phases   ] GC(104)   Merge Heap Roots: 0.02ms
[2026-09-03T12:40:53.707+0800][7.562s][info][gc,phases   ] GC(104)   Evacuate Collection Set: 2.34ms
[2026-09-03T12:40:53.707+0800][7.562s][info][gc,phases   ] GC(104)   Post Evacuate Collection Set: 0.11ms
[2026-09-03T12:40:53.707+0800][7.562s][info][gc,phases   ] GC(104)   Other: 0.06ms
[2026-09-03T12:40:53.707+0800][7.562s][info][gc,heap     ] GC(104) Eden regions: 91->0(78)
[2026-09-03T12:40:53.707+0800][7.562s][info][gc,heap     ] GC(104) Survivor regions: 14->14(14)
[2026-09-03T12:40:53.707+0800][7.562s][info][gc,heap     ] GC(104) Old regions: 112->131
[2026-09-03T12:40:53.707+0800][7.562s][info][gc,heap     ] GC(104) Humongous regions: 1->1
[2026-09-03T12:40:53.707+0800][7.562s][info][gc,metaspace] GC(104) Metaspace: 1059K(1216K)->1059K(1216K) NonClass: 994K(1088K)->994K(1088K) Class: 64K(128K)->64K(128K)
[2026-09-03T12:40:53.707+0800][7.562s][info][gc          ] GC(104) Pause Young (Concurrent Start) (G1 Evacuation Pause) 216M->144M(256M) 2.703ms
[2026-09-03T12:40:53.707+0800][7.562s][info][gc,cpu      ] GC(104) User=0.02s Sys=0.00s Real=0.00s
[2026-09-03T12:40:53.707+0800][7.562s][info][gc          ] GC(105) Concurrent Mark Cycle
[2026-09-03T12:40:53.708+0800][7.562s][info][gc,marking  ] GC(105) Concurrent Scan Root Regions
[2026-09-03T12:40:53.708+0800][7.562s][info][safepoint   ] Safepoint "G1CollectForAllocation", Time since last: 84174875 ns, Reaching safepoint: 30250 ns, At safepoint: 2735417 ns, Leaving safepoint: 18667 ns, Total: 2784334 ns, Threads: 1 runnable, 42 total
[2026-09-03T12:40:53.709+0800][7.564s][info][gc,marking  ] GC(105) Concurrent Scan Root Regions 1.934ms
[2026-09-03T12:40:53.709+0800][7.564s][info][gc,marking  ] GC(105) Concurrent Mark
[2026-09-03T12:40:53.709+0800][7.564s][info][gc,marking  ] GC(105) Concurrent Mark From Roots
[2026-09-03T12:40:53.709+0800][7.564s][info][gc,task     ] GC(105) Concurrent Mark Using 2 of 2 Workers
[2026-09-03T12:40:53.715+0800][7.570s][info][gc,marking  ] GC(105) Concurrent Mark From Roots 6.015ms
[2026-09-03T12:40:53.716+0800][7.570s][info][gc,marking  ] GC(105) Concurrent Preclean
[2026-09-03T12:40:53.716+0800][7.570s][info][gc,marking  ] GC(105) Concurrent Preclean 0.020ms
[2026-09-03T12:40:53.716+0800][7.570s][info][gc,start    ] GC(105) Pause Remark
[2026-09-03T12:40:53.716+0800][7.570s][info][gc          ] GC(105) Pause Remark 153M->125M(256M) 0.359ms
[2026-09-03T12:40:53.716+0800][7.570s][info][gc,cpu      ] GC(105) User=0.00s Sys=0.00s Real=0.00s
[2026-09-03T12:40:53.716+0800][7.570s][info][safepoint   ] Safepoint "G1PauseRemark", Time since last: 8064375 ns, Reaching safepoint: 29541 ns, At safepoint: 428834 ns, Leaving safepoint: 13750 ns, Total: 472125 ns, Threads: 1 runnable, 42 total
[2026-09-03T12:40:53.716+0800][7.570s][info][gc,marking  ] GC(105) Concurrent Mark 6.645ms
[2026-09-03T12:40:53.716+0800][7.570s][info][gc,marking  ] GC(105) Concurrent Rebuild Remembered Sets and Scrub Regions
[2026-09-03T12:40:53.722+0800][7.576s][info][gc,marking  ] GC(105) Concurrent Rebuild Remembered Sets and Scrub Regions 5.409ms
[2026-09-03T12:40:53.722+0800][7.576s][info][gc,start    ] GC(105) Pause Cleanup
[2026-09-03T12:40:53.722+0800][7.576s][info][gc          ] GC(105) Pause Cleanup 130M->130M(256M) 0.052ms
[2026-09-03T12:40:53.722+0800][7.576s][info][gc,cpu      ] GC(105) User=0.00s Sys=0.00s Real=0.00s
[2026-09-03T12:40:53.722+0800][7.576s][info][safepoint   ] Safepoint "G1PauseCleanup", Time since last: 5537583 ns, Reaching safepoint: 27208 ns, At safepoint: 73417 ns, Leaving safepoint: 20333 ns, Total: 120958 ns, Threads: 1 runnable, 42 total
[2026-09-03T12:40:53.722+0800][7.576s][info][gc,marking  ] GC(105) Concurrent Clear Claimed Marks
[2026-09-03T12:40:53.722+0800][7.576s][info][gc,marking  ] GC(105) Concurrent Clear Claimed Marks 0.006ms
[2026-09-03T12:40:53.722+0800][7.576s][info][gc,marking  ] GC(105) Concurrent Cleanup for Next Mark
[2026-09-03T12:40:53.722+0800][7.576s][info][gc,marking  ] GC(105) Concurrent Cleanup for Next Mark 0.101ms
[2026-09-03T12:40:53.722+0800][7.576s][info][gc          ] GC(105) Concurrent Mark Cycle 14.358ms
[2026-09-03T12:40:53.782+0800][7.637s][info][gc,start    ] GC(106) Pause Young (Prepare Mixed) (G1 Evacuation Pause)
[2026-09-03T12:40:53.782+0800][7.637s][info][gc,task     ] GC(106) Using 9 workers of 9 for evacuation
[2026-09-03T12:40:53.784+0800][7.639s][info][gc,phases   ] GC(106)   Pre Evacuate Collection Set: 0.07ms
[2026-09-03T12:40:53.784+0800][7.639s][info][gc,phases   ] GC(106)   Merge Heap Roots: 0.02ms
[2026-09-03T12:40:53.784+0800][7.639s][info][gc,phases   ] GC(106)   Evacuate Collection Set: 1.63ms
[2026-09-03T12:40:53.784+0800][7.639s][info][gc,phases   ] GC(106)   Post Evacuate Collection Set: 0.11ms
[2026-09-03T12:40:53.784+0800][7.639s][info][gc,phases   ] GC(106)   Other: 0.06ms
[2026-09-03T12:40:53.784+0800][7.639s][info][gc,heap     ] GC(106) Eden regions: 78->0(86)
[2026-09-03T12:40:53.784+0800][7.639s][info][gc,heap     ] GC(106) Survivor regions: 14->12(12)
[2026-09-03T12:40:53.784+0800][7.639s][info][gc,heap     ] GC(106) Old regions: 103->121
[2026-09-03T12:40:53.784+0800][7.639s][info][gc,heap     ] GC(106) Humongous regions: 1->1
[2026-09-03T12:40:53.784+0800][7.639s][info][gc,metaspace] GC(106) Metaspace: 1059K(1216K)->1059K(1216K) NonClass: 994K(1088K)->994K(1088K) Class: 64K(128K)->64K(128K)
[2026-09-03T12:40:53.784+0800][7.639s][info][gc          ] GC(106) Pause Young (Prepare Mixed) (G1 Evacuation Pause) 194M->132M(256M) 2.044ms
[2026-09-03T12:40:53.784+0800][7.639s][info][gc,cpu      ] GC(106) User=0.02s Sys=0.00s Real=0.00s
[2026-09-03T12:40:53.785+0800][7.639s][info][safepoint   ] Safepoint "G1CollectForAllocation", Time since last: 60676500 ns, Reaching safepoint: 4792 ns, At safepoint: 2074667 ns, Leaving safepoint: 59083 ns, Total: 2138542 ns, Threads: 0 runnable, 42 total
[2026-09-03T12:40:53.868+0800][7.722s][info][gc,start    ] GC(107) Pause Young (Mixed) (G1 Evacuation Pause)
[2026-09-03T12:40:53.868+0800][7.722s][info][gc,task     ] GC(107) Using 9 workers of 9 for evacuation
[2026-09-03T12:40:53.870+0800][7.724s][info][gc,phases   ] GC(107)   Pre Evacuate Collection Set: 0.04ms
[2026-09-03T12:40:53.870+0800][7.724s][info][gc,phases   ] GC(107)   Merge Heap Roots: 0.03ms
[2026-09-03T12:40:53.870+0800][7.724s][info][gc,phases   ] GC(107)   Evacuate Collection Set: 2.02ms
[2026-09-03T12:40:53.870+0800][7.724s][info][gc,phases   ] GC(107)   Post Evacuate Collection Set: 0.23ms
[2026-09-03T12:40:53.870+0800][7.724s][info][gc,phases   ] GC(107)   Other: 0.14ms
[2026-09-03T12:40:53.870+0800][7.724s][info][gc,heap     ] GC(107) Eden regions: 86->0(92)
[2026-09-03T12:40:53.870+0800][7.724s][info][gc,heap     ] GC(107) Survivor regions: 12->13(13)
[2026-09-03T12:40:53.870+0800][7.724s][info][gc,heap     ] GC(107) Old regions: 121->111
[2026-09-03T12:40:53.870+0800][7.724s][info][gc,heap     ] GC(107) Humongous regions: 1->1
[2026-09-03T12:40:53.870+0800][7.724s][info][gc,metaspace] GC(107) Metaspace: 1059K(1216K)->1059K(1216K) NonClass: 994K(1088K)->994K(1088K) Class: 64K(128K)->64K(128K)
[2026-09-03T12:40:53.870+0800][7.725s][info][gc          ] GC(107) Pause Young (Mixed) (G1 Evacuation Pause) 218M->123M(256M) 2.750ms
[2026-09-03T12:40:53.870+0800][7.725s][info][gc,cpu      ] GC(107) User=0.02s Sys=0.00s Real=0.01s
[2026-09-03T12:40:53.870+0800][7.725s][info][safepoint   ] Safepoint "G1CollectForAllocation", Time since last: 83086792 ns, Reaching safepoint: 4958 ns, At safepoint: 2835958 ns, Leaving safepoint: 22125 ns, Total: 2863041 ns, Threads: 0 runnable, 42 total
[2026-09-03T12:40:53.958+0800][7.812s][info][gc,start    ] GC(108) Pause Young (Mixed) (G1 Evacuation Pause)
[2026-09-03T12:40:53.958+0800][7.812s][info][gc,task     ] GC(108) Using 9 workers of 9 for evacuation
[2026-09-03T12:40:53.960+0800][7.814s][info][gc,phases   ] GC(108)   Pre Evacuate Collection Set: 0.07ms
[2026-09-03T12:40:53.960+0800][7.814s][info][gc,phases   ] GC(108)   Merge Heap Roots: 0.04ms
[2026-09-03T12:40:53.960+0800][7.814s][info][gc,phases   ] GC(108)   Evacuate Collection Set: 2.05ms
[2026-09-03T12:40:53.960+0800][7.814s][info][gc,phases   ] GC(108)   Post Evacuate Collection Set: 0.09ms
[2026-09-03T12:40:53.960+0800][7.814s][info][gc,phases   ] GC(108)   Other: 0.06ms
[2026-09-03T12:40:53.960+0800][7.814s][info][gc,heap     ] GC(108) Eden regions: 92->0(92)
[2026-09-03T12:40:53.960+0800][7.814s][info][gc,heap     ] GC(108) Survivor regions: 13->14(14)
[2026-09-03T12:40:53.960+0800][7.814s][info][gc,heap     ] GC(108) Old regions: 111->111
[2026-09-03T12:40:53.960+0800][7.814s][info][gc,heap     ] GC(108) Humongous regions: 1->1
[2026-09-03T12:40:53.960+0800][7.814s][info][gc,metaspace] GC(108) Metaspace: 1059K(1216K)->1059K(1216K) NonClass: 994K(1088K)->994K(1088K) Class: 64K(128K)->64K(128K)
[2026-09-03T12:40:53.960+0800][7.814s][info][gc          ] GC(108) Pause Young (Mixed) (G1 Evacuation Pause) 215M->125M(256M) 2.440ms
[2026-09-03T12:40:53.960+0800][7.814s][info][gc,cpu      ] GC(108) User=0.02s Sys=0.00s Real=0.01s
[2026-09-03T12:40:53.960+0800][7.814s][info][safepoint   ] Safepoint "G1CollectForAllocation", Time since last: 87369625 ns, Reaching safepoint: 2584 ns, At safepoint: 2467958 ns, Leaving safepoint: 22792 ns, Total: 2493334 ns, Threads: 0 runnable, 42 total
[2026-09-03T12:40:54.051+0800][7.905s][info][gc,start    ] GC(109) Pause Young (Concurrent Start) (G1 Evacuation Pause)
[2026-09-03T12:40:54.051+0800][7.905s][info][gc,task     ] GC(109) Using 9 workers of 9 for evacuation
[2026-09-03T12:40:54.054+0800][7.908s][info][gc,phases   ] GC(109)   Pre Evacuate Collection Set: 0.07ms
[2026-09-03T12:40:54.054+0800][7.908s][info][gc,phases   ] GC(109)   Merge Heap Roots: 0.03ms
[2026-09-03T12:40:54.054+0800][7.908s][info][gc,phases   ] GC(109)   Evacuate Collection Set: 2.16ms
[2026-09-03T12:40:54.054+0800][7.908s][info][gc,phases   ] GC(109)   Post Evacuate Collection Set: 0.11ms
[2026-09-03T12:40:54.054+0800][7.908s][info][gc,phases   ] GC(109)   Other: 0.06ms
[2026-09-03T12:40:54.054+0800][7.908s][info][gc,heap     ] GC(109) Eden regions: 92->0(78)
[2026-09-03T12:40:54.054+0800][7.908s][info][gc,heap     ] GC(109) Survivor regions: 14->14(14)
[2026-09-03T12:40:54.054+0800][7.908s][info][gc,heap     ] GC(109) Old regions: 111->130
[2026-09-03T12:40:54.054+0800][7.908s][info][gc,heap     ] GC(109) Humongous regions: 1->1
[2026-09-03T12:40:54.054+0800][7.908s][info][gc,metaspace] GC(109) Metaspace: 1059K(1216K)->1059K(1216K) NonClass: 994K(1088K)->994K(1088K) Class: 64K(128K)->64K(128K)
[2026-09-03T12:40:54.054+0800][7.908s][info][gc          ] GC(109) Pause Young (Concurrent Start) (G1 Evacuation Pause) 217M->143M(256M) 2.638ms
[2026-09-03T12:40:54.054+0800][7.908s][info][gc          ] GC(110) Concurrent Mark Cycle
[2026-09-03T12:40:54.054+0800][7.908s][info][gc,cpu      ] GC(109) User=0.01s Sys=0.01s Real=0.00s
[2026-09-03T12:40:54.054+0800][7.908s][info][gc,marking  ] GC(110) Concurrent Scan Root Regions
[2026-09-03T12:40:54.054+0800][7.908s][info][safepoint   ] Safepoint "G1CollectForAllocation", Time since last: 90844875 ns, Reaching safepoint: 3458 ns, At safepoint: 2844083 ns, Leaving safepoint: 62084 ns, Total: 2909625 ns, Threads: 0 runnable, 42 total
[2026-09-03T12:40:54.056+0800][7.910s][info][gc,marking  ] GC(110) Concurrent Scan Root Regions 2.069ms
[2026-09-03T12:40:54.056+0800][7.910s][info][gc,marking  ] GC(110) Concurrent Mark
[2026-09-03T12:40:54.056+0800][7.910s][info][gc,marking  ] GC(110) Concurrent Mark From Roots
[2026-09-03T12:40:54.056+0800][7.910s][info][gc,task     ] GC(110) Concurrent Mark Using 2 of 2 Workers
[2026-09-03T12:40:54.062+0800][7.916s][info][gc,marking  ] GC(110) Concurrent Mark From Roots 5.429ms
[2026-09-03T12:40:54.062+0800][7.916s][info][gc,marking  ] GC(110) Concurrent Preclean
[2026-09-03T12:40:54.062+0800][7.916s][info][gc,marking  ] GC(110) Concurrent Preclean 0.009ms
[2026-09-03T12:40:54.062+0800][7.916s][info][gc,start    ] GC(110) Pause Remark
[2026-09-03T12:40:54.062+0800][7.916s][info][gc          ] GC(110) Pause Remark 152M->123M(256M) 0.329ms
[2026-09-03T12:40:54.062+0800][7.916s][info][gc,cpu      ] GC(110) User=0.00s Sys=0.00s Real=0.00s
[2026-09-03T12:40:54.062+0800][7.916s][info][safepoint   ] Safepoint "G1PauseRemark", Time since last: 7482750 ns, Reaching safepoint: 22041 ns, At safepoint: 349250 ns, Leaving safepoint: 19292 ns, Total: 390583 ns, Threads: 1 runnable, 42 total
[2026-09-03T12:40:54.062+0800][7.916s][info][gc,marking  ] GC(110) Concurrent Mark 5.940ms
[2026-09-03T12:40:54.062+0800][7.916s][info][gc,marking  ] GC(110) Concurrent Rebuild Remembered Sets and Scrub Regions
[2026-09-03T12:40:54.066+0800][7.920s][info][gc,marking  ] GC(110) Concurrent Rebuild Remembered Sets and Scrub Regions 4.008ms
[2026-09-03T12:40:54.066+0800][7.920s][info][gc,start    ] GC(110) Pause Cleanup
[2026-09-03T12:40:54.066+0800][7.920s][info][gc          ] GC(110) Pause Cleanup 127M->127M(256M) 0.034ms
[2026-09-03T12:40:54.066+0800][7.920s][info][gc,cpu      ] GC(110) User=0.00s Sys=0.00s Real=0.00s
[2026-09-03T12:40:54.066+0800][7.920s][info][safepoint   ] Safepoint "G1PauseCleanup", Time since last: 4098333 ns, Reaching safepoint: 1959 ns, At safepoint: 53166 ns, Leaving safepoint: 14417 ns, Total: 69542 ns, Threads: 0 runnable, 42 total
[2026-09-03T12:40:54.066+0800][7.920s][info][gc,marking  ] GC(110) Concurrent Clear Claimed Marks
[2026-09-03T12:40:54.066+0800][7.920s][info][gc,marking  ] GC(110) Concurrent Clear Claimed Marks 0.009ms
[2026-09-03T12:40:54.066+0800][7.920s][info][gc,marking  ] GC(110) Concurrent Cleanup for Next Mark
[2026-09-03T12:40:54.066+0800][7.921s][info][gc,marking  ] GC(110) Concurrent Cleanup for Next Mark 0.203ms
[2026-09-03T12:40:54.066+0800][7.921s][info][gc          ] GC(110) Concurrent Mark Cycle 12.499ms
[2026-09-03T12:40:54.129+0800][7.983s][info][gc,start    ] GC(111) Pause Young (Prepare Mixed) (G1 Evacuation Pause)
[2026-09-03T12:40:54.129+0800][7.983s][info][gc,task     ] GC(111) Using 9 workers of 9 for evacuation
[2026-09-03T12:40:54.131+0800][7.985s][info][gc,phases   ] GC(111)   Pre Evacuate Collection Set: 0.07ms
[2026-09-03T12:40:54.131+0800][7.985s][info][gc,phases   ] GC(111)   Merge Heap Roots: 0.04ms
[2026-09-03T12:40:54.131+0800][7.985s][info][gc,phases   ] GC(111)   Evacuate Collection Set: 1.69ms
[2026-09-03T12:40:54.131+0800][7.985s][info][gc,phases   ] GC(111)   Post Evacuate Collection Set: 0.10ms
[2026-09-03T12:40:54.131+0800][7.985s][info][gc,phases   ] GC(111)   Other: 0.13ms
[2026-09-03T12:40:54.131+0800][7.985s][info][gc,heap     ] GC(111) Eden regions: 78->0(88)
[2026-09-03T12:40:54.131+0800][7.985s][info][gc,heap     ] GC(111) Survivor regions: 14->12(12)
[2026-09-03T12:40:54.131+0800][7.985s][info][gc,heap     ] GC(111) Old regions: 101->119
[2026-09-03T12:40:54.131+0800][7.985s][info][gc,heap     ] GC(111) Humongous regions: 1->1
[2026-09-03T12:40:54.131+0800][7.985s][info][gc,metaspace] GC(111) Metaspace: 1059K(1216K)->1059K(1216K) NonClass: 994K(1088K)->994K(1088K) Class: 64K(128K)->64K(128K)
[2026-09-03T12:40:54.131+0800][7.985s][info][gc          ] GC(111) Pause Young (Prepare Mixed) (G1 Evacuation Pause) 192M->130M(256M) 2.178ms
[2026-09-03T12:40:54.131+0800][7.985s][info][gc,cpu      ] GC(111) User=0.02s Sys=0.00s Real=0.01s
[2026-09-03T12:40:54.131+0800][7.985s][info][safepoint   ] Safepoint "G1CollectForAllocation", Time since last: 62771667 ns, Reaching safepoint: 4000 ns, At safepoint: 2210958 ns, Leaving safepoint: 27583 ns, Total: 2242541 ns, Threads: 0 runnable, 42 total
[2026-09-03T12:40:54.216+0800][8.071s][info][gc,start    ] GC(112) Pause Young (Mixed) (G1 Evacuation Pause)
[2026-09-03T12:40:54.217+0800][8.071s][info][gc,task     ] GC(112) Using 9 workers of 9 for evacuation
[2026-09-03T12:40:54.218+0800][8.073s][info][gc,phases   ] GC(112)   Pre Evacuate Collection Set: 0.06ms
[2026-09-03T12:40:54.219+0800][8.073s][info][gc,phases   ] GC(112)   Merge Heap Roots: 0.03ms
[2026-09-03T12:40:54.219+0800][8.073s][info][gc,phases   ] GC(112)   Evacuate Collection Set: 1.71ms
[2026-09-03T12:40:54.219+0800][8.073s][info][gc,phases   ] GC(112)   Post Evacuate Collection Set: 0.10ms
[2026-09-03T12:40:54.219+0800][8.073s][info][gc,phases   ] GC(112)   Other: 0.06ms
[2026-09-03T12:40:54.219+0800][8.073s][info][gc,heap     ] GC(112) Eden regions: 88->0(93)
[2026-09-03T12:40:54.219+0800][8.073s][info][gc,heap     ] GC(112) Survivor regions: 12->13(13)
[2026-09-03T12:40:54.219+0800][8.073s][info][gc,heap     ] GC(112) Old regions: 119->110
[2026-09-03T12:40:54.219+0800][8.073s][info][gc,heap     ] GC(112) Humongous regions: 1->1
[2026-09-03T12:40:54.219+0800][8.073s][info][gc,metaspace] GC(112) Metaspace: 1059K(1216K)->1059K(1216K) NonClass: 994K(1088K)->994K(1088K) Class: 64K(128K)->64K(128K)
[2026-09-03T12:40:54.219+0800][8.073s][info][gc          ] GC(112) Pause Young (Mixed) (G1 Evacuation Pause) 218M->123M(256M) 2.071ms
[2026-09-03T12:40:54.219+0800][8.073s][info][gc,cpu      ] GC(112) User=0.01s Sys=0.00s Real=0.00s
[2026-09-03T12:40:54.219+0800][8.073s][info][safepoint   ] Safepoint "G1CollectForAllocation", Time since last: 85275459 ns, Reaching safepoint: 28625 ns, At safepoint: 2107416 ns, Leaving safepoint: 40334 ns, Total: 2176375 ns, Threads: 1 runnable, 42 total
[2026-09-03T12:40:54.306+0800][8.160s][info][gc,start    ] GC(113) Pause Young (Mixed) (G1 Evacuation Pause)
[2026-09-03T12:40:54.306+0800][8.160s][info][gc,task     ] GC(113) Using 9 workers of 9 for evacuation
[2026-09-03T12:40:54.308+0800][8.162s][info][gc,phases   ] GC(113)   Pre Evacuate Collection Set: 0.10ms
[2026-09-03T12:40:54.308+0800][8.162s][info][gc,phases   ] GC(113)   Merge Heap Roots: 0.03ms
[2026-09-03T12:40:54.308+0800][8.162s][info][gc,phases   ] GC(113)   Evacuate Collection Set: 1.73ms
[2026-09-03T12:40:54.308+0800][8.162s][info][gc,phases   ] GC(113)   Post Evacuate Collection Set: 0.09ms
[2026-09-03T12:40:54.308+0800][8.162s][info][gc,phases   ] GC(113)   Other: 0.06ms
[2026-09-03T12:40:54.308+0800][8.162s][info][gc,heap     ] GC(113) Eden regions: 93->0(92)
[2026-09-03T12:40:54.308+0800][8.162s][info][gc,heap     ] GC(113) Survivor regions: 13->14(14)
[2026-09-03T12:40:54.308+0800][8.162s][info][gc,heap     ] GC(113) Old regions: 110->110
[2026-09-03T12:40:54.308+0800][8.162s][info][gc,heap     ] GC(113) Humongous regions: 1->1
[2026-09-03T12:40:54.308+0800][8.162s][info][gc,metaspace] GC(113) Metaspace: 1059K(1216K)->1059K(1216K) NonClass: 994K(1088K)->994K(1088K) Class: 64K(128K)->64K(128K)
[2026-09-03T12:40:54.308+0800][8.162s][info][gc          ] GC(113) Pause Young (Mixed) (G1 Evacuation Pause) 216M->124M(256M) 2.129ms
[2026-09-03T12:40:54.308+0800][8.162s][info][gc,cpu      ] GC(113) User=0.02s Sys=0.00s Real=0.00s
[2026-09-03T12:40:54.308+0800][8.162s][info][safepoint   ] Safepoint "G1CollectForAllocation", Time since last: 86989958 ns, Reaching safepoint: 2500 ns, At safepoint: 2154542 ns, Leaving safepoint: 40875 ns, Total: 2197917 ns, Threads: 0 runnable, 42 total
[2026-09-03T12:40:54.395+0800][8.249s][info][gc,start    ] GC(114) Pause Young (Concurrent Start) (G1 Evacuation Pause)
[2026-09-03T12:40:54.395+0800][8.249s][info][gc,task     ] GC(114) Using 9 workers of 9 for evacuation
[2026-09-03T12:40:54.397+0800][8.252s][info][gc,phases   ] GC(114)   Pre Evacuate Collection Set: 0.08ms
[2026-09-03T12:40:54.397+0800][8.252s][info][gc,phases   ] GC(114)   Merge Heap Roots: 0.04ms
[2026-09-03T12:40:54.397+0800][8.252s][info][gc,phases   ] GC(114)   Evacuate Collection Set: 1.75ms
[2026-09-03T12:40:54.397+0800][8.252s][info][gc,phases   ] GC(114)   Post Evacuate Collection Set: 0.10ms
[2026-09-03T12:40:54.397+0800][8.252s][info][gc,phases   ] GC(114)   Other: 0.06ms
[2026-09-03T12:40:54.397+0800][8.252s][info][gc,heap     ] GC(114) Eden regions: 92->0(79)
[2026-09-03T12:40:54.397+0800][8.252s][info][gc,heap     ] GC(114) Survivor regions: 14->14(14)
[2026-09-03T12:40:54.397+0800][8.252s][info][gc,heap     ] GC(114) Old regions: 110->129
[2026-09-03T12:40:54.397+0800][8.252s][info][gc,heap     ] GC(114) Humongous regions: 1->1
[2026-09-03T12:40:54.397+0800][8.252s][info][gc,metaspace] GC(114) Metaspace: 1059K(1216K)->1059K(1216K) NonClass: 994K(1088K)->994K(1088K) Class: 64K(128K)->64K(128K)
[2026-09-03T12:40:54.397+0800][8.252s][info][gc          ] GC(114) Pause Young (Concurrent Start) (G1 Evacuation Pause) 216M->143M(256M) 2.141ms
[2026-09-03T12:40:54.397+0800][8.252s][info][gc,cpu      ] GC(114) User=0.02s Sys=0.00s Real=0.00s
[2026-09-03T12:40:54.397+0800][8.252s][info][gc          ] GC(115) Concurrent Mark Cycle
[2026-09-03T12:40:54.397+0800][8.252s][info][gc,marking  ] GC(115) Concurrent Scan Root Regions
[2026-09-03T12:40:54.397+0800][8.252s][info][safepoint   ] Safepoint "G1CollectForAllocation", Time since last: 87429625 ns, Reaching safepoint: 57625 ns, At safepoint: 2190500 ns, Leaving safepoint: 29583 ns, Total: 2277708 ns, Threads: 2 runnable, 42 total
[2026-09-03T12:40:54.399+0800][8.254s][info][gc,marking  ] GC(115) Concurrent Scan Root Regions 2.011ms
[2026-09-03T12:40:54.399+0800][8.254s][info][gc,marking  ] GC(115) Concurrent Mark
[2026-09-03T12:40:54.400+0800][8.254s][info][gc,marking  ] GC(115) Concurrent Mark From Roots
[2026-09-03T12:40:54.400+0800][8.254s][info][gc,task     ] GC(115) Concurrent Mark Using 2 of 2 Workers
[2026-09-03T12:40:54.405+0800][8.259s][info][gc,marking  ] GC(115) Concurrent Mark From Roots 5.761ms
[2026-09-03T12:40:54.405+0800][8.259s][info][gc,marking  ] GC(115) Concurrent Preclean
[2026-09-03T12:40:54.405+0800][8.259s][info][gc,marking  ] GC(115) Concurrent Preclean 0.028ms
[2026-09-03T12:40:54.406+0800][8.260s][info][gc,start    ] GC(115) Pause Remark
[2026-09-03T12:40:54.406+0800][8.260s][info][gc          ] GC(115) Pause Remark 151M->122M(256M) 0.331ms
[2026-09-03T12:40:54.406+0800][8.260s][info][gc,cpu      ] GC(115) User=0.00s Sys=0.00s Real=0.00s
[2026-09-03T12:40:54.406+0800][8.260s][info][safepoint   ] Safepoint "G1PauseRemark", Time since last: 7937708 ns, Reaching safepoint: 47917 ns, At safepoint: 361250 ns, Leaving safepoint: 54875 ns, Total: 464042 ns, Threads: 1 runnable, 42 total
[2026-09-03T12:40:54.406+0800][8.260s][info][gc,marking  ] GC(115) Concurrent Mark 6.465ms
[2026-09-03T12:40:54.406+0800][8.260s][info][gc,marking  ] GC(115) Concurrent Rebuild Remembered Sets and Scrub Regions
[2026-09-03T12:40:54.410+0800][8.264s][info][gc,marking  ] GC(115) Concurrent Rebuild Remembered Sets and Scrub Regions 4.059ms
[2026-09-03T12:40:54.410+0800][8.264s][info][gc,start    ] GC(115) Pause Cleanup
[2026-09-03T12:40:54.410+0800][8.264s][info][gc          ] GC(115) Pause Cleanup 126M->126M(256M) 0.047ms
[2026-09-03T12:40:54.410+0800][8.264s][info][gc,cpu      ] GC(115) User=0.00s Sys=0.00s Real=0.00s
[2026-09-03T12:40:54.410+0800][8.264s][info][safepoint   ] Safepoint "G1PauseCleanup", Time since last: 4175875 ns, Reaching safepoint: 27292 ns, At safepoint: 99208 ns, Leaving safepoint: 44458 ns, Total: 170958 ns, Threads: 3 runnable, 42 total
[2026-09-03T12:40:54.410+0800][8.264s][info][gc,marking  ] GC(115) Concurrent Clear Claimed Marks
[2026-09-03T12:40:54.410+0800][8.264s][info][gc,marking  ] GC(115) Concurrent Clear Claimed Marks 0.007ms
[2026-09-03T12:40:54.410+0800][8.265s][info][gc,marking  ] GC(115) Concurrent Cleanup for Next Mark
[2026-09-03T12:40:54.411+0800][8.265s][info][gc,marking  ] GC(115) Concurrent Cleanup for Next Mark 0.206ms
[2026-09-03T12:40:54.411+0800][8.265s][info][gc          ] GC(115) Concurrent Mark Cycle 13.169ms
[2026-09-03T12:40:54.475+0800][8.329s][info][gc,start    ] GC(116) Pause Young (Prepare Mixed) (G1 Evacuation Pause)
[2026-09-03T12:40:54.475+0800][8.329s][info][gc,task     ] GC(116) Using 9 workers of 9 for evacuation
[2026-09-03T12:40:54.478+0800][8.332s][info][gc,phases   ] GC(116)   Pre Evacuate Collection Set: 0.06ms
[2026-09-03T12:40:54.478+0800][8.332s][info][gc,phases   ] GC(116)   Merge Heap Roots: 0.02ms
[2026-09-03T12:40:54.478+0800][8.332s][info][gc,phases   ] GC(116)   Evacuate Collection Set: 2.17ms
[2026-09-03T12:40:54.478+0800][8.332s][info][gc,phases   ] GC(116)   Post Evacuate Collection Set: 0.11ms
[2026-09-03T12:40:54.478+0800][8.332s][info][gc,phases   ] GC(116)   Other: 0.07ms
[2026-09-03T12:40:54.478+0800][8.332s][info][gc,heap     ] GC(116) Eden regions: 79->0(88)
[2026-09-03T12:40:54.478+0800][8.332s][info][gc,heap     ] GC(116) Survivor regions: 14->12(12)
[2026-09-03T12:40:54.478+0800][8.332s][info][gc,heap     ] GC(116) Old regions: 100->118
[2026-09-03T12:40:54.478+0800][8.332s][info][gc,heap     ] GC(116) Humongous regions: 1->1
[2026-09-03T12:40:54.478+0800][8.332s][info][gc,metaspace] GC(116) Metaspace: 1059K(1216K)->1059K(1216K) NonClass: 994K(1088K)->994K(1088K) Class: 64K(128K)->64K(128K)
[2026-09-03T12:40:54.478+0800][8.332s][info][gc          ] GC(116) Pause Young (Prepare Mixed) (G1 Evacuation Pause) 193M->130M(256M) 2.562ms
[2026-09-03T12:40:54.478+0800][8.332s][info][gc,cpu      ] GC(116) User=0.02s Sys=0.00s Real=0.00s
[2026-09-03T12:40:54.478+0800][8.332s][info][safepoint   ] Safepoint "G1CollectForAllocation", Time since last: 64955667 ns, Reaching safepoint: 5167 ns, At safepoint: 2605750 ns, Leaving safepoint: 22000 ns, Total: 2632917 ns, Threads: 0 runnable, 42 total
[2026-09-03T12:40:54.559+0800][8.414s][info][gc,start    ] GC(117) Pause Young (Mixed) (G1 Evacuation Pause)
[2026-09-03T12:40:54.559+0800][8.414s][info][gc,task     ] GC(117) Using 9 workers of 9 for evacuation
[2026-09-03T12:40:54.561+0800][8.416s][info][gc,phases   ] GC(117)   Pre Evacuate Collection Set: 0.07ms
[2026-09-03T12:40:54.561+0800][8.416s][info][gc,phases   ] GC(117)   Merge Heap Roots: 0.02ms
[2026-09-03T12:40:54.561+0800][8.416s][info][gc,phases   ] GC(117)   Evacuate Collection Set: 1.78ms
[2026-09-03T12:40:54.561+0800][8.416s][info][gc,phases   ] GC(117)   Post Evacuate Collection Set: 0.11ms
[2026-09-03T12:40:54.562+0800][8.416s][info][gc,phases   ] GC(117)   Other: 0.06ms
[2026-09-03T12:40:54.562+0800][8.416s][info][gc,heap     ] GC(117) Eden regions: 88->0(94)
[2026-09-03T12:40:54.562+0800][8.416s][info][gc,heap     ] GC(117) Survivor regions: 12->13(13)
[2026-09-03T12:40:54.562+0800][8.416s][info][gc,heap     ] GC(117) Old regions: 118->109
[2026-09-03T12:40:54.562+0800][8.416s][info][gc,heap     ] GC(117) Humongous regions: 1->1
[2026-09-03T12:40:54.562+0800][8.416s][info][gc,metaspace] GC(117) Metaspace: 1059K(1216K)->1059K(1216K) NonClass: 994K(1088K)->994K(1088K) Class: 64K(128K)->64K(128K)
[2026-09-03T12:40:54.562+0800][8.416s][info][gc          ] GC(117) Pause Young (Mixed) (G1 Evacuation Pause) 218M->122M(256M) 2.150ms
[2026-09-03T12:40:54.562+0800][8.416s][info][gc,cpu      ] GC(117) User=0.01s Sys=0.00s Real=0.01s
[2026-09-03T12:40:54.562+0800][8.416s][info][safepoint   ] Safepoint "G1CollectForAllocation", Time since last: 81499875 ns, Reaching safepoint: 34875 ns, At safepoint: 2177833 ns, Leaving safepoint: 41125 ns, Total: 2253833 ns, Threads: 1 runnable, 42 total
[2026-09-03T12:40:54.650+0800][8.504s][info][gc,start    ] GC(118) Pause Young (Mixed) (G1 Evacuation Pause)
[2026-09-03T12:40:54.650+0800][8.504s][info][gc,task     ] GC(118) Using 9 workers of 9 for evacuation
[2026-09-03T12:40:54.652+0800][8.506s][info][gc,phases   ] GC(118)   Pre Evacuate Collection Set: 0.08ms
[2026-09-03T12:40:54.652+0800][8.506s][info][gc,phases   ] GC(118)   Merge Heap Roots: 0.02ms
[2026-09-03T12:40:54.652+0800][8.506s][info][gc,phases   ] GC(118)   Evacuate Collection Set: 1.84ms
[2026-09-03T12:40:54.652+0800][8.506s][info][gc,phases   ] GC(118)   Post Evacuate Collection Set: 0.10ms
[2026-09-03T12:40:54.652+0800][8.506s][info][gc,phases   ] GC(118)   Other: 0.06ms
[2026-09-03T12:40:54.652+0800][8.506s][info][gc,heap     ] GC(118) Eden regions: 94->0(92)
[2026-09-03T12:40:54.652+0800][8.506s][info][gc,heap     ] GC(118) Survivor regions: 13->14(14)
[2026-09-03T12:40:54.652+0800][8.506s][info][gc,heap     ] GC(118) Old regions: 109->111
[2026-09-03T12:40:54.652+0800][8.506s][info][gc,heap     ] GC(118) Humongous regions: 1->1
[2026-09-03T12:40:54.652+0800][8.506s][info][gc,metaspace] GC(118) Metaspace: 1059K(1216K)->1059K(1216K) NonClass: 994K(1088K)->994K(1088K) Class: 64K(128K)->64K(128K)
[2026-09-03T12:40:54.652+0800][8.506s][info][gc          ] GC(118) Pause Young (Mixed) (G1 Evacuation Pause) 216M->125M(256M) 2.212ms
[2026-09-03T12:40:54.652+0800][8.506s][info][gc,cpu      ] GC(118) User=0.01s Sys=0.00s Real=0.00s
[2026-09-03T12:40:54.652+0800][8.506s][info][safepoint   ] Safepoint "G1CollectForAllocation", Time since last: 87993375 ns, Reaching safepoint: 2875 ns, At safepoint: 2237792 ns, Leaving safepoint: 41041 ns, Total: 2281708 ns, Threads: 0 runnable, 42 total
[2026-09-03T12:40:54.742+0800][8.596s][info][gc,start    ] GC(119) Pause Young (Concurrent Start) (G1 Evacuation Pause)
[2026-09-03T12:40:54.742+0800][8.596s][info][gc,task     ] GC(119) Using 9 workers of 9 for evacuation
[2026-09-03T12:40:54.744+0800][8.598s][info][gc,phases   ] GC(119)   Pre Evacuate Collection Set: 0.09ms
[2026-09-03T12:40:54.744+0800][8.598s][info][gc,phases   ] GC(119)   Merge Heap Roots: 0.02ms
[2026-09-03T12:40:54.744+0800][8.598s][info][gc,phases   ] GC(119)   Evacuate Collection Set: 2.13ms
[2026-09-03T12:40:54.744+0800][8.598s][info][gc,phases   ] GC(119)   Post Evacuate Collection Set: 0.09ms
[2026-09-03T12:40:54.744+0800][8.598s][info][gc,phases   ] GC(119)   Other: 0.06ms
[2026-09-03T12:40:54.744+0800][8.598s][info][gc,heap     ] GC(119) Eden regions: 92->0(79)
[2026-09-03T12:40:54.744+0800][8.598s][info][gc,heap     ] GC(119) Survivor regions: 14->14(14)
[2026-09-03T12:40:54.744+0800][8.598s][info][gc,heap     ] GC(119) Old regions: 111->129
[2026-09-03T12:40:54.744+0800][8.598s][info][gc,heap     ] GC(119) Humongous regions: 1->1
[2026-09-03T12:40:54.744+0800][8.598s][info][gc,metaspace] GC(119) Metaspace: 1059K(1216K)->1059K(1216K) NonClass: 994K(1088K)->994K(1088K) Class: 64K(128K)->64K(128K)
[2026-09-03T12:40:54.744+0800][8.598s][info][gc          ] GC(119) Pause Young (Concurrent Start) (G1 Evacuation Pause) 217M->143M(256M) 2.536ms
[2026-09-03T12:40:54.744+0800][8.598s][info][gc,cpu      ] GC(119) User=0.02s Sys=0.00s Real=0.00s
[2026-09-03T12:40:54.744+0800][8.598s][info][gc          ] GC(120) Concurrent Mark Cycle
[2026-09-03T12:40:54.744+0800][8.598s][info][gc,marking  ] GC(120) Concurrent Scan Root Regions
[2026-09-03T12:40:54.744+0800][8.598s][info][safepoint   ] Safepoint "G1CollectForAllocation", Time since last: 89599125 ns, Reaching safepoint: 57000 ns, At safepoint: 2569667 ns, Leaving safepoint: 18833 ns, Total: 2645500 ns, Threads: 1 runnable, 42 total
[2026-09-03T12:40:54.746+0800][8.601s][info][gc,marking  ] GC(120) Concurrent Scan Root Regions 2.263ms
[2026-09-03T12:40:54.746+0800][8.601s][info][gc,marking  ] GC(120) Concurrent Mark
[2026-09-03T12:40:54.746+0800][8.601s][info][gc,marking  ] GC(120) Concurrent Mark From Roots
[2026-09-03T12:40:54.746+0800][8.601s][info][gc,task     ] GC(120) Concurrent Mark Using 2 of 2 Workers
[2026-09-03T12:40:54.753+0800][8.607s][info][gc,marking  ] GC(120) Concurrent Mark From Roots 6.421ms
[2026-09-03T12:40:54.753+0800][8.607s][info][gc,marking  ] GC(120) Concurrent Preclean
[2026-09-03T12:40:54.753+0800][8.607s][info][gc,marking  ] GC(120) Concurrent Preclean 0.020ms
[2026-09-03T12:40:54.753+0800][8.607s][info][gc,start    ] GC(120) Pause Remark
[2026-09-03T12:40:54.753+0800][8.608s][info][gc          ] GC(120) Pause Remark 153M->117M(256M) 0.382ms
[2026-09-03T12:40:54.753+0800][8.608s][info][gc,cpu      ] GC(120) User=0.00s Sys=0.00s Real=0.00s
[2026-09-03T12:40:54.753+0800][8.608s][info][safepoint   ] Safepoint "G1PauseRemark", Time since last: 8817500 ns, Reaching safepoint: 48125 ns, At safepoint: 413875 ns, Leaving safepoint: 23542 ns, Total: 485542 ns, Threads: 2 runnable, 42 total
[2026-09-03T12:40:54.753+0800][8.608s][info][gc,marking  ] GC(120) Concurrent Mark 7.109ms
[2026-09-03T12:40:54.754+0800][8.608s][info][gc,marking  ] GC(120) Concurrent Rebuild Remembered Sets and Scrub Regions
[2026-09-03T12:40:54.759+0800][8.613s][info][gc,marking  ] GC(120) Concurrent Rebuild Remembered Sets and Scrub Regions 5.363ms
[2026-09-03T12:40:54.759+0800][8.613s][info][gc,start    ] GC(120) Pause Cleanup
[2026-09-03T12:40:54.759+0800][8.613s][info][gc          ] GC(120) Pause Cleanup 122M->122M(256M) 0.068ms
[2026-09-03T12:40:54.759+0800][8.613s][info][gc,cpu      ] GC(120) User=0.00s Sys=0.00s Real=0.00s
[2026-09-03T12:40:54.759+0800][8.613s][info][safepoint   ] Safepoint "G1PauseCleanup", Time since last: 5563875 ns, Reaching safepoint: 49583 ns, At safepoint: 113542 ns, Leaving safepoint: 25083 ns, Total: 188208 ns, Threads: 1 runnable, 42 total
[2026-09-03T12:40:54.759+0800][8.613s][info][gc,marking  ] GC(120) Concurrent Clear Claimed Marks
[2026-09-03T12:40:54.759+0800][8.613s][info][gc,marking  ] GC(120) Concurrent Clear Claimed Marks 0.014ms
[2026-09-03T12:40:54.759+0800][8.613s][info][gc,marking  ] GC(120) Concurrent Cleanup for Next Mark
[2026-09-03T12:40:54.759+0800][8.614s][info][gc,marking  ] GC(120) Concurrent Cleanup for Next Mark 0.219ms
[2026-09-03T12:40:54.759+0800][8.614s][info][gc          ] GC(120) Concurrent Mark Cycle 15.418ms
[2026-09-03T12:40:54.821+0800][8.676s][info][gc,start    ] GC(121) Pause Young (Prepare Mixed) (G1 Evacuation Pause)
[2026-09-03T12:40:54.821+0800][8.676s][info][gc,task     ] GC(121) Using 9 workers of 9 for evacuation
[2026-09-03T12:40:54.823+0800][8.678s][info][gc,phases   ] GC(121)   Pre Evacuate Collection Set: 0.06ms
[2026-09-03T12:40:54.823+0800][8.678s][info][gc,phases   ] GC(121)   Merge Heap Roots: 0.03ms
[2026-09-03T12:40:54.823+0800][8.678s][info][gc,phases   ] GC(121)   Evacuate Collection Set: 1.70ms
[2026-09-03T12:40:54.823+0800][8.678s][info][gc,phases   ] GC(121)   Post Evacuate Collection Set: 0.10ms
[2026-09-03T12:40:54.823+0800][8.678s][info][gc,phases   ] GC(121)   Other: 0.06ms
[2026-09-03T12:40:54.823+0800][8.678s][info][gc,heap     ] GC(121) Eden regions: 79->0(92)
[2026-09-03T12:40:54.823+0800][8.678s][info][gc,heap     ] GC(121) Survivor regions: 14->12(12)
[2026-09-03T12:40:54.823+0800][8.678s][info][gc,heap     ] GC(121) Old regions: 93->112
[2026-09-03T12:40:54.823+0800][8.678s][info][gc,heap     ] GC(121) Humongous regions: 1->1
[2026-09-03T12:40:54.823+0800][8.678s][info][gc,metaspace] GC(121) Metaspace: 1059K(1216K)->1059K(1216K) NonClass: 994K(1088K)->994K(1088K) Class: 64K(128K)->64K(128K)
[2026-09-03T12:40:54.823+0800][8.678s][info][gc          ] GC(121) Pause Young (Prepare Mixed) (G1 Evacuation Pause) 186M->123M(256M) 2.046ms
[2026-09-03T12:40:54.823+0800][8.678s][info][gc,cpu      ] GC(121) User=0.02s Sys=0.01s Real=0.00s
[2026-09-03T12:40:54.824+0800][8.678s][info][safepoint   ] Safepoint "G1CollectForAllocation", Time since last: 62183042 ns, Reaching safepoint: 50167 ns, At safepoint: 2091416 ns, Leaving safepoint: 67500 ns, Total: 2209083 ns, Threads: 1 runnable, 42 total
[2026-09-03T12:40:54.912+0800][8.766s][info][gc,start    ] GC(122) Pause Young (Mixed) (G1 Evacuation Pause)
[2026-09-03T12:40:54.912+0800][8.766s][info][gc,task     ] GC(122) Using 9 workers of 9 for evacuation
[2026-09-03T12:40:54.914+0800][8.768s][info][gc,phases   ] GC(122)   Pre Evacuate Collection Set: 0.09ms
[2026-09-03T12:40:54.914+0800][8.768s][info][gc,phases   ] GC(122)   Merge Heap Roots: 0.05ms
[2026-09-03T12:40:54.914+0800][8.768s][info][gc,phases   ] GC(122)   Evacuate Collection Set: 1.79ms
[2026-09-03T12:40:54.914+0800][8.768s][info][gc,phases   ] GC(122)   Post Evacuate Collection Set: 0.10ms
[2026-09-03T12:40:54.914+0800][8.768s][info][gc,phases   ] GC(122)   Other: 0.12ms
[2026-09-03T12:40:54.914+0800][8.768s][info][gc,heap     ] GC(122) Eden regions: 92->0(101)
[2026-09-03T12:40:54.914+0800][8.768s][info][gc,heap     ] GC(122) Survivor regions: 12->13(13)
[2026-09-03T12:40:54.914+0800][8.768s][info][gc,heap     ] GC(122) Old regions: 112->99
[2026-09-03T12:40:54.914+0800][8.768s][info][gc,heap     ] GC(122) Humongous regions: 1->1
[2026-09-03T12:40:54.914+0800][8.768s][info][gc,metaspace] GC(122) Metaspace: 1059K(1216K)->1059K(1216K) NonClass: 994K(1088K)->994K(1088K) Class: 64K(128K)->64K(128K)
[2026-09-03T12:40:54.914+0800][8.768s][info][gc          ] GC(122) Pause Young (Mixed) (G1 Evacuation Pause) 215M->112M(256M) 2.303ms
[2026-09-03T12:40:54.914+0800][8.768s][info][gc,cpu      ] GC(122) User=0.02s Sys=0.00s Real=0.00s
[2026-09-03T12:40:54.914+0800][8.768s][info][safepoint   ] Safepoint "G1CollectForAllocation", Time since last: 88146917 ns, Reaching safepoint: 21750 ns, At safepoint: 2355333 ns, Leaving safepoint: 42375 ns, Total: 2419458 ns, Threads: 1 runnable, 42 total
[2026-09-03T12:40:55.011+0800][8.865s][info][gc,start    ] GC(123) Pause Young (Mixed) (G1 Evacuation Pause)
[2026-09-03T12:40:55.011+0800][8.865s][info][gc,task     ] GC(123) Using 9 workers of 9 for evacuation
[2026-09-03T12:40:55.013+0800][8.867s][info][gc,phases   ] GC(123)   Pre Evacuate Collection Set: 0.07ms
[2026-09-03T12:40:55.013+0800][8.867s][info][gc,phases   ] GC(123)   Merge Heap Roots: 0.03ms
[2026-09-03T12:40:55.013+0800][8.867s][info][gc,phases   ] GC(123)   Evacuate Collection Set: 2.18ms
[2026-09-03T12:40:55.013+0800][8.867s][info][gc,phases   ] GC(123)   Post Evacuate Collection Set: 0.10ms
[2026-09-03T12:40:55.013+0800][8.867s][info][gc,phases   ] GC(123)   Other: 0.06ms
[2026-09-03T12:40:55.013+0800][8.867s][info][gc,heap     ] GC(123) Eden regions: 101->0(91)
[2026-09-03T12:40:55.013+0800][8.867s][info][gc,heap     ] GC(123) Survivor regions: 13->15(15)
[2026-09-03T12:40:55.013+0800][8.867s][info][gc,heap     ] GC(123) Old regions: 99->111
[2026-09-03T12:40:55.013+0800][8.867s][info][gc,heap     ] GC(123) Humongous regions: 1->1
[2026-09-03T12:40:55.013+0800][8.867s][info][gc,metaspace] GC(123) Metaspace: 1059K(1216K)->1059K(1216K) NonClass: 994K(1088K)->994K(1088K) Class: 64K(128K)->64K(128K)
[2026-09-03T12:40:55.013+0800][8.867s][info][gc          ] GC(123) Pause Young (Mixed) (G1 Evacuation Pause) 213M->126M(256M) 2.570ms
[2026-09-03T12:40:55.013+0800][8.867s][info][gc,cpu      ] GC(123) User=0.02s Sys=0.00s Real=0.00s
[2026-09-03T12:40:55.013+0800][8.867s][info][safepoint   ] Safepoint "G1CollectForAllocation", Time since last: 96551000 ns, Reaching safepoint: 50917 ns, At safepoint: 2598458 ns, Leaving safepoint: 18375 ns, Total: 2667750 ns, Threads: 1 runnable, 42 total
[2026-09-03T12:40:55.103+0800][8.957s][info][gc,start    ] GC(124) Pause Young (Concurrent Start) (G1 Evacuation Pause)
[2026-09-03T12:40:55.103+0800][8.957s][info][gc,task     ] GC(124) Using 9 workers of 9 for evacuation
[2026-09-03T12:40:55.105+0800][8.959s][info][gc,phases   ] GC(124)   Pre Evacuate Collection Set: 0.07ms
[2026-09-03T12:40:55.105+0800][8.959s][info][gc,phases   ] GC(124)   Merge Heap Roots: 0.02ms
[2026-09-03T12:40:55.105+0800][8.959s][info][gc,phases   ] GC(124)   Evacuate Collection Set: 2.22ms
[2026-09-03T12:40:55.105+0800][8.959s][info][gc,phases   ] GC(124)   Post Evacuate Collection Set: 0.09ms
[2026-09-03T12:40:55.105+0800][8.959s][info][gc,phases   ] GC(124)   Other: 0.07ms
[2026-09-03T12:40:55.105+0800][8.959s][info][gc,heap     ] GC(124) Eden regions: 91->0(78)
[2026-09-03T12:40:55.105+0800][8.959s][info][gc,heap     ] GC(124) Survivor regions: 15->14(14)
[2026-09-03T12:40:55.105+0800][8.959s][info][gc,heap     ] GC(124) Old regions: 111->131
[2026-09-03T12:40:55.105+0800][8.959s][info][gc,heap     ] GC(124) Humongous regions: 1->1
[2026-09-03T12:40:55.105+0800][8.959s][info][gc,metaspace] GC(124) Metaspace: 1059K(1216K)->1059K(1216K) NonClass: 994K(1088K)->994K(1088K) Class: 64K(128K)->64K(128K)
[2026-09-03T12:40:55.105+0800][8.959s][info][gc          ] GC(124) Pause Young (Concurrent Start) (G1 Evacuation Pause) 217M->144M(256M) 2.614ms
[2026-09-03T12:40:55.105+0800][8.959s][info][gc,cpu      ] GC(124) User=0.01s Sys=0.00s Real=0.00s
[2026-09-03T12:40:55.105+0800][8.959s][info][gc          ] GC(125) Concurrent Mark Cycle
[2026-09-03T12:40:55.105+0800][8.960s][info][gc,marking  ] GC(125) Concurrent Scan Root Regions
[2026-09-03T12:40:55.105+0800][8.960s][info][safepoint   ] Safepoint "G1CollectForAllocation", Time since last: 89284959 ns, Reaching safepoint: 29625 ns, At safepoint: 2698291 ns, Leaving safepoint: 24584 ns, Total: 2752500 ns, Threads: 2 runnable, 42 total
[2026-09-03T12:40:55.108+0800][8.962s][info][gc,marking  ] GC(125) Concurrent Scan Root Regions 2.164ms
[2026-09-03T12:40:55.108+0800][8.962s][info][gc,marking  ] GC(125) Concurrent Mark
[2026-09-03T12:40:55.108+0800][8.962s][info][gc,marking  ] GC(125) Concurrent Mark From Roots
[2026-09-03T12:40:55.108+0800][8.962s][info][gc,task     ] GC(125) Concurrent Mark Using 2 of 2 Workers
[2026-09-03T12:40:55.113+0800][8.968s][info][gc,marking  ] GC(125) Concurrent Mark From Roots 5.892ms
[2026-09-03T12:40:55.113+0800][8.968s][info][gc,marking  ] GC(125) Concurrent Preclean
[2026-09-03T12:40:55.114+0800][8.968s][info][gc,marking  ] GC(125) Concurrent Preclean 0.020ms
[2026-09-03T12:40:55.114+0800][8.968s][info][gc,start    ] GC(125) Pause Remark
[2026-09-03T12:40:55.114+0800][8.968s][info][gc          ] GC(125) Pause Remark 153M->117M(256M) 0.347ms
[2026-09-03T12:40:55.114+0800][8.968s][info][gc,cpu      ] GC(125) User=0.00s Sys=0.00s Real=0.00s
[2026-09-03T12:40:55.114+0800][8.968s][info][safepoint   ] Safepoint "G1PauseRemark", Time since last: 8199916 ns, Reaching safepoint: 40542 ns, At safepoint: 389042 ns, Leaving safepoint: 19166 ns, Total: 448750 ns, Threads: 2 runnable, 42 total
[2026-09-03T12:40:55.114+0800][8.968s][info][gc,marking  ] GC(125) Concurrent Mark 6.553ms
[2026-09-03T12:40:55.114+0800][8.968s][info][gc,marking  ] GC(125) Concurrent Rebuild Remembered Sets and Scrub Regions
[2026-09-03T12:40:55.119+0800][8.973s][info][gc,marking  ] GC(125) Concurrent Rebuild Remembered Sets and Scrub Regions 4.948ms
[2026-09-03T12:40:55.119+0800][8.973s][info][gc,start    ] GC(125) Pause Cleanup
[2026-09-03T12:40:55.119+0800][8.973s][info][gc          ] GC(125) Pause Cleanup 122M->122M(256M) 0.088ms
[2026-09-03T12:40:55.119+0800][8.973s][info][gc,cpu      ] GC(125) User=0.00s Sys=0.00s Real=0.00s
[2026-09-03T12:40:55.119+0800][8.973s][info][safepoint   ] Safepoint "G1PauseCleanup", Time since last: 5129084 ns, Reaching safepoint: 39541 ns, At safepoint: 124375 ns, Leaving safepoint: 27792 ns, Total: 191708 ns, Threads: 1 runnable, 42 total
[2026-09-03T12:40:55.119+0800][8.974s][info][gc,marking  ] GC(125) Concurrent Clear Claimed Marks
[2026-09-03T12:40:55.119+0800][8.974s][info][gc,marking  ] GC(125) Concurrent Clear Claimed Marks 0.008ms
[2026-09-03T12:40:55.119+0800][8.974s][info][gc,marking  ] GC(125) Concurrent Cleanup for Next Mark
[2026-09-03T12:40:55.120+0800][8.974s][info][gc,marking  ] GC(125) Concurrent Cleanup for Next Mark 0.278ms
[2026-09-03T12:40:55.120+0800][8.974s][info][gc          ] GC(125) Concurrent Mark Cycle 14.380ms
[2026-09-03T12:40:55.182+0800][9.036s][info][gc,start    ] GC(126) Pause Young (Prepare Mixed) (G1 Evacuation Pause)
[2026-09-03T12:40:55.182+0800][9.037s][info][gc,task     ] GC(126) Using 9 workers of 9 for evacuation
[2026-09-03T12:40:55.184+0800][9.039s][info][gc,phases   ] GC(126)   Pre Evacuate Collection Set: 0.07ms
[2026-09-03T12:40:55.184+0800][9.039s][info][gc,phases   ] GC(126)   Merge Heap Roots: 0.03ms
[2026-09-03T12:40:55.184+0800][9.039s][info][gc,phases   ] GC(126)   Evacuate Collection Set: 1.73ms
[2026-09-03T12:40:55.184+0800][9.039s][info][gc,phases   ] GC(126)   Post Evacuate Collection Set: 0.09ms
[2026-09-03T12:40:55.184+0800][9.039s][info][gc,phases   ] GC(126)   Other: 0.06ms
[2026-09-03T12:40:55.184+0800][9.039s][info][gc,heap     ] GC(126) Eden regions: 78->0(92)
[2026-09-03T12:40:55.184+0800][9.039s][info][gc,heap     ] GC(126) Survivor regions: 14->12(12)
[2026-09-03T12:40:55.184+0800][9.039s][info][gc,heap     ] GC(126) Old regions: 95->113
[2026-09-03T12:40:55.184+0800][9.039s][info][gc,heap     ] GC(126) Humongous regions: 1->1
[2026-09-03T12:40:55.184+0800][9.039s][info][gc,metaspace] GC(126) Metaspace: 1059K(1216K)->1059K(1216K) NonClass: 994K(1088K)->994K(1088K) Class: 64K(128K)->64K(128K)
[2026-09-03T12:40:55.185+0800][9.039s][info][gc          ] GC(126) Pause Young (Prepare Mixed) (G1 Evacuation Pause) 186M->124M(256M) 2.156ms
[2026-09-03T12:40:55.185+0800][9.039s][info][gc,cpu      ] GC(126) User=0.01s Sys=0.00s Real=0.00s
[2026-09-03T12:40:55.185+0800][9.039s][info][safepoint   ] Safepoint "G1CollectForAllocation", Time since last: 62919292 ns, Reaching safepoint: 32166 ns, At safepoint: 2221250 ns, Leaving safepoint: 38542 ns, Total: 2291958 ns, Threads: 3 runnable, 42 total
[2026-09-03T12:40:55.273+0800][9.127s][info][gc,start    ] GC(127) Pause Young (Mixed) (G1 Evacuation Pause)
[2026-09-03T12:40:55.273+0800][9.127s][info][gc,task     ] GC(127) Using 9 workers of 9 for evacuation
[2026-09-03T12:40:55.275+0800][9.129s][info][gc,phases   ] GC(127)   Pre Evacuate Collection Set: 0.08ms
[2026-09-03T12:40:55.275+0800][9.129s][info][gc,phases   ] GC(127)   Merge Heap Roots: 0.03ms
[2026-09-03T12:40:55.275+0800][9.129s][info][gc,phases   ] GC(127)   Evacuate Collection Set: 1.81ms
[2026-09-03T12:40:55.275+0800][9.129s][info][gc,phases   ] GC(127)   Post Evacuate Collection Set: 0.10ms
[2026-09-03T12:40:55.275+0800][9.129s][info][gc,phases   ] GC(127)   Other: 0.06ms
[2026-09-03T12:40:55.275+0800][9.129s][info][gc,heap     ] GC(127) Eden regions: 92->0(100)
[2026-09-03T12:40:55.275+0800][9.129s][info][gc,heap     ] GC(127) Survivor regions: 12->13(13)
[2026-09-03T12:40:55.275+0800][9.129s][info][gc,heap     ] GC(127) Old regions: 113->100
[2026-09-03T12:40:55.275+0800][9.129s][info][gc,heap     ] GC(127) Humongous regions: 1->1
[2026-09-03T12:40:55.275+0800][9.129s][info][gc,metaspace] GC(127) Metaspace: 1059K(1216K)->1059K(1216K) NonClass: 994K(1088K)->994K(1088K) Class: 64K(128K)->64K(128K)
[2026-09-03T12:40:55.275+0800][9.129s][info][gc          ] GC(127) Pause Young (Mixed) (G1 Evacuation Pause) 216M->113M(256M) 2.199ms
[2026-09-03T12:40:55.275+0800][9.129s][info][gc,cpu      ] GC(127) User=0.02s Sys=0.00s Real=0.00s
[2026-09-03T12:40:55.275+0800][9.129s][info][safepoint   ] Safepoint "G1CollectForAllocation", Time since last: 88301542 ns, Reaching safepoint: 35541 ns, At safepoint: 2226209 ns, Leaving safepoint: 19541 ns, Total: 2281291 ns, Threads: 2 runnable, 42 total
[2026-09-03T12:40:55.371+0800][9.225s][info][gc,start    ] GC(128) Pause Young (Mixed) (G1 Evacuation Pause)
[2026-09-03T12:40:55.371+0800][9.225s][info][gc,task     ] GC(128) Using 9 workers of 9 for evacuation
[2026-09-03T12:40:55.373+0800][9.227s][info][gc,phases   ] GC(128)   Pre Evacuate Collection Set: 0.05ms
[2026-09-03T12:40:55.373+0800][9.227s][info][gc,phases   ] GC(128)   Merge Heap Roots: 0.02ms
[2026-09-03T12:40:55.373+0800][9.227s][info][gc,phases   ] GC(128)   Evacuate Collection Set: 1.89ms
[2026-09-03T12:40:55.373+0800][9.227s][info][gc,phases   ] GC(128)   Post Evacuate Collection Set: 0.10ms
[2026-09-03T12:40:55.373+0800][9.227s][info][gc,phases   ] GC(128)   Other: 0.06ms
[2026-09-03T12:40:55.373+0800][9.228s][info][gc,heap     ] GC(128) Eden regions: 100->0(90)
[2026-09-03T12:40:55.373+0800][9.228s][info][gc,heap     ] GC(128) Survivor regions: 13->15(15)
[2026-09-03T12:40:55.373+0800][9.228s][info][gc,heap     ] GC(128) Old regions: 100->112
[2026-09-03T12:40:55.373+0800][9.228s][info][gc,heap     ] GC(128) Humongous regions: 1->1
[2026-09-03T12:40:55.373+0800][9.228s][info][gc,metaspace] GC(128) Metaspace: 1059K(1216K)->1059K(1216K) NonClass: 994K(1088K)->994K(1088K) Class: 64K(128K)->64K(128K)
[2026-09-03T12:40:55.373+0800][9.228s][info][gc          ] GC(128) Pause Young (Mixed) (G1 Evacuation Pause) 213M->126M(256M) 2.241ms
[2026-09-03T12:40:55.373+0800][9.228s][info][gc,cpu      ] GC(128) User=0.01s Sys=0.00s Real=0.00s
[2026-09-03T12:40:55.373+0800][9.228s][info][safepoint   ] Safepoint "G1CollectForAllocation", Time since last: 95926667 ns, Reaching safepoint: 60417 ns, At safepoint: 2272375 ns, Leaving safepoint: 38833 ns, Total: 2371625 ns, Threads: 2 runnable, 42 total
[2026-09-03T12:40:55.458+0800][9.312s][info][gc,start    ] GC(129) Pause Young (Concurrent Start) (G1 Evacuation Pause)
[2026-09-03T12:40:55.458+0800][9.312s][info][gc,task     ] GC(129) Using 9 workers of 9 for evacuation
[2026-09-03T12:40:55.461+0800][9.315s][info][gc,phases   ] GC(129)   Pre Evacuate Collection Set: 0.11ms
[2026-09-03T12:40:55.461+0800][9.315s][info][gc,phases   ] GC(129)   Merge Heap Roots: 0.04ms
[2026-09-03T12:40:55.461+0800][9.315s][info][gc,phases   ] GC(129)   Evacuate Collection Set: 2.49ms
[2026-09-03T12:40:55.461+0800][9.315s][info][gc,phases   ] GC(129)   Post Evacuate Collection Set: 0.11ms
[2026-09-03T12:40:55.461+0800][9.315s][info][gc,phases   ] GC(129)   Other: 0.07ms
[2026-09-03T12:40:55.461+0800][9.315s][info][gc,heap     ] GC(129) Eden regions: 90->0(78)
[2026-09-03T12:40:55.461+0800][9.315s][info][gc,heap     ] GC(129) Survivor regions: 15->14(14)
[2026-09-03T12:40:55.461+0800][9.315s][info][gc,heap     ] GC(129) Old regions: 112->131
[2026-09-03T12:40:55.461+0800][9.315s][info][gc,heap     ] GC(129) Humongous regions: 1->1
[2026-09-03T12:40:55.461+0800][9.315s][info][gc,metaspace] GC(129) Metaspace: 1059K(1216K)->1059K(1216K) NonClass: 994K(1088K)->994K(1088K) Class: 64K(128K)->64K(128K)
[2026-09-03T12:40:55.461+0800][9.315s][info][gc          ] GC(129) Pause Young (Concurrent Start) (G1 Evacuation Pause) 216M->145M(256M) 2.949ms
[2026-09-03T12:40:55.461+0800][9.315s][info][gc          ] GC(130) Concurrent Mark Cycle
[2026-09-03T12:40:55.461+0800][9.315s][info][gc,cpu      ] GC(129) User=0.01s Sys=0.00s Real=0.01s
[2026-09-03T12:40:55.461+0800][9.315s][info][gc,marking  ] GC(130) Concurrent Scan Root Regions
[2026-09-03T12:40:55.461+0800][9.315s][info][safepoint   ] Safepoint "G1CollectForAllocation", Time since last: 84694750 ns, Reaching safepoint: 25000 ns, At safepoint: 2995750 ns, Leaving safepoint: 46875 ns, Total: 3067625 ns, Threads: 2 runnable, 42 total
[2026-09-03T12:40:55.463+0800][9.317s][info][gc,marking  ] GC(130) Concurrent Scan Root Regions 2.123ms
[2026-09-03T12:40:55.463+0800][9.317s][info][gc,marking  ] GC(130) Concurrent Mark
[2026-09-03T12:40:55.463+0800][9.317s][info][gc,marking  ] GC(130) Concurrent Mark From Roots
[2026-09-03T12:40:55.463+0800][9.317s][info][gc,task     ] GC(130) Concurrent Mark Using 2 of 2 Workers
[2026-09-03T12:40:55.470+0800][9.324s][info][gc,marking  ] GC(130) Concurrent Mark From Roots 6.649ms
[2026-09-03T12:40:55.470+0800][9.324s][info][gc,marking  ] GC(130) Concurrent Preclean
[2026-09-03T12:40:55.470+0800][9.324s][info][gc,marking  ] GC(130) Concurrent Preclean 0.010ms
[2026-09-03T12:40:55.470+0800][9.324s][info][gc,start    ] GC(130) Pause Remark
[2026-09-03T12:40:55.470+0800][9.325s][info][gc          ] GC(130) Pause Remark 155M->115M(256M) 0.368ms
[2026-09-03T12:40:55.470+0800][9.325s][info][gc,cpu      ] GC(130) User=0.00s Sys=0.00s Real=0.00s
[2026-09-03T12:40:55.470+0800][9.325s][info][safepoint   ] Safepoint "G1PauseRemark", Time since last: 8816458 ns, Reaching safepoint: 2209 ns, At safepoint: 396000 ns, Leaving safepoint: 16375 ns, Total: 414584 ns, Threads: 0 runnable, 42 total
[2026-09-03T12:40:55.470+0800][9.325s][info][gc,marking  ] GC(130) Concurrent Mark 7.148ms
[2026-09-03T12:40:55.471+0800][9.325s][info][gc,marking  ] GC(130) Concurrent Rebuild Remembered Sets and Scrub Regions
[2026-09-03T12:40:55.476+0800][9.330s][info][gc,marking  ] GC(130) Concurrent Rebuild Remembered Sets and Scrub Regions 5.196ms
[2026-09-03T12:40:55.476+0800][9.330s][info][gc,start    ] GC(130) Pause Cleanup
[2026-09-03T12:40:55.476+0800][9.330s][info][gc          ] GC(130) Pause Cleanup 120M->120M(256M) 0.071ms
[2026-09-03T12:40:55.476+0800][9.330s][info][gc,cpu      ] GC(130) User=0.00s Sys=0.00s Real=0.00s
[2026-09-03T12:40:55.476+0800][9.330s][info][safepoint   ] Safepoint "G1PauseCleanup", Time since last: 5323166 ns, Reaching safepoint: 41500 ns, At safepoint: 103292 ns, Leaving safepoint: 16583 ns, Total: 161375 ns, Threads: 2 runnable, 42 total
[2026-09-03T12:40:55.476+0800][9.330s][info][gc,marking  ] GC(130) Concurrent Clear Claimed Marks
[2026-09-03T12:40:55.476+0800][9.330s][info][gc,marking  ] GC(130) Concurrent Clear Claimed Marks 0.008ms
[2026-09-03T12:40:55.476+0800][9.330s][info][gc,marking  ] GC(130) Concurrent Cleanup for Next Mark
[2026-09-03T12:40:55.476+0800][9.330s][info][gc,marking  ] GC(130) Concurrent Cleanup for Next Mark 0.103ms
[2026-09-03T12:40:55.476+0800][9.330s][info][gc          ] GC(130) Concurrent Mark Cycle 14.967ms
[2026-09-03T12:40:55.535+0800][9.389s][info][gc,start    ] GC(131) Pause Young (Prepare Mixed) (G1 Evacuation Pause)
[2026-09-03T12:40:55.535+0800][9.390s][info][gc,task     ] GC(131) Using 9 workers of 9 for evacuation
[2026-09-03T12:40:55.538+0800][9.392s][info][gc,phases   ] GC(131)   Pre Evacuate Collection Set: 0.04ms
[2026-09-03T12:40:55.538+0800][9.392s][info][gc,phases   ] GC(131)   Merge Heap Roots: 0.02ms
[2026-09-03T12:40:55.538+0800][9.392s][info][gc,phases   ] GC(131)   Evacuate Collection Set: 2.14ms
[2026-09-03T12:40:55.538+0800][9.392s][info][gc,phases   ] GC(131)   Post Evacuate Collection Set: 0.11ms
[2026-09-03T12:40:55.538+0800][9.392s][info][gc,phases   ] GC(131)   Other: 0.08ms
[2026-09-03T12:40:55.538+0800][9.392s][info][gc,heap     ] GC(131) Eden regions: 78->0(94)
[2026-09-03T12:40:55.538+0800][9.392s][info][gc,heap     ] GC(131) Survivor regions: 14->12(12)
[2026-09-03T12:40:55.538+0800][9.392s][info][gc,heap     ] GC(131) Old regions: 91->110
[2026-09-03T12:40:55.538+0800][9.392s][info][gc,heap     ] GC(131) Humongous regions: 1->1
[2026-09-03T12:40:55.538+0800][9.392s][info][gc,metaspace] GC(131) Metaspace: 1059K(1216K)->1059K(1216K) NonClass: 994K(1088K)->994K(1088K) Class: 64K(128K)->64K(128K)
[2026-09-03T12:40:55.538+0800][9.392s][info][gc          ] GC(131) Pause Young (Prepare Mixed) (G1 Evacuation Pause) 183M->121M(256M) 2.582ms
[2026-09-03T12:40:55.538+0800][9.392s][info][gc,cpu      ] GC(131) User=0.02s Sys=0.00s Real=0.00s
[2026-09-03T12:40:55.538+0800][9.392s][info][safepoint   ] Safepoint "G1CollectForAllocation", Time since last: 59386584 ns, Reaching safepoint: 28375 ns, At safepoint: 2624458 ns, Leaving safepoint: 18333 ns, Total: 2671166 ns, Threads: 1 runnable, 42 total
[2026-09-03T12:40:55.625+0800][9.479s][info][gc,start    ] GC(132) Pause Young (Mixed) (G1 Evacuation Pause)
[2026-09-03T12:40:55.625+0800][9.479s][info][gc,task     ] GC(132) Using 9 workers of 9 for evacuation
[2026-09-03T12:40:55.627+0800][9.482s][info][gc,phases   ] GC(132)   Pre Evacuate Collection Set: 0.07ms
[2026-09-03T12:40:55.627+0800][9.482s][info][gc,phases   ] GC(132)   Merge Heap Roots: 0.04ms
[2026-09-03T12:40:55.627+0800][9.482s][info][gc,phases   ] GC(132)   Evacuate Collection Set: 1.87ms
[2026-09-03T12:40:55.627+0800][9.482s][info][gc,phases   ] GC(132)   Post Evacuate Collection Set: 0.10ms
[2026-09-03T12:40:55.627+0800][9.482s][info][gc,phases   ] GC(132)   Other: 0.06ms
[2026-09-03T12:40:55.628+0800][9.482s][info][gc,heap     ] GC(132) Eden regions: 94->0(102)
[2026-09-03T12:40:55.628+0800][9.482s][info][gc,heap     ] GC(132) Survivor regions: 12->14(14)
[2026-09-03T12:40:55.628+0800][9.482s][info][gc,heap     ] GC(132) Old regions: 110->97
[2026-09-03T12:40:55.628+0800][9.482s][info][gc,heap     ] GC(132) Humongous regions: 1->1
[2026-09-03T12:40:55.628+0800][9.482s][info][gc,metaspace] GC(132) Metaspace: 1059K(1216K)->1059K(1216K) NonClass: 994K(1088K)->994K(1088K) Class: 64K(128K)->64K(128K)
[2026-09-03T12:40:55.628+0800][9.482s][info][gc          ] GC(132) Pause Young (Mixed) (G1 Evacuation Pause) 215M->111M(256M) 2.261ms
[2026-09-03T12:40:55.628+0800][9.482s][info][gc,cpu      ] GC(132) User=0.01s Sys=0.00s Real=0.00s
[2026-09-03T12:40:55.628+0800][9.482s][info][safepoint   ] Safepoint "G1CollectForAllocation", Time since last: 87278459 ns, Reaching safepoint: 2625 ns, At safepoint: 2286375 ns, Leaving safepoint: 35875 ns, Total: 2324875 ns, Threads: 0 runnable, 42 total
[2026-09-03T12:40:55.721+0800][9.576s][info][gc,start    ] GC(133) Pause Young (Mixed) (G1 Evacuation Pause)
[2026-09-03T12:40:55.722+0800][9.576s][info][gc,task     ] GC(133) Using 9 workers of 9 for evacuation
[2026-09-03T12:40:55.724+0800][9.578s][info][gc,phases   ] GC(133)   Pre Evacuate Collection Set: 0.07ms
[2026-09-03T12:40:55.724+0800][9.578s][info][gc,phases   ] GC(133)   Merge Heap Roots: 0.03ms
[2026-09-03T12:40:55.724+0800][9.578s][info][gc,phases   ] GC(133)   Evacuate Collection Set: 1.92ms
[2026-09-03T12:40:55.724+0800][9.578s][info][gc,phases   ] GC(133)   Post Evacuate Collection Set: 0.10ms
[2026-09-03T12:40:55.724+0800][9.578s][info][gc,phases   ] GC(133)   Other: 0.06ms
[2026-09-03T12:40:55.724+0800][9.578s][info][gc,heap     ] GC(133) Eden regions: 102->0(90)
[2026-09-03T12:40:55.724+0800][9.578s][info][gc,heap     ] GC(133) Survivor regions: 14->15(15)
[2026-09-03T12:40:55.724+0800][9.578s][info][gc,heap     ] GC(133) Old regions: 97->112
[2026-09-03T12:40:55.724+0800][9.578s][info][gc,heap     ] GC(133) Humongous regions: 1->1
[2026-09-03T12:40:55.724+0800][9.578s][info][gc,metaspace] GC(133) Metaspace: 1059K(1216K)->1059K(1216K) NonClass: 994K(1088K)->994K(1088K) Class: 64K(128K)->64K(128K)
[2026-09-03T12:40:55.724+0800][9.578s][info][gc          ] GC(133) Pause Young (Mixed) (G1 Evacuation Pause) 213M->127M(256M) 2.281ms
[2026-09-03T12:40:55.724+0800][9.578s][info][gc,cpu      ] GC(133) User=0.01s Sys=0.00s Real=0.00s
[2026-09-03T12:40:55.724+0800][9.578s][info][safepoint   ] Safepoint "G1CollectForAllocation", Time since last: 93810875 ns, Reaching safepoint: 29583 ns, At safepoint: 2334250 ns, Leaving safepoint: 37375 ns, Total: 2401208 ns, Threads: 2 runnable, 42 total
[2026-09-03T12:40:55.807+0800][9.661s][info][gc,start    ] GC(134) Pause Young (Concurrent Start) (G1 Evacuation Pause)
[2026-09-03T12:40:55.807+0800][9.661s][info][gc,task     ] GC(134) Using 9 workers of 9 for evacuation
[2026-09-03T12:40:55.809+0800][9.663s][info][gc,phases   ] GC(134)   Pre Evacuate Collection Set: 0.06ms
[2026-09-03T12:40:55.809+0800][9.663s][info][gc,phases   ] GC(134)   Merge Heap Roots: 0.03ms
[2026-09-03T12:40:55.809+0800][9.663s][info][gc,phases   ] GC(134)   Evacuate Collection Set: 1.93ms
[2026-09-03T12:40:55.809+0800][9.663s][info][gc,phases   ] GC(134)   Post Evacuate Collection Set: 0.10ms
[2026-09-03T12:40:55.809+0800][9.663s][info][gc,phases   ] GC(134)   Other: 0.07ms
[2026-09-03T12:40:55.809+0800][9.663s][info][gc,heap     ] GC(134) Eden regions: 90->0(78)
[2026-09-03T12:40:55.809+0800][9.663s][info][gc,heap     ] GC(134) Survivor regions: 15->14(14)
[2026-09-03T12:40:55.809+0800][9.663s][info][gc,heap     ] GC(134) Old regions: 112->131
[2026-09-03T12:40:55.809+0800][9.663s][info][gc,heap     ] GC(134) Humongous regions: 1->1
[2026-09-03T12:40:55.809+0800][9.663s][info][gc,metaspace] GC(134) Metaspace: 1059K(1216K)->1059K(1216K) NonClass: 994K(1088K)->994K(1088K) Class: 64K(128K)->64K(128K)
[2026-09-03T12:40:55.809+0800][9.663s][info][gc          ] GC(134) Pause Young (Concurrent Start) (G1 Evacuation Pause) 217M->145M(256M) 2.328ms
[2026-09-03T12:40:55.809+0800][9.663s][info][gc,cpu      ] GC(134) User=0.02s Sys=0.00s Real=0.00s
[2026-09-03T12:40:55.809+0800][9.663s][info][gc          ] GC(135) Concurrent Mark Cycle
[2026-09-03T12:40:55.809+0800][9.663s][info][gc,marking  ] GC(135) Concurrent Scan Root Regions
[2026-09-03T12:40:55.809+0800][9.663s][info][safepoint   ] Safepoint "G1CollectForAllocation", Time since last: 83060542 ns, Reaching safepoint: 52166 ns, At safepoint: 2378875 ns, Leaving safepoint: 35167 ns, Total: 2466208 ns, Threads: 2 runnable, 42 total
[2026-09-03T12:40:55.811+0800][9.665s][info][gc,marking  ] GC(135) Concurrent Scan Root Regions 1.951ms
[2026-09-03T12:40:55.811+0800][9.665s][info][gc,marking  ] GC(135) Concurrent Mark
[2026-09-03T12:40:55.811+0800][9.665s][info][gc,marking  ] GC(135) Concurrent Mark From Roots
[2026-09-03T12:40:55.811+0800][9.665s][info][gc,task     ] GC(135) Concurrent Mark Using 2 of 2 Workers
[2026-09-03T12:40:55.818+0800][9.672s][info][gc,marking  ] GC(135) Concurrent Mark From Roots 6.648ms
[2026-09-03T12:40:55.818+0800][9.672s][info][gc,marking  ] GC(135) Concurrent Preclean
[2026-09-03T12:40:55.818+0800][9.672s][info][gc,marking  ] GC(135) Concurrent Preclean 0.007ms
[2026-09-03T12:40:55.818+0800][9.672s][info][gc,start    ] GC(135) Pause Remark
[2026-09-03T12:40:55.818+0800][9.672s][info][gc          ] GC(135) Pause Remark 154M->114M(256M) 0.342ms
[2026-09-03T12:40:55.818+0800][9.673s][info][gc,cpu      ] GC(135) User=0.00s Sys=0.00s Real=0.00s
[2026-09-03T12:40:55.818+0800][9.673s][info][safepoint   ] Safepoint "G1PauseRemark", Time since last: 8655000 ns, Reaching safepoint: 25000 ns, At safepoint: 381375 ns, Leaving safepoint: 16667 ns, Total: 423042 ns, Threads: 1 runnable, 42 total
[2026-09-03T12:40:55.818+0800][9.673s][info][gc,marking  ] GC(135) Concurrent Mark 7.148ms
[2026-09-03T12:40:55.818+0800][9.673s][info][gc,marking  ] GC(135) Concurrent Rebuild Remembered Sets and Scrub Regions
[2026-09-03T12:40:55.824+0800][9.678s][info][gc,marking  ] GC(135) Concurrent Rebuild Remembered Sets and Scrub Regions 5.169ms
[2026-09-03T12:40:55.824+0800][9.678s][info][gc,start    ] GC(135) Pause Cleanup
[2026-09-03T12:40:55.824+0800][9.678s][info][gc          ] GC(135) Pause Cleanup 120M->120M(256M) 0.100ms
[2026-09-03T12:40:55.824+0800][9.678s][info][gc,cpu      ] GC(135) User=0.00s Sys=0.00s Real=0.00s
[2026-09-03T12:40:55.824+0800][9.678s][info][safepoint   ] Safepoint "G1PauseCleanup", Time since last: 5257958 ns, Reaching safepoint: 24417 ns, At safepoint: 147416 ns, Leaving safepoint: 19750 ns, Total: 191583 ns, Threads: 2 runnable, 42 total
[2026-09-03T12:40:55.824+0800][9.678s][info][gc,marking  ] GC(135) Concurrent Clear Claimed Marks
[2026-09-03T12:40:55.824+0800][9.678s][info][gc,marking  ] GC(135) Concurrent Clear Claimed Marks 0.013ms
[2026-09-03T12:40:55.824+0800][9.678s][info][gc,marking  ] GC(135) Concurrent Cleanup for Next Mark
[2026-09-03T12:40:55.824+0800][9.678s][info][gc,marking  ] GC(135) Concurrent Cleanup for Next Mark 0.101ms
[2026-09-03T12:40:55.824+0800][9.678s][info][gc          ] GC(135) Concurrent Mark Cycle 14.737ms
[2026-09-03T12:40:55.883+0800][9.737s][info][gc,start    ] GC(136) Pause Young (Prepare Mixed) (G1 Evacuation Pause)
[2026-09-03T12:40:55.883+0800][9.737s][info][gc,task     ] GC(136) Using 9 workers of 9 for evacuation
[2026-09-03T12:40:55.885+0800][9.739s][info][gc,phases   ] GC(136)   Pre Evacuate Collection Set: 0.08ms
[2026-09-03T12:40:55.885+0800][9.739s][info][gc,phases   ] GC(136)   Merge Heap Roots: 0.02ms
[2026-09-03T12:40:55.885+0800][9.739s][info][gc,phases   ] GC(136)   Evacuate Collection Set: 1.70ms
[2026-09-03T12:40:55.885+0800][9.739s][info][gc,phases   ] GC(136)   Post Evacuate Collection Set: 0.09ms
[2026-09-03T12:40:55.885+0800][9.739s][info][gc,phases   ] GC(136)   Other: 0.06ms
[2026-09-03T12:40:55.885+0800][9.739s][info][gc,heap     ] GC(136) Eden regions: 78->0(95)
[2026-09-03T12:40:55.885+0800][9.739s][info][gc,heap     ] GC(136) Survivor regions: 14->12(12)
[2026-09-03T12:40:55.885+0800][9.739s][info][gc,heap     ] GC(136) Old regions: 91->109
[2026-09-03T12:40:55.885+0800][9.739s][info][gc,heap     ] GC(136) Humongous regions: 1->1
[2026-09-03T12:40:55.885+0800][9.739s][info][gc,metaspace] GC(136) Metaspace: 1059K(1216K)->1059K(1216K) NonClass: 994K(1088K)->994K(1088K) Class: 64K(128K)->64K(128K)
[2026-09-03T12:40:55.885+0800][9.739s][info][gc          ] GC(136) Pause Young (Prepare Mixed) (G1 Evacuation Pause) 183M->121M(256M) 2.071ms
[2026-09-03T12:40:55.885+0800][9.739s][info][gc,cpu      ] GC(136) User=0.02s Sys=0.00s Real=0.00s
[2026-09-03T12:40:55.885+0800][9.739s][info][safepoint   ] Safepoint "G1CollectForAllocation", Time since last: 58853709 ns, Reaching safepoint: 22666 ns, At safepoint: 2114917 ns, Leaving safepoint: 35667 ns, Total: 2173250 ns, Threads: 1 runnable, 42 total
[2026-09-03T12:40:55.974+0800][9.828s][info][gc,start    ] GC(137) Pause Young (Mixed) (G1 Evacuation Pause)
[2026-09-03T12:40:55.974+0800][9.828s][info][gc,task     ] GC(137) Using 9 workers of 9 for evacuation
[2026-09-03T12:40:55.976+0800][9.830s][info][gc,phases   ] GC(137)   Pre Evacuate Collection Set: 0.07ms
[2026-09-03T12:40:55.976+0800][9.830s][info][gc,phases   ] GC(137)   Merge Heap Roots: 0.04ms
[2026-09-03T12:40:55.976+0800][9.830s][info][gc,phases   ] GC(137)   Evacuate Collection Set: 1.91ms
[2026-09-03T12:40:55.976+0800][9.830s][info][gc,phases   ] GC(137)   Post Evacuate Collection Set: 0.11ms
[2026-09-03T12:40:55.976+0800][9.830s][info][gc,phases   ] GC(137)   Other: 0.06ms
[2026-09-03T12:40:55.976+0800][9.830s][info][gc,heap     ] GC(137) Eden regions: 95->0(101)
[2026-09-03T12:40:55.976+0800][9.830s][info][gc,heap     ] GC(137) Survivor regions: 12->14(14)
[2026-09-03T12:40:55.976+0800][9.830s][info][gc,heap     ] GC(137) Old regions: 109->98
[2026-09-03T12:40:55.976+0800][9.830s][info][gc,heap     ] GC(137) Humongous regions: 1->1
[2026-09-03T12:40:55.976+0800][9.830s][info][gc,metaspace] GC(137) Metaspace: 1059K(1216K)->1059K(1216K) NonClass: 994K(1088K)->994K(1088K) Class: 64K(128K)->64K(128K)
[2026-09-03T12:40:55.976+0800][9.830s][info][gc          ] GC(137) Pause Young (Mixed) (G1 Evacuation Pause) 216M->111M(256M) 2.302ms
[2026-09-03T12:40:55.976+0800][9.830s][info][gc,cpu      ] GC(137) User=0.01s Sys=0.00s Real=0.00s
[2026-09-03T12:40:55.976+0800][9.830s][info][safepoint   ] Safepoint "G1CollectForAllocation", Time since last: 88628291 ns, Reaching safepoint: 21917 ns, At safepoint: 2327292 ns, Leaving safepoint: 33833 ns, Total: 2383042 ns, Threads: 1 runnable, 42 total
[2026-09-03T12:40:56.070+0800][9.924s][info][gc,start    ] GC(138) Pause Young (Mixed) (G1 Evacuation Pause)
[2026-09-03T12:40:56.070+0800][9.924s][info][gc,task     ] GC(138) Using 9 workers of 9 for evacuation
[2026-09-03T12:40:56.072+0800][9.926s][info][gc,phases   ] GC(138)   Pre Evacuate Collection Set: 0.06ms
[2026-09-03T12:40:56.072+0800][9.926s][info][gc,phases   ] GC(138)   Merge Heap Roots: 0.03ms
[2026-09-03T12:40:56.072+0800][9.926s][info][gc,phases   ] GC(138)   Evacuate Collection Set: 2.11ms
[2026-09-03T12:40:56.072+0800][9.926s][info][gc,phases   ] GC(138)   Post Evacuate Collection Set: 0.10ms
[2026-09-03T12:40:56.072+0800][9.926s][info][gc,phases   ] GC(138)   Other: 0.08ms
[2026-09-03T12:40:56.072+0800][9.926s][info][gc,heap     ] GC(138) Eden regions: 101->0(89)
[2026-09-03T12:40:56.072+0800][9.926s][info][gc,heap     ] GC(138) Survivor regions: 14->15(15)
[2026-09-03T12:40:56.072+0800][9.926s][info][gc,heap     ] GC(138) Old regions: 98->114
[2026-09-03T12:40:56.072+0800][9.926s][info][gc,heap     ] GC(138) Humongous regions: 1->1
[2026-09-03T12:40:56.072+0800][9.926s][info][gc,metaspace] GC(138) Metaspace: 1059K(1216K)->1059K(1216K) NonClass: 994K(1088K)->994K(1088K) Class: 64K(128K)->64K(128K)
[2026-09-03T12:40:56.072+0800][9.926s][info][gc          ] GC(138) Pause Young (Mixed) (G1 Evacuation Pause) 212M->128M(256M) 2.525ms
[2026-09-03T12:40:56.072+0800][9.926s][info][gc,cpu      ] GC(138) User=0.01s Sys=0.01s Real=0.00s
[2026-09-03T12:40:56.072+0800][9.926s][info][safepoint   ] Safepoint "G1CollectForAllocation", Time since last: 93617500 ns, Reaching safepoint: 5083 ns, At safepoint: 2560417 ns, Leaving safepoint: 22167 ns, Total: 2587667 ns, Threads: 0 runnable, 42 total
[2026-09-03T12:40:56.155+0800][10.009s][info][gc,start    ] GC(139) Pause Young (Concurrent Start) (G1 Evacuation Pause)
[2026-09-03T12:40:56.155+0800][10.009s][info][gc,task     ] GC(139) Using 9 workers of 9 for evacuation
[2026-09-03T12:40:56.157+0800][10.011s][info][gc,phases   ] GC(139)   Pre Evacuate Collection Set: 0.08ms
[2026-09-03T12:40:56.157+0800][10.011s][info][gc,phases   ] GC(139)   Merge Heap Roots: 0.03ms
[2026-09-03T12:40:56.157+0800][10.011s][info][gc,phases   ] GC(139)   Evacuate Collection Set: 1.81ms
[2026-09-03T12:40:56.157+0800][10.011s][info][gc,phases   ] GC(139)   Post Evacuate Collection Set: 0.10ms
[2026-09-03T12:40:56.157+0800][10.011s][info][gc,phases   ] GC(139)   Other: 0.09ms
[2026-09-03T12:40:56.157+0800][10.011s][info][gc,heap     ] GC(139) Eden regions: 89->0(77)
[2026-09-03T12:40:56.157+0800][10.011s][info][gc,heap     ] GC(139) Survivor regions: 15->13(13)
[2026-09-03T12:40:56.157+0800][10.011s][info][gc,heap     ] GC(139) Old regions: 114->133
[2026-09-03T12:40:56.157+0800][10.011s][info][gc,heap     ] GC(139) Humongous regions: 1->1
[2026-09-03T12:40:56.157+0800][10.011s][info][gc,metaspace] GC(139) Metaspace: 1059K(1216K)->1059K(1216K) NonClass: 994K(1088K)->994K(1088K) Class: 64K(128K)->64K(128K)
[2026-09-03T12:40:56.157+0800][10.011s][info][gc          ] GC(139) Pause Young (Concurrent Start) (G1 Evacuation Pause) 217M->146M(256M) 2.214ms
[2026-09-03T12:40:56.157+0800][10.011s][info][gc,cpu      ] GC(139) User=0.01s Sys=0.00s Real=0.00s
[2026-09-03T12:40:56.157+0800][10.011s][info][gc          ] GC(140) Concurrent Mark Cycle
[2026-09-03T12:40:56.157+0800][10.011s][info][gc,marking  ] GC(140) Concurrent Scan Root Regions
[2026-09-03T12:40:56.157+0800][10.011s][info][safepoint   ] Safepoint "G1CollectForAllocation", Time since last: 82340541 ns, Reaching safepoint: 73542 ns, At safepoint: 2261625 ns, Leaving safepoint: 37917 ns, Total: 2373084 ns, Threads: 3 runnable, 42 total
[2026-09-03T12:40:56.159+0800][10.013s][info][gc,marking  ] GC(140) Concurrent Scan Root Regions 1.893ms
[2026-09-03T12:40:56.159+0800][10.013s][info][gc,marking  ] GC(140) Concurrent Mark
[2026-09-03T12:40:56.159+0800][10.013s][info][gc,marking  ] GC(140) Concurrent Mark From Roots
[2026-09-03T12:40:56.159+0800][10.013s][info][gc,task     ] GC(140) Concurrent Mark Using 2 of 2 Workers
[2026-09-03T12:40:56.163+0800][10.018s][info][gc,marking  ] GC(140) Concurrent Mark From Roots 4.783ms
[2026-09-03T12:40:56.163+0800][10.018s][info][gc,marking  ] GC(140) Concurrent Preclean
[2026-09-03T12:40:56.163+0800][10.018s][info][gc,marking  ] GC(140) Concurrent Preclean 0.010ms
[2026-09-03T12:40:56.164+0800][10.018s][info][gc,start    ] GC(140) Pause Remark
[2026-09-03T12:40:56.164+0800][10.018s][info][gc          ] GC(140) Pause Remark 153M->111M(256M) 0.356ms
[2026-09-03T12:40:56.164+0800][10.018s][info][gc,cpu      ] GC(140) User=0.00s Sys=0.00s Real=0.00s
[2026-09-03T12:40:56.164+0800][10.018s][info][safepoint   ] Safepoint "G1PauseRemark", Time since last: 6711750 ns, Reaching safepoint: 45000 ns, At safepoint: 388291 ns, Leaving safepoint: 17209 ns, Total: 450500 ns, Threads: 4 runnable, 42 total
[2026-09-03T12:40:56.164+0800][10.018s][info][gc,marking  ] GC(140) Concurrent Mark 5.298ms
[2026-09-03T12:40:56.164+0800][10.018s][info][gc,marking  ] GC(140) Concurrent Rebuild Remembered Sets and Scrub Regions
[2026-09-03T12:40:56.168+0800][10.022s][info][gc,marking  ] GC(140) Concurrent Rebuild Remembered Sets and Scrub Regions 3.718ms
[2026-09-03T12:40:56.168+0800][10.022s][info][gc,start    ] GC(140) Pause Cleanup
[2026-09-03T12:40:56.168+0800][10.022s][info][gc          ] GC(140) Pause Cleanup 115M->115M(256M) 0.032ms
[2026-09-03T12:40:56.168+0800][10.022s][info][gc,cpu      ] GC(140) User=0.00s Sys=0.00s Real=0.00s
[2026-09-03T12:40:56.168+0800][10.022s][info][safepoint   ] Safepoint "G1PauseCleanup", Time since last: 3751791 ns, Reaching safepoint: 18709 ns, At safepoint: 48708 ns, Leaving safepoint: 37333 ns, Total: 104750 ns, Threads: 1 runnable, 42 total
[2026-09-03T12:40:56.168+0800][10.022s][info][gc,marking  ] GC(140) Concurrent Clear Claimed Marks
[2026-09-03T12:40:56.168+0800][10.022s][info][gc,marking  ] GC(140) Concurrent Clear Claimed Marks 0.004ms
[2026-09-03T12:40:56.168+0800][10.022s][info][gc,marking  ] GC(140) Concurrent Cleanup for Next Mark
[2026-09-03T12:40:56.168+0800][10.022s][info][gc,marking  ] GC(140) Concurrent Cleanup for Next Mark 0.101ms
[2026-09-03T12:40:56.168+0800][10.022s][info][gc          ] GC(140) Concurrent Mark Cycle 11.192ms
[2026-09-03T12:40:56.229+0800][10.084s][info][gc,start    ] GC(141) Pause Young (Prepare Mixed) (G1 Evacuation Pause)
[2026-09-03T12:40:56.229+0800][10.084s][info][gc,task     ] GC(141) Using 9 workers of 9 for evacuation
[2026-09-03T12:40:56.231+0800][10.085s][info][gc,phases   ] GC(141)   Pre Evacuate Collection Set: 0.05ms
[2026-09-03T12:40:56.231+0800][10.085s][info][gc,phases   ] GC(141)   Merge Heap Roots: 0.04ms
[2026-09-03T12:40:56.231+0800][10.085s][info][gc,phases   ] GC(141)   Evacuate Collection Set: 1.58ms
[2026-09-03T12:40:56.231+0800][10.085s][info][gc,phases   ] GC(141)   Post Evacuate Collection Set: 0.10ms
[2026-09-03T12:40:56.231+0800][10.085s][info][gc,phases   ] GC(141)   Other: 0.06ms
[2026-09-03T12:40:56.231+0800][10.085s][info][gc,heap     ] GC(141) Eden regions: 77->0(95)
[2026-09-03T12:40:56.231+0800][10.085s][info][gc,heap     ] GC(141) Survivor regions: 13->12(12)
[2026-09-03T12:40:56.231+0800][10.085s][info][gc,heap     ] GC(141) Old regions: 91->108
[2026-09-03T12:40:56.231+0800][10.085s][info][gc,heap     ] GC(141) Humongous regions: 1->1
[2026-09-03T12:40:56.231+0800][10.085s][info][gc,metaspace] GC(141) Metaspace: 1059K(1216K)->1059K(1216K) NonClass: 994K(1088K)->994K(1088K) Class: 64K(128K)->64K(128K)
[2026-09-03T12:40:56.231+0800][10.086s][info][gc          ] GC(141) Pause Young (Prepare Mixed) (G1 Evacuation Pause) 181M->120M(256M) 1.927ms
[2026-09-03T12:40:56.231+0800][10.086s][info][gc,cpu      ] GC(141) User=0.01s Sys=0.00s Real=0.01s
[2026-09-03T12:40:56.231+0800][10.086s][info][safepoint   ] Safepoint "G1CollectForAllocation", Time since last: 61585000 ns, Reaching safepoint: 22084 ns, At safepoint: 1951375 ns, Leaving safepoint: 36750 ns, Total: 2010209 ns, Threads: 2 runnable, 42 total
[2026-09-03T12:40:56.319+0800][10.173s][info][gc,start    ] GC(142) Pause Young (Mixed) (G1 Evacuation Pause)
[2026-09-03T12:40:56.319+0800][10.173s][info][gc,task     ] GC(142) Using 9 workers of 9 for evacuation
[2026-09-03T12:40:56.321+0800][10.176s][info][gc,phases   ] GC(142)   Pre Evacuate Collection Set: 0.07ms
[2026-09-03T12:40:56.322+0800][10.176s][info][gc,phases   ] GC(142)   Merge Heap Roots: 0.04ms
[2026-09-03T12:40:56.322+0800][10.176s][info][gc,phases   ] GC(142)   Evacuate Collection Set: 2.01ms
[2026-09-03T12:40:56.322+0800][10.176s][info][gc,phases   ] GC(142)   Post Evacuate Collection Set: 0.11ms
[2026-09-03T12:40:56.322+0800][10.176s][info][gc,phases   ] GC(142)   Other: 0.06ms
[2026-09-03T12:40:56.322+0800][10.176s][info][gc,heap     ] GC(142) Eden regions: 95->0(102)
[2026-09-03T12:40:56.322+0800][10.176s][info][gc,heap     ] GC(142) Survivor regions: 12->14(14)
[2026-09-03T12:40:56.322+0800][10.176s][info][gc,heap     ] GC(142) Old regions: 108->96
[2026-09-03T12:40:56.322+0800][10.176s][info][gc,heap     ] GC(142) Humongous regions: 1->1
[2026-09-03T12:40:56.322+0800][10.176s][info][gc,metaspace] GC(142) Metaspace: 1059K(1216K)->1059K(1216K) NonClass: 994K(1088K)->994K(1088K) Class: 64K(128K)->64K(128K)
[2026-09-03T12:40:56.322+0800][10.176s][info][gc          ] GC(142) Pause Young (Mixed) (G1 Evacuation Pause) 215M->109M(256M) 2.393ms
[2026-09-03T12:40:56.322+0800][10.176s][info][gc,cpu      ] GC(142) User=0.01s Sys=0.00s Real=0.01s
[2026-09-03T12:40:56.322+0800][10.176s][info][safepoint   ] Safepoint "G1CollectForAllocation", Time since last: 87714208 ns, Reaching safepoint: 25708 ns, At safepoint: 2418709 ns, Leaving safepoint: 22791 ns, Total: 2467208 ns, Threads: 1 runnable, 42 total
[2026-09-03T12:40:56.416+0800][10.270s][info][gc,start    ] GC(143) Pause Young (Mixed) (G1 Evacuation Pause)
[2026-09-03T12:40:56.416+0800][10.270s][info][gc,task     ] GC(143) Using 9 workers of 9 for evacuation
[2026-09-03T12:40:56.418+0800][10.273s][info][gc,phases   ] GC(143)   Pre Evacuate Collection Set: 0.06ms
[2026-09-03T12:40:56.419+0800][10.273s][info][gc,phases   ] GC(143)   Merge Heap Roots: 0.02ms
[2026-09-03T12:40:56.419+0800][10.273s][info][gc,phases   ] GC(143)   Evacuate Collection Set: 2.21ms
[2026-09-03T12:40:56.419+0800][10.273s][info][gc,phases   ] GC(143)   Post Evacuate Collection Set: 0.11ms
[2026-09-03T12:40:56.419+0800][10.273s][info][gc,phases   ] GC(143)   Other: 0.06ms
[2026-09-03T12:40:56.419+0800][10.273s][info][gc,heap     ] GC(143) Eden regions: 102->0(90)
[2026-09-03T12:40:56.419+0800][10.273s][info][gc,heap     ] GC(143) Survivor regions: 14->15(15)
[2026-09-03T12:40:56.419+0800][10.273s][info][gc,heap     ] GC(143) Old regions: 96->112
[2026-09-03T12:40:56.419+0800][10.273s][info][gc,heap     ] GC(143) Humongous regions: 1->1
[2026-09-03T12:40:56.419+0800][10.273s][info][gc,metaspace] GC(143) Metaspace: 1059K(1216K)->1059K(1216K) NonClass: 994K(1088K)->994K(1088K) Class: 64K(128K)->64K(128K)
[2026-09-03T12:40:56.419+0800][10.273s][info][gc          ] GC(143) Pause Young (Mixed) (G1 Evacuation Pause) 211M->126M(256M) 2.560ms
[2026-09-03T12:40:56.419+0800][10.273s][info][gc,cpu      ] GC(143) User=0.01s Sys=0.01s Real=0.00s
[2026-09-03T12:40:56.419+0800][10.273s][info][safepoint   ] Safepoint "G1CollectForAllocation", Time since last: 94381500 ns, Reaching safepoint: 2875 ns, At safepoint: 2588959 ns, Leaving safepoint: 46625 ns, Total: 2638459 ns, Threads: 0 runnable, 42 total
[2026-09-03T12:40:56.514+0800][10.368s][info][gc,start    ] GC(144) Pause Young (Concurrent Start) (G1 Evacuation Pause)
[2026-09-03T12:40:56.514+0800][10.368s][info][gc,task     ] GC(144) Using 9 workers of 9 for evacuation
[2026-09-03T12:40:56.516+0800][10.370s][info][gc,phases   ] GC(144)   Pre Evacuate Collection Set: 0.07ms
[2026-09-03T12:40:56.516+0800][10.370s][info][gc,phases   ] GC(144)   Merge Heap Roots: 0.02ms
[2026-09-03T12:40:56.516+0800][10.370s][info][gc,phases   ] GC(144)   Evacuate Collection Set: 1.90ms
[2026-09-03T12:40:56.516+0800][10.370s][info][gc,phases   ] GC(144)   Post Evacuate Collection Set: 0.08ms
[2026-09-03T12:40:56.516+0800][10.370s][info][gc,phases   ] GC(144)   Other: 0.07ms
[2026-09-03T12:40:56.516+0800][10.370s][info][gc,heap     ] GC(144) Eden regions: 90->0(77)
[2026-09-03T12:40:56.516+0800][10.370s][info][gc,heap     ] GC(144) Survivor regions: 15->14(14)
[2026-09-03T12:40:56.516+0800][10.370s][info][gc,heap     ] GC(144) Old regions: 112->132
[2026-09-03T12:40:56.516+0800][10.370s][info][gc,heap     ] GC(144) Humongous regions: 1->1
[2026-09-03T12:40:56.516+0800][10.370s][info][gc,metaspace] GC(144) Metaspace: 1059K(1216K)->1059K(1216K) NonClass: 994K(1088K)->994K(1088K) Class: 64K(128K)->64K(128K)
[2026-09-03T12:40:56.516+0800][10.370s][info][gc          ] GC(144) Pause Young (Concurrent Start) (G1 Evacuation Pause) 216M->145M(256M) 2.517ms
[2026-09-03T12:40:56.516+0800][10.370s][info][gc          ] GC(145) Concurrent Mark Cycle
[2026-09-03T12:40:56.516+0800][10.370s][info][gc,cpu      ] GC(144) User=0.02s Sys=0.01s Real=0.00s
[2026-09-03T12:40:56.516+0800][10.370s][info][gc,marking  ] GC(145) Concurrent Scan Root Regions
[2026-09-03T12:40:56.516+0800][10.370s][info][safepoint   ] Safepoint "G1CollectForAllocation", Time since last: 95115000 ns, Reaching safepoint: 4541 ns, At safepoint: 2569292 ns, Leaving safepoint: 31292 ns, Total: 2605125 ns, Threads: 0 runnable, 42 total
[2026-09-03T12:40:56.518+0800][10.372s][info][gc,marking  ] GC(145) Concurrent Scan Root Regions 1.950ms
[2026-09-03T12:40:56.518+0800][10.372s][info][gc,marking  ] GC(145) Concurrent Mark
[2026-09-03T12:40:56.518+0800][10.372s][info][gc,marking  ] GC(145) Concurrent Mark From Roots
[2026-09-03T12:40:56.518+0800][10.372s][info][gc,task     ] GC(145) Concurrent Mark Using 2 of 2 Workers
[2026-09-03T12:40:56.524+0800][10.378s][info][gc,marking  ] GC(145) Concurrent Mark From Roots 5.788ms
[2026-09-03T12:40:56.524+0800][10.378s][info][gc,marking  ] GC(145) Concurrent Preclean
[2026-09-03T12:40:56.524+0800][10.378s][info][gc,marking  ] GC(145) Concurrent Preclean 0.022ms
[2026-09-03T12:40:56.524+0800][10.378s][info][gc,start    ] GC(145) Pause Remark
[2026-09-03T12:40:56.525+0800][10.379s][info][gc          ] GC(145) Pause Remark 154M->117M(256M) 0.328ms
[2026-09-03T12:40:56.525+0800][10.379s][info][gc,cpu      ] GC(145) User=0.00s Sys=0.00s Real=0.00s
[2026-09-03T12:40:56.525+0800][10.379s][info][safepoint   ] Safepoint "G1PauseRemark", Time since last: 7822500 ns, Reaching safepoint: 100875 ns, At safepoint: 358208 ns, Leaving safepoint: 14792 ns, Total: 473875 ns, Threads: 1 runnable, 42 total
[2026-09-03T12:40:56.525+0800][10.379s][info][gc,marking  ] GC(145) Concurrent Mark 6.377ms
[2026-09-03T12:40:56.525+0800][10.379s][info][gc,marking  ] GC(145) Concurrent Rebuild Remembered Sets and Scrub Regions
[2026-09-03T12:40:56.529+0800][10.383s][info][gc,marking  ] GC(145) Concurrent Rebuild Remembered Sets and Scrub Regions 4.409ms
[2026-09-03T12:40:56.529+0800][10.383s][info][gc,start    ] GC(145) Pause Cleanup
[2026-09-03T12:40:56.529+0800][10.383s][info][gc          ] GC(145) Pause Cleanup 121M->121M(256M) 0.043ms
[2026-09-03T12:40:56.529+0800][10.383s][info][gc,cpu      ] GC(145) User=0.00s Sys=0.00s Real=0.00s
[2026-09-03T12:40:56.529+0800][10.384s][info][safepoint   ] Safepoint "G1PauseCleanup", Time since last: 4490833 ns, Reaching safepoint: 150083 ns, At safepoint: 69500 ns, Leaving safepoint: 16000 ns, Total: 235583 ns, Threads: 2 runnable, 42 total
[2026-09-03T12:40:56.529+0800][10.384s][info][gc,marking  ] GC(145) Concurrent Clear Claimed Marks
[2026-09-03T12:40:56.529+0800][10.384s][info][gc,marking  ] GC(145) Concurrent Clear Claimed Marks 0.032ms
[2026-09-03T12:40:56.529+0800][10.384s][info][gc,marking  ] GC(145) Concurrent Cleanup for Next Mark
[2026-09-03T12:40:56.530+0800][10.384s][info][gc,marking  ] GC(145) Concurrent Cleanup for Next Mark 0.119ms
[2026-09-03T12:40:56.530+0800][10.384s][info][gc          ] GC(145) Concurrent Mark Cycle 13.326ms
[2026-09-03T12:40:56.590+0800][10.444s][info][gc,start    ] GC(146) Pause Young (Prepare Mixed) (G1 Evacuation Pause)
[2026-09-03T12:40:56.590+0800][10.444s][info][gc,task     ] GC(146) Using 9 workers of 9 for evacuation
[2026-09-03T12:40:56.592+0800][10.446s][info][gc,phases   ] GC(146)   Pre Evacuate Collection Set: 0.06ms
[2026-09-03T12:40:56.592+0800][10.446s][info][gc,phases   ] GC(146)   Merge Heap Roots: 0.03ms
[2026-09-03T12:40:56.592+0800][10.446s][info][gc,phases   ] GC(146)   Evacuate Collection Set: 1.70ms
[2026-09-03T12:40:56.592+0800][10.446s][info][gc,phases   ] GC(146)   Post Evacuate Collection Set: 0.09ms
[2026-09-03T12:40:56.592+0800][10.446s][info][gc,phases   ] GC(146)   Other: 0.06ms
[2026-09-03T12:40:56.592+0800][10.446s][info][gc,heap     ] GC(146) Eden regions: 77->0(92)
[2026-09-03T12:40:56.592+0800][10.446s][info][gc,heap     ] GC(146) Survivor regions: 14->12(12)
[2026-09-03T12:40:56.592+0800][10.446s][info][gc,heap     ] GC(146) Old regions: 95->113
[2026-09-03T12:40:56.592+0800][10.446s][info][gc,heap     ] GC(146) Humongous regions: 1->1
[2026-09-03T12:40:56.592+0800][10.446s][info][gc,metaspace] GC(146) Metaspace: 1059K(1216K)->1059K(1216K) NonClass: 994K(1088K)->994K(1088K) Class: 64K(128K)->64K(128K)
[2026-09-03T12:40:56.592+0800][10.446s][info][gc          ] GC(146) Pause Young (Prepare Mixed) (G1 Evacuation Pause) 185M->125M(256M) 2.086ms
[2026-09-03T12:40:56.592+0800][10.446s][info][gc,cpu      ] GC(146) User=0.02s Sys=0.01s Real=0.00s
[2026-09-03T12:40:56.592+0800][10.446s][info][safepoint   ] Safepoint "G1CollectForAllocation", Time since last: 60276750 ns, Reaching safepoint: 23167 ns, At safepoint: 2113875 ns, Leaving safepoint: 19958 ns, Total: 2157000 ns, Threads: 1 runnable, 42 total
[2026-09-03T12:40:56.819+0800][10.673s][info][gc,start    ] GC(147) Pause Young (Mixed) (G1 Evacuation Pause)
[2026-09-03T12:40:56.819+0800][10.673s][info][gc,task     ] GC(147) Using 9 workers of 9 for evacuation
[2026-09-03T12:40:56.821+0800][10.676s][info][gc,phases   ] GC(147)   Pre Evacuate Collection Set: 0.07ms
[2026-09-03T12:40:56.822+0800][10.676s][info][gc,phases   ] GC(147)   Merge Heap Roots: 0.04ms
[2026-09-03T12:40:56.822+0800][10.676s][info][gc,phases   ] GC(147)   Evacuate Collection Set: 2.06ms
[2026-09-03T12:40:56.822+0800][10.676s][info][gc,phases   ] GC(147)   Post Evacuate Collection Set: 0.10ms
[2026-09-03T12:40:56.822+0800][10.676s][info][gc,phases   ] GC(147)   Other: 0.06ms
[2026-09-03T12:40:56.822+0800][10.676s][info][gc,heap     ] GC(147) Eden regions: 92->0(100)
[2026-09-03T12:40:56.822+0800][10.676s][info][gc,heap     ] GC(147) Survivor regions: 12->13(13)
[2026-09-03T12:40:56.822+0800][10.676s][info][gc,heap     ] GC(147) Old regions: 113->101
[2026-09-03T12:40:56.822+0800][10.676s][info][gc,heap     ] GC(147) Humongous regions: 1->1
[2026-09-03T12:40:56.822+0800][10.676s][info][gc,metaspace] GC(147) Metaspace: 1059K(1216K)->1059K(1216K) NonClass: 994K(1088K)->994K(1088K) Class: 64K(128K)->64K(128K)
[2026-09-03T12:40:56.822+0800][10.676s][info][gc          ] GC(147) Pause Young (Mixed) (G1 Evacuation Pause) 217M->114M(256M) 2.457ms
[2026-09-03T12:40:56.822+0800][10.676s][info][gc,cpu      ] GC(147) User=0.02s Sys=0.00s Real=0.01s
[2026-09-03T12:40:56.822+0800][10.676s][info][safepoint   ] Safepoint "G1CollectForAllocation", Time since last: 227310709 ns, Reaching safepoint: 2208 ns, At safepoint: 2482667 ns, Leaving safepoint: 20416 ns, Total: 2505291 ns, Threads: 0 runnable, 42 total
[2026-09-03T12:40:57.124+0800][10.978s][info][gc,start    ] GC(148) Pause Young (Mixed) (G1 Evacuation Pause)
[2026-09-03T12:40:57.124+0800][10.978s][info][gc,task     ] GC(148) Using 9 workers of 9 for evacuation
[2026-09-03T12:40:57.126+0800][10.980s][info][gc,phases   ] GC(148)   Pre Evacuate Collection Set: 0.08ms
[2026-09-03T12:40:57.126+0800][10.980s][info][gc,phases   ] GC(148)   Merge Heap Roots: 0.04ms
[2026-09-03T12:40:57.126+0800][10.980s][info][gc,phases   ] GC(148)   Evacuate Collection Set: 1.98ms
[2026-09-03T12:40:57.126+0800][10.980s][info][gc,phases   ] GC(148)   Post Evacuate Collection Set: 0.10ms
[2026-09-03T12:40:57.126+0800][10.980s][info][gc,phases   ] GC(148)   Other: 0.06ms
[2026-09-03T12:40:57.126+0800][10.980s][info][gc,heap     ] GC(148) Eden regions: 100->0(90)
[2026-09-03T12:40:57.126+0800][10.980s][info][gc,heap     ] GC(148) Survivor regions: 13->15(15)
[2026-09-03T12:40:57.126+0800][10.980s][info][gc,heap     ] GC(148) Old regions: 101->113
[2026-09-03T12:40:57.126+0800][10.980s][info][gc,heap     ] GC(148) Humongous regions: 1->1
[2026-09-03T12:40:57.126+0800][10.980s][info][gc,metaspace] GC(148) Metaspace: 1059K(1216K)->1059K(1216K) NonClass: 994K(1088K)->994K(1088K) Class: 64K(128K)->64K(128K)
[2026-09-03T12:40:57.126+0800][10.980s][info][gc          ] GC(148) Pause Young (Mixed) (G1 Evacuation Pause) 214M->128M(256M) 2.402ms
[2026-09-03T12:40:57.126+0800][10.980s][info][gc,cpu      ] GC(148) User=0.01s Sys=0.00s Real=0.00s
[2026-09-03T12:40:57.126+0800][10.980s][info][safepoint   ] Safepoint "G1CollectForAllocation", Time since last: 301890459 ns, Reaching safepoint: 19166 ns, At safepoint: 2429042 ns, Leaving safepoint: 40542 ns, Total: 2488750 ns, Threads: 1 runnable, 42 total
[2026-09-03T12:40:57.397+0800][11.252s][info][gc,start    ] GC(149) Pause Young (Concurrent Start) (G1 Evacuation Pause)
[2026-09-03T12:40:57.397+0800][11.252s][info][gc,task     ] GC(149) Using 9 workers of 9 for evacuation
[2026-09-03T12:40:57.400+0800][11.254s][info][gc,phases   ] GC(149)   Pre Evacuate Collection Set: 0.11ms
[2026-09-03T12:40:57.400+0800][11.254s][info][gc,phases   ] GC(149)   Merge Heap Roots: 0.03ms
[2026-09-03T12:40:57.400+0800][11.254s][info][gc,phases   ] GC(149)   Evacuate Collection Set: 1.88ms
[2026-09-03T12:40:57.400+0800][11.254s][info][gc,phases   ] GC(149)   Post Evacuate Collection Set: 0.09ms
[2026-09-03T12:40:57.400+0800][11.254s][info][gc,phases   ] GC(149)   Other: 0.06ms
[2026-09-03T12:40:57.400+0800][11.254s][info][gc,heap     ] GC(149) Eden regions: 90->0(77)
[2026-09-03T12:40:57.400+0800][11.254s][info][gc,heap     ] GC(149) Survivor regions: 15->14(14)
[2026-09-03T12:40:57.400+0800][11.254s][info][gc,heap     ] GC(149) Old regions: 113->132
[2026-09-03T12:40:57.400+0800][11.254s][info][gc,heap     ] GC(149) Humongous regions: 1->1
[2026-09-03T12:40:57.400+0800][11.254s][info][gc,metaspace] GC(149) Metaspace: 1059K(1216K)->1059K(1216K) NonClass: 994K(1088K)->994K(1088K) Class: 64K(128K)->64K(128K)
[2026-09-03T12:40:57.400+0800][11.254s][info][gc          ] GC(149) Pause Young (Concurrent Start) (G1 Evacuation Pause) 218M->146M(256M) 2.285ms
[2026-09-03T12:40:57.400+0800][11.254s][info][gc,cpu      ] GC(149) User=0.02s Sys=0.00s Real=0.01s
[2026-09-03T12:40:57.400+0800][11.254s][info][gc          ] GC(150) Concurrent Mark Cycle
[2026-09-03T12:40:57.400+0800][11.254s][info][gc,marking  ] GC(150) Concurrent Scan Root Regions
[2026-09-03T12:40:57.400+0800][11.254s][info][safepoint   ] Safepoint "G1CollectForAllocation", Time since last: 271445750 ns, Reaching safepoint: 2500 ns, At safepoint: 2313500 ns, Leaving safepoint: 16916 ns, Total: 2332916 ns, Threads: 0 runnable, 42 total
[2026-09-03T12:40:57.402+0800][11.256s][info][gc,marking  ] GC(150) Concurrent Scan Root Regions 1.995ms
[2026-09-03T12:40:57.402+0800][11.256s][info][gc,marking  ] GC(150) Concurrent Mark
[2026-09-03T12:40:57.402+0800][11.256s][info][gc,marking  ] GC(150) Concurrent Mark From Roots
[2026-09-03T12:40:57.402+0800][11.256s][info][gc,task     ] GC(150) Concurrent Mark Using 2 of 2 Workers
[2026-09-03T12:40:57.406+0800][11.260s][info][gc,marking  ] GC(150) Concurrent Mark From Roots 3.956ms
[2026-09-03T12:40:57.406+0800][11.260s][info][gc,marking  ] GC(150) Concurrent Preclean
[2026-09-03T12:40:57.406+0800][11.260s][info][gc,marking  ] GC(150) Concurrent Preclean 0.009ms
[2026-09-03T12:40:57.406+0800][11.260s][info][gc,start    ] GC(150) Pause Remark
[2026-09-03T12:40:57.406+0800][11.260s][info][gc          ] GC(150) Pause Remark 149M->98M(256M) 0.349ms
[2026-09-03T12:40:57.406+0800][11.260s][info][gc,cpu      ] GC(150) User=0.00s Sys=0.00s Real=0.00s
[2026-09-03T12:40:57.406+0800][11.260s][info][safepoint   ] Safepoint "G1PauseRemark", Time since last: 6018542 ns, Reaching safepoint: 46125 ns, At safepoint: 372542 ns, Leaving safepoint: 17791 ns, Total: 436458 ns, Threads: 1 runnable, 42 total
[2026-09-03T12:40:57.406+0800][11.260s][info][gc,marking  ] GC(150) Concurrent Mark 4.505ms
[2026-09-03T12:40:57.406+0800][11.260s][info][gc,marking  ] GC(150) Concurrent Rebuild Remembered Sets and Scrub Regions
[2026-09-03T12:40:57.409+0800][11.263s][info][gc,marking  ] GC(150) Concurrent Rebuild Remembered Sets and Scrub Regions 2.969ms
[2026-09-03T12:40:57.409+0800][11.264s][info][gc,start    ] GC(150) Pause Cleanup
[2026-09-03T12:40:57.409+0800][11.264s][info][gc          ] GC(150) Pause Cleanup 100M->100M(256M) 0.031ms
[2026-09-03T12:40:57.409+0800][11.264s][info][gc,cpu      ] GC(150) User=0.00s Sys=0.00s Real=0.00s
[2026-09-03T12:40:57.409+0800][11.264s][info][safepoint   ] Safepoint "G1PauseCleanup", Time since last: 3131959 ns, Reaching safepoint: 2125 ns, At safepoint: 49250 ns, Leaving safepoint: 250 ns, Total: 51625 ns, Threads: 0 runnable, 42 total
[2026-09-03T12:40:57.409+0800][11.264s][info][gc,marking  ] GC(150) Concurrent Clear Claimed Marks
[2026-09-03T12:40:57.409+0800][11.264s][info][gc,marking  ] GC(150) Concurrent Clear Claimed Marks 0.005ms
[2026-09-03T12:40:57.409+0800][11.264s][info][gc,marking  ] GC(150) Concurrent Cleanup for Next Mark
[2026-09-03T12:40:57.410+0800][11.264s][info][gc,marking  ] GC(150) Concurrent Cleanup for Next Mark 0.115ms
[2026-09-03T12:40:57.410+0800][11.264s][info][gc          ] GC(150) Concurrent Mark Cycle 9.806ms
[2026-09-03T12:40:57.631+0800][11.485s][info][gc,start    ] GC(151) Pause Young (Prepare Mixed) (G1 Evacuation Pause)
[2026-09-03T12:40:57.631+0800][11.485s][info][gc,task     ] GC(151) Using 9 workers of 9 for evacuation
[2026-09-03T12:40:57.633+0800][11.487s][info][gc,phases   ] GC(151)   Pre Evacuate Collection Set: 0.07ms
[2026-09-03T12:40:57.633+0800][11.487s][info][gc,phases   ] GC(151)   Merge Heap Roots: 0.04ms
[2026-09-03T12:40:57.633+0800][11.487s][info][gc,phases   ] GC(151)   Evacuate Collection Set: 1.61ms
[2026-09-03T12:40:57.633+0800][11.487s][info][gc,phases   ] GC(151)   Post Evacuate Collection Set: 0.08ms
[2026-09-03T12:40:57.633+0800][11.487s][info][gc,phases   ] GC(151)   Other: 0.06ms
[2026-09-03T12:40:57.633+0800][11.487s][info][gc,heap     ] GC(151) Eden regions: 77->0(102)
[2026-09-03T12:40:57.633+0800][11.487s][info][gc,heap     ] GC(151) Survivor regions: 14->12(12)
[2026-09-03T12:40:57.633+0800][11.487s][info][gc,heap     ] GC(151) Old regions: 81->99
[2026-09-03T12:40:57.633+0800][11.487s][info][gc,heap     ] GC(151) Humongous regions: 1->1
[2026-09-03T12:40:57.633+0800][11.487s][info][gc,metaspace] GC(151) Metaspace: 1059K(1216K)->1059K(1216K) NonClass: 994K(1088K)->994K(1088K) Class: 64K(128K)->64K(128K)
[2026-09-03T12:40:57.633+0800][11.487s][info][gc          ] GC(151) Pause Young (Prepare Mixed) (G1 Evacuation Pause) 172M->111M(256M) 1.989ms
[2026-09-03T12:40:57.633+0800][11.487s][info][gc,cpu      ] GC(151) User=0.02s Sys=0.00s Real=0.00s
[2026-09-03T12:40:57.633+0800][11.487s][info][safepoint   ] Safepoint "G1CollectForAllocation", Time since last: 221487375 ns, Reaching safepoint: 2125 ns, At safepoint: 2015625 ns, Leaving safepoint: 22583 ns, Total: 2040333 ns, Threads: 0 runnable, 42 total
[2026-09-03T12:40:57.941+0800][11.795s][info][gc,start    ] GC(152) Pause Young (Mixed) (G1 Evacuation Pause)
[2026-09-03T12:40:57.941+0800][11.795s][info][gc,task     ] GC(152) Using 9 workers of 9 for evacuation
[2026-09-03T12:40:57.943+0800][11.797s][info][gc,phases   ] GC(152)   Pre Evacuate Collection Set: 0.05ms
[2026-09-03T12:40:57.943+0800][11.797s][info][gc,phases   ] GC(152)   Merge Heap Roots: 0.02ms
[2026-09-03T12:40:57.943+0800][11.797s][info][gc,phases   ] GC(152)   Evacuate Collection Set: 2.14ms
[2026-09-03T12:40:57.943+0800][11.797s][info][gc,phases   ] GC(152)   Post Evacuate Collection Set: 0.11ms
[2026-09-03T12:40:57.943+0800][11.797s][info][gc,phases   ] GC(152)   Other: 0.06ms
[2026-09-03T12:40:57.943+0800][11.797s][info][gc,heap     ] GC(152) Eden regions: 102->0(102)
[2026-09-03T12:40:57.943+0800][11.797s][info][gc,heap     ] GC(152) Survivor regions: 12->15(15)
[2026-09-03T12:40:57.943+0800][11.797s][info][gc,heap     ] GC(152) Old regions: 99->95
[2026-09-03T12:40:57.943+0800][11.797s][info][gc,heap     ] GC(152) Humongous regions: 1->1
[2026-09-03T12:40:57.943+0800][11.797s][info][gc,metaspace] GC(152) Metaspace: 1059K(1216K)->1059K(1216K) NonClass: 994K(1088K)->994K(1088K) Class: 64K(128K)->64K(128K)
[2026-09-03T12:40:57.943+0800][11.797s][info][gc          ] GC(152) Pause Young (Mixed) (G1 Evacuation Pause) 213M->109M(256M) 2.518ms
[2026-09-03T12:40:57.943+0800][11.797s][info][gc,cpu      ] GC(152) User=0.01s Sys=0.00s Real=0.00s
[2026-09-03T12:40:57.943+0800][11.797s][info][safepoint   ] Safepoint "G1CollectForAllocation", Time since last: 307565625 ns, Reaching safepoint: 2958 ns, At safepoint: 2544250 ns, Leaving safepoint: 20625 ns, Total: 2567833 ns, Threads: 0 runnable, 42 total
[2026-09-03T12:40:58.251+0800][12.106s][info][gc,start    ] GC(153) Pause Young (Concurrent Start) (G1 Evacuation Pause)
[2026-09-03T12:40:58.251+0800][12.106s][info][gc,task     ] GC(153) Using 9 workers of 9 for evacuation
[2026-09-03T12:40:58.255+0800][12.109s][info][gc,phases   ] GC(153)   Pre Evacuate Collection Set: 0.16ms
[2026-09-03T12:40:58.255+0800][12.109s][info][gc,phases   ] GC(153)   Merge Heap Roots: 0.03ms
[2026-09-03T12:40:58.255+0800][12.109s][info][gc,phases   ] GC(153)   Evacuate Collection Set: 2.73ms
[2026-09-03T12:40:58.255+0800][12.109s][info][gc,phases   ] GC(153)   Post Evacuate Collection Set: 0.16ms
[2026-09-03T12:40:58.255+0800][12.109s][info][gc,phases   ] GC(153)   Other: 0.06ms
[2026-09-03T12:40:58.255+0800][12.109s][info][gc,heap     ] GC(153) Eden regions: 102->0(89)
[2026-09-03T12:40:58.255+0800][12.109s][info][gc,heap     ] GC(153) Survivor regions: 15->15(15)
[2026-09-03T12:40:58.255+0800][12.109s][info][gc,heap     ] GC(153) Old regions: 95->114
[2026-09-03T12:40:58.255+0800][12.109s][info][gc,heap     ] GC(153) Humongous regions: 1->1
[2026-09-03T12:40:58.255+0800][12.109s][info][gc,metaspace] GC(153) Metaspace: 1059K(1216K)->1059K(1216K) NonClass: 994K(1088K)->994K(1088K) Class: 64K(128K)->64K(128K)
[2026-09-03T12:40:58.255+0800][12.109s][info][gc          ] GC(153) Pause Young (Concurrent Start) (G1 Evacuation Pause) 211M->129M(256M) 3.278ms
[2026-09-03T12:40:58.255+0800][12.109s][info][gc,cpu      ] GC(153) User=0.02s Sys=0.00s Real=0.00s
[2026-09-03T12:40:58.255+0800][12.109s][info][gc          ] GC(154) Concurrent Mark Cycle
[2026-09-03T12:40:58.255+0800][12.109s][info][gc,marking  ] GC(154) Concurrent Scan Root Regions
[2026-09-03T12:40:58.255+0800][12.109s][info][safepoint   ] Safepoint "G1CollectForAllocation", Time since last: 308322250 ns, Reaching safepoint: 2959 ns, At safepoint: 3311500 ns, Leaving safepoint: 20666 ns, Total: 3335125 ns, Threads: 0 runnable, 42 total
[2026-09-03T12:40:58.257+0800][12.111s][info][gc,marking  ] GC(154) Concurrent Scan Root Regions 2.152ms
[2026-09-03T12:40:58.257+0800][12.111s][info][gc,marking  ] GC(154) Concurrent Mark
[2026-09-03T12:40:58.257+0800][12.111s][info][gc,marking  ] GC(154) Concurrent Mark From Roots
[2026-09-03T12:40:58.257+0800][12.111s][info][gc,task     ] GC(154) Concurrent Mark Using 2 of 2 Workers
[2026-09-03T12:40:58.260+0800][12.115s][info][gc,marking  ] GC(154) Concurrent Mark From Roots 3.555ms
[2026-09-03T12:40:58.260+0800][12.115s][info][gc,marking  ] GC(154) Concurrent Preclean
[2026-09-03T12:40:58.260+0800][12.115s][info][gc,marking  ] GC(154) Concurrent Preclean 0.009ms
[2026-09-03T12:40:58.261+0800][12.115s][info][gc,start    ] GC(154) Pause Remark
[2026-09-03T12:40:58.261+0800][12.115s][info][gc          ] GC(154) Pause Remark 133M->97M(256M) 0.439ms
[2026-09-03T12:40:58.261+0800][12.115s][info][gc,cpu      ] GC(154) User=0.00s Sys=0.01s Real=0.00s
[2026-09-03T12:40:58.261+0800][12.115s][info][safepoint   ] Safepoint "G1PauseRemark", Time since last: 5767834 ns, Reaching safepoint: 3958 ns, At safepoint: 465958 ns, Leaving safepoint: 39334 ns, Total: 509250 ns, Threads: 0 runnable, 42 total
[2026-09-03T12:40:58.261+0800][12.115s][info][gc,marking  ] GC(154) Concurrent Mark 4.147ms
[2026-09-03T12:40:58.261+0800][12.115s][info][gc,marking  ] GC(154) Concurrent Rebuild Remembered Sets and Scrub Regions
[2026-09-03T12:40:58.266+0800][12.120s][info][gc,marking  ] GC(154) Concurrent Rebuild Remembered Sets and Scrub Regions 4.988ms
[2026-09-03T12:40:58.266+0800][12.120s][info][gc,start    ] GC(154) Pause Cleanup
[2026-09-03T12:40:58.266+0800][12.120s][info][gc          ] GC(154) Pause Cleanup 99M->99M(256M) 0.038ms
[2026-09-03T12:40:58.266+0800][12.120s][info][gc,cpu      ] GC(154) User=0.00s Sys=0.00s Real=0.00s
[2026-09-03T12:40:58.266+0800][12.120s][info][safepoint   ] Safepoint "G1PauseCleanup", Time since last: 5110500 ns, Reaching safepoint: 1875 ns, At safepoint: 58125 ns, Leaving safepoint: 1375 ns, Total: 61375 ns, Threads: 0 runnable, 42 total
[2026-09-03T12:40:58.266+0800][12.120s][info][gc,marking  ] GC(154) Concurrent Clear Claimed Marks
[2026-09-03T12:40:58.266+0800][12.120s][info][gc,marking  ] GC(154) Concurrent Clear Claimed Marks 0.011ms
[2026-09-03T12:40:58.266+0800][12.120s][info][gc,marking  ] GC(154) Concurrent Cleanup for Next Mark
[2026-09-03T12:40:58.266+0800][12.120s][info][gc,marking  ] GC(154) Concurrent Cleanup for Next Mark 0.096ms
[2026-09-03T12:40:58.266+0800][12.120s][info][gc          ] GC(154) Concurrent Mark Cycle 11.607ms
[2026-09-03T12:40:58.523+0800][12.378s][info][gc,start    ] GC(155) Pause Young (Prepare Mixed) (G1 Evacuation Pause)
[2026-09-03T12:40:58.524+0800][12.378s][info][gc,task     ] GC(155) Using 9 workers of 9 for evacuation
[2026-09-03T12:40:58.526+0800][12.380s][info][gc,phases   ] GC(155)   Pre Evacuate Collection Set: 0.06ms
[2026-09-03T12:40:58.526+0800][12.380s][info][gc,phases   ] GC(155)   Merge Heap Roots: 0.04ms
[2026-09-03T12:40:58.526+0800][12.380s][info][gc,phases   ] GC(155)   Evacuate Collection Set: 1.90ms
[2026-09-03T12:40:58.526+0800][12.380s][info][gc,phases   ] GC(155)   Post Evacuate Collection Set: 0.11ms
[2026-09-03T12:40:58.526+0800][12.380s][info][gc,phases   ] GC(155)   Other: 0.05ms
[2026-09-03T12:40:58.526+0800][12.380s][info][gc,heap     ] GC(155) Eden regions: 89->0(102)
[2026-09-03T12:40:58.526+0800][12.380s][info][gc,heap     ] GC(155) Survivor regions: 15->13(13)
[2026-09-03T12:40:58.526+0800][12.380s][info][gc,heap     ] GC(155) Old regions: 78->98
[2026-09-03T12:40:58.526+0800][12.380s][info][gc,heap     ] GC(155) Humongous regions: 1->1
[2026-09-03T12:40:58.526+0800][12.380s][info][gc,metaspace] GC(155) Metaspace: 1059K(1216K)->1059K(1216K) NonClass: 994K(1088K)->994K(1088K) Class: 64K(128K)->64K(128K)
[2026-09-03T12:40:58.526+0800][12.380s][info][gc          ] GC(155) Pause Young (Prepare Mixed) (G1 Evacuation Pause) 182M->111M(256M) 2.305ms
[2026-09-03T12:40:58.526+0800][12.380s][info][gc,cpu      ] GC(155) User=0.01s Sys=0.00s Real=0.00s
[2026-09-03T12:40:58.526+0800][12.380s][info][safepoint   ] Safepoint "G1CollectForAllocation", Time since last: 257264125 ns, Reaching safepoint: 3041 ns, At safepoint: 2331084 ns, Leaving safepoint: 41750 ns, Total: 2375875 ns, Threads: 0 runnable, 42 total
[2026-09-03T12:40:58.835+0800][12.689s][info][gc,start    ] GC(156) Pause Young (Mixed) (G1 Evacuation Pause)
[2026-09-03T12:40:58.835+0800][12.689s][info][gc,task     ] GC(156) Using 9 workers of 9 for evacuation
[2026-09-03T12:40:58.837+0800][12.691s][info][gc,phases   ] GC(156)   Pre Evacuate Collection Set: 0.05ms
[2026-09-03T12:40:58.837+0800][12.691s][info][gc,phases   ] GC(156)   Merge Heap Roots: 0.03ms
[2026-09-03T12:40:58.837+0800][12.691s][info][gc,phases   ] GC(156)   Evacuate Collection Set: 2.15ms
[2026-09-03T12:40:58.837+0800][12.691s][info][gc,phases   ] GC(156)   Post Evacuate Collection Set: 0.10ms
[2026-09-03T12:40:58.837+0800][12.691s][info][gc,phases   ] GC(156)   Other: 0.06ms
[2026-09-03T12:40:58.837+0800][12.691s][info][gc,heap     ] GC(156) Eden regions: 102->0(102)
[2026-09-03T12:40:58.837+0800][12.691s][info][gc,heap     ] GC(156) Survivor regions: 13->15(15)
[2026-09-03T12:40:58.837+0800][12.691s][info][gc,heap     ] GC(156) Old regions: 98->95
[2026-09-03T12:40:58.837+0800][12.691s][info][gc,heap     ] GC(156) Humongous regions: 1->1
[2026-09-03T12:40:58.837+0800][12.691s][info][gc,metaspace] GC(156) Metaspace: 1059K(1216K)->1059K(1216K) NonClass: 994K(1088K)->994K(1088K) Class: 64K(128K)->64K(128K)
[2026-09-03T12:40:58.837+0800][12.691s][info][gc          ] GC(156) Pause Young (Mixed) (G1 Evacuation Pause) 213M->110M(256M) 2.549ms
[2026-09-03T12:40:58.837+0800][12.691s][info][gc,cpu      ] GC(156) User=0.02s Sys=0.00s Real=0.00s
[2026-09-03T12:40:58.837+0800][12.691s][info][safepoint   ] Safepoint "G1CollectForAllocation", Time since last: 308835375 ns, Reaching safepoint: 2291 ns, At safepoint: 2577625 ns, Leaving safepoint: 17375 ns, Total: 2597291 ns, Threads: 0 runnable, 42 total
[2026-09-03T12:40:59.148+0800][13.002s][info][gc,start    ] GC(157) Pause Young (Concurrent Start) (G1 Evacuation Pause)
[2026-09-03T12:40:59.148+0800][13.002s][info][gc,task     ] GC(157) Using 9 workers of 9 for evacuation
[2026-09-03T12:40:59.151+0800][13.005s][info][gc,phases   ] GC(157)   Pre Evacuate Collection Set: 0.07ms
[2026-09-03T12:40:59.151+0800][13.005s][info][gc,phases   ] GC(157)   Merge Heap Roots: 0.04ms
[2026-09-03T12:40:59.151+0800][13.005s][info][gc,phases   ] GC(157)   Evacuate Collection Set: 2.11ms
[2026-09-03T12:40:59.151+0800][13.005s][info][gc,phases   ] GC(157)   Post Evacuate Collection Set: 0.09ms
[2026-09-03T12:40:59.151+0800][13.005s][info][gc,phases   ] GC(157)   Other: 0.06ms
[2026-09-03T12:40:59.151+0800][13.005s][info][gc,heap     ] GC(157) Eden regions: 102->0(87)
[2026-09-03T12:40:59.151+0800][13.005s][info][gc,heap     ] GC(157) Survivor regions: 15->15(15)
[2026-09-03T12:40:59.151+0800][13.005s][info][gc,heap     ] GC(157) Old regions: 95->116
[2026-09-03T12:40:59.151+0800][13.005s][info][gc,heap     ] GC(157) Humongous regions: 1->1
[2026-09-03T12:40:59.151+0800][13.005s][info][gc,metaspace] GC(157) Metaspace: 1059K(1216K)->1059K(1216K) NonClass: 994K(1088K)->994K(1088K) Class: 64K(128K)->64K(128K)
[2026-09-03T12:40:59.151+0800][13.005s][info][gc          ] GC(157) Pause Young (Concurrent Start) (G1 Evacuation Pause) 212M->130M(256M) 2.520ms
[2026-09-03T12:40:59.151+0800][13.005s][info][gc,cpu      ] GC(157) User=0.02s Sys=0.00s Real=0.01s
[2026-09-03T12:40:59.151+0800][13.005s][info][gc          ] GC(158) Concurrent Mark Cycle
[2026-09-03T12:40:59.151+0800][13.005s][info][gc,marking  ] GC(158) Concurrent Scan Root Regions
[2026-09-03T12:40:59.151+0800][13.005s][info][safepoint   ] Safepoint "G1CollectForAllocation", Time since last: 310893709 ns, Reaching safepoint: 2250 ns, At safepoint: 2551125 ns, Leaving safepoint: 20458 ns, Total: 2573833 ns, Threads: 0 runnable, 42 total
[2026-09-03T12:40:59.153+0800][13.007s][info][gc,marking  ] GC(158) Concurrent Scan Root Regions 2.499ms
[2026-09-03T12:40:59.153+0800][13.007s][info][gc,marking  ] GC(158) Concurrent Mark
[2026-09-03T12:40:59.153+0800][13.007s][info][gc,marking  ] GC(158) Concurrent Mark From Roots
[2026-09-03T12:40:59.153+0800][13.007s][info][gc,task     ] GC(158) Concurrent Mark Using 2 of 2 Workers
[2026-09-03T12:40:59.157+0800][13.011s][info][gc,marking  ] GC(158) Concurrent Mark From Roots 3.895ms
[2026-09-03T12:40:59.157+0800][13.011s][info][gc,marking  ] GC(158) Concurrent Preclean
[2026-09-03T12:40:59.157+0800][13.011s][info][gc,marking  ] GC(158) Concurrent Preclean 0.008ms
[2026-09-03T12:40:59.157+0800][13.011s][info][gc,start    ] GC(158) Pause Remark
[2026-09-03T12:40:59.158+0800][13.012s][info][gc          ] GC(158) Pause Remark 134M->102M(256M) 0.322ms
[2026-09-03T12:40:59.158+0800][13.012s][info][gc,cpu      ] GC(158) User=0.00s Sys=0.00s Real=0.00s
[2026-09-03T12:40:59.158+0800][13.012s][info][safepoint   ] Safepoint "G1PauseRemark", Time since last: 6480000 ns, Reaching safepoint: 2708 ns, At safepoint: 350375 ns, Leaving safepoint: 11250 ns, Total: 364333 ns, Threads: 0 runnable, 42 total
[2026-09-03T12:40:59.158+0800][13.012s][info][gc,marking  ] GC(158) Concurrent Mark 4.341ms
[2026-09-03T12:40:59.158+0800][13.012s][info][gc,marking  ] GC(158) Concurrent Rebuild Remembered Sets and Scrub Regions
[2026-09-03T12:40:59.161+0800][13.015s][info][gc,marking  ] GC(158) Concurrent Rebuild Remembered Sets and Scrub Regions 3.185ms
[2026-09-03T12:40:59.161+0800][13.015s][info][gc,start    ] GC(158) Pause Cleanup
[2026-09-03T12:40:59.161+0800][13.015s][info][gc          ] GC(158) Pause Cleanup 104M->104M(256M) 0.035ms
[2026-09-03T12:40:59.161+0800][13.015s][info][gc,cpu      ] GC(158) User=0.00s Sys=0.00s Real=0.00s
[2026-09-03T12:40:59.161+0800][13.015s][info][safepoint   ] Safepoint "G1PauseCleanup", Time since last: 3254167 ns, Reaching safepoint: 1875 ns, At safepoint: 56833 ns, Leaving safepoint: 3250 ns, Total: 61958 ns, Threads: 0 runnable, 42 total
[2026-09-03T12:40:59.161+0800][13.015s][info][gc,marking  ] GC(158) Concurrent Clear Claimed Marks
[2026-09-03T12:40:59.161+0800][13.015s][info][gc,marking  ] GC(158) Concurrent Clear Claimed Marks 0.008ms
[2026-09-03T12:40:59.161+0800][13.015s][info][gc,marking  ] GC(158) Concurrent Cleanup for Next Mark
[2026-09-03T12:40:59.161+0800][13.015s][info][gc,marking  ] GC(158) Concurrent Cleanup for Next Mark 0.099ms
[2026-09-03T12:40:59.161+0800][13.015s][info][gc          ] GC(158) Concurrent Mark Cycle 10.325ms
[2026-09-03T12:40:59.413+0800][13.267s][info][gc,start    ] GC(159) Pause Young (Prepare Mixed) (G1 Evacuation Pause)
[2026-09-03T12:40:59.413+0800][13.267s][info][gc,task     ] GC(159) Using 9 workers of 9 for evacuation
[2026-09-03T12:40:59.415+0800][13.269s][info][gc,phases   ] GC(159)   Pre Evacuate Collection Set: 0.05ms
[2026-09-03T12:40:59.415+0800][13.269s][info][gc,phases   ] GC(159)   Merge Heap Roots: 0.02ms
[2026-09-03T12:40:59.415+0800][13.269s][info][gc,phases   ] GC(159)   Evacuate Collection Set: 1.86ms
[2026-09-03T12:40:59.415+0800][13.269s][info][gc,phases   ] GC(159)   Post Evacuate Collection Set: 0.09ms
[2026-09-03T12:40:59.415+0800][13.269s][info][gc,phases   ] GC(159)   Other: 0.06ms
[2026-09-03T12:40:59.415+0800][13.269s][info][gc,heap     ] GC(159) Eden regions: 87->0(97)
[2026-09-03T12:40:59.415+0800][13.269s][info][gc,heap     ] GC(159) Survivor regions: 15->13(13)
[2026-09-03T12:40:59.415+0800][13.269s][info][gc,heap     ] GC(159) Old regions: 84->104
[2026-09-03T12:40:59.415+0800][13.269s][info][gc,heap     ] GC(159) Humongous regions: 1->1
[2026-09-03T12:40:59.415+0800][13.269s][info][gc,metaspace] GC(159) Metaspace: 1059K(1216K)->1059K(1216K) NonClass: 994K(1088K)->994K(1088K) Class: 64K(128K)->64K(128K)
[2026-09-03T12:40:59.415+0800][13.269s][info][gc          ] GC(159) Pause Young (Prepare Mixed) (G1 Evacuation Pause) 185M->117M(256M) 2.224ms
[2026-09-03T12:40:59.415+0800][13.269s][info][gc,cpu      ] GC(159) User=0.01s Sys=0.00s Real=0.00s
[2026-09-03T12:40:59.415+0800][13.269s][info][safepoint   ] Safepoint "G1CollectForAllocation", Time since last: 251895584 ns, Reaching safepoint: 2500 ns, At safepoint: 2248583 ns, Leaving safepoint: 21542 ns, Total: 2272625 ns, Threads: 0 runnable, 42 total
[2026-09-03T12:40:59.708+0800][13.562s][info][gc,start    ] GC(160) Pause Young (Mixed) (G1 Evacuation Pause)
[2026-09-03T12:40:59.708+0800][13.562s][info][gc,task     ] GC(160) Using 9 workers of 9 for evacuation
[2026-09-03T12:40:59.710+0800][13.564s][info][gc,phases   ] GC(160)   Pre Evacuate Collection Set: 0.07ms
[2026-09-03T12:40:59.710+0800][13.564s][info][gc,phases   ] GC(160)   Merge Heap Roots: 0.03ms
[2026-09-03T12:40:59.710+0800][13.564s][info][gc,phases   ] GC(160)   Evacuate Collection Set: 2.08ms
[2026-09-03T12:40:59.710+0800][13.564s][info][gc,phases   ] GC(160)   Post Evacuate Collection Set: 0.12ms
[2026-09-03T12:40:59.710+0800][13.564s][info][gc,phases   ] GC(160)   Other: 0.06ms
[2026-09-03T12:40:59.710+0800][13.564s][info][gc,heap     ] GC(160) Eden regions: 97->0(103)
[2026-09-03T12:40:59.710+0800][13.564s][info][gc,heap     ] GC(160) Survivor regions: 13->14(14)
[2026-09-03T12:40:59.710+0800][13.564s][info][gc,heap     ] GC(160) Old regions: 104->95
[2026-09-03T12:40:59.710+0800][13.564s][info][gc,heap     ] GC(160) Humongous regions: 1->1
[2026-09-03T12:40:59.710+0800][13.564s][info][gc,metaspace] GC(160) Metaspace: 1059K(1216K)->1059K(1216K) NonClass: 994K(1088K)->994K(1088K) Class: 64K(128K)->64K(128K)
[2026-09-03T12:40:59.710+0800][13.564s][info][gc          ] GC(160) Pause Young (Mixed) (G1 Evacuation Pause) 214M->109M(256M) 2.475ms
[2026-09-03T12:40:59.710+0800][13.564s][info][gc,cpu      ] GC(160) User=0.01s Sys=0.00s Real=0.01s
[2026-09-03T12:40:59.710+0800][13.565s][info][safepoint   ] Safepoint "G1CollectForAllocation", Time since last: 292807500 ns, Reaching safepoint: 2541 ns, At safepoint: 2498917 ns, Leaving safepoint: 44458 ns, Total: 2545916 ns, Threads: 0 runnable, 42 total
[2026-09-03T12:41:00.020+0800][13.874s][info][gc,start    ] GC(161) Pause Young (Concurrent Start) (G1 Evacuation Pause)
[2026-09-03T12:41:00.020+0800][13.874s][info][gc,task     ] GC(161) Using 9 workers of 9 for evacuation
[2026-09-03T12:41:00.022+0800][13.877s][info][gc,phases   ] GC(161)   Pre Evacuate Collection Set: 0.06ms
[2026-09-03T12:41:00.023+0800][13.877s][info][gc,phases   ] GC(161)   Merge Heap Roots: 0.03ms
[2026-09-03T12:41:00.023+0800][13.877s][info][gc,phases   ] GC(161)   Evacuate Collection Set: 2.17ms
[2026-09-03T12:41:00.023+0800][13.877s][info][gc,phases   ] GC(161)   Post Evacuate Collection Set: 0.08ms
[2026-09-03T12:41:00.023+0800][13.877s][info][gc,phases   ] GC(161)   Other: 0.06ms
[2026-09-03T12:41:00.023+0800][13.877s][info][gc,heap     ] GC(161) Eden regions: 103->0(88)
[2026-09-03T12:41:00.023+0800][13.877s][info][gc,heap     ] GC(161) Survivor regions: 14->15(15)
[2026-09-03T12:41:00.023+0800][13.877s][info][gc,heap     ] GC(161) Old regions: 95->115
[2026-09-03T12:41:00.023+0800][13.877s][info][gc,heap     ] GC(161) Humongous regions: 1->1
[2026-09-03T12:41:00.023+0800][13.877s][info][gc,metaspace] GC(161) Metaspace: 1059K(1216K)->1059K(1216K) NonClass: 994K(1088K)->994K(1088K) Class: 64K(128K)->64K(128K)
[2026-09-03T12:41:00.023+0800][13.877s][info][gc          ] GC(161) Pause Young (Concurrent Start) (G1 Evacuation Pause) 212M->130M(256M) 2.518ms
[2026-09-03T12:41:00.023+0800][13.877s][info][gc,cpu      ] GC(161) User=0.02s Sys=0.01s Real=0.00s
[2026-09-03T12:41:00.023+0800][13.877s][info][gc          ] GC(162) Concurrent Mark Cycle
[2026-09-03T12:41:00.023+0800][13.877s][info][gc,marking  ] GC(162) Concurrent Scan Root Regions
[2026-09-03T12:41:00.023+0800][13.877s][info][safepoint   ] Safepoint "G1CollectForAllocation", Time since last: 309614834 ns, Reaching safepoint: 2791 ns, At safepoint: 2547750 ns, Leaving safepoint: 20292 ns, Total: 2570833 ns, Threads: 0 runnable, 42 total
[2026-09-03T12:41:00.025+0800][13.879s][info][gc,marking  ] GC(162) Concurrent Scan Root Regions 2.063ms
[2026-09-03T12:41:00.025+0800][13.879s][info][gc,marking  ] GC(162) Concurrent Mark
[2026-09-03T12:41:00.025+0800][13.879s][info][gc,marking  ] GC(162) Concurrent Mark From Roots
[2026-09-03T12:41:00.025+0800][13.879s][info][gc,task     ] GC(162) Concurrent Mark Using 2 of 2 Workers
[2026-09-03T12:41:00.028+0800][13.882s][info][gc,marking  ] GC(162) Concurrent Mark From Roots 3.585ms
[2026-09-03T12:41:00.028+0800][13.882s][info][gc,marking  ] GC(162) Concurrent Preclean
[2026-09-03T12:41:00.028+0800][13.882s][info][gc,marking  ] GC(162) Concurrent Preclean 0.011ms
[2026-09-03T12:41:00.028+0800][13.882s][info][gc,start    ] GC(162) Pause Remark
[2026-09-03T12:41:00.029+0800][13.883s][info][gc          ] GC(162) Pause Remark 134M->100M(256M) 0.563ms
[2026-09-03T12:41:00.029+0800][13.883s][info][gc,cpu      ] GC(162) User=0.00s Sys=0.00s Real=0.00s
[2026-09-03T12:41:00.029+0800][13.883s][info][safepoint   ] Safepoint "G1PauseRemark", Time since last: 5731792 ns, Reaching safepoint: 2333 ns, At safepoint: 598625 ns, Leaving safepoint: 22500 ns, Total: 623458 ns, Threads: 0 runnable, 42 total
[2026-09-03T12:41:00.029+0800][13.883s][info][gc,marking  ] GC(162) Concurrent Mark 4.360ms
[2026-09-03T12:41:00.029+0800][13.883s][info][gc,marking  ] GC(162) Concurrent Rebuild Remembered Sets and Scrub Regions
[2026-09-03T12:41:00.033+0800][13.887s][info][gc,marking  ] GC(162) Concurrent Rebuild Remembered Sets and Scrub Regions 4.046ms
[2026-09-03T12:41:00.033+0800][13.887s][info][gc,start    ] GC(162) Pause Cleanup
[2026-09-03T12:41:00.033+0800][13.887s][info][gc          ] GC(162) Pause Cleanup 102M->102M(256M) 0.040ms
[2026-09-03T12:41:00.033+0800][13.887s][info][gc,cpu      ] GC(162) User=0.00s Sys=0.00s Real=0.00s
[2026-09-03T12:41:00.033+0800][13.887s][info][safepoint   ] Safepoint "G1PauseCleanup", Time since last: 4203958 ns, Reaching safepoint: 2042 ns, At safepoint: 59667 ns, Leaving safepoint: 2708 ns, Total: 64417 ns, Threads: 0 runnable, 42 total
[2026-09-03T12:41:00.033+0800][13.887s][info][gc,marking  ] GC(162) Concurrent Clear Claimed Marks
[2026-09-03T12:41:00.033+0800][13.887s][info][gc,marking  ] GC(162) Concurrent Clear Claimed Marks 0.009ms
[2026-09-03T12:41:00.033+0800][13.887s][info][gc,marking  ] GC(162) Concurrent Cleanup for Next Mark
[2026-09-03T12:41:00.033+0800][13.887s][info][gc,marking  ] GC(162) Concurrent Cleanup for Next Mark 0.101ms
[2026-09-03T12:41:00.033+0800][13.887s][info][gc          ] GC(162) Concurrent Mark Cycle 10.799ms
[2026-09-03T12:41:00.291+0800][14.146s][info][gc,start    ] GC(163) Pause Young (Prepare Mixed) (G1 Evacuation Pause)
[2026-09-03T12:41:00.291+0800][14.146s][info][gc,task     ] GC(163) Using 9 workers of 9 for evacuation
[2026-09-03T12:41:00.294+0800][14.148s][info][gc,phases   ] GC(163)   Pre Evacuate Collection Set: 0.04ms
[2026-09-03T12:41:00.294+0800][14.148s][info][gc,phases   ] GC(163)   Merge Heap Roots: 0.03ms
[2026-09-03T12:41:00.294+0800][14.148s][info][gc,phases   ] GC(163)   Evacuate Collection Set: 1.85ms
[2026-09-03T12:41:00.294+0800][14.148s][info][gc,phases   ] GC(163)   Post Evacuate Collection Set: 0.10ms
[2026-09-03T12:41:00.294+0800][14.148s][info][gc,phases   ] GC(163)   Other: 0.07ms
[2026-09-03T12:41:00.294+0800][14.148s][info][gc,heap     ] GC(163) Eden regions: 88->0(99)
[2026-09-03T12:41:00.294+0800][14.148s][info][gc,heap     ] GC(163) Survivor regions: 15->13(13)
[2026-09-03T12:41:00.294+0800][14.148s][info][gc,heap     ] GC(163) Old regions: 81->101
[2026-09-03T12:41:00.294+0800][14.148s][info][gc,heap     ] GC(163) Humongous regions: 1->1
[2026-09-03T12:41:00.294+0800][14.148s][info][gc,metaspace] GC(163) Metaspace: 1059K(1216K)->1059K(1216K) NonClass: 994K(1088K)->994K(1088K) Class: 64K(128K)->64K(128K)
[2026-09-03T12:41:00.294+0800][14.148s][info][gc          ] GC(163) Pause Young (Prepare Mixed) (G1 Evacuation Pause) 184M->113M(256M) 2.232ms
[2026-09-03T12:41:00.294+0800][14.148s][info][gc,cpu      ] GC(163) User=0.02s Sys=0.00s Real=0.00s
[2026-09-03T12:41:00.294+0800][14.148s][info][safepoint   ] Safepoint "G1CollectForAllocation", Time since last: 258212167 ns, Reaching safepoint: 2250 ns, At safepoint: 2257041 ns, Leaving safepoint: 40417 ns, Total: 2299708 ns, Threads: 0 runnable, 42 total
[2026-09-03T12:41:00.591+0800][14.445s][info][gc,start    ] GC(164) Pause Young (Mixed) (G1 Evacuation Pause)
[2026-09-03T12:41:00.591+0800][14.445s][info][gc,task     ] GC(164) Using 9 workers of 9 for evacuation
[2026-09-03T12:41:00.593+0800][14.447s][info][gc,phases   ] GC(164)   Pre Evacuate Collection Set: 0.05ms
[2026-09-03T12:41:00.593+0800][14.447s][info][gc,phases   ] GC(164)   Merge Heap Roots: 0.04ms
[2026-09-03T12:41:00.593+0800][14.447s][info][gc,phases   ] GC(164)   Evacuate Collection Set: 1.94ms
[2026-09-03T12:41:00.593+0800][14.447s][info][gc,phases   ] GC(164)   Post Evacuate Collection Set: 0.11ms
[2026-09-03T12:41:00.593+0800][14.447s][info][gc,phases   ] GC(164)   Other: 0.06ms
[2026-09-03T12:41:00.593+0800][14.447s][info][gc,heap     ] GC(164) Eden regions: 99->0(102)
[2026-09-03T12:41:00.593+0800][14.447s][info][gc,heap     ] GC(164) Survivor regions: 13->14(14)
[2026-09-03T12:41:00.593+0800][14.447s][info][gc,heap     ] GC(164) Old regions: 101->96
[2026-09-03T12:41:00.593+0800][14.447s][info][gc,heap     ] GC(164) Humongous regions: 1->1
[2026-09-03T12:41:00.593+0800][14.447s][info][gc,metaspace] GC(164) Metaspace: 1059K(1216K)->1059K(1216K) NonClass: 994K(1088K)->994K(1088K) Class: 64K(128K)->64K(128K)
[2026-09-03T12:41:00.593+0800][14.447s][info][gc          ] GC(164) Pause Young (Mixed) (G1 Evacuation Pause) 212M->110M(256M) 2.321ms
[2026-09-03T12:41:00.593+0800][14.447s][info][gc,cpu      ] GC(164) User=0.02s Sys=0.00s Real=0.00s
[2026-09-03T12:41:00.593+0800][14.447s][info][safepoint   ] Safepoint "G1CollectForAllocation", Time since last: 296807000 ns, Reaching safepoint: 2667 ns, At safepoint: 2343875 ns, Leaving safepoint: 41750 ns, Total: 2388292 ns, Threads: 0 runnable, 42 total
[2026-09-03T12:41:00.903+0800][14.757s][info][gc,start    ] GC(165) Pause Young (Concurrent Start) (G1 Evacuation Pause)
[2026-09-03T12:41:00.903+0800][14.757s][info][gc,task     ] GC(165) Using 9 workers of 9 for evacuation
[2026-09-03T12:41:00.905+0800][14.759s][info][gc,phases   ] GC(165)   Pre Evacuate Collection Set: 0.06ms
[2026-09-03T12:41:00.905+0800][14.759s][info][gc,phases   ] GC(165)   Merge Heap Roots: 0.02ms
[2026-09-03T12:41:00.905+0800][14.759s][info][gc,phases   ] GC(165)   Evacuate Collection Set: 1.97ms
[2026-09-03T12:41:00.905+0800][14.759s][info][gc,phases   ] GC(165)   Post Evacuate Collection Set: 0.09ms
[2026-09-03T12:41:00.905+0800][14.759s][info][gc,phases   ] GC(165)   Other: 0.06ms
[2026-09-03T12:41:00.905+0800][14.759s][info][gc,heap     ] GC(165) Eden regions: 102->0(87)
[2026-09-03T12:41:00.905+0800][14.759s][info][gc,heap     ] GC(165) Survivor regions: 14->15(15)
[2026-09-03T12:41:00.905+0800][14.759s][info][gc,heap     ] GC(165) Old regions: 96->116
[2026-09-03T12:41:00.905+0800][14.759s][info][gc,heap     ] GC(165) Humongous regions: 1->1
[2026-09-03T12:41:00.905+0800][14.759s][info][gc,metaspace] GC(165) Metaspace: 1059K(1216K)->1059K(1216K) NonClass: 994K(1088K)->994K(1088K) Class: 64K(128K)->64K(128K)
[2026-09-03T12:41:00.905+0800][14.759s][info][gc          ] GC(165) Pause Young (Concurrent Start) (G1 Evacuation Pause) 212M->130M(256M) 2.314ms
[2026-09-03T12:41:00.905+0800][14.759s][info][gc,cpu      ] GC(165) User=0.02s Sys=0.00s Real=0.00s
[2026-09-03T12:41:00.905+0800][14.759s][info][gc          ] GC(166) Concurrent Mark Cycle
[2026-09-03T12:41:00.905+0800][14.760s][info][gc,marking  ] GC(166) Concurrent Scan Root Regions
[2026-09-03T12:41:00.905+0800][14.760s][info][safepoint   ] Safepoint "G1CollectForAllocation", Time since last: 310097375 ns, Reaching safepoint: 2666 ns, At safepoint: 2343625 ns, Leaving safepoint: 27750 ns, Total: 2374041 ns, Threads: 0 runnable, 42 total
[2026-09-03T12:41:00.907+0800][14.762s][info][gc,marking  ] GC(166) Concurrent Scan Root Regions 2.049ms
[2026-09-03T12:41:00.907+0800][14.762s][info][gc,marking  ] GC(166) Concurrent Mark
[2026-09-03T12:41:00.907+0800][14.762s][info][gc,marking  ] GC(166) Concurrent Mark From Roots
[2026-09-03T12:41:00.907+0800][14.762s][info][gc,task     ] GC(166) Concurrent Mark Using 2 of 2 Workers
[2026-09-03T12:41:00.911+0800][14.765s][info][gc,marking  ] GC(166) Concurrent Mark From Roots 3.459ms
[2026-09-03T12:41:00.911+0800][14.765s][info][gc,marking  ] GC(166) Concurrent Preclean
[2026-09-03T12:41:00.911+0800][14.765s][info][gc,marking  ] GC(166) Concurrent Preclean 0.009ms
[2026-09-03T12:41:00.911+0800][14.765s][info][gc,start    ] GC(166) Pause Remark
[2026-09-03T12:41:00.911+0800][14.765s][info][gc          ] GC(166) Pause Remark 134M->101M(256M) 0.335ms
[2026-09-03T12:41:00.911+0800][14.765s][info][gc,cpu      ] GC(166) User=0.00s Sys=0.00s Real=0.00s
[2026-09-03T12:41:00.911+0800][14.765s][info][safepoint   ] Safepoint "G1PauseRemark", Time since last: 5559709 ns, Reaching safepoint: 1958 ns, At safepoint: 357458 ns, Leaving safepoint: 14750 ns, Total: 374166 ns, Threads: 0 runnable, 42 total
[2026-09-03T12:41:00.911+0800][14.766s][info][gc,marking  ] GC(166) Concurrent Mark 3.939ms
[2026-09-03T12:41:00.911+0800][14.766s][info][gc,marking  ] GC(166) Concurrent Rebuild Remembered Sets and Scrub Regions
[2026-09-03T12:41:00.915+0800][14.769s][info][gc,marking  ] GC(166) Concurrent Rebuild Remembered Sets and Scrub Regions 3.710ms
[2026-09-03T12:41:00.915+0800][14.769s][info][gc,start    ] GC(166) Pause Cleanup
[2026-09-03T12:41:00.915+0800][14.769s][info][gc          ] GC(166) Pause Cleanup 102M->102M(256M) 0.035ms
[2026-09-03T12:41:00.915+0800][14.769s][info][gc,cpu      ] GC(166) User=0.00s Sys=0.00s Real=0.00s
[2026-09-03T12:41:00.915+0800][14.769s][info][safepoint   ] Safepoint "G1PauseCleanup", Time since last: 3884792 ns, Reaching safepoint: 2083 ns, At safepoint: 54042 ns, Leaving safepoint: 2333 ns, Total: 58458 ns, Threads: 0 runnable, 42 total
[2026-09-03T12:41:00.915+0800][14.769s][info][gc,marking  ] GC(166) Concurrent Clear Claimed Marks
[2026-09-03T12:41:00.915+0800][14.769s][info][gc,marking  ] GC(166) Concurrent Clear Claimed Marks 0.008ms
[2026-09-03T12:41:00.915+0800][14.769s][info][gc,marking  ] GC(166) Concurrent Cleanup for Next Mark
[2026-09-03T12:41:00.915+0800][14.770s][info][gc,marking  ] GC(166) Concurrent Cleanup for Next Mark 0.092ms
[2026-09-03T12:41:00.915+0800][14.770s][info][gc          ] GC(166) Concurrent Mark Cycle 10.047ms
[2026-09-03T12:41:01.166+0800][15.020s][info][gc,start    ] GC(167) Pause Young (Prepare Mixed) (G1 Evacuation Pause)
[2026-09-03T12:41:01.166+0800][15.020s][info][gc,task     ] GC(167) Using 9 workers of 9 for evacuation
[2026-09-03T12:41:01.168+0800][15.022s][info][gc,phases   ] GC(167)   Pre Evacuate Collection Set: 0.04ms
[2026-09-03T12:41:01.168+0800][15.022s][info][gc,phases   ] GC(167)   Merge Heap Roots: 0.02ms
[2026-09-03T12:41:01.168+0800][15.022s][info][gc,phases   ] GC(167)   Evacuate Collection Set: 1.82ms
[2026-09-03T12:41:01.168+0800][15.022s][info][gc,phases   ] GC(167)   Post Evacuate Collection Set: 0.09ms
[2026-09-03T12:41:01.168+0800][15.022s][info][gc,phases   ] GC(167)   Other: 0.06ms
[2026-09-03T12:41:01.168+0800][15.022s][info][gc,heap     ] GC(167) Eden regions: 87->0(98)
[2026-09-03T12:41:01.168+0800][15.022s][info][gc,heap     ] GC(167) Survivor regions: 15->13(13)
[2026-09-03T12:41:01.168+0800][15.022s][info][gc,heap     ] GC(167) Old regions: 83->103
[2026-09-03T12:41:01.168+0800][15.022s][info][gc,heap     ] GC(167) Humongous regions: 1->1
[2026-09-03T12:41:01.168+0800][15.022s][info][gc,metaspace] GC(167) Metaspace: 1059K(1216K)->1059K(1216K) NonClass: 994K(1088K)->994K(1088K) Class: 64K(128K)->64K(128K)
[2026-09-03T12:41:01.168+0800][15.022s][info][gc          ] GC(167) Pause Young (Prepare Mixed) (G1 Evacuation Pause) 184M->116M(256M) 2.152ms
[2026-09-03T12:41:01.168+0800][15.022s][info][gc,cpu      ] GC(167) User=0.02s Sys=0.00s Real=0.00s
[2026-09-03T12:41:01.168+0800][15.022s][info][safepoint   ] Safepoint "G1CollectForAllocation", Time since last: 250442292 ns, Reaching safepoint: 1958 ns, At safepoint: 2177709 ns, Leaving safepoint: 21250 ns, Total: 2200917 ns, Threads: 0 runnable, 42 total
[2026-09-03T12:41:01.462+0800][15.316s][info][gc,start    ] GC(168) Pause Young (Mixed) (G1 Evacuation Pause)
[2026-09-03T12:41:01.462+0800][15.316s][info][gc,task     ] GC(168) Using 9 workers of 9 for evacuation
[2026-09-03T12:41:01.464+0800][15.318s][info][gc,phases   ] GC(168)   Pre Evacuate Collection Set: 0.05ms
[2026-09-03T12:41:01.464+0800][15.318s][info][gc,phases   ] GC(168)   Merge Heap Roots: 0.03ms
[2026-09-03T12:41:01.464+0800][15.318s][info][gc,phases   ] GC(168)   Evacuate Collection Set: 2.07ms
[2026-09-03T12:41:01.464+0800][15.318s][info][gc,phases   ] GC(168)   Post Evacuate Collection Set: 0.09ms
[2026-09-03T12:41:01.464+0800][15.318s][info][gc,phases   ] GC(168)   Other: 0.06ms
[2026-09-03T12:41:01.464+0800][15.318s][info][gc,heap     ] GC(168) Eden regions: 98->0(103)
[2026-09-03T12:41:01.464+0800][15.318s][info][gc,heap     ] GC(168) Survivor regions: 13->14(14)
[2026-09-03T12:41:01.464+0800][15.318s][info][gc,heap     ] GC(168) Old regions: 103->95
[2026-09-03T12:41:01.464+0800][15.318s][info][gc,heap     ] GC(168) Humongous regions: 1->1
[2026-09-03T12:41:01.464+0800][15.318s][info][gc,metaspace] GC(168) Metaspace: 1059K(1216K)->1059K(1216K) NonClass: 994K(1088K)->994K(1088K) Class: 64K(128K)->64K(128K)
[2026-09-03T12:41:01.464+0800][15.318s][info][gc          ] GC(168) Pause Young (Mixed) (G1 Evacuation Pause) 214M->109M(256M) 2.430ms
[2026-09-03T12:41:01.464+0800][15.318s][info][gc,cpu      ] GC(168) User=0.02s Sys=0.00s Real=0.00s
[2026-09-03T12:41:01.464+0800][15.318s][info][safepoint   ] Safepoint "G1CollectForAllocation", Time since last: 293884375 ns, Reaching safepoint: 2000 ns, At safepoint: 2454708 ns, Leaving safepoint: 21000 ns, Total: 2477708 ns, Threads: 0 runnable, 42 total
[2026-09-03T12:41:01.777+0800][15.631s][info][gc,start    ] GC(169) Pause Young (Concurrent Start) (G1 Evacuation Pause)
[2026-09-03T12:41:01.777+0800][15.631s][info][gc,task     ] GC(169) Using 9 workers of 9 for evacuation
[2026-09-03T12:41:01.779+0800][15.633s][info][gc,phases   ] GC(169)   Pre Evacuate Collection Set: 0.05ms
[2026-09-03T12:41:01.779+0800][15.633s][info][gc,phases   ] GC(169)   Merge Heap Roots: 0.03ms
[2026-09-03T12:41:01.779+0800][15.633s][info][gc,phases   ] GC(169)   Evacuate Collection Set: 2.04ms
[2026-09-03T12:41:01.779+0800][15.633s][info][gc,phases   ] GC(169)   Post Evacuate Collection Set: 0.16ms
[2026-09-03T12:41:01.779+0800][15.633s][info][gc,phases   ] GC(169)   Other: 0.08ms
[2026-09-03T12:41:01.779+0800][15.633s][info][gc,heap     ] GC(169) Eden regions: 103->0(88)
[2026-09-03T12:41:01.779+0800][15.633s][info][gc,heap     ] GC(169) Survivor regions: 14->15(15)
[2026-09-03T12:41:01.779+0800][15.633s][info][gc,heap     ] GC(169) Old regions: 95->115
[2026-09-03T12:41:01.779+0800][15.633s][info][gc,heap     ] GC(169) Humongous regions: 1->1
[2026-09-03T12:41:01.779+0800][15.633s][info][gc,metaspace] GC(169) Metaspace: 1059K(1216K)->1059K(1216K) NonClass: 994K(1088K)->994K(1088K) Class: 64K(128K)->64K(128K)
[2026-09-03T12:41:01.779+0800][15.633s][info][gc          ] GC(169) Pause Young (Concurrent Start) (G1 Evacuation Pause) 212M->130M(256M) 2.459ms
[2026-09-03T12:41:01.779+0800][15.633s][info][gc,cpu      ] GC(169) User=0.02s Sys=0.00s Real=0.00s
[2026-09-03T12:41:01.779+0800][15.633s][info][gc          ] GC(170) Concurrent Mark Cycle
[2026-09-03T12:41:01.779+0800][15.633s][info][gc,marking  ] GC(170) Concurrent Scan Root Regions
[2026-09-03T12:41:01.779+0800][15.633s][info][safepoint   ] Safepoint "G1CollectForAllocation", Time since last: 312511208 ns, Reaching safepoint: 2542 ns, At safepoint: 2485042 ns, Leaving safepoint: 21750 ns, Total: 2509334 ns, Threads: 0 runnable, 42 total
[2026-09-03T12:41:01.781+0800][15.636s][info][gc,marking  ] GC(170) Concurrent Scan Root Regions 2.139ms
[2026-09-03T12:41:01.781+0800][15.636s][info][gc,marking  ] GC(170) Concurrent Mark
[2026-09-03T12:41:01.781+0800][15.636s][info][gc,marking  ] GC(170) Concurrent Mark From Roots
[2026-09-03T12:41:01.781+0800][15.636s][info][gc,task     ] GC(170) Concurrent Mark Using 2 of 2 Workers
[2026-09-03T12:41:01.785+0800][15.639s][info][gc,marking  ] GC(170) Concurrent Mark From Roots 3.178ms
[2026-09-03T12:41:01.785+0800][15.639s][info][gc,marking  ] GC(170) Concurrent Preclean
[2026-09-03T12:41:01.785+0800][15.639s][info][gc,marking  ] GC(170) Concurrent Preclean 0.011ms
[2026-09-03T12:41:01.785+0800][15.639s][info][gc,start    ] GC(170) Pause Remark
[2026-09-03T12:41:01.785+0800][15.639s][info][gc          ] GC(170) Pause Remark 134M->102M(256M) 0.305ms
[2026-09-03T12:41:01.785+0800][15.639s][info][gc,cpu      ] GC(170) User=0.00s Sys=0.00s Real=0.00s
[2026-09-03T12:41:01.785+0800][15.639s][info][safepoint   ] Safepoint "G1PauseRemark", Time since last: 5388041 ns, Reaching safepoint: 2292 ns, At safepoint: 332208 ns, Leaving safepoint: 17792 ns, Total: 352292 ns, Threads: 0 runnable, 42 total
[2026-09-03T12:41:01.785+0800][15.639s][info][gc,marking  ] GC(170) Concurrent Mark 3.624ms
[2026-09-03T12:41:01.785+0800][15.639s][info][gc,marking  ] GC(170) Concurrent Rebuild Remembered Sets and Scrub Regions
[2026-09-03T12:41:01.789+0800][15.643s][info][gc,marking  ] GC(170) Concurrent Rebuild Remembered Sets and Scrub Regions 3.597ms
[2026-09-03T12:41:01.789+0800][15.643s][info][gc,start    ] GC(170) Pause Cleanup
[2026-09-03T12:41:01.789+0800][15.643s][info][gc          ] GC(170) Pause Cleanup 102M->102M(256M) 0.097ms
[2026-09-03T12:41:01.789+0800][15.643s][info][gc,cpu      ] GC(170) User=0.00s Sys=0.00s Real=0.00s
[2026-09-03T12:41:01.789+0800][15.643s][info][safepoint   ] Safepoint "G1PauseCleanup", Time since last: 3672000 ns, Reaching safepoint: 3000 ns, At safepoint: 134833 ns, Leaving safepoint: 4375 ns, Total: 142208 ns, Threads: 0 runnable, 42 total
[2026-09-03T12:41:01.789+0800][15.643s][info][gc,marking  ] GC(170) Concurrent Clear Claimed Marks
[2026-09-03T12:41:01.789+0800][15.643s][info][gc,marking  ] GC(170) Concurrent Clear Claimed Marks 0.034ms
[2026-09-03T12:41:01.789+0800][15.643s][info][gc,marking  ] GC(170) Concurrent Cleanup for Next Mark
[2026-09-03T12:41:01.789+0800][15.643s][info][gc,marking  ] GC(170) Concurrent Cleanup for Next Mark 0.110ms
[2026-09-03T12:41:01.789+0800][15.643s][info][gc          ] GC(170) Concurrent Mark Cycle 9.804ms
[2026-09-03T12:41:02.048+0800][15.903s][info][gc,start    ] GC(171) Pause Young (Prepare Mixed) (G1 Evacuation Pause)
[2026-09-03T12:41:02.048+0800][15.903s][info][gc,task     ] GC(171) Using 9 workers of 9 for evacuation
[2026-09-03T12:41:02.051+0800][15.905s][info][gc,phases   ] GC(171)   Pre Evacuate Collection Set: 0.06ms
[2026-09-03T12:41:02.051+0800][15.905s][info][gc,phases   ] GC(171)   Merge Heap Roots: 0.05ms
[2026-09-03T12:41:02.051+0800][15.905s][info][gc,phases   ] GC(171)   Evacuate Collection Set: 1.81ms
[2026-09-03T12:41:02.051+0800][15.905s][info][gc,phases   ] GC(171)   Post Evacuate Collection Set: 0.10ms
[2026-09-03T12:41:02.051+0800][15.905s][info][gc,phases   ] GC(171)   Other: 0.06ms
[2026-09-03T12:41:02.051+0800][15.905s][info][gc,heap     ] GC(171) Eden regions: 88->0(98)
[2026-09-03T12:41:02.051+0800][15.905s][info][gc,heap     ] GC(171) Survivor regions: 15->13(13)
[2026-09-03T12:41:02.051+0800][15.905s][info][gc,heap     ] GC(171) Old regions: 83->103
[2026-09-03T12:41:02.051+0800][15.905s][info][gc,heap     ] GC(171) Humongous regions: 1->1
[2026-09-03T12:41:02.051+0800][15.905s][info][gc,metaspace] GC(171) Metaspace: 1059K(1216K)->1059K(1216K) NonClass: 994K(1088K)->994K(1088K) Class: 64K(128K)->64K(128K)
[2026-09-03T12:41:02.051+0800][15.905s][info][gc          ] GC(171) Pause Young (Prepare Mixed) (G1 Evacuation Pause) 186M->116M(256M) 2.175ms
[2026-09-03T12:41:02.051+0800][15.905s][info][gc,cpu      ] GC(171) User=0.01s Sys=0.00s Real=0.01s
[2026-09-03T12:41:02.051+0800][15.905s][info][safepoint   ] Safepoint "G1CollectForAllocation", Time since last: 259562250 ns, Reaching safepoint: 2292 ns, At safepoint: 2197458 ns, Leaving safepoint: 38584 ns, Total: 2238334 ns, Threads: 0 runnable, 42 total
[2026-09-03T12:41:02.347+0800][16.201s][info][gc,start    ] GC(172) Pause Young (Mixed) (G1 Evacuation Pause)
[2026-09-03T12:41:02.347+0800][16.201s][info][gc,task     ] GC(172) Using 9 workers of 9 for evacuation
[2026-09-03T12:41:02.349+0800][16.204s][info][gc,phases   ] GC(172)   Pre Evacuate Collection Set: 0.07ms
[2026-09-03T12:41:02.350+0800][16.204s][info][gc,phases   ] GC(172)   Merge Heap Roots: 0.05ms
[2026-09-03T12:41:02.350+0800][16.204s][info][gc,phases   ] GC(172)   Evacuate Collection Set: 1.91ms
[2026-09-03T12:41:02.350+0800][16.204s][info][gc,phases   ] GC(172)   Post Evacuate Collection Set: 0.11ms
[2026-09-03T12:41:02.350+0800][16.204s][info][gc,phases   ] GC(172)   Other: 0.06ms
[2026-09-03T12:41:02.350+0800][16.204s][info][gc,heap     ] GC(172) Eden regions: 98->0(101)
[2026-09-03T12:41:02.350+0800][16.204s][info][gc,heap     ] GC(172) Survivor regions: 13->14(14)
[2026-09-03T12:41:02.350+0800][16.204s][info][gc,heap     ] GC(172) Old regions: 103->97
[2026-09-03T12:41:02.350+0800][16.204s][info][gc,heap     ] GC(172) Humongous regions: 1->1
[2026-09-03T12:41:02.350+0800][16.204s][info][gc,metaspace] GC(172) Metaspace: 1059K(1216K)->1059K(1216K) NonClass: 994K(1088K)->994K(1088K) Class: 64K(128K)->64K(128K)
[2026-09-03T12:41:02.350+0800][16.204s][info][gc          ] GC(172) Pause Young (Mixed) (G1 Evacuation Pause) 214M->111M(256M) 2.306ms
[2026-09-03T12:41:02.350+0800][16.204s][info][gc,cpu      ] GC(172) User=0.01s Sys=0.00s Real=0.01s
[2026-09-03T12:41:02.350+0800][16.204s][info][safepoint   ] Safepoint "G1CollectForAllocation", Time since last: 296567041 ns, Reaching safepoint: 22042 ns, At safepoint: 2330250 ns, Leaving safepoint: 22292 ns, Total: 2374584 ns, Threads: 1 runnable, 42 total
[2026-09-03T12:41:02.655+0800][16.509s][info][gc,start    ] GC(173) Pause Young (Concurrent Start) (G1 Evacuation Pause)
[2026-09-03T12:41:02.655+0800][16.509s][info][gc,task     ] GC(173) Using 9 workers of 9 for evacuation
[2026-09-03T12:41:02.657+0800][16.511s][info][gc,phases   ] GC(173)   Pre Evacuate Collection Set: 0.06ms
[2026-09-03T12:41:02.657+0800][16.511s][info][gc,phases   ] GC(173)   Merge Heap Roots: 0.02ms
[2026-09-03T12:41:02.657+0800][16.511s][info][gc,phases   ] GC(173)   Evacuate Collection Set: 1.82ms
[2026-09-03T12:41:02.657+0800][16.511s][info][gc,phases   ] GC(173)   Post Evacuate Collection Set: 0.09ms
[2026-09-03T12:41:02.657+0800][16.511s][info][gc,phases   ] GC(173)   Other: 0.06ms
[2026-09-03T12:41:02.657+0800][16.511s][info][gc,heap     ] GC(173) Eden regions: 101->0(87)
[2026-09-03T12:41:02.657+0800][16.511s][info][gc,heap     ] GC(173) Survivor regions: 14->15(15)
[2026-09-03T12:41:02.657+0800][16.511s][info][gc,heap     ] GC(173) Old regions: 97->117
[2026-09-03T12:41:02.657+0800][16.511s][info][gc,heap     ] GC(173) Humongous regions: 1->1
[2026-09-03T12:41:02.657+0800][16.511s][info][gc,metaspace] GC(173) Metaspace: 1059K(1216K)->1059K(1216K) NonClass: 994K(1088K)->994K(1088K) Class: 64K(128K)->64K(128K)
[2026-09-03T12:41:02.657+0800][16.511s][info][gc          ] GC(173) Pause Young (Concurrent Start) (G1 Evacuation Pause) 212M->132M(256M) 2.396ms
[2026-09-03T12:41:02.657+0800][16.511s][info][gc,cpu      ] GC(173) User=0.01s Sys=0.00s Real=0.00s
[2026-09-03T12:41:02.657+0800][16.511s][info][gc          ] GC(174) Concurrent Mark Cycle
[2026-09-03T12:41:02.657+0800][16.511s][info][gc,marking  ] GC(174) Concurrent Scan Root Regions
[2026-09-03T12:41:02.657+0800][16.511s][info][safepoint   ] Safepoint "G1CollectForAllocation", Time since last: 304904041 ns, Reaching safepoint: 2209 ns, At safepoint: 2425375 ns, Leaving safepoint: 45958 ns, Total: 2473542 ns, Threads: 0 runnable, 42 total
[2026-09-03T12:41:02.659+0800][16.513s][info][gc,marking  ] GC(174) Concurrent Scan Root Regions 2.060ms
[2026-09-03T12:41:02.659+0800][16.513s][info][gc,marking  ] GC(174) Concurrent Mark
[2026-09-03T12:41:02.659+0800][16.513s][info][gc,marking  ] GC(174) Concurrent Mark From Roots
[2026-09-03T12:41:02.659+0800][16.513s][info][gc,task     ] GC(174) Concurrent Mark Using 2 of 2 Workers
[2026-09-03T12:41:02.663+0800][16.517s][info][gc,marking  ] GC(174) Concurrent Mark From Roots 3.844ms
[2026-09-03T12:41:02.663+0800][16.517s][info][gc,marking  ] GC(174) Concurrent Preclean
[2026-09-03T12:41:02.663+0800][16.517s][info][gc,marking  ] GC(174) Concurrent Preclean 0.012ms
[2026-09-03T12:41:02.663+0800][16.517s][info][gc,start    ] GC(174) Pause Remark
[2026-09-03T12:41:02.663+0800][16.517s][info][gc          ] GC(174) Pause Remark 135M->101M(256M) 0.302ms
[2026-09-03T12:41:02.663+0800][16.517s][info][gc,cpu      ] GC(174) User=0.01s Sys=0.00s Real=0.00s
[2026-09-03T12:41:02.663+0800][16.517s][info][safepoint   ] Safepoint "G1PauseRemark", Time since last: 5941792 ns, Reaching safepoint: 2708 ns, At safepoint: 327917 ns, Leaving safepoint: 20333 ns, Total: 350958 ns, Threads: 0 runnable, 42 total
[2026-09-03T12:41:02.663+0800][16.517s][info][gc,marking  ] GC(174) Concurrent Mark 4.294ms
[2026-09-03T12:41:02.663+0800][16.517s][info][gc,marking  ] GC(174) Concurrent Rebuild Remembered Sets and Scrub Regions
[2026-09-03T12:41:02.667+0800][16.521s][info][gc,marking  ] GC(174) Concurrent Rebuild Remembered Sets and Scrub Regions 3.499ms
[2026-09-03T12:41:02.667+0800][16.521s][info][gc,start    ] GC(174) Pause Cleanup
[2026-09-03T12:41:02.667+0800][16.521s][info][gc          ] GC(174) Pause Cleanup 103M->103M(256M) 0.036ms
[2026-09-03T12:41:02.667+0800][16.521s][info][gc,cpu      ] GC(174) User=0.00s Sys=0.00s Real=0.00s
[2026-09-03T12:41:02.667+0800][16.521s][info][safepoint   ] Safepoint "G1PauseCleanup", Time since last: 3590875 ns, Reaching safepoint: 2458 ns, At safepoint: 53459 ns, Leaving safepoint: 1291 ns, Total: 57208 ns, Threads: 0 runnable, 42 total
[2026-09-03T12:41:02.667+0800][16.521s][info][gc,marking  ] GC(174) Concurrent Clear Claimed Marks
[2026-09-03T12:41:02.667+0800][16.521s][info][gc,marking  ] GC(174) Concurrent Clear Claimed Marks 0.009ms
[2026-09-03T12:41:02.667+0800][16.521s][info][gc,marking  ] GC(174) Concurrent Cleanup for Next Mark
[2026-09-03T12:41:02.667+0800][16.521s][info][gc,marking  ] GC(174) Concurrent Cleanup for Next Mark 0.090ms
[2026-09-03T12:41:02.667+0800][16.521s][info][gc          ] GC(174) Concurrent Mark Cycle 10.133ms
[2026-09-03T12:41:02.920+0800][16.774s][info][gc,start    ] GC(175) Pause Young (Prepare Mixed) (G1 Evacuation Pause)
[2026-09-03T12:41:02.920+0800][16.774s][info][gc,task     ] GC(175) Using 9 workers of 9 for evacuation
[2026-09-03T12:41:02.923+0800][16.777s][info][gc,phases   ] GC(175)   Pre Evacuate Collection Set: 0.06ms
[2026-09-03T12:41:02.923+0800][16.777s][info][gc,phases   ] GC(175)   Merge Heap Roots: 0.04ms
[2026-09-03T12:41:02.923+0800][16.777s][info][gc,phases   ] GC(175)   Evacuate Collection Set: 1.98ms
[2026-09-03T12:41:02.923+0800][16.777s][info][gc,phases   ] GC(175)   Post Evacuate Collection Set: 0.07ms
[2026-09-03T12:41:02.923+0800][16.777s][info][gc,phases   ] GC(175)   Other: 0.06ms
[2026-09-03T12:41:02.923+0800][16.777s][info][gc,heap     ] GC(175) Eden regions: 87->0(98)
[2026-09-03T12:41:02.923+0800][16.777s][info][gc,heap     ] GC(175) Survivor regions: 15->13(13)
[2026-09-03T12:41:02.923+0800][16.777s][info][gc,heap     ] GC(175) Old regions: 83->103
[2026-09-03T12:41:02.923+0800][16.777s][info][gc,heap     ] GC(175) Humongous regions: 1->1
[2026-09-03T12:41:02.923+0800][16.777s][info][gc,metaspace] GC(175) Metaspace: 1059K(1216K)->1059K(1216K) NonClass: 994K(1088K)->994K(1088K) Class: 64K(128K)->64K(128K)
[2026-09-03T12:41:02.923+0800][16.777s][info][gc          ] GC(175) Pause Young (Prepare Mixed) (G1 Evacuation Pause) 185M->115M(256M) 2.334ms
[2026-09-03T12:41:02.923+0800][16.777s][info][gc,cpu      ] GC(175) User=0.02s Sys=0.00s Real=0.00s
[2026-09-03T12:41:02.923+0800][16.777s][info][safepoint   ] Safepoint "G1CollectForAllocation", Time since last: 253325375 ns, Reaching safepoint: 2375 ns, At safepoint: 2357209 ns, Leaving safepoint: 26625 ns, Total: 2386209 ns, Threads: 0 runnable, 42 total
[2026-09-03T12:41:03.220+0800][17.074s][info][gc,start    ] GC(176) Pause Young (Mixed) (G1 Evacuation Pause)
[2026-09-03T12:41:03.220+0800][17.074s][info][gc,task     ] GC(176) Using 9 workers of 9 for evacuation
[2026-09-03T12:41:03.222+0800][17.076s][info][gc,phases   ] GC(176)   Pre Evacuate Collection Set: 0.07ms
[2026-09-03T12:41:03.222+0800][17.076s][info][gc,phases   ] GC(176)   Merge Heap Roots: 0.04ms
[2026-09-03T12:41:03.222+0800][17.076s][info][gc,phases   ] GC(176)   Evacuate Collection Set: 2.18ms
[2026-09-03T12:41:03.222+0800][17.076s][info][gc,phases   ] GC(176)   Post Evacuate Collection Set: 0.11ms
[2026-09-03T12:41:03.222+0800][17.076s][info][gc,phases   ] GC(176)   Other: 0.06ms
[2026-09-03T12:41:03.222+0800][17.076s][info][gc,heap     ] GC(176) Eden regions: 98->0(101)
[2026-09-03T12:41:03.222+0800][17.076s][info][gc,heap     ] GC(176) Survivor regions: 13->14(14)
[2026-09-03T12:41:03.222+0800][17.076s][info][gc,heap     ] GC(176) Old regions: 103->97
[2026-09-03T12:41:03.222+0800][17.076s][info][gc,heap     ] GC(176) Humongous regions: 1->1
[2026-09-03T12:41:03.222+0800][17.076s][info][gc,metaspace] GC(176) Metaspace: 1059K(1216K)->1059K(1216K) NonClass: 994K(1088K)->994K(1088K) Class: 64K(128K)->64K(128K)
[2026-09-03T12:41:03.222+0800][17.076s][info][gc          ] GC(176) Pause Young (Mixed) (G1 Evacuation Pause) 213M->110M(256M) 2.591ms
[2026-09-03T12:41:03.222+0800][17.076s][info][gc,cpu      ] GC(176) User=0.02s Sys=0.00s Real=0.00s
[2026-09-03T12:41:03.222+0800][17.076s][info][safepoint   ] Safepoint "G1CollectForAllocation", Time since last: 297087291 ns, Reaching safepoint: 2459 ns, At safepoint: 2615083 ns, Leaving safepoint: 22958 ns, Total: 2640500 ns, Threads: 0 runnable, 42 total
[2026-09-03T12:41:03.527+0800][17.381s][info][gc,start    ] GC(177) Pause Young (Concurrent Start) (G1 Evacuation Pause)
[2026-09-03T12:41:03.527+0800][17.381s][info][gc,task     ] GC(177) Using 9 workers of 9 for evacuation
[2026-09-03T12:41:03.529+0800][17.384s][info][gc,phases   ] GC(177)   Pre Evacuate Collection Set: 0.08ms
[2026-09-03T12:41:03.529+0800][17.384s][info][gc,phases   ] GC(177)   Merge Heap Roots: 0.02ms
[2026-09-03T12:41:03.529+0800][17.384s][info][gc,phases   ] GC(177)   Evacuate Collection Set: 2.10ms
[2026-09-03T12:41:03.529+0800][17.384s][info][gc,phases   ] GC(177)   Post Evacuate Collection Set: 0.09ms
[2026-09-03T12:41:03.529+0800][17.384s][info][gc,phases   ] GC(177)   Other: 0.05ms
[2026-09-03T12:41:03.530+0800][17.384s][info][gc,heap     ] GC(177) Eden regions: 101->0(87)
[2026-09-03T12:41:03.530+0800][17.384s][info][gc,heap     ] GC(177) Survivor regions: 14->15(15)
[2026-09-03T12:41:03.530+0800][17.384s][info][gc,heap     ] GC(177) Old regions: 97->117
[2026-09-03T12:41:03.530+0800][17.384s][info][gc,heap     ] GC(177) Humongous regions: 1->1
[2026-09-03T12:41:03.530+0800][17.384s][info][gc,metaspace] GC(177) Metaspace: 1059K(1216K)->1059K(1216K) NonClass: 994K(1088K)->994K(1088K) Class: 64K(128K)->64K(128K)
[2026-09-03T12:41:03.530+0800][17.384s][info][gc          ] GC(177) Pause Young (Concurrent Start) (G1 Evacuation Pause) 211M->131M(256M) 2.458ms
[2026-09-03T12:41:03.530+0800][17.384s][info][gc,cpu      ] GC(177) User=0.02s Sys=0.00s Real=0.01s
[2026-09-03T12:41:03.530+0800][17.384s][info][gc          ] GC(178) Concurrent Mark Cycle
[2026-09-03T12:41:03.530+0800][17.384s][info][gc,marking  ] GC(178) Concurrent Scan Root Regions
[2026-09-03T12:41:03.530+0800][17.384s][info][safepoint   ] Safepoint "G1CollectForAllocation", Time since last: 304677584 ns, Reaching safepoint: 18166 ns, At safepoint: 2488375 ns, Leaving safepoint: 26625 ns, Total: 2533166 ns, Threads: 1 runnable, 42 total
[2026-09-03T12:41:03.532+0800][17.386s][info][gc,marking  ] GC(178) Concurrent Scan Root Regions 2.028ms
[2026-09-03T12:41:03.532+0800][17.386s][info][gc,marking  ] GC(178) Concurrent Mark
[2026-09-03T12:41:03.532+0800][17.386s][info][gc,marking  ] GC(178) Concurrent Mark From Roots
[2026-09-03T12:41:03.532+0800][17.386s][info][gc,task     ] GC(178) Concurrent Mark Using 2 of 2 Workers
[2026-09-03T12:41:03.535+0800][17.389s][info][gc,marking  ] GC(178) Concurrent Mark From Roots 3.204ms
[2026-09-03T12:41:03.535+0800][17.389s][info][gc,marking  ] GC(178) Concurrent Preclean
[2026-09-03T12:41:03.535+0800][17.389s][info][gc,marking  ] GC(178) Concurrent Preclean 0.009ms
[2026-09-03T12:41:03.535+0800][17.389s][info][gc,start    ] GC(178) Pause Remark
[2026-09-03T12:41:03.535+0800][17.389s][info][gc          ] GC(178) Pause Remark 135M->99M(256M) 0.320ms
[2026-09-03T12:41:03.535+0800][17.389s][info][gc,cpu      ] GC(178) User=0.00s Sys=0.00s Real=0.00s
[2026-09-03T12:41:03.535+0800][17.389s][info][safepoint   ] Safepoint "G1PauseRemark", Time since last: 5280667 ns, Reaching safepoint: 2333 ns, At safepoint: 341750 ns, Leaving safepoint: 19875 ns, Total: 363958 ns, Threads: 0 runnable, 42 total
[2026-09-03T12:41:03.535+0800][17.389s][info][gc,marking  ] GC(178) Concurrent Mark 3.663ms
[2026-09-03T12:41:03.535+0800][17.389s][info][gc,marking  ] GC(178) Concurrent Rebuild Remembered Sets and Scrub Regions
[2026-09-03T12:41:03.539+0800][17.393s][info][gc,marking  ] GC(178) Concurrent Rebuild Remembered Sets and Scrub Regions 3.525ms
[2026-09-03T12:41:03.539+0800][17.393s][info][gc,start    ] GC(178) Pause Cleanup
[2026-09-03T12:41:03.539+0800][17.393s][info][gc          ] GC(178) Pause Cleanup 99M->99M(256M) 0.042ms
[2026-09-03T12:41:03.539+0800][17.393s][info][gc,cpu      ] GC(178) User=0.00s Sys=0.00s Real=0.00s
[2026-09-03T12:41:03.539+0800][17.393s][info][safepoint   ] Safepoint "G1PauseCleanup", Time since last: 3633334 ns, Reaching safepoint: 1666 ns, At safepoint: 61875 ns, Leaving safepoint: 1625 ns, Total: 65166 ns, Threads: 0 runnable, 42 total
[2026-09-03T12:41:03.539+0800][17.393s][info][gc,marking  ] GC(178) Concurrent Clear Claimed Marks
[2026-09-03T12:41:03.539+0800][17.393s][info][gc,marking  ] GC(178) Concurrent Clear Claimed Marks 0.008ms
[2026-09-03T12:41:03.539+0800][17.393s][info][gc,marking  ] GC(178) Concurrent Cleanup for Next Mark
[2026-09-03T12:41:03.539+0800][17.393s][info][gc,marking  ] GC(178) Concurrent Cleanup for Next Mark 0.105ms
[2026-09-03T12:41:03.539+0800][17.393s][info][gc          ] GC(178) Concurrent Mark Cycle 9.524ms
[2026-09-03T12:41:03.793+0800][17.647s][info][gc,start    ] GC(179) Pause Young (Prepare Mixed) (G1 Evacuation Pause)
[2026-09-03T12:41:03.793+0800][17.647s][info][gc,task     ] GC(179) Using 9 workers of 9 for evacuation
[2026-09-03T12:41:03.795+0800][17.649s][info][gc,phases   ] GC(179)   Pre Evacuate Collection Set: 0.06ms
[2026-09-03T12:41:03.795+0800][17.649s][info][gc,phases   ] GC(179)   Merge Heap Roots: 0.04ms
[2026-09-03T12:41:03.795+0800][17.649s][info][gc,phases   ] GC(179)   Evacuate Collection Set: 1.86ms
[2026-09-03T12:41:03.795+0800][17.649s][info][gc,phases   ] GC(179)   Post Evacuate Collection Set: 0.10ms
[2026-09-03T12:41:03.795+0800][17.649s][info][gc,phases   ] GC(179)   Other: 0.06ms
[2026-09-03T12:41:03.795+0800][17.649s][info][gc,heap     ] GC(179) Eden regions: 87->0(99)
[2026-09-03T12:41:03.795+0800][17.649s][info][gc,heap     ] GC(179) Survivor regions: 15->13(13)
[2026-09-03T12:41:03.795+0800][17.649s][info][gc,heap     ] GC(179) Old regions: 81->101
[2026-09-03T12:41:03.795+0800][17.649s][info][gc,heap     ] GC(179) Humongous regions: 1->1
[2026-09-03T12:41:03.795+0800][17.649s][info][gc,metaspace] GC(179) Metaspace: 1059K(1216K)->1059K(1216K) NonClass: 994K(1088K)->994K(1088K) Class: 64K(128K)->64K(128K)
[2026-09-03T12:41:03.795+0800][17.649s][info][gc          ] GC(179) Pause Young (Prepare Mixed) (G1 Evacuation Pause) 182M->113M(256M) 2.242ms
[2026-09-03T12:41:03.795+0800][17.649s][info][gc,cpu      ] GC(179) User=0.02s Sys=0.00s Real=0.00s
[2026-09-03T12:41:03.795+0800][17.649s][info][safepoint   ] Safepoint "G1CollectForAllocation", Time since last: 253918792 ns, Reaching safepoint: 2250 ns, At safepoint: 2265792 ns, Leaving safepoint: 45333 ns, Total: 2313375 ns, Threads: 0 runnable, 42 total
[2026-09-03T12:41:04.095+0800][17.949s][info][gc,start    ] GC(180) Pause Young (Mixed) (G1 Evacuation Pause)
[2026-09-03T12:41:04.095+0800][17.949s][info][gc,task     ] GC(180) Using 9 workers of 9 for evacuation
[2026-09-03T12:41:04.097+0800][17.952s][info][gc,phases   ] GC(180)   Pre Evacuate Collection Set: 0.04ms
[2026-09-03T12:41:04.097+0800][17.952s][info][gc,phases   ] GC(180)   Merge Heap Roots: 0.03ms
[2026-09-03T12:41:04.097+0800][17.952s][info][gc,phases   ] GC(180)   Evacuate Collection Set: 2.03ms
[2026-09-03T12:41:04.097+0800][17.952s][info][gc,phases   ] GC(180)   Post Evacuate Collection Set: 0.09ms
[2026-09-03T12:41:04.097+0800][17.952s][info][gc,phases   ] GC(180)   Other: 0.05ms
[2026-09-03T12:41:04.097+0800][17.952s][info][gc,heap     ] GC(180) Eden regions: 99->0(101)
[2026-09-03T12:41:04.097+0800][17.952s][info][gc,heap     ] GC(180) Survivor regions: 13->14(14)
[2026-09-03T12:41:04.097+0800][17.952s][info][gc,heap     ] GC(180) Old regions: 101->98
[2026-09-03T12:41:04.098+0800][17.952s][info][gc,heap     ] GC(180) Humongous regions: 1->1
[2026-09-03T12:41:04.098+0800][17.952s][info][gc,metaspace] GC(180) Metaspace: 1059K(1216K)->1059K(1216K) NonClass: 994K(1088K)->994K(1088K) Class: 64K(128K)->64K(128K)
[2026-09-03T12:41:04.098+0800][17.952s][info][gc          ] GC(180) Pause Young (Mixed) (G1 Evacuation Pause) 212M->111M(256M) 2.349ms
[2026-09-03T12:41:04.098+0800][17.952s][info][gc,cpu      ] GC(180) User=0.02s Sys=0.00s Real=0.00s
[2026-09-03T12:41:04.098+0800][17.952s][info][safepoint   ] Safepoint "G1CollectForAllocation", Time since last: 300005042 ns, Reaching safepoint: 2000 ns, At safepoint: 2372333 ns, Leaving safepoint: 17583 ns, Total: 2391916 ns, Threads: 0 runnable, 42 total
[2026-09-03T12:41:04.404+0800][18.258s][info][gc,start    ] GC(181) Pause Young (Concurrent Start) (G1 Evacuation Pause)
[2026-09-03T12:41:04.404+0800][18.258s][info][gc,task     ] GC(181) Using 9 workers of 9 for evacuation
[2026-09-03T12:41:04.406+0800][18.261s][info][gc,phases   ] GC(181)   Pre Evacuate Collection Set: 0.08ms
[2026-09-03T12:41:04.406+0800][18.261s][info][gc,phases   ] GC(181)   Merge Heap Roots: 0.04ms
[2026-09-03T12:41:04.406+0800][18.261s][info][gc,phases   ] GC(181)   Evacuate Collection Set: 1.82ms
[2026-09-03T12:41:04.406+0800][18.261s][info][gc,phases   ] GC(181)   Post Evacuate Collection Set: 0.11ms
[2026-09-03T12:41:04.406+0800][18.261s][info][gc,phases   ] GC(181)   Other: 0.06ms
[2026-09-03T12:41:04.406+0800][18.261s][info][gc,heap     ] GC(181) Eden regions: 101->0(87)
[2026-09-03T12:41:04.406+0800][18.261s][info][gc,heap     ] GC(181) Survivor regions: 14->15(15)
[2026-09-03T12:41:04.406+0800][18.261s][info][gc,heap     ] GC(181) Old regions: 98->117
[2026-09-03T12:41:04.406+0800][18.261s][info][gc,heap     ] GC(181) Humongous regions: 1->1
[2026-09-03T12:41:04.406+0800][18.261s][info][gc,metaspace] GC(181) Metaspace: 1059K(1216K)->1059K(1216K) NonClass: 994K(1088K)->994K(1088K) Class: 64K(128K)->64K(128K)
[2026-09-03T12:41:04.406+0800][18.261s][info][gc          ] GC(181) Pause Young (Concurrent Start) (G1 Evacuation Pause) 212M->131M(256M) 2.240ms
[2026-09-03T12:41:04.407+0800][18.261s][info][gc,cpu      ] GC(181) User=0.02s Sys=0.00s Real=0.00s
[2026-09-03T12:41:04.407+0800][18.261s][info][gc          ] GC(182) Concurrent Mark Cycle
[2026-09-03T12:41:04.407+0800][18.261s][info][gc,marking  ] GC(182) Concurrent Scan Root Regions
[2026-09-03T12:41:04.407+0800][18.261s][info][safepoint   ] Safepoint "G1CollectForAllocation", Time since last: 306692084 ns, Reaching safepoint: 2500 ns, At safepoint: 2269958 ns, Leaving safepoint: 43417 ns, Total: 2315875 ns, Threads: 0 runnable, 42 total
[2026-09-03T12:41:04.409+0800][18.263s][info][gc,marking  ] GC(182) Concurrent Scan Root Regions 2.104ms
[2026-09-03T12:41:04.409+0800][18.263s][info][gc,marking  ] GC(182) Concurrent Mark
[2026-09-03T12:41:04.409+0800][18.263s][info][gc,marking  ] GC(182) Concurrent Mark From Roots
[2026-09-03T12:41:04.409+0800][18.263s][info][gc,task     ] GC(182) Concurrent Mark Using 2 of 2 Workers
[2026-09-03T12:41:04.412+0800][18.266s][info][gc,marking  ] GC(182) Concurrent Mark From Roots 3.728ms
[2026-09-03T12:41:04.412+0800][18.267s][info][gc,marking  ] GC(182) Concurrent Preclean
[2026-09-03T12:41:04.412+0800][18.267s][info][gc,marking  ] GC(182) Concurrent Preclean 0.009ms
[2026-09-03T12:41:04.412+0800][18.267s][info][gc,start    ] GC(182) Pause Remark
[2026-09-03T12:41:04.413+0800][18.267s][info][gc          ] GC(182) Pause Remark 135M->103M(256M) 0.333ms
[2026-09-03T12:41:04.413+0800][18.267s][info][gc,cpu      ] GC(182) User=0.00s Sys=0.00s Real=0.00s
[2026-09-03T12:41:04.413+0800][18.267s][info][safepoint   ] Safepoint "G1PauseRemark", Time since last: 5859875 ns, Reaching safepoint: 2541 ns, At safepoint: 360834 ns, Leaving safepoint: 16250 ns, Total: 379625 ns, Threads: 0 runnable, 42 total
[2026-09-03T12:41:04.413+0800][18.267s][info][gc,marking  ] GC(182) Concurrent Mark 4.196ms
[2026-09-03T12:41:04.413+0800][18.267s][info][gc,marking  ] GC(182) Concurrent Rebuild Remembered Sets and Scrub Regions
[2026-09-03T12:41:04.416+0800][18.270s][info][gc,marking  ] GC(182) Concurrent Rebuild Remembered Sets and Scrub Regions 3.045ms
[2026-09-03T12:41:04.416+0800][18.270s][info][gc,start    ] GC(182) Pause Cleanup
[2026-09-03T12:41:04.416+0800][18.270s][info][gc          ] GC(182) Pause Cleanup 103M->103M(256M) 0.034ms
[2026-09-03T12:41:04.416+0800][18.270s][info][gc,cpu      ] GC(182) User=0.00s Sys=0.00s Real=0.00s
[2026-09-03T12:41:04.416+0800][18.270s][info][safepoint   ] Safepoint "G1PauseCleanup", Time since last: 3140125 ns, Reaching safepoint: 2000 ns, At safepoint: 51500 ns, Leaving safepoint: 3333 ns, Total: 56833 ns, Threads: 0 runnable, 42 total
[2026-09-03T12:41:04.416+0800][18.270s][info][gc,marking  ] GC(182) Concurrent Clear Claimed Marks
[2026-09-03T12:41:04.416+0800][18.270s][info][gc,marking  ] GC(182) Concurrent Clear Claimed Marks 0.007ms
[2026-09-03T12:41:04.416+0800][18.270s][info][gc,marking  ] GC(182) Concurrent Cleanup for Next Mark
[2026-09-03T12:41:04.416+0800][18.270s][info][gc,marking  ] GC(182) Concurrent Cleanup for Next Mark 0.086ms
[2026-09-03T12:41:04.416+0800][18.270s][info][gc          ] GC(182) Concurrent Mark Cycle 9.608ms
[2026-09-03T12:41:04.670+0800][18.524s][info][gc,start    ] GC(183) Pause Young (Prepare Mixed) (G1 Evacuation Pause)
[2026-09-03T12:41:04.670+0800][18.524s][info][gc,task     ] GC(183) Using 9 workers of 9 for evacuation
[2026-09-03T12:41:04.672+0800][18.526s][info][gc,phases   ] GC(183)   Pre Evacuate Collection Set: 0.05ms
[2026-09-03T12:41:04.672+0800][18.526s][info][gc,phases   ] GC(183)   Merge Heap Roots: 0.03ms
[2026-09-03T12:41:04.672+0800][18.526s][info][gc,phases   ] GC(183)   Evacuate Collection Set: 1.82ms
[2026-09-03T12:41:04.672+0800][18.526s][info][gc,phases   ] GC(183)   Post Evacuate Collection Set: 0.08ms
[2026-09-03T12:41:04.672+0800][18.526s][info][gc,phases   ] GC(183)   Other: 0.06ms
[2026-09-03T12:41:04.672+0800][18.526s][info][gc,heap     ] GC(183) Eden regions: 87->0(96)
[2026-09-03T12:41:04.672+0800][18.526s][info][gc,heap     ] GC(183) Survivor regions: 15->13(13)
[2026-09-03T12:41:04.672+0800][18.526s][info][gc,heap     ] GC(183) Old regions: 85->105
[2026-09-03T12:41:04.672+0800][18.526s][info][gc,heap     ] GC(183) Humongous regions: 1->1
[2026-09-03T12:41:04.672+0800][18.526s][info][gc,metaspace] GC(183) Metaspace: 1059K(1216K)->1059K(1216K) NonClass: 994K(1088K)->994K(1088K) Class: 64K(128K)->64K(128K)
[2026-09-03T12:41:04.672+0800][18.526s][info][gc          ] GC(183) Pause Young (Prepare Mixed) (G1 Evacuation Pause) 186M->118M(256M) 2.154ms
[2026-09-03T12:41:04.672+0800][18.526s][info][gc,cpu      ] GC(183) User=0.01s Sys=0.00s Real=0.00s
[2026-09-03T12:41:04.672+0800][18.526s][info][safepoint   ] Safepoint "G1CollectForAllocation", Time since last: 253557458 ns, Reaching safepoint: 1792 ns, At safepoint: 2178792 ns, Leaving safepoint: 27125 ns, Total: 2207709 ns, Threads: 0 runnable, 42 total
[2026-09-03T12:41:04.963+0800][18.817s][info][gc,start    ] GC(184) Pause Young (Mixed) (G1 Evacuation Pause)
[2026-09-03T12:41:04.963+0800][18.817s][info][gc,task     ] GC(184) Using 9 workers of 9 for evacuation
[2026-09-03T12:41:04.965+0800][18.820s][info][gc,phases   ] GC(184)   Pre Evacuate Collection Set: 0.05ms
[2026-09-03T12:41:04.965+0800][18.820s][info][gc,phases   ] GC(184)   Merge Heap Roots: 0.03ms
[2026-09-03T12:41:04.965+0800][18.820s][info][gc,phases   ] GC(184)   Evacuate Collection Set: 1.83ms
[2026-09-03T12:41:04.965+0800][18.820s][info][gc,phases   ] GC(184)   Post Evacuate Collection Set: 0.12ms
[2026-09-03T12:41:04.965+0800][18.820s][info][gc,phases   ] GC(184)   Other: 0.07ms
[2026-09-03T12:41:04.965+0800][18.820s][info][gc,heap     ] GC(184) Eden regions: 96->0(102)
[2026-09-03T12:41:04.965+0800][18.820s][info][gc,heap     ] GC(184) Survivor regions: 13->14(14)
[2026-09-03T12:41:04.965+0800][18.820s][info][gc,heap     ] GC(184) Old regions: 105->96
[2026-09-03T12:41:04.965+0800][18.820s][info][gc,heap     ] GC(184) Humongous regions: 1->1
[2026-09-03T12:41:04.965+0800][18.820s][info][gc,metaspace] GC(184) Metaspace: 1059K(1216K)->1059K(1216K) NonClass: 994K(1088K)->994K(1088K) Class: 64K(128K)->64K(128K)
[2026-09-03T12:41:04.965+0800][18.820s][info][gc          ] GC(184) Pause Young (Mixed) (G1 Evacuation Pause) 214M->110M(256M) 2.218ms
[2026-09-03T12:41:04.966+0800][18.820s][info][gc,cpu      ] GC(184) User=0.01s Sys=0.00s Real=0.00s
[2026-09-03T12:41:04.966+0800][18.820s][info][safepoint   ] Safepoint "G1CollectForAllocation", Time since last: 291503666 ns, Reaching safepoint: 2375 ns, At safepoint: 2242459 ns, Leaving safepoint: 41000 ns, Total: 2285834 ns, Threads: 0 runnable, 42 total
[2026-09-03T12:41:05.275+0800][19.129s][info][gc,start    ] GC(185) Pause Young (Concurrent Start) (G1 Evacuation Pause)
[2026-09-03T12:41:05.275+0800][19.129s][info][gc,task     ] GC(185) Using 9 workers of 9 for evacuation
[2026-09-03T12:41:05.277+0800][19.131s][info][gc,phases   ] GC(185)   Pre Evacuate Collection Set: 0.08ms
[2026-09-03T12:41:05.277+0800][19.131s][info][gc,phases   ] GC(185)   Merge Heap Roots: 0.03ms
[2026-09-03T12:41:05.277+0800][19.131s][info][gc,phases   ] GC(185)   Evacuate Collection Set: 2.03ms
[2026-09-03T12:41:05.277+0800][19.131s][info][gc,phases   ] GC(185)   Post Evacuate Collection Set: 0.09ms
[2026-09-03T12:41:05.277+0800][19.131s][info][gc,phases   ] GC(185)   Other: 0.05ms
[2026-09-03T12:41:05.277+0800][19.131s][info][gc,heap     ] GC(185) Eden regions: 102->0(87)
[2026-09-03T12:41:05.277+0800][19.131s][info][gc,heap     ] GC(185) Survivor regions: 14->15(15)
[2026-09-03T12:41:05.277+0800][19.131s][info][gc,heap     ] GC(185) Old regions: 96->117
[2026-09-03T12:41:05.277+0800][19.131s][info][gc,heap     ] GC(185) Humongous regions: 1->1
[2026-09-03T12:41:05.277+0800][19.131s][info][gc,metaspace] GC(185) Metaspace: 1059K(1216K)->1059K(1216K) NonClass: 994K(1088K)->994K(1088K) Class: 64K(128K)->64K(128K)
[2026-09-03T12:41:05.277+0800][19.131s][info][gc          ] GC(185) Pause Young (Concurrent Start) (G1 Evacuation Pause) 212M->131M(256M) 2.405ms
[2026-09-03T12:41:05.277+0800][19.131s][info][gc,cpu      ] GC(185) User=0.01s Sys=0.00s Real=0.00s
[2026-09-03T12:41:05.277+0800][19.131s][info][gc          ] GC(186) Concurrent Mark Cycle
[2026-09-03T12:41:05.277+0800][19.131s][info][gc,marking  ] GC(186) Concurrent Scan Root Regions
[2026-09-03T12:41:05.277+0800][19.131s][info][safepoint   ] Safepoint "G1CollectForAllocation", Time since last: 309207958 ns, Reaching safepoint: 18542 ns, At safepoint: 2435916 ns, Leaving safepoint: 20292 ns, Total: 2474750 ns, Threads: 1 runnable, 42 total
[2026-09-03T12:41:05.280+0800][19.134s][info][gc,marking  ] GC(186) Concurrent Scan Root Regions 2.387ms
[2026-09-03T12:41:05.280+0800][19.134s][info][gc,marking  ] GC(186) Concurrent Mark
[2026-09-03T12:41:05.280+0800][19.134s][info][gc,marking  ] GC(186) Concurrent Mark From Roots
[2026-09-03T12:41:05.280+0800][19.134s][info][gc,task     ] GC(186) Concurrent Mark Using 2 of 2 Workers
[2026-09-03T12:41:05.283+0800][19.137s][info][gc,marking  ] GC(186) Concurrent Mark From Roots 3.151ms
[2026-09-03T12:41:05.283+0800][19.137s][info][gc,marking  ] GC(186) Concurrent Preclean
[2026-09-03T12:41:05.283+0800][19.137s][info][gc,marking  ] GC(186) Concurrent Preclean 0.008ms
[2026-09-03T12:41:05.283+0800][19.137s][info][gc,start    ] GC(186) Pause Remark
[2026-09-03T12:41:05.283+0800][19.137s][info][gc          ] GC(186) Pause Remark 135M->100M(256M) 0.297ms
[2026-09-03T12:41:05.283+0800][19.137s][info][gc,cpu      ] GC(186) User=0.00s Sys=0.00s Real=0.00s
[2026-09-03T12:41:05.283+0800][19.137s][info][safepoint   ] Safepoint "G1PauseRemark", Time since last: 5596667 ns, Reaching safepoint: 2791 ns, At safepoint: 320500 ns, Leaving safepoint: 10084 ns, Total: 333375 ns, Threads: 0 runnable, 42 total
[2026-09-03T12:41:05.283+0800][19.137s][info][gc,marking  ] GC(186) Concurrent Mark 3.574ms
[2026-09-03T12:41:05.283+0800][19.137s][info][gc,marking  ] GC(186) Concurrent Rebuild Remembered Sets and Scrub Regions
[2026-09-03T12:41:05.286+0800][19.140s][info][gc,marking  ] GC(186) Concurrent Rebuild Remembered Sets and Scrub Regions 3.001ms
[2026-09-03T12:41:05.286+0800][19.140s][info][gc,start    ] GC(186) Pause Cleanup
[2026-09-03T12:41:05.286+0800][19.140s][info][gc          ] GC(186) Pause Cleanup 100M->100M(256M) 0.033ms
[2026-09-03T12:41:05.286+0800][19.140s][info][gc,cpu      ] GC(186) User=0.00s Sys=0.00s Real=0.00s
[2026-09-03T12:41:05.286+0800][19.140s][info][safepoint   ] Safepoint "G1PauseCleanup", Time since last: 3080916 ns, Reaching safepoint: 19250 ns, At safepoint: 49917 ns, Leaving safepoint: 2875 ns, Total: 72042 ns, Threads: 1 runnable, 42 total
[2026-09-03T12:41:05.286+0800][19.140s][info][gc,marking  ] GC(186) Concurrent Clear Claimed Marks
[2026-09-03T12:41:05.286+0800][19.140s][info][gc,marking  ] GC(186) Concurrent Clear Claimed Marks 0.011ms
[2026-09-03T12:41:05.286+0800][19.140s][info][gc,marking  ] GC(186) Concurrent Cleanup for Next Mark
[2026-09-03T12:41:05.286+0800][19.141s][info][gc,marking  ] GC(186) Concurrent Cleanup for Next Mark 0.098ms
[2026-09-03T12:41:05.286+0800][19.141s][info][gc          ] GC(186) Concurrent Mark Cycle 9.245ms
[2026-09-03T12:41:05.538+0800][19.392s][info][gc,start    ] GC(187) Pause Young (Prepare Mixed) (G1 Evacuation Pause)
[2026-09-03T12:41:05.538+0800][19.392s][info][gc,task     ] GC(187) Using 9 workers of 9 for evacuation
[2026-09-03T12:41:05.540+0800][19.394s][info][gc,phases   ] GC(187)   Pre Evacuate Collection Set: 0.05ms
[2026-09-03T12:41:05.540+0800][19.394s][info][gc,phases   ] GC(187)   Merge Heap Roots: 0.02ms
[2026-09-03T12:41:05.540+0800][19.394s][info][gc,phases   ] GC(187)   Evacuate Collection Set: 1.72ms
[2026-09-03T12:41:05.540+0800][19.394s][info][gc,phases   ] GC(187)   Post Evacuate Collection Set: 0.08ms
[2026-09-03T12:41:05.540+0800][19.394s][info][gc,phases   ] GC(187)   Other: 0.07ms
[2026-09-03T12:41:05.540+0800][19.394s][info][gc,heap     ] GC(187) Eden regions: 87->0(99)
[2026-09-03T12:41:05.540+0800][19.394s][info][gc,heap     ] GC(187) Survivor regions: 15->13(13)
[2026-09-03T12:41:05.540+0800][19.394s][info][gc,heap     ] GC(187) Old regions: 82->101
[2026-09-03T12:41:05.540+0800][19.394s][info][gc,heap     ] GC(187) Humongous regions: 1->1
[2026-09-03T12:41:05.540+0800][19.394s][info][gc,metaspace] GC(187) Metaspace: 1059K(1216K)->1059K(1216K) NonClass: 994K(1088K)->994K(1088K) Class: 64K(128K)->64K(128K)
[2026-09-03T12:41:05.540+0800][19.394s][info][gc          ] GC(187) Pause Young (Prepare Mixed) (G1 Evacuation Pause) 183M->113M(256M) 2.055ms
[2026-09-03T12:41:05.540+0800][19.394s][info][gc,cpu      ] GC(187) User=0.01s Sys=0.00s Real=0.01s
[2026-09-03T12:41:05.540+0800][19.394s][info][safepoint   ] Safepoint "G1CollectForAllocation", Time since last: 251297583 ns, Reaching safepoint: 2125 ns, At safepoint: 2077875 ns, Leaving safepoint: 28167 ns, Total: 2108167 ns, Threads: 0 runnable, 42 total
[2026-09-03T12:41:05.836+0800][19.690s][info][gc,start    ] GC(188) Pause Young (Mixed) (G1 Evacuation Pause)
[2026-09-03T12:41:05.836+0800][19.690s][info][gc,task     ] GC(188) Using 9 workers of 9 for evacuation
[2026-09-03T12:41:05.838+0800][19.692s][info][gc,phases   ] GC(188)   Pre Evacuate Collection Set: 0.07ms
[2026-09-03T12:41:05.838+0800][19.692s][info][gc,phases   ] GC(188)   Merge Heap Roots: 0.03ms
[2026-09-03T12:41:05.838+0800][19.692s][info][gc,phases   ] GC(188)   Evacuate Collection Set: 2.00ms
[2026-09-03T12:41:05.838+0800][19.692s][info][gc,phases   ] GC(188)   Post Evacuate Collection Set: 0.10ms
[2026-09-03T12:41:05.838+0800][19.692s][info][gc,phases   ] GC(188)   Other: 0.06ms
[2026-09-03T12:41:05.838+0800][19.692s][info][gc,heap     ] GC(188) Eden regions: 99->0(102)
[2026-09-03T12:41:05.838+0800][19.692s][info][gc,heap     ] GC(188) Survivor regions: 13->14(14)
[2026-09-03T12:41:05.838+0800][19.692s][info][gc,heap     ] GC(188) Old regions: 101->97
[2026-09-03T12:41:05.838+0800][19.692s][info][gc,heap     ] GC(188) Humongous regions: 1->1
[2026-09-03T12:41:05.838+0800][19.692s][info][gc,metaspace] GC(188) Metaspace: 1059K(1216K)->1059K(1216K) NonClass: 994K(1088K)->994K(1088K) Class: 64K(128K)->64K(128K)
[2026-09-03T12:41:05.838+0800][19.692s][info][gc          ] GC(188) Pause Young (Mixed) (G1 Evacuation Pause) 212M->111M(256M) 2.388ms
[2026-09-03T12:41:05.838+0800][19.692s][info][gc,cpu      ] GC(188) User=0.01s Sys=0.00s Real=0.00s
[2026-09-03T12:41:05.838+0800][19.692s][info][safepoint   ] Safepoint "G1CollectForAllocation", Time since last: 296178458 ns, Reaching safepoint: 2250 ns, At safepoint: 2413584 ns, Leaving safepoint: 27583 ns, Total: 2443417 ns, Threads: 0 runnable, 42 total
[2026-09-03T12:41:06.145+0800][19.999s][info][gc,start    ] GC(189) Pause Young (Concurrent Start) (G1 Evacuation Pause)
[2026-09-03T12:41:06.145+0800][19.999s][info][gc,task     ] GC(189) Using 9 workers of 9 for evacuation
[2026-09-03T12:41:06.147+0800][20.001s][info][gc,phases   ] GC(189)   Pre Evacuate Collection Set: 0.07ms
[2026-09-03T12:41:06.147+0800][20.001s][info][gc,phases   ] GC(189)   Merge Heap Roots: 0.04ms
[2026-09-03T12:41:06.147+0800][20.001s][info][gc,phases   ] GC(189)   Evacuate Collection Set: 1.90ms
[2026-09-03T12:41:06.147+0800][20.001s][info][gc,phases   ] GC(189)   Post Evacuate Collection Set: 0.09ms
[2026-09-03T12:41:06.147+0800][20.001s][info][gc,phases   ] GC(189)   Other: 0.06ms
[2026-09-03T12:41:06.147+0800][20.002s][info][gc,heap     ] GC(189) Eden regions: 102->0(87)
[2026-09-03T12:41:06.147+0800][20.002s][info][gc,heap     ] GC(189) Survivor regions: 14->15(15)
[2026-09-03T12:41:06.147+0800][20.002s][info][gc,heap     ] GC(189) Old regions: 97->117
[2026-09-03T12:41:06.147+0800][20.002s][info][gc,heap     ] GC(189) Humongous regions: 1->1
[2026-09-03T12:41:06.147+0800][20.002s][info][gc,metaspace] GC(189) Metaspace: 1059K(1216K)->1059K(1216K) NonClass: 994K(1088K)->994K(1088K) Class: 64K(128K)->64K(128K)
[2026-09-03T12:41:06.147+0800][20.002s][info][gc          ] GC(189) Pause Young (Concurrent Start) (G1 Evacuation Pause) 213M->131M(256M) 2.297ms
[2026-09-03T12:41:06.147+0800][20.002s][info][gc,cpu      ] GC(189) User=0.01s Sys=0.00s Real=0.00s
[2026-09-03T12:41:06.147+0800][20.002s][info][gc          ] GC(190) Concurrent Mark Cycle
[2026-09-03T12:41:06.147+0800][20.002s][info][gc,marking  ] GC(190) Concurrent Scan Root Regions
[2026-09-03T12:41:06.147+0800][20.002s][info][safepoint   ] Safepoint "G1CollectForAllocation", Time since last: 306762583 ns, Reaching safepoint: 2167 ns, At safepoint: 2327583 ns, Leaving safepoint: 25125 ns, Total: 2354875 ns, Threads: 0 runnable, 42 total
[2026-09-03T12:41:06.150+0800][20.004s][info][gc,marking  ] GC(190) Concurrent Scan Root Regions 2.051ms
[2026-09-03T12:41:06.150+0800][20.004s][info][gc,marking  ] GC(190) Concurrent Mark
[2026-09-03T12:41:06.150+0800][20.004s][info][gc,marking  ] GC(190) Concurrent Mark From Roots
[2026-09-03T12:41:06.150+0800][20.004s][info][gc,task     ] GC(190) Concurrent Mark Using 2 of 2 Workers
[2026-09-03T12:41:06.153+0800][20.007s][info][gc,marking  ] GC(190) Concurrent Mark From Roots 3.452ms
[2026-09-03T12:41:06.153+0800][20.007s][info][gc,marking  ] GC(190) Concurrent Preclean
[2026-09-03T12:41:06.153+0800][20.007s][info][gc,marking  ] GC(190) Concurrent Preclean 0.008ms
[2026-09-03T12:41:06.153+0800][20.007s][info][gc,start    ] GC(190) Pause Remark
[2026-09-03T12:41:06.153+0800][20.007s][info][gc          ] GC(190) Pause Remark 135M->101M(256M) 0.319ms
[2026-09-03T12:41:06.153+0800][20.007s][info][gc,cpu      ] GC(190) User=0.00s Sys=0.00s Real=0.00s
[2026-09-03T12:41:06.153+0800][20.008s][info][safepoint   ] Safepoint "G1PauseRemark", Time since last: 5555792 ns, Reaching safepoint: 20292 ns, At safepoint: 341250 ns, Leaving safepoint: 18208 ns, Total: 379750 ns, Threads: 1 runnable, 42 total
[2026-09-03T12:41:06.153+0800][20.008s][info][gc,marking  ] GC(190) Concurrent Mark 3.925ms
[2026-09-03T12:41:06.153+0800][20.008s][info][gc,marking  ] GC(190) Concurrent Rebuild Remembered Sets and Scrub Regions
[2026-09-03T12:41:06.157+0800][20.011s][info][gc,marking  ] GC(190) Concurrent Rebuild Remembered Sets and Scrub Regions 3.391ms
[2026-09-03T12:41:06.157+0800][20.011s][info][gc,start    ] GC(190) Pause Cleanup
[2026-09-03T12:41:06.157+0800][20.011s][info][gc          ] GC(190) Pause Cleanup 101M->101M(256M) 0.034ms
[2026-09-03T12:41:06.157+0800][20.011s][info][gc,cpu      ] GC(190) User=0.00s Sys=0.00s Real=0.00s
[2026-09-03T12:41:06.157+0800][20.011s][info][safepoint   ] Safepoint "G1PauseCleanup", Time since last: 3474667 ns, Reaching safepoint: 1416 ns, At safepoint: 51459 ns, Leaving safepoint: 2750 ns, Total: 55625 ns, Threads: 0 runnable, 42 total
[2026-09-03T12:41:06.157+0800][20.011s][info][gc,marking  ] GC(190) Concurrent Clear Claimed Marks
[2026-09-03T12:41:06.157+0800][20.011s][info][gc,marking  ] GC(190) Concurrent Clear Claimed Marks 0.005ms
[2026-09-03T12:41:06.157+0800][20.011s][info][gc,marking  ] GC(190) Concurrent Cleanup for Next Mark
[2026-09-03T12:41:06.157+0800][20.011s][info][gc,marking  ] GC(190) Concurrent Cleanup for Next Mark 0.089ms
[2026-09-03T12:41:06.157+0800][20.011s][info][gc          ] GC(190) Concurrent Mark Cycle 9.622ms
[2026-09-03T12:41:06.410+0800][20.264s][info][gc,start    ] GC(191) Pause Young (Prepare Mixed) (G1 Evacuation Pause)
[2026-09-03T12:41:06.410+0800][20.264s][info][gc,task     ] GC(191) Using 9 workers of 9 for evacuation
[2026-09-03T12:41:06.412+0800][20.266s][info][gc,phases   ] GC(191)   Pre Evacuate Collection Set: 0.08ms
[2026-09-03T12:41:06.412+0800][20.266s][info][gc,phases   ] GC(191)   Merge Heap Roots: 0.03ms
[2026-09-03T12:41:06.412+0800][20.266s][info][gc,phases   ] GC(191)   Evacuate Collection Set: 1.90ms
[2026-09-03T12:41:06.412+0800][20.266s][info][gc,phases   ] GC(191)   Post Evacuate Collection Set: 0.10ms
[2026-09-03T12:41:06.412+0800][20.266s][info][gc,phases   ] GC(191)   Other: 0.06ms
[2026-09-03T12:41:06.412+0800][20.266s][info][gc,heap     ] GC(191) Eden regions: 87->0(99)
[2026-09-03T12:41:06.412+0800][20.266s][info][gc,heap     ] GC(191) Survivor regions: 15->13(13)
[2026-09-03T12:41:06.412+0800][20.266s][info][gc,heap     ] GC(191) Old regions: 83->102
[2026-09-03T12:41:06.412+0800][20.266s][info][gc,heap     ] GC(191) Humongous regions: 1->1
[2026-09-03T12:41:06.412+0800][20.266s][info][gc,metaspace] GC(191) Metaspace: 1059K(1216K)->1059K(1216K) NonClass: 994K(1088K)->994K(1088K) Class: 64K(128K)->64K(128K)
[2026-09-03T12:41:06.412+0800][20.266s][info][gc          ] GC(191) Pause Young (Prepare Mixed) (G1 Evacuation Pause) 184M->114M(256M) 2.293ms
[2026-09-03T12:41:06.412+0800][20.266s][info][gc,cpu      ] GC(191) User=0.01s Sys=0.00s Real=0.00s
[2026-09-03T12:41:06.412+0800][20.266s][info][safepoint   ] Safepoint "G1CollectForAllocation", Time since last: 252929625 ns, Reaching safepoint: 2416 ns, At safepoint: 2318750 ns, Leaving safepoint: 17792 ns, Total: 2338958 ns, Threads: 0 runnable, 42 total
[2026-09-03T12:41:06.710+0800][20.564s][info][gc,start    ] GC(192) Pause Young (Mixed) (G1 Evacuation Pause)
[2026-09-03T12:41:06.710+0800][20.564s][info][gc,task     ] GC(192) Using 9 workers of 9 for evacuation
[2026-09-03T12:41:06.712+0800][20.566s][info][gc,phases   ] GC(192)   Pre Evacuate Collection Set: 0.07ms
[2026-09-03T12:41:06.712+0800][20.566s][info][gc,phases   ] GC(192)   Merge Heap Roots: 0.03ms
[2026-09-03T12:41:06.712+0800][20.566s][info][gc,phases   ] GC(192)   Evacuate Collection Set: 1.97ms
[2026-09-03T12:41:06.712+0800][20.566s][info][gc,phases   ] GC(192)   Post Evacuate Collection Set: 0.11ms
[2026-09-03T12:41:06.712+0800][20.566s][info][gc,phases   ] GC(192)   Other: 0.06ms
[2026-09-03T12:41:06.712+0800][20.566s][info][gc,heap     ] GC(192) Eden regions: 99->0(102)
[2026-09-03T12:41:06.712+0800][20.566s][info][gc,heap     ] GC(192) Survivor regions: 13->14(14)
[2026-09-03T12:41:06.712+0800][20.566s][info][gc,heap     ] GC(192) Old regions: 102->97
[2026-09-03T12:41:06.712+0800][20.566s][info][gc,heap     ] GC(192) Humongous regions: 1->1
[2026-09-03T12:41:06.712+0800][20.566s][info][gc,metaspace] GC(192) Metaspace: 1059K(1216K)->1059K(1216K) NonClass: 994K(1088K)->994K(1088K) Class: 64K(128K)->64K(128K)
[2026-09-03T12:41:06.712+0800][20.566s][info][gc          ] GC(192) Pause Young (Mixed) (G1 Evacuation Pause) 213M->110M(256M) 2.357ms
[2026-09-03T12:41:06.712+0800][20.566s][info][gc,cpu      ] GC(192) User=0.01s Sys=0.00s Real=0.00s
[2026-09-03T12:41:06.712+0800][20.566s][info][safepoint   ] Safepoint "G1CollectForAllocation", Time since last: 297462625 ns, Reaching safepoint: 2042 ns, At safepoint: 2383541 ns, Leaving safepoint: 22167 ns, Total: 2407750 ns, Threads: 0 runnable, 42 total
[2026-09-03T12:41:07.019+0800][20.873s][info][gc,start    ] GC(193) Pause Young (Concurrent Start) (G1 Evacuation Pause)
[2026-09-03T12:41:07.019+0800][20.873s][info][gc,task     ] GC(193) Using 9 workers of 9 for evacuation
[2026-09-03T12:41:07.021+0800][20.875s][info][gc,phases   ] GC(193)   Pre Evacuate Collection Set: 0.07ms
[2026-09-03T12:41:07.021+0800][20.875s][info][gc,phases   ] GC(193)   Merge Heap Roots: 0.03ms
[2026-09-03T12:41:07.021+0800][20.875s][info][gc,phases   ] GC(193)   Evacuate Collection Set: 2.01ms
[2026-09-03T12:41:07.021+0800][20.875s][info][gc,phases   ] GC(193)   Post Evacuate Collection Set: 0.10ms
[2026-09-03T12:41:07.021+0800][20.875s][info][gc,phases   ] GC(193)   Other: 0.07ms
[2026-09-03T12:41:07.021+0800][20.875s][info][gc,heap     ] GC(193) Eden regions: 102->0(87)
[2026-09-03T12:41:07.021+0800][20.875s][info][gc,heap     ] GC(193) Survivor regions: 14->15(15)
[2026-09-03T12:41:07.021+0800][20.875s][info][gc,heap     ] GC(193) Old regions: 97->116
[2026-09-03T12:41:07.021+0800][20.875s][info][gc,heap     ] GC(193) Humongous regions: 1->1
[2026-09-03T12:41:07.021+0800][20.875s][info][gc,metaspace] GC(193) Metaspace: 1059K(1216K)->1059K(1216K) NonClass: 994K(1088K)->994K(1088K) Class: 64K(128K)->64K(128K)
[2026-09-03T12:41:07.021+0800][20.875s][info][gc          ] GC(193) Pause Young (Concurrent Start) (G1 Evacuation Pause) 212M->131M(256M) 2.411ms
[2026-09-03T12:41:07.021+0800][20.875s][info][gc          ] GC(194) Concurrent Mark Cycle
[2026-09-03T12:41:07.021+0800][20.875s][info][gc,cpu      ] GC(193) User=0.01s Sys=0.01s Real=0.01s
[2026-09-03T12:41:07.021+0800][20.875s][info][gc,marking  ] GC(194) Concurrent Scan Root Regions
[2026-09-03T12:41:07.021+0800][20.875s][info][safepoint   ] Safepoint "G1CollectForAllocation", Time since last: 306696208 ns, Reaching safepoint: 2417 ns, At safepoint: 2457458 ns, Leaving safepoint: 33125 ns, Total: 2493000 ns, Threads: 0 runnable, 42 total
[2026-09-03T12:41:07.023+0800][20.877s][info][gc,marking  ] GC(194) Concurrent Scan Root Regions 2.068ms
[2026-09-03T12:41:07.023+0800][20.877s][info][gc,marking  ] GC(194) Concurrent Mark
[2026-09-03T12:41:07.023+0800][20.877s][info][gc,marking  ] GC(194) Concurrent Mark From Roots
[2026-09-03T12:41:07.023+0800][20.877s][info][gc,task     ] GC(194) Concurrent Mark Using 2 of 2 Workers
[2026-09-03T12:41:07.026+0800][20.881s][info][gc,marking  ] GC(194) Concurrent Mark From Roots 3.117ms
[2026-09-03T12:41:07.026+0800][20.881s][info][gc,marking  ] GC(194) Concurrent Preclean
[2026-09-03T12:41:07.026+0800][20.881s][info][gc,marking  ] GC(194) Concurrent Preclean 0.009ms
[2026-09-03T12:41:07.026+0800][20.881s][info][gc,start    ] GC(194) Pause Remark
[2026-09-03T12:41:07.027+0800][20.881s][info][gc          ] GC(194) Pause Remark 134M->97M(256M) 0.283ms
[2026-09-03T12:41:07.027+0800][20.881s][info][gc,cpu      ] GC(194) User=0.00s Sys=0.00s Real=0.00s
[2026-09-03T12:41:07.027+0800][20.881s][info][safepoint   ] Safepoint "G1PauseRemark", Time since last: 5203792 ns, Reaching safepoint: 2083 ns, At safepoint: 306959 ns, Leaving safepoint: 23083 ns, Total: 332125 ns, Threads: 0 runnable, 42 total
[2026-09-03T12:41:07.027+0800][20.881s][info][gc,marking  ] GC(194) Concurrent Mark 3.541ms
[2026-09-03T12:41:07.027+0800][20.881s][info][gc,marking  ] GC(194) Concurrent Rebuild Remembered Sets and Scrub Regions
[2026-09-03T12:41:07.031+0800][20.885s][info][gc,marking  ] GC(194) Concurrent Rebuild Remembered Sets and Scrub Regions 3.741ms
[2026-09-03T12:41:07.031+0800][20.885s][info][gc,start    ] GC(194) Pause Cleanup
[2026-09-03T12:41:07.031+0800][20.885s][info][gc          ] GC(194) Pause Cleanup 98M->98M(256M) 0.035ms
[2026-09-03T12:41:07.031+0800][20.885s][info][gc,cpu      ] GC(194) User=0.00s Sys=0.00s Real=0.00s
[2026-09-03T12:41:07.031+0800][20.885s][info][safepoint   ] Safepoint "G1PauseCleanup", Time since last: 3828333 ns, Reaching safepoint: 1792 ns, At safepoint: 53833 ns, Leaving safepoint: 3667 ns, Total: 59292 ns, Threads: 0 runnable, 42 total
[2026-09-03T12:41:07.031+0800][20.885s][info][gc,marking  ] GC(194) Concurrent Clear Claimed Marks
[2026-09-03T12:41:07.031+0800][20.885s][info][gc,marking  ] GC(194) Concurrent Clear Claimed Marks 0.006ms
[2026-09-03T12:41:07.031+0800][20.885s][info][gc,marking  ] GC(194) Concurrent Cleanup for Next Mark
[2026-09-03T12:41:07.031+0800][20.885s][info][gc,marking  ] GC(194) Concurrent Cleanup for Next Mark 0.125ms
[2026-09-03T12:41:07.031+0800][20.885s][info][gc          ] GC(194) Concurrent Mark Cycle 9.638ms
[2026-09-03T12:41:07.284+0800][21.138s][info][gc,start    ] GC(195) Pause Young (Prepare Mixed) (G1 Evacuation Pause)
[2026-09-03T12:41:07.284+0800][21.138s][info][gc,task     ] GC(195) Using 9 workers of 9 for evacuation
[2026-09-03T12:41:07.286+0800][21.140s][info][gc,phases   ] GC(195)   Pre Evacuate Collection Set: 0.05ms
[2026-09-03T12:41:07.286+0800][21.140s][info][gc,phases   ] GC(195)   Merge Heap Roots: 0.04ms
[2026-09-03T12:41:07.286+0800][21.140s][info][gc,phases   ] GC(195)   Evacuate Collection Set: 1.80ms
[2026-09-03T12:41:07.286+0800][21.140s][info][gc,phases   ] GC(195)   Post Evacuate Collection Set: 0.09ms
[2026-09-03T12:41:07.286+0800][21.140s][info][gc,phases   ] GC(195)   Other: 0.06ms
[2026-09-03T12:41:07.286+0800][21.140s][info][gc,heap     ] GC(195) Eden regions: 87->0(101)
[2026-09-03T12:41:07.286+0800][21.140s][info][gc,heap     ] GC(195) Survivor regions: 15->13(13)
[2026-09-03T12:41:07.286+0800][21.140s][info][gc,heap     ] GC(195) Old regions: 79->99
[2026-09-03T12:41:07.286+0800][21.140s][info][gc,heap     ] GC(195) Humongous regions: 1->1
[2026-09-03T12:41:07.286+0800][21.140s][info][gc,metaspace] GC(195) Metaspace: 1059K(1216K)->1059K(1216K) NonClass: 994K(1088K)->994K(1088K) Class: 64K(128K)->64K(128K)
[2026-09-03T12:41:07.286+0800][21.140s][info][gc          ] GC(195) Pause Young (Prepare Mixed) (G1 Evacuation Pause) 181M->112M(256M) 2.156ms
[2026-09-03T12:41:07.286+0800][21.140s][info][gc,cpu      ] GC(195) User=0.02s Sys=0.00s Real=0.00s
[2026-09-03T12:41:07.286+0800][21.140s][info][safepoint   ] Safepoint "G1CollectForAllocation", Time since last: 252816958 ns, Reaching safepoint: 2209 ns, At safepoint: 2182041 ns, Leaving safepoint: 54125 ns, Total: 2238375 ns, Threads: 0 runnable, 42 total
[2026-09-03T12:41:07.589+0800][21.443s][info][gc,start    ] GC(196) Pause Young (Mixed) (G1 Evacuation Pause)
[2026-09-03T12:41:07.589+0800][21.443s][info][gc,task     ] GC(196) Using 9 workers of 9 for evacuation
[2026-09-03T12:41:07.591+0800][21.445s][info][gc,phases   ] GC(196)   Pre Evacuate Collection Set: 0.07ms
[2026-09-03T12:41:07.591+0800][21.445s][info][gc,phases   ] GC(196)   Merge Heap Roots: 0.03ms
[2026-09-03T12:41:07.591+0800][21.445s][info][gc,phases   ] GC(196)   Evacuate Collection Set: 1.88ms
[2026-09-03T12:41:07.591+0800][21.445s][info][gc,phases   ] GC(196)   Post Evacuate Collection Set: 0.09ms
[2026-09-03T12:41:07.591+0800][21.445s][info][gc,phases   ] GC(196)   Other: 0.06ms
[2026-09-03T12:41:07.591+0800][21.446s][info][gc,heap     ] GC(196) Eden regions: 101->0(102)
[2026-09-03T12:41:07.591+0800][21.446s][info][gc,heap     ] GC(196) Survivor regions: 13->15(15)
[2026-09-03T12:41:07.591+0800][21.446s][info][gc,heap     ] GC(196) Old regions: 99->96
[2026-09-03T12:41:07.591+0800][21.446s][info][gc,heap     ] GC(196) Humongous regions: 1->1
[2026-09-03T12:41:07.591+0800][21.446s][info][gc,metaspace] GC(196) Metaspace: 1059K(1216K)->1059K(1216K) NonClass: 994K(1088K)->994K(1088K) Class: 64K(128K)->64K(128K)
[2026-09-03T12:41:07.591+0800][21.446s][info][gc          ] GC(196) Pause Young (Mixed) (G1 Evacuation Pause) 213M->110M(256M) 2.246ms
[2026-09-03T12:41:07.591+0800][21.446s][info][gc,cpu      ] GC(196) User=0.02s Sys=0.00s Real=0.01s
[2026-09-03T12:41:07.591+0800][21.446s][info][safepoint   ] Safepoint "G1CollectForAllocation", Time since last: 303407625 ns, Reaching safepoint: 20584 ns, At safepoint: 2273500 ns, Leaving safepoint: 24916 ns, Total: 2319000 ns, Threads: 1 runnable, 42 total
[2026-09-03T12:41:07.900+0800][21.754s][info][gc,start    ] GC(197) Pause Young (Concurrent Start) (G1 Evacuation Pause)
[2026-09-03T12:41:07.900+0800][21.754s][info][gc,task     ] GC(197) Using 9 workers of 9 for evacuation
[2026-09-03T12:41:07.902+0800][21.756s][info][gc,phases   ] GC(197)   Pre Evacuate Collection Set: 0.05ms
[2026-09-03T12:41:07.902+0800][21.757s][info][gc,phases   ] GC(197)   Merge Heap Roots: 0.02ms
[2026-09-03T12:41:07.902+0800][21.757s][info][gc,phases   ] GC(197)   Evacuate Collection Set: 2.19ms
[2026-09-03T12:41:07.902+0800][21.757s][info][gc,phases   ] GC(197)   Post Evacuate Collection Set: 0.08ms
[2026-09-03T12:41:07.902+0800][21.757s][info][gc,phases   ] GC(197)   Other: 0.06ms
[2026-09-03T12:41:07.902+0800][21.757s][info][gc,heap     ] GC(197) Eden regions: 102->0(87)
[2026-09-03T12:41:07.902+0800][21.757s][info][gc,heap     ] GC(197) Survivor regions: 15->15(15)
[2026-09-03T12:41:07.902+0800][21.757s][info][gc,heap     ] GC(197) Old regions: 96->117
[2026-09-03T12:41:07.902+0800][21.757s][info][gc,heap     ] GC(197) Humongous regions: 1->1
[2026-09-03T12:41:07.902+0800][21.757s][info][gc,metaspace] GC(197) Metaspace: 1059K(1216K)->1059K(1216K) NonClass: 994K(1088K)->994K(1088K) Class: 64K(128K)->64K(128K)
[2026-09-03T12:41:07.902+0800][21.757s][info][gc          ] GC(197) Pause Young (Concurrent Start) (G1 Evacuation Pause) 212M->131M(256M) 2.524ms
[2026-09-03T12:41:07.902+0800][21.757s][info][gc,cpu      ] GC(197) User=0.02s Sys=0.00s Real=0.00s
[2026-09-03T12:41:07.902+0800][21.757s][info][gc          ] GC(198) Concurrent Mark Cycle
[2026-09-03T12:41:07.902+0800][21.757s][info][gc,marking  ] GC(198) Concurrent Scan Root Regions
[2026-09-03T12:41:07.903+0800][21.757s][info][safepoint   ] Safepoint "G1CollectForAllocation", Time since last: 308453500 ns, Reaching safepoint: 2542 ns, At safepoint: 2556250 ns, Leaving safepoint: 17333 ns, Total: 2576125 ns, Threads: 0 runnable, 42 total
[2026-09-03T12:41:07.905+0800][21.759s][info][gc,marking  ] GC(198) Concurrent Scan Root Regions 2.630ms
[2026-09-03T12:41:07.905+0800][21.759s][info][gc,marking  ] GC(198) Concurrent Mark
[2026-09-03T12:41:07.905+0800][21.759s][info][gc,marking  ] GC(198) Concurrent Mark From Roots
[2026-09-03T12:41:07.905+0800][21.759s][info][gc,task     ] GC(198) Concurrent Mark Using 2 of 2 Workers
[2026-09-03T12:41:07.909+0800][21.763s][info][gc,marking  ] GC(198) Concurrent Mark From Roots 3.625ms
[2026-09-03T12:41:07.909+0800][21.763s][info][gc,marking  ] GC(198) Concurrent Preclean
[2026-09-03T12:41:07.909+0800][21.763s][info][gc,marking  ] GC(198) Concurrent Preclean 0.009ms
[2026-09-03T12:41:07.909+0800][21.763s][info][gc,start    ] GC(198) Pause Remark
[2026-09-03T12:41:07.909+0800][21.763s][info][gc          ] GC(198) Pause Remark 135M->104M(256M) 0.292ms
[2026-09-03T12:41:07.909+0800][21.763s][info][gc,cpu      ] GC(198) User=0.00s Sys=0.00s Real=0.00s
[2026-09-03T12:41:07.909+0800][21.763s][info][safepoint   ] Safepoint "G1PauseRemark", Time since last: 6339334 ns, Reaching safepoint: 2625 ns, At safepoint: 317791 ns, Leaving safepoint: 25334 ns, Total: 345750 ns, Threads: 0 runnable, 42 total
[2026-09-03T12:41:07.909+0800][21.763s][info][gc,marking  ] GC(198) Concurrent Mark 4.069ms
[2026-09-03T12:41:07.909+0800][21.763s][info][gc,marking  ] GC(198) Concurrent Rebuild Remembered Sets and Scrub Regions
[2026-09-03T12:41:07.914+0800][21.768s][info][gc,marking  ] GC(198) Concurrent Rebuild Remembered Sets and Scrub Regions 4.405ms
[2026-09-03T12:41:07.914+0800][21.768s][info][gc,start    ] GC(198) Pause Cleanup
[2026-09-03T12:41:07.914+0800][21.768s][info][gc          ] GC(198) Pause Cleanup 106M->106M(256M) 0.071ms
[2026-09-03T12:41:07.914+0800][21.768s][info][gc,cpu      ] GC(198) User=0.00s Sys=0.00s Real=0.00s
[2026-09-03T12:41:07.914+0800][21.768s][info][safepoint   ] Safepoint "G1PauseCleanup", Time since last: 4553041 ns, Reaching safepoint: 2084 ns, At safepoint: 91458 ns, Leaving safepoint: 9500 ns, Total: 103042 ns, Threads: 0 runnable, 42 total
[2026-09-03T12:41:07.914+0800][21.768s][info][gc,marking  ] GC(198) Concurrent Clear Claimed Marks
[2026-09-03T12:41:07.914+0800][21.768s][info][gc,marking  ] GC(198) Concurrent Clear Claimed Marks 0.009ms
[2026-09-03T12:41:07.914+0800][21.768s][info][gc,marking  ] GC(198) Concurrent Cleanup for Next Mark
[2026-09-03T12:41:07.914+0800][21.768s][info][gc,marking  ] GC(198) Concurrent Cleanup for Next Mark 0.149ms
[2026-09-03T12:41:07.914+0800][21.768s][info][gc          ] GC(198) Concurrent Mark Cycle 11.614ms
[2026-09-03T12:41:08.166+0800][22.020s][info][gc,start    ] GC(199) Pause Young (Prepare Mixed) (G1 Evacuation Pause)
[2026-09-03T12:41:08.166+0800][22.020s][info][gc,task     ] GC(199) Using 9 workers of 9 for evacuation
[2026-09-03T12:41:08.168+0800][22.022s][info][gc,phases   ] GC(199)   Pre Evacuate Collection Set: 0.06ms
[2026-09-03T12:41:08.168+0800][22.022s][info][gc,phases   ] GC(199)   Merge Heap Roots: 0.02ms
[2026-09-03T12:41:08.168+0800][22.022s][info][gc,phases   ] GC(199)   Evacuate Collection Set: 1.86ms
[2026-09-03T12:41:08.168+0800][22.022s][info][gc,phases   ] GC(199)   Post Evacuate Collection Set: 0.11ms
[2026-09-03T12:41:08.168+0800][22.022s][info][gc,phases   ] GC(199)   Other: 0.06ms
[2026-09-03T12:41:08.168+0800][22.022s][info][gc,heap     ] GC(199) Eden regions: 87->0(96)
[2026-09-03T12:41:08.168+0800][22.022s][info][gc,heap     ] GC(199) Survivor regions: 15->13(13)
[2026-09-03T12:41:08.168+0800][22.022s][info][gc,heap     ] GC(199) Old regions: 86->106
[2026-09-03T12:41:08.168+0800][22.022s][info][gc,heap     ] GC(199) Humongous regions: 1->1
[2026-09-03T12:41:08.168+0800][22.022s][info][gc,metaspace] GC(199) Metaspace: 1059K(1216K)->1059K(1216K) NonClass: 994K(1088K)->994K(1088K) Class: 64K(128K)->64K(128K)
[2026-09-03T12:41:08.168+0800][22.022s][info][gc          ] GC(199) Pause Young (Prepare Mixed) (G1 Evacuation Pause) 187M->119M(256M) 2.254ms
[2026-09-03T12:41:08.168+0800][22.022s][info][gc,cpu      ] GC(199) User=0.01s Sys=0.01s Real=0.00s
[2026-09-03T12:41:08.168+0800][22.022s][info][safepoint   ] Safepoint "G1CollectForAllocation", Time since last: 251979625 ns, Reaching safepoint: 2417 ns, At safepoint: 2278000 ns, Leaving safepoint: 75250 ns, Total: 2355667 ns, Threads: 0 runnable, 42 total
[2026-09-03T12:41:08.456+0800][22.310s][info][gc,start    ] GC(200) Pause Young (Mixed) (G1 Evacuation Pause)
[2026-09-03T12:41:08.456+0800][22.311s][info][gc,task     ] GC(200) Using 9 workers of 9 for evacuation
[2026-09-03T12:41:08.459+0800][22.313s][info][gc,phases   ] GC(200)   Pre Evacuate Collection Set: 0.05ms
[2026-09-03T12:41:08.459+0800][22.313s][info][gc,phases   ] GC(200)   Merge Heap Roots: 0.04ms
[2026-09-03T12:41:08.459+0800][22.313s][info][gc,phases   ] GC(200)   Evacuate Collection Set: 1.86ms
[2026-09-03T12:41:08.459+0800][22.313s][info][gc,phases   ] GC(200)   Post Evacuate Collection Set: 0.11ms
[2026-09-03T12:41:08.459+0800][22.313s][info][gc,phases   ] GC(200)   Other: 0.06ms
[2026-09-03T12:41:08.459+0800][22.313s][info][gc,heap     ] GC(200) Eden regions: 96->0(102)
[2026-09-03T12:41:08.459+0800][22.313s][info][gc,heap     ] GC(200) Survivor regions: 13->14(14)
[2026-09-03T12:41:08.459+0800][22.313s][info][gc,heap     ] GC(200) Old regions: 106->97
[2026-09-03T12:41:08.459+0800][22.313s][info][gc,heap     ] GC(200) Humongous regions: 1->1
[2026-09-03T12:41:08.459+0800][22.313s][info][gc,metaspace] GC(200) Metaspace: 1059K(1216K)->1059K(1216K) NonClass: 994K(1088K)->994K(1088K) Class: 64K(128K)->64K(128K)
[2026-09-03T12:41:08.459+0800][22.313s][info][gc          ] GC(200) Pause Young (Mixed) (G1 Evacuation Pause) 215M->111M(256M) 2.259ms
[2026-09-03T12:41:08.459+0800][22.313s][info][gc,cpu      ] GC(200) User=0.01s Sys=0.00s Real=0.00s
[2026-09-03T12:41:08.459+0800][22.313s][info][safepoint   ] Safepoint "G1CollectForAllocation", Time since last: 288175250 ns, Reaching safepoint: 2458 ns, At safepoint: 2284833 ns, Leaving safepoint: 42167 ns, Total: 2329458 ns, Threads: 0 runnable, 42 total
[2026-09-03T12:41:08.769+0800][22.623s][info][gc,start    ] GC(201) Pause Young (Mixed) (G1 Evacuation Pause)
[2026-09-03T12:41:08.769+0800][22.623s][info][gc,task     ] GC(201) Using 9 workers of 9 for evacuation
[2026-09-03T12:41:08.771+0800][22.626s][info][gc,phases   ] GC(201)   Pre Evacuate Collection Set: 0.05ms
[2026-09-03T12:41:08.772+0800][22.626s][info][gc,phases   ] GC(201)   Merge Heap Roots: 0.02ms
[2026-09-03T12:41:08.772+0800][22.626s][info][gc,phases   ] GC(201)   Evacuate Collection Set: 2.20ms
[2026-09-03T12:41:08.772+0800][22.626s][info][gc,phases   ] GC(201)   Post Evacuate Collection Set: 0.09ms
[2026-09-03T12:41:08.772+0800][22.626s][info][gc,phases   ] GC(201)   Other: 0.06ms
[2026-09-03T12:41:08.772+0800][22.626s][info][gc,heap     ] GC(201) Eden regions: 102->0(87)
[2026-09-03T12:41:08.772+0800][22.626s][info][gc,heap     ] GC(201) Survivor regions: 14->15(15)
[2026-09-03T12:41:08.772+0800][22.626s][info][gc,heap     ] GC(201) Old regions: 97->116
[2026-09-03T12:41:08.772+0800][22.626s][info][gc,heap     ] GC(201) Humongous regions: 1->1
[2026-09-03T12:41:08.772+0800][22.626s][info][gc,metaspace] GC(201) Metaspace: 1059K(1216K)->1059K(1216K) NonClass: 994K(1088K)->994K(1088K) Class: 64K(128K)->64K(128K)
[2026-09-03T12:41:08.772+0800][22.626s][info][gc          ] GC(201) Pause Young (Mixed) (G1 Evacuation Pause) 213M->130M(256M) 2.539ms
[2026-09-03T12:41:08.772+0800][22.626s][info][gc,cpu      ] GC(201) User=0.01s Sys=0.00s Real=0.01s
[2026-09-03T12:41:08.772+0800][22.626s][info][safepoint   ] Safepoint "G1CollectForAllocation", Time since last: 310345708 ns, Reaching safepoint: 2459 ns, At safepoint: 2563375 ns, Leaving safepoint: 25333 ns, Total: 2591167 ns, Threads: 0 runnable, 42 total
[2026-09-03T12:41:09.032+0800][22.886s][info][gc,start    ] GC(202) Pause Young (Concurrent Start) (G1 Evacuation Pause)
[2026-09-03T12:41:09.032+0800][22.886s][info][gc,task     ] GC(202) Using 9 workers of 9 for evacuation
[2026-09-03T12:41:09.034+0800][22.888s][info][gc,phases   ] GC(202)   Pre Evacuate Collection Set: 0.08ms
[2026-09-03T12:41:09.034+0800][22.888s][info][gc,phases   ] GC(202)   Merge Heap Roots: 0.04ms
[2026-09-03T12:41:09.034+0800][22.888s][info][gc,phases   ] GC(202)   Evacuate Collection Set: 1.76ms
[2026-09-03T12:41:09.034+0800][22.888s][info][gc,phases   ] GC(202)   Post Evacuate Collection Set: 0.08ms
[2026-09-03T12:41:09.034+0800][22.888s][info][gc,phases   ] GC(202)   Other: 0.06ms
[2026-09-03T12:41:09.034+0800][22.888s][info][gc,heap     ] GC(202) Eden regions: 87->0(75)
[2026-09-03T12:41:09.034+0800][22.888s][info][gc,heap     ] GC(202) Survivor regions: 15->13(13)
[2026-09-03T12:41:09.034+0800][22.888s][info][gc,heap     ] GC(202) Old regions: 116->136
[2026-09-03T12:41:09.034+0800][22.888s][info][gc,heap     ] GC(202) Humongous regions: 1->1
[2026-09-03T12:41:09.034+0800][22.888s][info][gc,metaspace] GC(202) Metaspace: 1059K(1216K)->1059K(1216K) NonClass: 994K(1088K)->994K(1088K) Class: 64K(128K)->64K(128K)
[2026-09-03T12:41:09.034+0800][22.888s][info][gc          ] GC(202) Pause Young (Concurrent Start) (G1 Evacuation Pause) 217M->148M(256M) 2.139ms
[2026-09-03T12:41:09.034+0800][22.888s][info][gc,cpu      ] GC(202) User=0.02s Sys=0.00s Real=0.00s
[2026-09-03T12:41:09.034+0800][22.888s][info][gc          ] GC(203) Concurrent Mark Cycle
[2026-09-03T12:41:09.034+0800][22.888s][info][gc,marking  ] GC(203) Concurrent Scan Root Regions
[2026-09-03T12:41:09.034+0800][22.888s][info][safepoint   ] Safepoint "G1CollectForAllocation", Time since last: 260454167 ns, Reaching safepoint: 2750 ns, At safepoint: 2168708 ns, Leaving safepoint: 19167 ns, Total: 2190625 ns, Threads: 0 runnable, 42 total
[2026-09-03T12:41:09.036+0800][22.890s][info][gc,marking  ] GC(203) Concurrent Scan Root Regions 2.003ms
[2026-09-03T12:41:09.036+0800][22.890s][info][gc,marking  ] GC(203) Concurrent Mark
[2026-09-03T12:41:09.036+0800][22.890s][info][gc,marking  ] GC(203) Concurrent Mark From Roots
[2026-09-03T12:41:09.036+0800][22.890s][info][gc,task     ] GC(203) Concurrent Mark Using 2 of 2 Workers
[2026-09-03T12:41:09.040+0800][22.894s][info][gc,marking  ] GC(203) Concurrent Mark From Roots 3.927ms
[2026-09-03T12:41:09.040+0800][22.894s][info][gc,marking  ] GC(203) Concurrent Preclean
[2026-09-03T12:41:09.040+0800][22.894s][info][gc,marking  ] GC(203) Concurrent Preclean 0.007ms
[2026-09-03T12:41:09.040+0800][22.894s][info][gc,start    ] GC(203) Pause Remark
[2026-09-03T12:41:09.041+0800][22.895s][info][gc          ] GC(203) Pause Remark 152M->108M(256M) 0.322ms
[2026-09-03T12:41:09.041+0800][22.895s][info][gc,cpu      ] GC(203) User=0.00s Sys=0.00s Real=0.00s
[2026-09-03T12:41:09.041+0800][22.895s][info][safepoint   ] Safepoint "G1PauseRemark", Time since last: 5984250 ns, Reaching safepoint: 33083 ns, At safepoint: 340667 ns, Leaving safepoint: 15000 ns, Total: 388750 ns, Threads: 2 runnable, 42 total
[2026-09-03T12:41:09.041+0800][22.895s][info][gc,marking  ] GC(203) Concurrent Mark 4.394ms
[2026-09-03T12:41:09.041+0800][22.895s][info][gc,marking  ] GC(203) Concurrent Rebuild Remembered Sets and Scrub Regions
[2026-09-03T12:41:09.044+0800][22.898s][info][gc,marking  ] GC(203) Concurrent Rebuild Remembered Sets and Scrub Regions 2.968ms
[2026-09-03T12:41:09.044+0800][22.898s][info][gc,start    ] GC(203) Pause Cleanup
[2026-09-03T12:41:09.044+0800][22.898s][info][gc          ] GC(203) Pause Cleanup 109M->109M(256M) 0.032ms
[2026-09-03T12:41:09.044+0800][22.898s][info][gc,cpu      ] GC(203) User=0.00s Sys=0.00s Real=0.00s
[2026-09-03T12:41:09.044+0800][22.898s][info][safepoint   ] Safepoint "G1PauseCleanup", Time since last: 3029583 ns, Reaching safepoint: 1917 ns, At safepoint: 54125 ns, Leaving safepoint: 250 ns, Total: 56292 ns, Threads: 0 runnable, 42 total
[2026-09-03T12:41:09.044+0800][22.898s][info][gc,marking  ] GC(203) Concurrent Clear Claimed Marks
[2026-09-03T12:41:09.044+0800][22.898s][info][gc,marking  ] GC(203) Concurrent Clear Claimed Marks 0.007ms
[2026-09-03T12:41:09.044+0800][22.898s][info][gc,marking  ] GC(203) Concurrent Cleanup for Next Mark
[2026-09-03T12:41:09.044+0800][22.898s][info][gc,marking  ] GC(203) Concurrent Cleanup for Next Mark 0.099ms
[2026-09-03T12:41:09.044+0800][22.898s][info][gc          ] GC(203) Concurrent Mark Cycle 9.614ms
[2026-09-03T12:41:09.258+0800][23.112s][info][gc,start    ] GC(204) Pause Young (Prepare Mixed) (G1 Evacuation Pause)
[2026-09-03T12:41:09.258+0800][23.112s][info][gc,task     ] GC(204) Using 9 workers of 9 for evacuation
[2026-09-03T12:41:09.260+0800][23.114s][info][gc,phases   ] GC(204)   Pre Evacuate Collection Set: 0.06ms
[2026-09-03T12:41:09.260+0800][23.114s][info][gc,phases   ] GC(204)   Merge Heap Roots: 0.01ms
[2026-09-03T12:41:09.260+0800][23.114s][info][gc,phases   ] GC(204)   Evacuate Collection Set: 1.64ms
[2026-09-03T12:41:09.260+0800][23.114s][info][gc,phases   ] GC(204)   Post Evacuate Collection Set: 0.09ms
[2026-09-03T12:41:09.260+0800][23.114s][info][gc,phases   ] GC(204)   Other: 0.06ms
[2026-09-03T12:41:09.260+0800][23.114s][info][gc,heap     ] GC(204) Eden regions: 75->0(95)
[2026-09-03T12:41:09.260+0800][23.114s][info][gc,heap     ] GC(204) Survivor regions: 13->11(11)
[2026-09-03T12:41:09.260+0800][23.114s][info][gc,heap     ] GC(204) Old regions: 92->109
[2026-09-03T12:41:09.260+0800][23.114s][info][gc,heap     ] GC(204) Humongous regions: 1->1
[2026-09-03T12:41:09.260+0800][23.114s][info][gc,metaspace] GC(204) Metaspace: 1059K(1216K)->1059K(1216K) NonClass: 994K(1088K)->994K(1088K) Class: 64K(128K)->64K(128K)
[2026-09-03T12:41:09.260+0800][23.114s][info][gc          ] GC(204) Pause Young (Prepare Mixed) (G1 Evacuation Pause) 179M->120M(256M) 1.959ms
[2026-09-03T12:41:09.260+0800][23.114s][info][gc,cpu      ] GC(204) User=0.02s Sys=0.00s Real=0.01s
[2026-09-03T12:41:09.260+0800][23.114s][info][safepoint   ] Safepoint "G1CollectForAllocation", Time since last: 214084541 ns, Reaching safepoint: 2250 ns, At safepoint: 1981792 ns, Leaving safepoint: 40958 ns, Total: 2025000 ns, Threads: 0 runnable, 42 total
[2026-09-03T12:41:09.544+0800][23.398s][info][gc,start    ] GC(205) Pause Young (Mixed) (G1 Evacuation Pause)
[2026-09-03T12:41:09.544+0800][23.399s][info][gc,task     ] GC(205) Using 9 workers of 9 for evacuation
[2026-09-03T12:41:09.547+0800][23.401s][info][gc,phases   ] GC(205)   Pre Evacuate Collection Set: 0.07ms
[2026-09-03T12:41:09.547+0800][23.401s][info][gc,phases   ] GC(205)   Merge Heap Roots: 0.03ms
[2026-09-03T12:41:09.547+0800][23.401s][info][gc,phases   ] GC(205)   Evacuate Collection Set: 1.97ms
[2026-09-03T12:41:09.547+0800][23.401s][info][gc,phases   ] GC(205)   Post Evacuate Collection Set: 0.12ms
[2026-09-03T12:41:09.547+0800][23.401s][info][gc,phases   ] GC(205)   Other: 0.05ms
[2026-09-03T12:41:09.547+0800][23.401s][info][gc,heap     ] GC(205) Eden regions: 95->0(102)
[2026-09-03T12:41:09.547+0800][23.401s][info][gc,heap     ] GC(205) Survivor regions: 11->14(14)
[2026-09-03T12:41:09.547+0800][23.401s][info][gc,heap     ] GC(205) Old regions: 109->96
[2026-09-03T12:41:09.547+0800][23.401s][info][gc,heap     ] GC(205) Humongous regions: 1->1
[2026-09-03T12:41:09.547+0800][23.401s][info][gc,metaspace] GC(205) Metaspace: 1059K(1216K)->1059K(1216K) NonClass: 994K(1088K)->994K(1088K) Class: 64K(128K)->64K(128K)
[2026-09-03T12:41:09.547+0800][23.401s][info][gc          ] GC(205) Pause Young (Mixed) (G1 Evacuation Pause) 215M->110M(256M) 2.344ms
[2026-09-03T12:41:09.547+0800][23.401s][info][gc,cpu      ] GC(205) User=0.01s Sys=0.00s Real=0.00s
[2026-09-03T12:41:09.547+0800][23.401s][info][safepoint   ] Safepoint "G1CollectForAllocation", Time since last: 284544292 ns, Reaching safepoint: 2375 ns, At safepoint: 2366917 ns, Leaving safepoint: 29875 ns, Total: 2399167 ns, Threads: 0 runnable, 42 total
[2026-09-03T12:41:09.857+0800][23.711s][info][gc,start    ] GC(206) Pause Young (Mixed) (G1 Evacuation Pause)
[2026-09-03T12:41:09.857+0800][23.711s][info][gc,task     ] GC(206) Using 9 workers of 9 for evacuation
[2026-09-03T12:41:09.859+0800][23.713s][info][gc,phases   ] GC(206)   Pre Evacuate Collection Set: 0.06ms
[2026-09-03T12:41:09.859+0800][23.713s][info][gc,phases   ] GC(206)   Merge Heap Roots: 0.04ms
[2026-09-03T12:41:09.859+0800][23.713s][info][gc,phases   ] GC(206)   Evacuate Collection Set: 1.95ms
[2026-09-03T12:41:09.859+0800][23.713s][info][gc,phases   ] GC(206)   Post Evacuate Collection Set: 0.10ms
[2026-09-03T12:41:09.859+0800][23.713s][info][gc,phases   ] GC(206)   Other: 0.06ms
[2026-09-03T12:41:09.859+0800][23.713s][info][gc,heap     ] GC(206) Eden regions: 102->0(89)
[2026-09-03T12:41:09.859+0800][23.713s][info][gc,heap     ] GC(206) Survivor regions: 14->15(15)
[2026-09-03T12:41:09.859+0800][23.713s][info][gc,heap     ] GC(206) Old regions: 96->113
[2026-09-03T12:41:09.859+0800][23.713s][info][gc,heap     ] GC(206) Humongous regions: 1->1
[2026-09-03T12:41:09.859+0800][23.713s][info][gc,metaspace] GC(206) Metaspace: 1059K(1216K)->1059K(1216K) NonClass: 994K(1088K)->994K(1088K) Class: 64K(128K)->64K(128K)
[2026-09-03T12:41:09.859+0800][23.713s][info][gc          ] GC(206) Pause Young (Mixed) (G1 Evacuation Pause) 212M->127M(256M) 2.307ms
[2026-09-03T12:41:09.859+0800][23.713s][info][gc,cpu      ] GC(206) User=0.01s Sys=0.00s Real=0.00s
[2026-09-03T12:41:09.859+0800][23.713s][info][safepoint   ] Safepoint "G1CollectForAllocation", Time since last: 310143708 ns, Reaching safepoint: 2500 ns, At safepoint: 2330875 ns, Leaving safepoint: 46000 ns, Total: 2379375 ns, Threads: 0 runnable, 42 total
[2026-09-03T12:41:10.127+0800][23.981s][info][gc,start    ] GC(207) Pause Young (Concurrent Start) (G1 Evacuation Pause)
[2026-09-03T12:41:10.127+0800][23.981s][info][gc,task     ] GC(207) Using 9 workers of 9 for evacuation
[2026-09-03T12:41:10.129+0800][23.983s][info][gc,phases   ] GC(207)   Pre Evacuate Collection Set: 0.06ms
[2026-09-03T12:41:10.129+0800][23.983s][info][gc,phases   ] GC(207)   Merge Heap Roots: 0.03ms
[2026-09-03T12:41:10.129+0800][23.983s][info][gc,phases   ] GC(207)   Evacuate Collection Set: 1.92ms
[2026-09-03T12:41:10.129+0800][23.983s][info][gc,phases   ] GC(207)   Post Evacuate Collection Set: 0.09ms
[2026-09-03T12:41:10.129+0800][23.983s][info][gc,phases   ] GC(207)   Other: 0.06ms
[2026-09-03T12:41:10.129+0800][23.983s][info][gc,heap     ] GC(207) Eden regions: 89->0(77)
[2026-09-03T12:41:10.129+0800][23.983s][info][gc,heap     ] GC(207) Survivor regions: 15->13(13)
[2026-09-03T12:41:10.129+0800][23.983s][info][gc,heap     ] GC(207) Old regions: 113->133
[2026-09-03T12:41:10.129+0800][23.984s][info][gc,heap     ] GC(207) Humongous regions: 1->1
[2026-09-03T12:41:10.129+0800][23.984s][info][gc,metaspace] GC(207) Metaspace: 1059K(1216K)->1059K(1216K) NonClass: 994K(1088K)->994K(1088K) Class: 64K(128K)->64K(128K)
[2026-09-03T12:41:10.129+0800][23.984s][info][gc          ] GC(207) Pause Young (Concurrent Start) (G1 Evacuation Pause) 216M->146M(256M) 2.279ms
[2026-09-03T12:41:10.129+0800][23.984s][info][gc,cpu      ] GC(207) User=0.01s Sys=0.00s Real=0.00s
[2026-09-03T12:41:10.129+0800][23.984s][info][gc          ] GC(208) Concurrent Mark Cycle
[2026-09-03T12:41:10.129+0800][23.984s][info][gc,marking  ] GC(208) Concurrent Scan Root Regions
[2026-09-03T12:41:10.129+0800][23.984s][info][safepoint   ] Safepoint "G1CollectForAllocation", Time since last: 267824583 ns, Reaching safepoint: 3250 ns, At safepoint: 2307417 ns, Leaving safepoint: 27292 ns, Total: 2337959 ns, Threads: 0 runnable, 42 total
[2026-09-03T12:41:10.131+0800][23.986s][info][gc,marking  ] GC(208) Concurrent Scan Root Regions 1.992ms
[2026-09-03T12:41:10.131+0800][23.986s][info][gc,marking  ] GC(208) Concurrent Mark
[2026-09-03T12:41:10.131+0800][23.986s][info][gc,marking  ] GC(208) Concurrent Mark From Roots
[2026-09-03T12:41:10.131+0800][23.986s][info][gc,task     ] GC(208) Concurrent Mark Using 2 of 2 Workers
[2026-09-03T12:41:10.135+0800][23.989s][info][gc,marking  ] GC(208) Concurrent Mark From Roots 3.866ms
[2026-09-03T12:41:10.135+0800][23.989s][info][gc,marking  ] GC(208) Concurrent Preclean
[2026-09-03T12:41:10.135+0800][23.989s][info][gc,marking  ] GC(208) Concurrent Preclean 0.011ms
[2026-09-03T12:41:10.135+0800][23.990s][info][gc,start    ] GC(208) Pause Remark
[2026-09-03T12:41:10.136+0800][23.990s][info][gc          ] GC(208) Pause Remark 149M->94M(256M) 0.468ms
[2026-09-03T12:41:10.136+0800][23.990s][info][gc,cpu      ] GC(208) User=0.00s Sys=0.00s Real=0.00s
[2026-09-03T12:41:10.136+0800][23.990s][info][safepoint   ] Safepoint "G1PauseRemark", Time since last: 5927833 ns, Reaching safepoint: 28333 ns, At safepoint: 496375 ns, Leaving safepoint: 25292 ns, Total: 550000 ns, Threads: 1 runnable, 42 total
[2026-09-03T12:41:10.136+0800][23.990s][info][gc,marking  ] GC(208) Concurrent Mark 4.574ms
[2026-09-03T12:41:10.136+0800][23.990s][info][gc,marking  ] GC(208) Concurrent Rebuild Remembered Sets and Scrub Regions
[2026-09-03T12:41:10.140+0800][23.995s][info][gc,marking  ] GC(208) Concurrent Rebuild Remembered Sets and Scrub Regions 4.362ms
[2026-09-03T12:41:10.140+0800][23.995s][info][gc,start    ] GC(208) Pause Cleanup
[2026-09-03T12:41:10.141+0800][23.995s][info][gc          ] GC(208) Pause Cleanup 96M->96M(256M) 0.040ms
[2026-09-03T12:41:10.141+0800][23.995s][info][gc,cpu      ] GC(208) User=0.00s Sys=0.00s Real=0.00s
[2026-09-03T12:41:10.141+0800][23.995s][info][safepoint   ] Safepoint "G1PauseCleanup", Time since last: 4516333 ns, Reaching safepoint: 1834 ns, At safepoint: 59125 ns, Leaving safepoint: 2041 ns, Total: 63000 ns, Threads: 0 runnable, 42 total
[2026-09-03T12:41:10.141+0800][23.995s][info][gc,marking  ] GC(208) Concurrent Clear Claimed Marks
[2026-09-03T12:41:10.141+0800][23.995s][info][gc,marking  ] GC(208) Concurrent Clear Claimed Marks 0.008ms
[2026-09-03T12:41:10.141+0800][23.995s][info][gc,marking  ] GC(208) Concurrent Cleanup for Next Mark
[2026-09-03T12:41:10.141+0800][23.995s][info][gc,marking  ] GC(208) Concurrent Cleanup for Next Mark 0.090ms
[2026-09-03T12:41:10.141+0800][23.995s][info][gc          ] GC(208) Concurrent Mark Cycle 11.219ms
[2026-09-03T12:41:10.359+0800][24.213s][info][gc,start    ] GC(209) Pause Young (Prepare Mixed) (G1 Evacuation Pause)
[2026-09-03T12:41:10.359+0800][24.213s][info][gc,task     ] GC(209) Using 9 workers of 9 for evacuation
[2026-09-03T12:41:10.361+0800][24.215s][info][gc,phases   ] GC(209)   Pre Evacuate Collection Set: 0.04ms
[2026-09-03T12:41:10.361+0800][24.215s][info][gc,phases   ] GC(209)   Merge Heap Roots: 0.02ms
[2026-09-03T12:41:10.361+0800][24.215s][info][gc,phases   ] GC(209)   Evacuate Collection Set: 1.68ms
[2026-09-03T12:41:10.361+0800][24.215s][info][gc,phases   ] GC(209)   Post Evacuate Collection Set: 0.11ms
[2026-09-03T12:41:10.361+0800][24.215s][info][gc,phases   ] GC(209)   Other: 0.08ms
[2026-09-03T12:41:10.361+0800][24.215s][info][gc,heap     ] GC(209) Eden regions: 77->0(104)
[2026-09-03T12:41:10.361+0800][24.215s][info][gc,heap     ] GC(209) Survivor regions: 13->12(12)
[2026-09-03T12:41:10.361+0800][24.215s][info][gc,heap     ] GC(209) Old regions: 78->95
[2026-09-03T12:41:10.361+0800][24.215s][info][gc,heap     ] GC(209) Humongous regions: 1->1
[2026-09-03T12:41:10.361+0800][24.215s][info][gc,metaspace] GC(209) Metaspace: 1059K(1216K)->1059K(1216K) NonClass: 994K(1088K)->994K(1088K) Class: 64K(128K)->64K(128K)
[2026-09-03T12:41:10.361+0800][24.215s][info][gc          ] GC(209) Pause Young (Prepare Mixed) (G1 Evacuation Pause) 168M->107M(256M) 2.102ms
[2026-09-03T12:41:10.361+0800][24.216s][info][gc,cpu      ] GC(209) User=0.01s Sys=0.00s Real=0.01s
[2026-09-03T12:41:10.362+0800][24.216s][info][safepoint   ] Safepoint "G1CollectForAllocation", Time since last: 218754542 ns, Reaching safepoint: 2250 ns, At safepoint: 2217417 ns, Leaving safepoint: 86875 ns, Total: 2306542 ns, Threads: 0 runnable, 42 total
[2026-09-03T12:41:10.676+0800][24.530s][info][gc,start    ] GC(210) Pause Young (Mixed) (G1 Evacuation Pause)
[2026-09-03T12:41:10.676+0800][24.530s][info][gc,task     ] GC(210) Using 9 workers of 9 for evacuation
[2026-09-03T12:41:10.679+0800][24.533s][info][gc,phases   ] GC(210)   Pre Evacuate Collection Set: 0.06ms
[2026-09-03T12:41:10.679+0800][24.533s][info][gc,phases   ] GC(210)   Merge Heap Roots: 0.03ms
[2026-09-03T12:41:10.679+0800][24.533s][info][gc,phases   ] GC(210)   Evacuate Collection Set: 2.20ms
[2026-09-03T12:41:10.679+0800][24.533s][info][gc,phases   ] GC(210)   Post Evacuate Collection Set: 0.11ms
[2026-09-03T12:41:10.679+0800][24.533s][info][gc,phases   ] GC(210)   Other: 0.06ms
[2026-09-03T12:41:10.679+0800][24.533s][info][gc,heap     ] GC(210) Eden regions: 104->0(102)
[2026-09-03T12:41:10.679+0800][24.533s][info][gc,heap     ] GC(210) Survivor regions: 12->15(15)
[2026-09-03T12:41:10.679+0800][24.533s][info][gc,heap     ] GC(210) Old regions: 95->96
[2026-09-03T12:41:10.679+0800][24.533s][info][gc,heap     ] GC(210) Humongous regions: 1->1
[2026-09-03T12:41:10.679+0800][24.533s][info][gc,metaspace] GC(210) Metaspace: 1059K(1216K)->1059K(1216K) NonClass: 994K(1088K)->994K(1088K) Class: 64K(128K)->64K(128K)
[2026-09-03T12:41:10.679+0800][24.533s][info][gc          ] GC(210) Pause Young (Mixed) (G1 Evacuation Pause) 211M->110M(256M) 2.578ms
[2026-09-03T12:41:10.679+0800][24.533s][info][gc,cpu      ] GC(210) User=0.02s Sys=0.00s Real=0.00s
[2026-09-03T12:41:10.679+0800][24.533s][info][safepoint   ] Safepoint "G1CollectForAllocation", Time since last: 314706250 ns, Reaching safepoint: 2583 ns, At safepoint: 2603875 ns, Leaving safepoint: 19167 ns, Total: 2625625 ns, Threads: 0 runnable, 42 total
[2026-09-03T12:41:10.988+0800][24.842s][info][gc,start    ] GC(211) Pause Young (Concurrent Start) (G1 Evacuation Pause)
[2026-09-03T12:41:10.988+0800][24.842s][info][gc,task     ] GC(211) Using 9 workers of 9 for evacuation
[2026-09-03T12:41:10.990+0800][24.844s][info][gc,phases   ] GC(211)   Pre Evacuate Collection Set: 0.06ms
[2026-09-03T12:41:10.990+0800][24.844s][info][gc,phases   ] GC(211)   Merge Heap Roots: 0.03ms
[2026-09-03T12:41:10.990+0800][24.844s][info][gc,phases   ] GC(211)   Evacuate Collection Set: 1.89ms
[2026-09-03T12:41:10.990+0800][24.844s][info][gc,phases   ] GC(211)   Post Evacuate Collection Set: 0.10ms
[2026-09-03T12:41:10.990+0800][24.844s][info][gc,phases   ] GC(211)   Other: 0.06ms
[2026-09-03T12:41:10.990+0800][24.844s][info][gc,heap     ] GC(211) Eden regions: 102->0(87)
[2026-09-03T12:41:10.990+0800][24.844s][info][gc,heap     ] GC(211) Survivor regions: 15->15(15)
[2026-09-03T12:41:10.990+0800][24.844s][info][gc,heap     ] GC(211) Old regions: 96->117
[2026-09-03T12:41:10.990+0800][24.844s][info][gc,heap     ] GC(211) Humongous regions: 1->1
[2026-09-03T12:41:10.990+0800][24.844s][info][gc,metaspace] GC(211) Metaspace: 1059K(1216K)->1059K(1216K) NonClass: 994K(1088K)->994K(1088K) Class: 64K(128K)->64K(128K)
[2026-09-03T12:41:10.990+0800][24.845s][info][gc          ] GC(211) Pause Young (Concurrent Start) (G1 Evacuation Pause) 212M->131M(256M) 2.262ms
[2026-09-03T12:41:10.990+0800][24.845s][info][gc,cpu      ] GC(211) User=0.02s Sys=0.00s Real=0.01s
[2026-09-03T12:41:10.990+0800][24.845s][info][gc          ] GC(212) Concurrent Mark Cycle
[2026-09-03T12:41:10.990+0800][24.845s][info][gc,marking  ] GC(212) Concurrent Scan Root Regions
[2026-09-03T12:41:10.990+0800][24.845s][info][safepoint   ] Safepoint "G1CollectForAllocation", Time since last: 309212500 ns, Reaching safepoint: 2625 ns, At safepoint: 2292333 ns, Leaving safepoint: 43625 ns, Total: 2338583 ns, Threads: 0 runnable, 42 total
[2026-09-03T12:41:10.993+0800][24.847s][info][gc,marking  ] GC(212) Concurrent Scan Root Regions 2.215ms
[2026-09-03T12:41:10.993+0800][24.847s][info][gc,marking  ] GC(212) Concurrent Mark
[2026-09-03T12:41:10.993+0800][24.847s][info][gc,marking  ] GC(212) Concurrent Mark From Roots
[2026-09-03T12:41:10.993+0800][24.847s][info][gc,task     ] GC(212) Concurrent Mark Using 2 of 2 Workers
[2026-09-03T12:41:10.997+0800][24.851s][info][gc,marking  ] GC(212) Concurrent Mark From Roots 4.060ms
[2026-09-03T12:41:10.997+0800][24.851s][info][gc,marking  ] GC(212) Concurrent Preclean
[2026-09-03T12:41:10.997+0800][24.851s][info][gc,marking  ] GC(212) Concurrent Preclean 0.011ms
[2026-09-03T12:41:10.997+0800][24.851s][info][gc,start    ] GC(212) Pause Remark
[2026-09-03T12:41:10.997+0800][24.851s][info][gc          ] GC(212) Pause Remark 135M->101M(256M) 0.359ms
[2026-09-03T12:41:10.997+0800][24.851s][info][gc,cpu      ] GC(212) User=0.00s Sys=0.00s Real=0.00s
[2026-09-03T12:41:10.997+0800][24.851s][info][safepoint   ] Safepoint "G1PauseRemark", Time since last: 6306583 ns, Reaching safepoint: 2667 ns, At safepoint: 386208 ns, Leaving safepoint: 23709 ns, Total: 412584 ns, Threads: 0 runnable, 42 total
[2026-09-03T12:41:10.997+0800][24.851s][info][gc,marking  ] GC(212) Concurrent Mark 4.564ms
[2026-09-03T12:41:10.997+0800][24.851s][info][gc,marking  ] GC(212) Concurrent Rebuild Remembered Sets and Scrub Regions
[2026-09-03T12:41:11.001+0800][24.855s][info][gc,marking  ] GC(212) Concurrent Rebuild Remembered Sets and Scrub Regions 3.294ms
[2026-09-03T12:41:11.001+0800][24.855s][info][gc,start    ] GC(212) Pause Cleanup
[2026-09-03T12:41:11.001+0800][24.855s][info][gc          ] GC(212) Pause Cleanup 102M->102M(256M) 0.031ms
[2026-09-03T12:41:11.001+0800][24.855s][info][gc,cpu      ] GC(212) User=0.00s Sys=0.00s Real=0.00s
[2026-09-03T12:41:11.001+0800][24.855s][info][safepoint   ] Safepoint "G1PauseCleanup", Time since last: 3366916 ns, Reaching safepoint: 1625 ns, At safepoint: 48084 ns, Leaving safepoint: 1333 ns, Total: 51042 ns, Threads: 0 runnable, 42 total
[2026-09-03T12:41:11.001+0800][24.855s][info][gc,marking  ] GC(212) Concurrent Clear Claimed Marks
[2026-09-03T12:41:11.001+0800][24.855s][info][gc,marking  ] GC(212) Concurrent Clear Claimed Marks 0.006ms
[2026-09-03T12:41:11.001+0800][24.855s][info][gc,marking  ] GC(212) Concurrent Cleanup for Next Mark
[2026-09-03T12:41:11.001+0800][24.855s][info][gc,marking  ] GC(212) Concurrent Cleanup for Next Mark 0.090ms
[2026-09-03T12:41:11.001+0800][24.855s][info][gc          ] GC(212) Concurrent Mark Cycle 10.312ms
[2026-09-03T12:41:11.254+0800][25.108s][info][gc,start    ] GC(213) Pause Young (Prepare Mixed) (G1 Evacuation Pause)
[2026-09-03T12:41:11.254+0800][25.108s][info][gc,task     ] GC(213) Using 9 workers of 9 for evacuation
[2026-09-03T12:41:11.256+0800][25.110s][info][gc,phases   ] GC(213)   Pre Evacuate Collection Set: 0.05ms
[2026-09-03T12:41:11.256+0800][25.110s][info][gc,phases   ] GC(213)   Merge Heap Roots: 0.03ms
[2026-09-03T12:41:11.256+0800][25.110s][info][gc,phases   ] GC(213)   Evacuate Collection Set: 1.77ms
[2026-09-03T12:41:11.256+0800][25.110s][info][gc,phases   ] GC(213)   Post Evacuate Collection Set: 0.09ms
[2026-09-03T12:41:11.256+0800][25.110s][info][gc,phases   ] GC(213)   Other: 0.06ms
[2026-09-03T12:41:11.256+0800][25.110s][info][gc,heap     ] GC(213) Eden regions: 87->0(98)
[2026-09-03T12:41:11.256+0800][25.110s][info][gc,heap     ] GC(213) Survivor regions: 15->13(13)
[2026-09-03T12:41:11.256+0800][25.110s][info][gc,heap     ] GC(213) Old regions: 83->103
[2026-09-03T12:41:11.256+0800][25.110s][info][gc,heap     ] GC(213) Humongous regions: 1->1
[2026-09-03T12:41:11.256+0800][25.110s][info][gc,metaspace] GC(213) Metaspace: 1059K(1216K)->1059K(1216K) NonClass: 994K(1088K)->994K(1088K) Class: 64K(128K)->64K(128K)
[2026-09-03T12:41:11.256+0800][25.110s][info][gc          ] GC(213) Pause Young (Prepare Mixed) (G1 Evacuation Pause) 184M->115M(256M) 2.129ms
[2026-09-03T12:41:11.256+0800][25.110s][info][gc,cpu      ] GC(213) User=0.02s Sys=0.00s Real=0.00s
[2026-09-03T12:41:11.256+0800][25.110s][info][safepoint   ] Safepoint "G1CollectForAllocation", Time since last: 253314542 ns, Reaching safepoint: 3208 ns, At safepoint: 2162292 ns, Leaving safepoint: 26375 ns, Total: 2191875 ns, Threads: 0 runnable, 42 total
[2026-09-03T12:41:11.550+0800][25.404s][info][gc,start    ] GC(214) Pause Young (Mixed) (G1 Evacuation Pause)
[2026-09-03T12:41:11.550+0800][25.404s][info][gc,task     ] GC(214) Using 9 workers of 9 for evacuation
[2026-09-03T12:41:11.553+0800][25.407s][info][gc,phases   ] GC(214)   Pre Evacuate Collection Set: 0.08ms
[2026-09-03T12:41:11.553+0800][25.407s][info][gc,phases   ] GC(214)   Merge Heap Roots: 0.05ms
[2026-09-03T12:41:11.553+0800][25.407s][info][gc,phases   ] GC(214)   Evacuate Collection Set: 2.60ms
[2026-09-03T12:41:11.553+0800][25.407s][info][gc,phases   ] GC(214)   Post Evacuate Collection Set: 0.13ms
[2026-09-03T12:41:11.553+0800][25.407s][info][gc,phases   ] GC(214)   Other: 0.12ms
[2026-09-03T12:41:11.553+0800][25.407s][info][gc,heap     ] GC(214) Eden regions: 98->0(101)
[2026-09-03T12:41:11.553+0800][25.407s][info][gc,heap     ] GC(214) Survivor regions: 13->14(14)
[2026-09-03T12:41:11.553+0800][25.407s][info][gc,heap     ] GC(214) Old regions: 103->98
[2026-09-03T12:41:11.553+0800][25.407s][info][gc,heap     ] GC(214) Humongous regions: 1->1
[2026-09-03T12:41:11.553+0800][25.407s][info][gc,metaspace] GC(214) Metaspace: 1059K(1216K)->1059K(1216K) NonClass: 994K(1088K)->994K(1088K) Class: 64K(128K)->64K(128K)
[2026-09-03T12:41:11.553+0800][25.408s][info][gc          ] GC(214) Pause Young (Mixed) (G1 Evacuation Pause) 213M->111M(256M) 3.174ms
[2026-09-03T12:41:11.553+0800][25.408s][info][gc,cpu      ] GC(214) User=0.02s Sys=0.00s Real=0.00s
[2026-09-03T12:41:11.553+0800][25.408s][info][safepoint   ] Safepoint "G1CollectForAllocation", Time since last: 294109416 ns, Reaching safepoint: 2500 ns, At safepoint: 3223667 ns, Leaving safepoint: 16750 ns, Total: 3242917 ns, Threads: 0 runnable, 42 total
[2026-09-03T12:41:11.859+0800][25.713s][info][gc,start    ] GC(215) Pause Young (Concurrent Start) (G1 Evacuation Pause)
[2026-09-03T12:41:11.859+0800][25.713s][info][gc,task     ] GC(215) Using 9 workers of 9 for evacuation
[2026-09-03T12:41:11.862+0800][25.716s][info][gc,phases   ] GC(215)   Pre Evacuate Collection Set: 0.07ms
[2026-09-03T12:41:11.862+0800][25.716s][info][gc,phases   ] GC(215)   Merge Heap Roots: 0.04ms
[2026-09-03T12:41:11.862+0800][25.716s][info][gc,phases   ] GC(215)   Evacuate Collection Set: 2.44ms
[2026-09-03T12:41:11.862+0800][25.716s][info][gc,phases   ] GC(215)   Post Evacuate Collection Set: 0.10ms
[2026-09-03T12:41:11.862+0800][25.716s][info][gc,phases   ] GC(215)   Other: 0.07ms
[2026-09-03T12:41:11.862+0800][25.716s][info][gc,heap     ] GC(215) Eden regions: 101->0(87)
[2026-09-03T12:41:11.862+0800][25.716s][info][gc,heap     ] GC(215) Survivor regions: 14->15(15)
[2026-09-03T12:41:11.862+0800][25.716s][info][gc,heap     ] GC(215) Old regions: 98->117
[2026-09-03T12:41:11.862+0800][25.716s][info][gc,heap     ] GC(215) Humongous regions: 1->1
[2026-09-03T12:41:11.862+0800][25.716s][info][gc,metaspace] GC(215) Metaspace: 1059K(1216K)->1059K(1216K) NonClass: 994K(1088K)->994K(1088K) Class: 64K(128K)->64K(128K)
[2026-09-03T12:41:11.862+0800][25.716s][info][gc          ] GC(215) Pause Young (Concurrent Start) (G1 Evacuation Pause) 212M->132M(256M) 2.842ms
[2026-09-03T12:41:11.862+0800][25.716s][info][gc          ] GC(216) Concurrent Mark Cycle
[2026-09-03T12:41:11.862+0800][25.716s][info][gc,cpu      ] GC(215) User=0.01s Sys=0.00s Real=0.01s
[2026-09-03T12:41:11.862+0800][25.716s][info][gc,marking  ] GC(216) Concurrent Scan Root Regions
[2026-09-03T12:41:11.862+0800][25.716s][info][safepoint   ] Safepoint "G1CollectForAllocation", Time since last: 305333500 ns, Reaching safepoint: 2667 ns, At safepoint: 2880666 ns, Leaving safepoint: 60000 ns, Total: 2943333 ns, Threads: 0 runnable, 42 total
[2026-09-03T12:41:11.864+0800][25.718s][info][gc,marking  ] GC(216) Concurrent Scan Root Regions 2.421ms
[2026-09-03T12:41:11.864+0800][25.718s][info][gc,marking  ] GC(216) Concurrent Mark
[2026-09-03T12:41:11.864+0800][25.718s][info][gc,marking  ] GC(216) Concurrent Mark From Roots
[2026-09-03T12:41:11.864+0800][25.718s][info][gc,task     ] GC(216) Concurrent Mark Using 2 of 2 Workers
[2026-09-03T12:41:11.868+0800][25.722s][info][gc,marking  ] GC(216) Concurrent Mark From Roots 3.855ms
[2026-09-03T12:41:11.868+0800][25.722s][info][gc,marking  ] GC(216) Concurrent Preclean
[2026-09-03T12:41:11.868+0800][25.722s][info][gc,marking  ] GC(216) Concurrent Preclean 0.015ms
[2026-09-03T12:41:11.868+0800][25.722s][info][gc,start    ] GC(216) Pause Remark
[2026-09-03T12:41:11.869+0800][25.723s][info][gc          ] GC(216) Pause Remark 135M->101M(256M) 0.461ms
[2026-09-03T12:41:11.869+0800][25.723s][info][gc,cpu      ] GC(216) User=0.00s Sys=0.00s Real=0.00s
[2026-09-03T12:41:11.869+0800][25.723s][info][safepoint   ] Safepoint "G1PauseRemark", Time since last: 6326792 ns, Reaching safepoint: 4625 ns, At safepoint: 495583 ns, Leaving safepoint: 22750 ns, Total: 522958 ns, Threads: 0 runnable, 42 total
[2026-09-03T12:41:11.869+0800][25.723s][info][gc,marking  ] GC(216) Concurrent Mark 4.538ms
[2026-09-03T12:41:11.869+0800][25.723s][info][gc,marking  ] GC(216) Concurrent Rebuild Remembered Sets and Scrub Regions
[2026-09-03T12:41:11.873+0800][25.727s][info][gc,marking  ] GC(216) Concurrent Rebuild Remembered Sets and Scrub Regions 4.226ms
[2026-09-03T12:41:11.873+0800][25.727s][info][gc,start    ] GC(216) Pause Cleanup
[2026-09-03T12:41:11.873+0800][25.727s][info][gc          ] GC(216) Pause Cleanup 103M->103M(256M) 0.040ms
[2026-09-03T12:41:11.873+0800][25.727s][info][gc,cpu      ] GC(216) User=0.00s Sys=0.00s Real=0.00s
[2026-09-03T12:41:11.873+0800][25.727s][info][safepoint   ] Safepoint "G1PauseCleanup", Time since last: 4340292 ns, Reaching safepoint: 2625 ns, At safepoint: 59958 ns, Leaving safepoint: 5250 ns, Total: 67833 ns, Threads: 0 runnable, 42 total
[2026-09-03T12:41:11.873+0800][25.727s][info][gc,marking  ] GC(216) Concurrent Clear Claimed Marks
[2026-09-03T12:41:11.873+0800][25.727s][info][gc,marking  ] GC(216) Concurrent Clear Claimed Marks 0.008ms
[2026-09-03T12:41:11.873+0800][25.727s][info][gc,marking  ] GC(216) Concurrent Cleanup for Next Mark
[2026-09-03T12:41:11.873+0800][25.727s][info][gc,marking  ] GC(216) Concurrent Cleanup for Next Mark 0.100ms
[2026-09-03T12:41:11.873+0800][25.727s][info][gc          ] GC(216) Concurrent Mark Cycle 11.481ms
[2026-09-03T12:41:12.125+0800][25.979s][info][gc,start    ] GC(217) Pause Young (Prepare Mixed) (G1 Evacuation Pause)
[2026-09-03T12:41:12.125+0800][25.979s][info][gc,task     ] GC(217) Using 9 workers of 9 for evacuation
[2026-09-03T12:41:12.127+0800][25.981s][info][gc,phases   ] GC(217)   Pre Evacuate Collection Set: 0.07ms
[2026-09-03T12:41:12.127+0800][25.981s][info][gc,phases   ] GC(217)   Merge Heap Roots: 0.02ms
[2026-09-03T12:41:12.127+0800][25.981s][info][gc,phases   ] GC(217)   Evacuate Collection Set: 1.77ms
[2026-09-03T12:41:12.127+0800][25.981s][info][gc,phases   ] GC(217)   Post Evacuate Collection Set: 0.08ms
[2026-09-03T12:41:12.127+0800][25.981s][info][gc,phases   ] GC(217)   Other: 0.06ms
[2026-09-03T12:41:12.127+0800][25.981s][info][gc,heap     ] GC(217) Eden regions: 87->0(98)
[2026-09-03T12:41:12.127+0800][25.981s][info][gc,heap     ] GC(217) Survivor regions: 15->13(13)
[2026-09-03T12:41:12.127+0800][25.981s][info][gc,heap     ] GC(217) Old regions: 83->103
[2026-09-03T12:41:12.127+0800][25.981s][info][gc,heap     ] GC(217) Humongous regions: 1->1
[2026-09-03T12:41:12.127+0800][25.981s][info][gc,metaspace] GC(217) Metaspace: 1059K(1216K)->1059K(1216K) NonClass: 994K(1088K)->994K(1088K) Class: 64K(128K)->64K(128K)
[2026-09-03T12:41:12.127+0800][25.981s][info][gc          ] GC(217) Pause Young (Prepare Mixed) (G1 Evacuation Pause) 185M->115M(256M) 2.126ms
[2026-09-03T12:41:12.127+0800][25.981s][info][gc,cpu      ] GC(217) User=0.01s Sys=0.00s Real=0.00s
[2026-09-03T12:41:12.127+0800][25.981s][info][safepoint   ] Safepoint "G1CollectForAllocation", Time since last: 252037292 ns, Reaching safepoint: 3208 ns, At safepoint: 2151125 ns, Leaving safepoint: 22792 ns, Total: 2177125 ns, Threads: 0 runnable, 42 total
[2026-09-03T12:41:12.423+0800][26.277s][info][gc,start    ] GC(218) Pause Young (Mixed) (G1 Evacuation Pause)
[2026-09-03T12:41:12.423+0800][26.277s][info][gc,task     ] GC(218) Using 9 workers of 9 for evacuation
[2026-09-03T12:41:12.425+0800][26.279s][info][gc,phases   ] GC(218)   Pre Evacuate Collection Set: 0.07ms
[2026-09-03T12:41:12.425+0800][26.279s][info][gc,phases   ] GC(218)   Merge Heap Roots: 0.05ms
[2026-09-03T12:41:12.425+0800][26.279s][info][gc,phases   ] GC(218)   Evacuate Collection Set: 1.87ms
[2026-09-03T12:41:12.425+0800][26.279s][info][gc,phases   ] GC(218)   Post Evacuate Collection Set: 0.11ms
[2026-09-03T12:41:12.425+0800][26.279s][info][gc,phases   ] GC(218)   Other: 0.06ms
[2026-09-03T12:41:12.425+0800][26.279s][info][gc,heap     ] GC(218) Eden regions: 98->0(102)
[2026-09-03T12:41:12.425+0800][26.279s][info][gc,heap     ] GC(218) Survivor regions: 13->14(14)
[2026-09-03T12:41:12.425+0800][26.279s][info][gc,heap     ] GC(218) Old regions: 103->97
[2026-09-03T12:41:12.425+0800][26.279s][info][gc,heap     ] GC(218) Humongous regions: 1->1
[2026-09-03T12:41:12.425+0800][26.279s][info][gc,metaspace] GC(218) Metaspace: 1059K(1216K)->1059K(1216K) NonClass: 994K(1088K)->994K(1088K) Class: 64K(128K)->64K(128K)
[2026-09-03T12:41:12.425+0800][26.279s][info][gc          ] GC(218) Pause Young (Mixed) (G1 Evacuation Pause) 213M->110M(256M) 2.286ms
[2026-09-03T12:41:12.425+0800][26.279s][info][gc,cpu      ] GC(218) User=0.02s Sys=0.00s Real=0.00s
[2026-09-03T12:41:12.425+0800][26.279s][info][safepoint   ] Safepoint "G1CollectForAllocation", Time since last: 295647042 ns, Reaching safepoint: 2458 ns, At safepoint: 2313833 ns, Leaving safepoint: 39125 ns, Total: 2355416 ns, Threads: 0 runnable, 42 total
[2026-09-03T12:41:12.734+0800][26.588s][info][gc,start    ] GC(219) Pause Young (Concurrent Start) (G1 Evacuation Pause)
[2026-09-03T12:41:12.734+0800][26.588s][info][gc,task     ] GC(219) Using 9 workers of 9 for evacuation
[2026-09-03T12:41:12.736+0800][26.590s][info][gc,phases   ] GC(219)   Pre Evacuate Collection Set: 0.06ms
[2026-09-03T12:41:12.736+0800][26.590s][info][gc,phases   ] GC(219)   Merge Heap Roots: 0.03ms
[2026-09-03T12:41:12.736+0800][26.590s][info][gc,phases   ] GC(219)   Evacuate Collection Set: 1.93ms
[2026-09-03T12:41:12.736+0800][26.590s][info][gc,phases   ] GC(219)   Post Evacuate Collection Set: 0.10ms
[2026-09-03T12:41:12.736+0800][26.590s][info][gc,phases   ] GC(219)   Other: 0.06ms
[2026-09-03T12:41:12.736+0800][26.590s][info][gc,heap     ] GC(219) Eden regions: 102->0(87)
[2026-09-03T12:41:12.736+0800][26.590s][info][gc,heap     ] GC(219) Survivor regions: 14->15(15)
[2026-09-03T12:41:12.736+0800][26.590s][info][gc,heap     ] GC(219) Old regions: 97->116
[2026-09-03T12:41:12.736+0800][26.590s][info][gc,heap     ] GC(219) Humongous regions: 1->1
[2026-09-03T12:41:12.736+0800][26.590s][info][gc,metaspace] GC(219) Metaspace: 1059K(1216K)->1059K(1216K) NonClass: 994K(1088K)->994K(1088K) Class: 64K(128K)->64K(128K)
[2026-09-03T12:41:12.736+0800][26.590s][info][gc          ] GC(219) Pause Young (Concurrent Start) (G1 Evacuation Pause) 212M->131M(256M) 2.331ms
[2026-09-03T12:41:12.736+0800][26.590s][info][gc,cpu      ] GC(219) User=0.01s Sys=0.00s Real=0.00s
[2026-09-03T12:41:12.736+0800][26.590s][info][gc          ] GC(220) Concurrent Mark Cycle
[2026-09-03T12:41:12.736+0800][26.590s][info][safepoint   ] Safepoint "G1CollectForAllocation", Time since last: 308693500 ns, Reaching safepoint: 2375 ns, At safepoint: 2367917 ns, Leaving safepoint: 72583 ns, Total: 2442875 ns, Threads: 0 runnable, 42 total
[2026-09-03T12:41:12.736+0800][26.590s][info][gc,marking  ] GC(220) Concurrent Scan Root Regions
[2026-09-03T12:41:12.739+0800][26.593s][info][gc,marking  ] GC(220) Concurrent Scan Root Regions 2.697ms
[2026-09-03T12:41:12.739+0800][26.593s][info][gc,marking  ] GC(220) Concurrent Mark
[2026-09-03T12:41:12.739+0800][26.593s][info][gc,marking  ] GC(220) Concurrent Mark From Roots
[2026-09-03T12:41:12.739+0800][26.593s][info][gc,task     ] GC(220) Concurrent Mark Using 2 of 2 Workers
[2026-09-03T12:41:12.742+0800][26.596s][info][gc,marking  ] GC(220) Concurrent Mark From Roots 3.265ms
[2026-09-03T12:41:12.742+0800][26.596s][info][gc,marking  ] GC(220) Concurrent Preclean
[2026-09-03T12:41:12.742+0800][26.596s][info][gc,marking  ] GC(220) Concurrent Preclean 0.009ms
[2026-09-03T12:41:12.742+0800][26.597s][info][gc,start    ] GC(220) Pause Remark
[2026-09-03T12:41:12.743+0800][26.597s][info][gc          ] GC(220) Pause Remark 135M->100M(256M) 0.291ms
[2026-09-03T12:41:12.743+0800][26.597s][info][gc,cpu      ] GC(220) User=0.01s Sys=0.00s Real=0.00s
[2026-09-03T12:41:12.743+0800][26.597s][info][safepoint   ] Safepoint "G1PauseRemark", Time since last: 6055250 ns, Reaching safepoint: 21542 ns, At safepoint: 319958 ns, Leaving safepoint: 12834 ns, Total: 354334 ns, Threads: 1 runnable, 42 total
[2026-09-03T12:41:12.743+0800][26.597s][info][gc,marking  ] GC(220) Concurrent Mark 3.706ms
[2026-09-03T12:41:12.743+0800][26.597s][info][gc,marking  ] GC(220) Concurrent Rebuild Remembered Sets and Scrub Regions
[2026-09-03T12:41:12.747+0800][26.601s][info][gc,marking  ] GC(220) Concurrent Rebuild Remembered Sets and Scrub Regions 4.401ms
[2026-09-03T12:41:12.747+0800][26.601s][info][gc,start    ] GC(220) Pause Cleanup
[2026-09-03T12:41:12.747+0800][26.601s][info][gc          ] GC(220) Pause Cleanup 102M->102M(256M) 0.073ms
[2026-09-03T12:41:12.747+0800][26.601s][info][gc,cpu      ] GC(220) User=0.00s Sys=0.00s Real=0.00s
[2026-09-03T12:41:12.747+0800][26.601s][info][safepoint   ] Safepoint "G1PauseCleanup", Time since last: 4477125 ns, Reaching safepoint: 2583 ns, At safepoint: 96000 ns, Leaving safepoint: 6750 ns, Total: 105333 ns, Threads: 0 runnable, 42 total
[2026-09-03T12:41:12.747+0800][26.601s][info][gc,marking  ] GC(220) Concurrent Clear Claimed Marks
[2026-09-03T12:41:12.747+0800][26.601s][info][gc,marking  ] GC(220) Concurrent Clear Claimed Marks 0.010ms
[2026-09-03T12:41:12.747+0800][26.601s][info][gc,marking  ] GC(220) Concurrent Cleanup for Next Mark
[2026-09-03T12:41:12.747+0800][26.602s][info][gc,marking  ] GC(220) Concurrent Cleanup for Next Mark 0.100ms
[2026-09-03T12:41:12.747+0800][26.602s][info][gc          ] GC(220) Concurrent Mark Cycle 11.216ms
[2026-09-03T12:41:12.997+0800][26.851s][info][gc,start    ] GC(221) Pause Young (Prepare Mixed) (G1 Evacuation Pause)
[2026-09-03T12:41:12.997+0800][26.851s][info][gc,task     ] GC(221) Using 9 workers of 9 for evacuation
[2026-09-03T12:41:12.999+0800][26.853s][info][gc,phases   ] GC(221)   Pre Evacuate Collection Set: 0.06ms
[2026-09-03T12:41:12.999+0800][26.853s][info][gc,phases   ] GC(221)   Merge Heap Roots: 0.04ms
[2026-09-03T12:41:12.999+0800][26.853s][info][gc,phases   ] GC(221)   Evacuate Collection Set: 1.79ms
[2026-09-03T12:41:12.999+0800][26.853s][info][gc,phases   ] GC(221)   Post Evacuate Collection Set: 0.09ms
[2026-09-03T12:41:12.999+0800][26.853s][info][gc,phases   ] GC(221)   Other: 0.06ms
[2026-09-03T12:41:12.999+0800][26.853s][info][gc,heap     ] GC(221) Eden regions: 87->0(99)
[2026-09-03T12:41:12.999+0800][26.853s][info][gc,heap     ] GC(221) Survivor regions: 15->13(13)
[2026-09-03T12:41:12.999+0800][26.853s][info][gc,heap     ] GC(221) Old regions: 81->101
[2026-09-03T12:41:12.999+0800][26.853s][info][gc,heap     ] GC(221) Humongous regions: 1->1
[2026-09-03T12:41:12.999+0800][26.853s][info][gc,metaspace] GC(221) Metaspace: 1059K(1216K)->1059K(1216K) NonClass: 994K(1088K)->994K(1088K) Class: 64K(128K)->64K(128K)
[2026-09-03T12:41:12.999+0800][26.853s][info][gc          ] GC(221) Pause Young (Prepare Mixed) (G1 Evacuation Pause) 183M->113M(256M) 2.187ms
[2026-09-03T12:41:12.999+0800][26.853s][info][gc,cpu      ] GC(221) User=0.01s Sys=0.00s Real=0.00s
[2026-09-03T12:41:12.999+0800][26.853s][info][safepoint   ] Safepoint "G1CollectForAllocation", Time since last: 249656583 ns, Reaching safepoint: 2375 ns, At safepoint: 2212625 ns, Leaving safepoint: 31334 ns, Total: 2246334 ns, Threads: 0 runnable, 42 total
[2026-09-03T12:41:13.297+0800][27.151s][info][gc,start    ] GC(222) Pause Young (Mixed) (G1 Evacuation Pause)
[2026-09-03T12:41:13.297+0800][27.151s][info][gc,task     ] GC(222) Using 9 workers of 9 for evacuation
[2026-09-03T12:41:13.299+0800][27.153s][info][gc,phases   ] GC(222)   Pre Evacuate Collection Set: 0.08ms
[2026-09-03T12:41:13.299+0800][27.153s][info][gc,phases   ] GC(222)   Merge Heap Roots: 0.04ms
[2026-09-03T12:41:13.299+0800][27.153s][info][gc,phases   ] GC(222)   Evacuate Collection Set: 1.80ms
[2026-09-03T12:41:13.299+0800][27.153s][info][gc,phases   ] GC(222)   Post Evacuate Collection Set: 0.11ms
[2026-09-03T12:41:13.299+0800][27.153s][info][gc,phases   ] GC(222)   Other: 0.06ms
[2026-09-03T12:41:13.299+0800][27.153s][info][gc,heap     ] GC(222) Eden regions: 99->0(102)
[2026-09-03T12:41:13.299+0800][27.153s][info][gc,heap     ] GC(222) Survivor regions: 13->14(14)
[2026-09-03T12:41:13.299+0800][27.153s][info][gc,heap     ] GC(222) Old regions: 101->96
[2026-09-03T12:41:13.299+0800][27.153s][info][gc,heap     ] GC(222) Humongous regions: 1->1
[2026-09-03T12:41:13.299+0800][27.153s][info][gc,metaspace] GC(222) Metaspace: 1059K(1216K)->1059K(1216K) NonClass: 994K(1088K)->994K(1088K) Class: 64K(128K)->64K(128K)
[2026-09-03T12:41:13.299+0800][27.153s][info][gc          ] GC(222) Pause Young (Mixed) (G1 Evacuation Pause) 212M->110M(256M) 2.229ms
[2026-09-03T12:41:13.299+0800][27.153s][info][gc,cpu      ] GC(222) User=0.01s Sys=0.00s Real=0.00s
[2026-09-03T12:41:13.299+0800][27.153s][info][safepoint   ] Safepoint "G1CollectForAllocation", Time since last: 297337500 ns, Reaching safepoint: 2916 ns, At safepoint: 2254875 ns, Leaving safepoint: 41542 ns, Total: 2299333 ns, Threads: 0 runnable, 42 total
[2026-09-03T12:41:13.606+0800][27.460s][info][gc,start    ] GC(223) Pause Young (Concurrent Start) (G1 Evacuation Pause)
[2026-09-03T12:41:13.606+0800][27.460s][info][gc,task     ] GC(223) Using 9 workers of 9 for evacuation
[2026-09-03T12:41:13.608+0800][27.462s][info][gc,phases   ] GC(223)   Pre Evacuate Collection Set: 0.08ms
[2026-09-03T12:41:13.608+0800][27.462s][info][gc,phases   ] GC(223)   Merge Heap Roots: 0.04ms
[2026-09-03T12:41:13.608+0800][27.462s][info][gc,phases   ] GC(223)   Evacuate Collection Set: 1.85ms
[2026-09-03T12:41:13.608+0800][27.462s][info][gc,phases   ] GC(223)   Post Evacuate Collection Set: 0.09ms
[2026-09-03T12:41:13.608+0800][27.462s][info][gc,phases   ] GC(223)   Other: 0.06ms
[2026-09-03T12:41:13.608+0800][27.462s][info][gc,heap     ] GC(223) Eden regions: 102->0(87)
[2026-09-03T12:41:13.608+0800][27.462s][info][gc,heap     ] GC(223) Survivor regions: 14->15(15)
[2026-09-03T12:41:13.608+0800][27.462s][info][gc,heap     ] GC(223) Old regions: 96->116
[2026-09-03T12:41:13.608+0800][27.462s][info][gc,heap     ] GC(223) Humongous regions: 1->1
[2026-09-03T12:41:13.608+0800][27.462s][info][gc,metaspace] GC(223) Metaspace: 1059K(1216K)->1059K(1216K) NonClass: 994K(1088K)->994K(1088K) Class: 64K(128K)->64K(128K)
[2026-09-03T12:41:13.608+0800][27.462s][info][gc          ] GC(223) Pause Young (Concurrent Start) (G1 Evacuation Pause) 212M->131M(256M) 2.246ms
[2026-09-03T12:41:13.608+0800][27.462s][info][gc,cpu      ] GC(223) User=0.01s Sys=0.00s Real=0.00s
[2026-09-03T12:41:13.608+0800][27.462s][info][gc          ] GC(224) Concurrent Mark Cycle
[2026-09-03T12:41:13.608+0800][27.462s][info][gc,marking  ] GC(224) Concurrent Scan Root Regions
[2026-09-03T12:41:13.608+0800][27.462s][info][safepoint   ] Safepoint "G1CollectForAllocation", Time since last: 306743333 ns, Reaching safepoint: 2250 ns, At safepoint: 2276292 ns, Leaving safepoint: 22875 ns, Total: 2301417 ns, Threads: 0 runnable, 42 total
[2026-09-03T12:41:13.610+0800][27.464s][info][gc,marking  ] GC(224) Concurrent Scan Root Regions 2.056ms
[2026-09-03T12:41:13.610+0800][27.464s][info][gc,marking  ] GC(224) Concurrent Mark
[2026-09-03T12:41:13.610+0800][27.464s][info][gc,marking  ] GC(224) Concurrent Mark From Roots
[2026-09-03T12:41:13.610+0800][27.464s][info][gc,task     ] GC(224) Concurrent Mark Using 2 of 2 Workers
[2026-09-03T12:41:13.614+0800][27.469s][info][gc,marking  ] GC(224) Concurrent Mark From Roots 4.468ms
[2026-09-03T12:41:13.614+0800][27.469s][info][gc,marking  ] GC(224) Concurrent Preclean
[2026-09-03T12:41:13.615+0800][27.469s][info][gc,marking  ] GC(224) Concurrent Preclean 0.010ms
[2026-09-03T12:41:13.615+0800][27.469s][info][gc,start    ] GC(224) Pause Remark
[2026-09-03T12:41:13.615+0800][27.469s][info][gc          ] GC(224) Pause Remark 134M->101M(256M) 0.330ms
[2026-09-03T12:41:13.615+0800][27.469s][info][gc,cpu      ] GC(224) User=0.00s Sys=0.00s Real=0.00s
[2026-09-03T12:41:13.615+0800][27.469s][info][safepoint   ] Safepoint "G1PauseRemark", Time since last: 6578292 ns, Reaching safepoint: 2166 ns, At safepoint: 353500 ns, Leaving safepoint: 15667 ns, Total: 371333 ns, Threads: 0 runnable, 42 total
[2026-09-03T12:41:13.615+0800][27.469s][info][gc,marking  ] GC(224) Concurrent Mark 4.928ms
[2026-09-03T12:41:13.615+0800][27.469s][info][gc,marking  ] GC(224) Concurrent Rebuild Remembered Sets and Scrub Regions
[2026-09-03T12:41:13.618+0800][27.472s][info][gc,marking  ] GC(224) Concurrent Rebuild Remembered Sets and Scrub Regions 3.247ms
[2026-09-03T12:41:13.618+0800][27.472s][info][gc,start    ] GC(224) Pause Cleanup
[2026-09-03T12:41:13.618+0800][27.472s][info][gc          ] GC(224) Pause Cleanup 103M->103M(256M) 0.042ms
[2026-09-03T12:41:13.618+0800][27.472s][info][gc,cpu      ] GC(224) User=0.00s Sys=0.00s Real=0.00s
[2026-09-03T12:41:13.618+0800][27.472s][info][safepoint   ] Safepoint "G1PauseCleanup", Time since last: 3327292 ns, Reaching safepoint: 24041 ns, At safepoint: 64084 ns, Leaving safepoint: 4625 ns, Total: 92750 ns, Threads: 1 runnable, 42 total
[2026-09-03T12:41:13.618+0800][27.472s][info][gc,marking  ] GC(224) Concurrent Clear Claimed Marks
[2026-09-03T12:41:13.618+0800][27.472s][info][gc,marking  ] GC(224) Concurrent Clear Claimed Marks 0.007ms
[2026-09-03T12:41:13.618+0800][27.472s][info][gc,marking  ] GC(224) Concurrent Cleanup for Next Mark
[2026-09-03T12:41:13.618+0800][27.473s][info][gc,marking  ] GC(224) Concurrent Cleanup for Next Mark 0.110ms
[2026-09-03T12:41:13.618+0800][27.473s][info][gc          ] GC(224) Concurrent Mark Cycle 10.547ms
[2026-09-03T12:41:13.871+0800][27.725s][info][gc,start    ] GC(225) Pause Young (Prepare Mixed) (G1 Evacuation Pause)
[2026-09-03T12:41:13.871+0800][27.725s][info][gc,task     ] GC(225) Using 9 workers of 9 for evacuation
[2026-09-03T12:41:13.873+0800][27.727s][info][gc,phases   ] GC(225)   Pre Evacuate Collection Set: 0.08ms
[2026-09-03T12:41:13.873+0800][27.727s][info][gc,phases   ] GC(225)   Merge Heap Roots: 0.06ms
[2026-09-03T12:41:13.873+0800][27.727s][info][gc,phases   ] GC(225)   Evacuate Collection Set: 2.14ms
[2026-09-03T12:41:13.873+0800][27.727s][info][gc,phases   ] GC(225)   Post Evacuate Collection Set: 0.10ms
[2026-09-03T12:41:13.873+0800][27.727s][info][gc,phases   ] GC(225)   Other: 0.13ms
[2026-09-03T12:41:13.873+0800][27.727s][info][gc,heap     ] GC(225) Eden regions: 87->0(98)
[2026-09-03T12:41:13.873+0800][27.727s][info][gc,heap     ] GC(225) Survivor regions: 15->13(13)
[2026-09-03T12:41:13.873+0800][27.727s][info][gc,heap     ] GC(225) Old regions: 83->103
[2026-09-03T12:41:13.873+0800][27.727s][info][gc,heap     ] GC(225) Humongous regions: 1->1
[2026-09-03T12:41:13.873+0800][27.727s][info][gc,metaspace] GC(225) Metaspace: 1059K(1216K)->1059K(1216K) NonClass: 994K(1088K)->994K(1088K) Class: 64K(128K)->64K(128K)
[2026-09-03T12:41:13.873+0800][27.727s][info][gc          ] GC(225) Pause Young (Prepare Mixed) (G1 Evacuation Pause) 185M->115M(256M) 2.689ms
[2026-09-03T12:41:13.873+0800][27.727s][info][gc,cpu      ] GC(225) User=0.01s Sys=0.01s Real=0.00s
[2026-09-03T12:41:13.873+0800][27.727s][info][safepoint   ] Safepoint "G1CollectForAllocation", Time since last: 252146791 ns, Reaching safepoint: 8292 ns, At safepoint: 2728000 ns, Leaving safepoint: 28875 ns, Total: 2765167 ns, Threads: 0 runnable, 42 total
[2026-09-03T12:41:14.167+0800][28.021s][info][gc,start    ] GC(226) Pause Young (Mixed) (G1 Evacuation Pause)
[2026-09-03T12:41:14.167+0800][28.021s][info][gc,task     ] GC(226) Using 9 workers of 9 for evacuation
[2026-09-03T12:41:14.169+0800][28.023s][info][gc,phases   ] GC(226)   Pre Evacuate Collection Set: 0.05ms
[2026-09-03T12:41:14.169+0800][28.023s][info][gc,phases   ] GC(226)   Merge Heap Roots: 0.05ms
[2026-09-03T12:41:14.169+0800][28.023s][info][gc,phases   ] GC(226)   Evacuate Collection Set: 1.95ms
[2026-09-03T12:41:14.169+0800][28.023s][info][gc,phases   ] GC(226)   Post Evacuate Collection Set: 0.10ms
[2026-09-03T12:41:14.169+0800][28.023s][info][gc,phases   ] GC(226)   Other: 0.05ms
[2026-09-03T12:41:14.169+0800][28.023s][info][gc,heap     ] GC(226) Eden regions: 98->0(102)
[2026-09-03T12:41:14.169+0800][28.023s][info][gc,heap     ] GC(226) Survivor regions: 13->14(14)
[2026-09-03T12:41:14.169+0800][28.023s][info][gc,heap     ] GC(226) Old regions: 103->97
[2026-09-03T12:41:14.169+0800][28.023s][info][gc,heap     ] GC(226) Humongous regions: 1->1
[2026-09-03T12:41:14.169+0800][28.023s][info][gc,metaspace] GC(226) Metaspace: 1059K(1216K)->1059K(1216K) NonClass: 994K(1088K)->994K(1088K) Class: 64K(128K)->64K(128K)
[2026-09-03T12:41:14.169+0800][28.023s][info][gc          ] GC(226) Pause Young (Mixed) (G1 Evacuation Pause) 213M->110M(256M) 2.339ms
[2026-09-03T12:41:14.169+0800][28.023s][info][gc,cpu      ] GC(226) User=0.02s Sys=0.00s Real=0.00s
[2026-09-03T12:41:14.169+0800][28.023s][info][safepoint   ] Safepoint "G1CollectForAllocation", Time since last: 293712250 ns, Reaching safepoint: 2208 ns, At safepoint: 2365209 ns, Leaving safepoint: 37666 ns, Total: 2405083 ns, Threads: 0 runnable, 42 total
[2026-09-03T12:41:14.480+0800][28.334s][info][gc,start    ] GC(227) Pause Young (Concurrent Start) (G1 Evacuation Pause)
[2026-09-03T12:41:14.480+0800][28.334s][info][gc,task     ] GC(227) Using 9 workers of 9 for evacuation
[2026-09-03T12:41:14.482+0800][28.336s][info][gc,phases   ] GC(227)   Pre Evacuate Collection Set: 0.07ms
[2026-09-03T12:41:14.482+0800][28.336s][info][gc,phases   ] GC(227)   Merge Heap Roots: 0.03ms
[2026-09-03T12:41:14.482+0800][28.336s][info][gc,phases   ] GC(227)   Evacuate Collection Set: 1.99ms
[2026-09-03T12:41:14.482+0800][28.336s][info][gc,phases   ] GC(227)   Post Evacuate Collection Set: 0.11ms
[2026-09-03T12:41:14.482+0800][28.336s][info][gc,phases   ] GC(227)   Other: 0.07ms
[2026-09-03T12:41:14.482+0800][28.336s][info][gc,heap     ] GC(227) Eden regions: 102->0(87)
[2026-09-03T12:41:14.482+0800][28.336s][info][gc,heap     ] GC(227) Survivor regions: 14->15(15)
[2026-09-03T12:41:14.482+0800][28.336s][info][gc,heap     ] GC(227) Old regions: 97->117
[2026-09-03T12:41:14.482+0800][28.336s][info][gc,heap     ] GC(227) Humongous regions: 1->1
[2026-09-03T12:41:14.482+0800][28.336s][info][gc,metaspace] GC(227) Metaspace: 1059K(1216K)->1059K(1216K) NonClass: 994K(1088K)->994K(1088K) Class: 64K(128K)->64K(128K)
[2026-09-03T12:41:14.482+0800][28.336s][info][gc          ] GC(227) Pause Young (Concurrent Start) (G1 Evacuation Pause) 212M->131M(256M) 2.433ms
[2026-09-03T12:41:14.482+0800][28.336s][info][gc,cpu      ] GC(227) User=0.02s Sys=0.00s Real=0.00s
[2026-09-03T12:41:14.482+0800][28.336s][info][gc          ] GC(228) Concurrent Mark Cycle
[2026-09-03T12:41:14.482+0800][28.336s][info][gc,marking  ] GC(228) Concurrent Scan Root Regions
[2026-09-03T12:41:14.482+0800][28.336s][info][safepoint   ] Safepoint "G1CollectForAllocation", Time since last: 310321959 ns, Reaching safepoint: 2875 ns, At safepoint: 2478750 ns, Leaving safepoint: 53708 ns, Total: 2535333 ns, Threads: 0 runnable, 42 total
[2026-09-03T12:41:14.484+0800][28.338s][info][gc,marking  ] GC(228) Concurrent Scan Root Regions 2.164ms
[2026-09-03T12:41:14.484+0800][28.338s][info][gc,marking  ] GC(228) Concurrent Mark
[2026-09-03T12:41:14.484+0800][28.338s][info][gc,marking  ] GC(228) Concurrent Mark From Roots
[2026-09-03T12:41:14.484+0800][28.338s][info][gc,task     ] GC(228) Concurrent Mark Using 2 of 2 Workers
[2026-09-03T12:41:14.489+0800][28.343s][info][gc,marking  ] GC(228) Concurrent Mark From Roots 4.369ms
[2026-09-03T12:41:14.489+0800][28.343s][info][gc,marking  ] GC(228) Concurrent Preclean
[2026-09-03T12:41:14.489+0800][28.343s][info][gc,marking  ] GC(228) Concurrent Preclean 0.012ms
[2026-09-03T12:41:14.489+0800][28.343s][info][gc,start    ] GC(228) Pause Remark
[2026-09-03T12:41:14.489+0800][28.343s][info][gc          ] GC(228) Pause Remark 135M->101M(256M) 0.357ms
[2026-09-03T12:41:14.489+0800][28.343s][info][gc,cpu      ] GC(228) User=0.00s Sys=0.00s Real=0.00s
[2026-09-03T12:41:14.489+0800][28.343s][info][safepoint   ] Safepoint "G1PauseRemark", Time since last: 6565458 ns, Reaching safepoint: 2667 ns, At safepoint: 383042 ns, Leaving safepoint: 27333 ns, Total: 413042 ns, Threads: 0 runnable, 42 total
[2026-09-03T12:41:14.489+0800][28.343s][info][gc,marking  ] GC(228) Concurrent Mark 4.890ms
[2026-09-03T12:41:14.489+0800][28.343s][info][gc,marking  ] GC(228) Concurrent Rebuild Remembered Sets and Scrub Regions
[2026-09-03T12:41:14.493+0800][28.347s][info][gc,marking  ] GC(228) Concurrent Rebuild Remembered Sets and Scrub Regions 3.484ms
[2026-09-03T12:41:14.493+0800][28.347s][info][gc,start    ] GC(228) Pause Cleanup
[2026-09-03T12:41:14.493+0800][28.347s][info][gc          ] GC(228) Pause Cleanup 103M->103M(256M) 0.030ms
[2026-09-03T12:41:14.493+0800][28.347s][info][gc,cpu      ] GC(228) User=0.00s Sys=0.00s Real=0.00s
[2026-09-03T12:41:14.493+0800][28.347s][info][safepoint   ] Safepoint "G1PauseCleanup", Time since last: 3565958 ns, Reaching safepoint: 1500 ns, At safepoint: 46875 ns, Leaving safepoint: 3500 ns, Total: 51875 ns, Threads: 0 runnable, 42 total
[2026-09-03T12:41:14.493+0800][28.347s][info][gc,marking  ] GC(228) Concurrent Clear Claimed Marks
[2026-09-03T12:41:14.493+0800][28.347s][info][gc,marking  ] GC(228) Concurrent Clear Claimed Marks 0.008ms
[2026-09-03T12:41:14.493+0800][28.347s][info][gc,marking  ] GC(228) Concurrent Cleanup for Next Mark
[2026-09-03T12:41:14.493+0800][28.347s][info][gc,marking  ] GC(228) Concurrent Cleanup for Next Mark 0.086ms
[2026-09-03T12:41:14.493+0800][28.347s][info][gc          ] GC(228) Concurrent Mark Cycle 10.777ms
[2026-09-03T12:41:14.743+0800][28.597s][info][gc,start    ] GC(229) Pause Young (Prepare Mixed) (G1 Evacuation Pause)
[2026-09-03T12:41:14.743+0800][28.597s][info][gc,task     ] GC(229) Using 9 workers of 9 for evacuation
[2026-09-03T12:41:14.746+0800][28.600s][info][gc,phases   ] GC(229)   Pre Evacuate Collection Set: 0.05ms
[2026-09-03T12:41:14.746+0800][28.600s][info][gc,phases   ] GC(229)   Merge Heap Roots: 0.02ms
[2026-09-03T12:41:14.746+0800][28.600s][info][gc,phases   ] GC(229)   Evacuate Collection Set: 2.28ms
[2026-09-03T12:41:14.746+0800][28.600s][info][gc,phases   ] GC(229)   Post Evacuate Collection Set: 0.13ms
[2026-09-03T12:41:14.746+0800][28.600s][info][gc,phases   ] GC(229)   Other: 0.07ms
[2026-09-03T12:41:14.746+0800][28.600s][info][gc,heap     ] GC(229) Eden regions: 87->0(98)
[2026-09-03T12:41:14.746+0800][28.600s][info][gc,heap     ] GC(229) Survivor regions: 15->13(13)
[2026-09-03T12:41:14.746+0800][28.600s][info][gc,heap     ] GC(229) Old regions: 83->103
[2026-09-03T12:41:14.746+0800][28.600s][info][gc,heap     ] GC(229) Humongous regions: 1->1
[2026-09-03T12:41:14.746+0800][28.600s][info][gc,metaspace] GC(229) Metaspace: 1059K(1216K)->1059K(1216K) NonClass: 994K(1088K)->994K(1088K) Class: 64K(128K)->64K(128K)
[2026-09-03T12:41:14.746+0800][28.600s][info][gc          ] GC(229) Pause Young (Prepare Mixed) (G1 Evacuation Pause) 184M->116M(256M) 2.723ms
[2026-09-03T12:41:14.746+0800][28.600s][info][gc,cpu      ] GC(229) User=0.02s Sys=0.01s Real=0.00s
[2026-09-03T12:41:14.746+0800][28.600s][info][safepoint   ] Safepoint "G1CollectForAllocation", Time since last: 250125917 ns, Reaching safepoint: 2333 ns, At safepoint: 2753417 ns, Leaving safepoint: 49750 ns, Total: 2805500 ns, Threads: 0 runnable, 42 total
[2026-09-03T12:41:15.039+0800][28.893s][info][gc,start    ] GC(230) Pause Young (Mixed) (G1 Evacuation Pause)
[2026-09-03T12:41:15.039+0800][28.893s][info][gc,task     ] GC(230) Using 9 workers of 9 for evacuation
[2026-09-03T12:41:15.042+0800][28.896s][info][gc,phases   ] GC(230)   Pre Evacuate Collection Set: 0.04ms
[2026-09-03T12:41:15.042+0800][28.896s][info][gc,phases   ] GC(230)   Merge Heap Roots: 0.03ms
[2026-09-03T12:41:15.042+0800][28.896s][info][gc,phases   ] GC(230)   Evacuate Collection Set: 2.28ms
[2026-09-03T12:41:15.042+0800][28.896s][info][gc,phases   ] GC(230)   Post Evacuate Collection Set: 0.10ms
[2026-09-03T12:41:15.042+0800][28.896s][info][gc,phases   ] GC(230)   Other: 0.07ms
[2026-09-03T12:41:15.042+0800][28.896s][info][gc,heap     ] GC(230) Eden regions: 98->0(102)
[2026-09-03T12:41:15.042+0800][28.896s][info][gc,heap     ] GC(230) Survivor regions: 13->14(14)
[2026-09-03T12:41:15.042+0800][28.896s][info][gc,heap     ] GC(230) Old regions: 103->97
[2026-09-03T12:41:15.042+0800][28.896s][info][gc,heap     ] GC(230) Humongous regions: 1->1
[2026-09-03T12:41:15.042+0800][28.896s][info][gc,metaspace] GC(230) Metaspace: 1059K(1216K)->1059K(1216K) NonClass: 994K(1088K)->994K(1088K) Class: 64K(128K)->64K(128K)
[2026-09-03T12:41:15.042+0800][28.896s][info][gc          ] GC(230) Pause Young (Mixed) (G1 Evacuation Pause) 214M->110M(256M) 2.665ms
[2026-09-03T12:41:15.042+0800][28.896s][info][gc,cpu      ] GC(230) User=0.01s Sys=0.00s Real=0.01s
[2026-09-03T12:41:15.042+0800][28.896s][info][safepoint   ] Safepoint "G1CollectForAllocation", Time since last: 293456542 ns, Reaching safepoint: 6708 ns, At safepoint: 2692458 ns, Leaving safepoint: 64667 ns, Total: 2763833 ns, Threads: 0 runnable, 42 total
[2026-09-03T12:41:15.352+0800][29.206s][info][gc,start    ] GC(231) Pause Young (Concurrent Start) (G1 Evacuation Pause)
[2026-09-03T12:41:15.352+0800][29.206s][info][gc,task     ] GC(231) Using 9 workers of 9 for evacuation
[2026-09-03T12:41:15.355+0800][29.209s][info][gc,phases   ] GC(231)   Pre Evacuate Collection Set: 0.06ms
[2026-09-03T12:41:15.355+0800][29.209s][info][gc,phases   ] GC(231)   Merge Heap Roots: 0.02ms
[2026-09-03T12:41:15.355+0800][29.209s][info][gc,phases   ] GC(231)   Evacuate Collection Set: 2.91ms
[2026-09-03T12:41:15.355+0800][29.209s][info][gc,phases   ] GC(231)   Post Evacuate Collection Set: 0.11ms
[2026-09-03T12:41:15.355+0800][29.209s][info][gc,phases   ] GC(231)   Other: 0.06ms
[2026-09-03T12:41:15.355+0800][29.209s][info][gc,heap     ] GC(231) Eden regions: 102->0(87)
[2026-09-03T12:41:15.355+0800][29.209s][info][gc,heap     ] GC(231) Survivor regions: 14->15(15)
[2026-09-03T12:41:15.355+0800][29.209s][info][gc,heap     ] GC(231) Old regions: 97->117
[2026-09-03T12:41:15.355+0800][29.209s][info][gc,heap     ] GC(231) Humongous regions: 1->1
[2026-09-03T12:41:15.355+0800][29.209s][info][gc,metaspace] GC(231) Metaspace: 1059K(1216K)->1059K(1216K) NonClass: 994K(1088K)->994K(1088K) Class: 64K(128K)->64K(128K)
[2026-09-03T12:41:15.355+0800][29.209s][info][gc          ] GC(231) Pause Young (Concurrent Start) (G1 Evacuation Pause) 212M->131M(256M) 3.308ms
[2026-09-03T12:41:15.355+0800][29.209s][info][gc,cpu      ] GC(231) User=0.02s Sys=0.00s Real=0.00s
[2026-09-03T12:41:15.355+0800][29.209s][info][gc          ] GC(232) Concurrent Mark Cycle
[2026-09-03T12:41:15.355+0800][29.209s][info][gc,marking  ] GC(232) Concurrent Scan Root Regions
[2026-09-03T12:41:15.355+0800][29.209s][info][safepoint   ] Safepoint "G1CollectForAllocation", Time since last: 309835292 ns, Reaching safepoint: 2541 ns, At safepoint: 3342167 ns, Leaving safepoint: 25833 ns, Total: 3370541 ns, Threads: 0 runnable, 42 total
[2026-09-03T12:41:15.357+0800][29.212s][info][gc,marking  ] GC(232) Concurrent Scan Root Regions 2.315ms
[2026-09-03T12:41:15.357+0800][29.212s][info][gc,marking  ] GC(232) Concurrent Mark
[2026-09-03T12:41:15.357+0800][29.212s][info][gc,marking  ] GC(232) Concurrent Mark From Roots
[2026-09-03T12:41:15.357+0800][29.212s][info][gc,task     ] GC(232) Concurrent Mark Using 2 of 2 Workers
[2026-09-03T12:41:15.362+0800][29.216s][info][gc,marking  ] GC(232) Concurrent Mark From Roots 4.048ms
[2026-09-03T12:41:15.362+0800][29.216s][info][gc,marking  ] GC(232) Concurrent Preclean
[2026-09-03T12:41:15.362+0800][29.216s][info][gc,marking  ] GC(232) Concurrent Preclean 0.010ms
[2026-09-03T12:41:15.362+0800][29.216s][info][gc,start    ] GC(232) Pause Remark
[2026-09-03T12:41:15.362+0800][29.216s][info][gc          ] GC(232) Pause Remark 135M->102M(256M) 0.395ms
[2026-09-03T12:41:15.362+0800][29.216s][info][gc,cpu      ] GC(232) User=0.01s Sys=0.00s Real=0.00s
[2026-09-03T12:41:15.362+0800][29.216s][info][safepoint   ] Safepoint "G1PauseRemark", Time since last: 6441334 ns, Reaching safepoint: 2833 ns, At safepoint: 421625 ns, Leaving safepoint: 26917 ns, Total: 451375 ns, Threads: 0 runnable, 42 total
[2026-09-03T12:41:15.362+0800][29.216s][info][gc,marking  ] GC(232) Concurrent Mark 4.620ms
[2026-09-03T12:41:15.362+0800][29.216s][info][gc,marking  ] GC(232) Concurrent Rebuild Remembered Sets and Scrub Regions
[2026-09-03T12:41:15.366+0800][29.220s][info][gc,marking  ] GC(232) Concurrent Rebuild Remembered Sets and Scrub Regions 4.011ms
[2026-09-03T12:41:15.366+0800][29.220s][info][gc,start    ] GC(232) Pause Cleanup
[2026-09-03T12:41:15.366+0800][29.220s][info][gc          ] GC(232) Pause Cleanup 104M->104M(256M) 0.038ms
[2026-09-03T12:41:15.366+0800][29.220s][info][gc,cpu      ] GC(232) User=0.00s Sys=0.00s Real=0.00s
[2026-09-03T12:41:15.366+0800][29.220s][info][safepoint   ] Safepoint "G1PauseCleanup", Time since last: 4119583 ns, Reaching safepoint: 39667 ns, At safepoint: 55958 ns, Leaving safepoint: 6292 ns, Total: 101917 ns, Threads: 2 runnable, 42 total
[2026-09-03T12:41:15.366+0800][29.220s][info][gc,marking  ] GC(232) Concurrent Clear Claimed Marks
[2026-09-03T12:41:15.366+0800][29.220s][info][gc,marking  ] GC(232) Concurrent Clear Claimed Marks 0.006ms
[2026-09-03T12:41:15.366+0800][29.220s][info][gc,marking  ] GC(232) Concurrent Cleanup for Next Mark
[2026-09-03T12:41:15.366+0800][29.220s][info][gc,marking  ] GC(232) Concurrent Cleanup for Next Mark 0.097ms
[2026-09-03T12:41:15.366+0800][29.220s][info][gc          ] GC(232) Concurrent Mark Cycle 11.275ms
[2026-09-03T12:41:15.615+0800][29.469s][info][gc,start    ] GC(233) Pause Young (Prepare Mixed) (G1 Evacuation Pause)
[2026-09-03T12:41:15.615+0800][29.469s][info][gc,task     ] GC(233) Using 9 workers of 9 for evacuation
[2026-09-03T12:41:15.617+0800][29.471s][info][gc,phases   ] GC(233)   Pre Evacuate Collection Set: 0.07ms
[2026-09-03T12:41:15.617+0800][29.471s][info][gc,phases   ] GC(233)   Merge Heap Roots: 0.03ms
[2026-09-03T12:41:15.617+0800][29.471s][info][gc,phases   ] GC(233)   Evacuate Collection Set: 1.84ms
[2026-09-03T12:41:15.617+0800][29.471s][info][gc,phases   ] GC(233)   Post Evacuate Collection Set: 0.07ms
[2026-09-03T12:41:15.617+0800][29.471s][info][gc,phases   ] GC(233)   Other: 0.06ms
[2026-09-03T12:41:15.617+0800][29.471s][info][gc,heap     ] GC(233) Eden regions: 87->0(98)
[2026-09-03T12:41:15.617+0800][29.471s][info][gc,heap     ] GC(233) Survivor regions: 15->13(13)
[2026-09-03T12:41:15.617+0800][29.471s][info][gc,heap     ] GC(233) Old regions: 84->103
[2026-09-03T12:41:15.617+0800][29.471s][info][gc,heap     ] GC(233) Humongous regions: 1->1
[2026-09-03T12:41:15.617+0800][29.471s][info][gc,metaspace] GC(233) Metaspace: 1059K(1216K)->1059K(1216K) NonClass: 994K(1088K)->994K(1088K) Class: 64K(128K)->64K(128K)
[2026-09-03T12:41:15.617+0800][29.471s][info][gc          ] GC(233) Pause Young (Prepare Mixed) (G1 Evacuation Pause) 185M->116M(256M) 2.209ms
[2026-09-03T12:41:15.617+0800][29.471s][info][gc,cpu      ] GC(233) User=0.01s Sys=0.00s Real=0.00s
[2026-09-03T12:41:15.617+0800][29.471s][info][safepoint   ] Safepoint "G1CollectForAllocation", Time since last: 248773125 ns, Reaching safepoint: 2666 ns, At safepoint: 2233334 ns, Leaving safepoint: 23291 ns, Total: 2259291 ns, Threads: 0 runnable, 42 total
[2026-09-03T12:41:15.911+0800][29.766s][info][gc,start    ] GC(234) Pause Young (Mixed) (G1 Evacuation Pause)
[2026-09-03T12:41:15.912+0800][29.766s][info][gc,task     ] GC(234) Using 9 workers of 9 for evacuation
[2026-09-03T12:41:15.914+0800][29.768s][info][gc,phases   ] GC(234)   Pre Evacuate Collection Set: 0.06ms
[2026-09-03T12:41:15.914+0800][29.768s][info][gc,phases   ] GC(234)   Merge Heap Roots: 0.04ms
[2026-09-03T12:41:15.914+0800][29.768s][info][gc,phases   ] GC(234)   Evacuate Collection Set: 2.45ms
[2026-09-03T12:41:15.914+0800][29.768s][info][gc,phases   ] GC(234)   Post Evacuate Collection Set: 0.09ms
[2026-09-03T12:41:15.914+0800][29.768s][info][gc,phases   ] GC(234)   Other: 0.06ms
[2026-09-03T12:41:15.914+0800][29.768s][info][gc,heap     ] GC(234) Eden regions: 98->0(102)
[2026-09-03T12:41:15.914+0800][29.768s][info][gc,heap     ] GC(234) Survivor regions: 13->14(14)
[2026-09-03T12:41:15.914+0800][29.768s][info][gc,heap     ] GC(234) Old regions: 103->97
[2026-09-03T12:41:15.914+0800][29.768s][info][gc,heap     ] GC(234) Humongous regions: 1->1
[2026-09-03T12:41:15.914+0800][29.768s][info][gc,metaspace] GC(234) Metaspace: 1059K(1216K)->1059K(1216K) NonClass: 994K(1088K)->994K(1088K) Class: 64K(128K)->64K(128K)
[2026-09-03T12:41:15.914+0800][29.768s][info][gc          ] GC(234) Pause Young (Mixed) (G1 Evacuation Pause) 214M->110M(256M) 2.866ms
[2026-09-03T12:41:15.914+0800][29.768s][info][gc,cpu      ] GC(234) User=0.02s Sys=0.00s Real=0.00s
[2026-09-03T12:41:15.914+0800][29.768s][info][safepoint   ] Safepoint "G1CollectForAllocation", Time since last: 294149584 ns, Reaching safepoint: 3208 ns, At safepoint: 2895125 ns, Leaving safepoint: 22875 ns, Total: 2921208 ns, Threads: 0 runnable, 42 total
[2026-09-03T12:41:16.224+0800][30.078s][info][gc,start    ] GC(235) Pause Young (Concurrent Start) (G1 Evacuation Pause)
[2026-09-03T12:41:16.224+0800][30.078s][info][gc,task     ] GC(235) Using 9 workers of 9 for evacuation
[2026-09-03T12:41:16.226+0800][30.081s][info][gc,phases   ] GC(235)   Pre Evacuate Collection Set: 0.06ms
[2026-09-03T12:41:16.227+0800][30.081s][info][gc,phases   ] GC(235)   Merge Heap Roots: 0.02ms
[2026-09-03T12:41:16.227+0800][30.081s][info][gc,phases   ] GC(235)   Evacuate Collection Set: 1.98ms
[2026-09-03T12:41:16.227+0800][30.081s][info][gc,phases   ] GC(235)   Post Evacuate Collection Set: 0.10ms
[2026-09-03T12:41:16.227+0800][30.081s][info][gc,phases   ] GC(235)   Other: 0.06ms
[2026-09-03T12:41:16.227+0800][30.081s][info][gc,heap     ] GC(235) Eden regions: 102->0(87)
[2026-09-03T12:41:16.227+0800][30.081s][info][gc,heap     ] GC(235) Survivor regions: 14->15(15)
[2026-09-03T12:41:16.227+0800][30.081s][info][gc,heap     ] GC(235) Old regions: 97->117
[2026-09-03T12:41:16.227+0800][30.081s][info][gc,heap     ] GC(235) Humongous regions: 1->1
[2026-09-03T12:41:16.227+0800][30.081s][info][gc,metaspace] GC(235) Metaspace: 1059K(1216K)->1059K(1216K) NonClass: 994K(1088K)->994K(1088K) Class: 64K(128K)->64K(128K)
[2026-09-03T12:41:16.227+0800][30.081s][info][gc          ] GC(235) Pause Young (Concurrent Start) (G1 Evacuation Pause) 212M->131M(256M) 2.352ms
[2026-09-03T12:41:16.227+0800][30.081s][info][gc,cpu      ] GC(235) User=0.01s Sys=0.01s Real=0.00s
[2026-09-03T12:41:16.227+0800][30.081s][info][gc          ] GC(236) Concurrent Mark Cycle
[2026-09-03T12:41:16.227+0800][30.081s][info][gc,marking  ] GC(236) Concurrent Scan Root Regions
[2026-09-03T12:41:16.227+0800][30.081s][info][safepoint   ] Safepoint "G1CollectForAllocation", Time since last: 309811458 ns, Reaching safepoint: 2584 ns, At safepoint: 2383500 ns, Leaving safepoint: 40500 ns, Total: 2426584 ns, Threads: 0 runnable, 42 total
[2026-09-03T12:41:16.230+0800][30.084s][info][gc,marking  ] GC(236) Concurrent Scan Root Regions 3.032ms
[2026-09-03T12:41:16.230+0800][30.084s][info][gc,marking  ] GC(236) Concurrent Mark
[2026-09-03T12:41:16.230+0800][30.084s][info][gc,marking  ] GC(236) Concurrent Mark From Roots
[2026-09-03T12:41:16.230+0800][30.084s][info][gc,task     ] GC(236) Concurrent Mark Using 2 of 2 Workers
[2026-09-03T12:41:16.233+0800][30.087s][info][gc,marking  ] GC(236) Concurrent Mark From Roots 3.612ms
[2026-09-03T12:41:16.233+0800][30.087s][info][gc,marking  ] GC(236) Concurrent Preclean
[2026-09-03T12:41:16.233+0800][30.087s][info][gc,marking  ] GC(236) Concurrent Preclean 0.009ms
[2026-09-03T12:41:16.233+0800][30.087s][info][gc,start    ] GC(236) Pause Remark
[2026-09-03T12:41:16.234+0800][30.088s][info][gc          ] GC(236) Pause Remark 135M->100M(256M) 0.456ms
[2026-09-03T12:41:16.234+0800][30.088s][info][gc,cpu      ] GC(236) User=0.00s Sys=0.00s Real=0.00s
[2026-09-03T12:41:16.234+0800][30.088s][info][safepoint   ] Safepoint "G1PauseRemark", Time since last: 6722541 ns, Reaching safepoint: 35584 ns, At safepoint: 478125 ns, Leaving safepoint: 17583 ns, Total: 531292 ns, Threads: 1 runnable, 42 total
[2026-09-03T12:41:16.234+0800][30.088s][info][gc,marking  ] GC(236) Concurrent Mark 4.279ms
[2026-09-03T12:41:16.234+0800][30.088s][info][gc,marking  ] GC(236) Concurrent Rebuild Remembered Sets and Scrub Regions
[2026-09-03T12:41:16.239+0800][30.093s][info][gc,marking  ] GC(236) Concurrent Rebuild Remembered Sets and Scrub Regions 5.250ms
[2026-09-03T12:41:16.239+0800][30.093s][info][gc,start    ] GC(236) Pause Cleanup
[2026-09-03T12:41:16.239+0800][30.093s][info][gc          ] GC(236) Pause Cleanup 102M->102M(256M) 0.115ms
[2026-09-03T12:41:16.239+0800][30.093s][info][gc,cpu      ] GC(236) User=0.00s Sys=0.00s Real=0.00s
[2026-09-03T12:41:16.239+0800][30.093s][info][safepoint   ] Safepoint "G1PauseCleanup", Time since last: 5381958 ns, Reaching safepoint: 2459 ns, At safepoint: 136041 ns, Leaving safepoint: 6459 ns, Total: 144959 ns, Threads: 0 runnable, 42 total
[2026-09-03T12:41:16.239+0800][30.093s][info][gc,marking  ] GC(236) Concurrent Clear Claimed Marks
[2026-09-03T12:41:16.239+0800][30.093s][info][gc,marking  ] GC(236) Concurrent Clear Claimed Marks 0.013ms
[2026-09-03T12:41:16.239+0800][30.094s][info][gc,marking  ] GC(236) Concurrent Cleanup for Next Mark
[2026-09-03T12:41:16.240+0800][30.094s][info][gc,marking  ] GC(236) Concurrent Cleanup for Next Mark 0.105ms
[2026-09-03T12:41:16.240+0800][30.094s][info][gc          ] GC(236) Concurrent Mark Cycle 12.976ms
[2026-09-03T12:41:16.487+0800][30.341s][info][gc,start    ] GC(237) Pause Young (Prepare Mixed) (G1 Evacuation Pause)
[2026-09-03T12:41:16.487+0800][30.341s][info][gc,task     ] GC(237) Using 9 workers of 9 for evacuation
[2026-09-03T12:41:16.490+0800][30.344s][info][gc,phases   ] GC(237)   Pre Evacuate Collection Set: 0.05ms
[2026-09-03T12:41:16.490+0800][30.344s][info][gc,phases   ] GC(237)   Merge Heap Roots: 0.04ms
[2026-09-03T12:41:16.490+0800][30.344s][info][gc,phases   ] GC(237)   Evacuate Collection Set: 2.02ms
[2026-09-03T12:41:16.490+0800][30.344s][info][gc,phases   ] GC(237)   Post Evacuate Collection Set: 0.10ms
[2026-09-03T12:41:16.490+0800][30.344s][info][gc,phases   ] GC(237)   Other: 0.05ms
[2026-09-03T12:41:16.490+0800][30.344s][info][gc,heap     ] GC(237) Eden regions: 87->0(99)
[2026-09-03T12:41:16.490+0800][30.344s][info][gc,heap     ] GC(237) Survivor regions: 15->13(13)
[2026-09-03T12:41:16.490+0800][30.344s][info][gc,heap     ] GC(237) Old regions: 82->101
[2026-09-03T12:41:16.490+0800][30.344s][info][gc,heap     ] GC(237) Humongous regions: 1->1
[2026-09-03T12:41:16.490+0800][30.344s][info][gc,metaspace] GC(237) Metaspace: 1059K(1216K)->1059K(1216K) NonClass: 994K(1088K)->994K(1088K) Class: 64K(128K)->64K(128K)
[2026-09-03T12:41:16.490+0800][30.344s][info][gc          ] GC(237) Pause Young (Prepare Mixed) (G1 Evacuation Pause) 183M->114M(256M) 2.394ms
[2026-09-03T12:41:16.490+0800][30.344s][info][gc,cpu      ] GC(237) User=0.01s Sys=0.00s Real=0.01s
[2026-09-03T12:41:16.490+0800][30.344s][info][safepoint   ] Safepoint "G1CollectForAllocation", Time since last: 247956708 ns, Reaching safepoint: 2500 ns, At safepoint: 2420167 ns, Leaving safepoint: 31791 ns, Total: 2454458 ns, Threads: 0 runnable, 42 total
[2026-09-03T12:41:16.787+0800][30.641s][info][gc,start    ] GC(238) Pause Young (Mixed) (G1 Evacuation Pause)
[2026-09-03T12:41:16.787+0800][30.641s][info][gc,task     ] GC(238) Using 9 workers of 9 for evacuation
[2026-09-03T12:41:16.789+0800][30.644s][info][gc,phases   ] GC(238)   Pre Evacuate Collection Set: 0.07ms
[2026-09-03T12:41:16.789+0800][30.644s][info][gc,phases   ] GC(238)   Merge Heap Roots: 0.04ms
[2026-09-03T12:41:16.789+0800][30.644s][info][gc,phases   ] GC(238)   Evacuate Collection Set: 2.35ms
[2026-09-03T12:41:16.789+0800][30.644s][info][gc,phases   ] GC(238)   Post Evacuate Collection Set: 0.10ms
[2026-09-03T12:41:16.789+0800][30.644s][info][gc,phases   ] GC(238)   Other: 0.06ms
[2026-09-03T12:41:16.789+0800][30.644s][info][gc,heap     ] GC(238) Eden regions: 99->0(102)
[2026-09-03T12:41:16.789+0800][30.644s][info][gc,heap     ] GC(238) Survivor regions: 13->14(14)
[2026-09-03T12:41:16.789+0800][30.644s][info][gc,heap     ] GC(238) Old regions: 101->97
[2026-09-03T12:41:16.789+0800][30.644s][info][gc,heap     ] GC(238) Humongous regions: 1->1
[2026-09-03T12:41:16.789+0800][30.644s][info][gc,metaspace] GC(238) Metaspace: 1059K(1216K)->1059K(1216K) NonClass: 994K(1088K)->994K(1088K) Class: 64K(128K)->64K(128K)
[2026-09-03T12:41:16.790+0800][30.644s][info][gc          ] GC(238) Pause Young (Mixed) (G1 Evacuation Pause) 213M->110M(256M) 2.760ms
[2026-09-03T12:41:16.790+0800][30.644s][info][gc,cpu      ] GC(238) User=0.02s Sys=0.01s Real=0.01s
[2026-09-03T12:41:16.790+0800][30.644s][info][safepoint   ] Safepoint "G1CollectForAllocation", Time since last: 296922417 ns, Reaching safepoint: 2292 ns, At safepoint: 2784500 ns, Leaving safepoint: 27000 ns, Total: 2813792 ns, Threads: 0 runnable, 42 total
[2026-09-03T12:41:17.096+0800][30.950s][info][gc,start    ] GC(239) Pause Young (Concurrent Start) (G1 Evacuation Pause)
[2026-09-03T12:41:17.096+0800][30.950s][info][gc,task     ] GC(239) Using 9 workers of 9 for evacuation
[2026-09-03T12:41:17.098+0800][30.952s][info][gc,phases   ] GC(239)   Pre Evacuate Collection Set: 0.09ms
[2026-09-03T12:41:17.098+0800][30.952s][info][gc,phases   ] GC(239)   Merge Heap Roots: 0.04ms
[2026-09-03T12:41:17.098+0800][30.952s][info][gc,phases   ] GC(239)   Evacuate Collection Set: 1.93ms
[2026-09-03T12:41:17.098+0800][30.952s][info][gc,phases   ] GC(239)   Post Evacuate Collection Set: 0.10ms
[2026-09-03T12:41:17.098+0800][30.952s][info][gc,phases   ] GC(239)   Other: 0.06ms
[2026-09-03T12:41:17.098+0800][30.952s][info][gc,heap     ] GC(239) Eden regions: 102->0(87)
[2026-09-03T12:41:17.098+0800][30.952s][info][gc,heap     ] GC(239) Survivor regions: 14->15(15)
[2026-09-03T12:41:17.098+0800][30.952s][info][gc,heap     ] GC(239) Old regions: 97->117
[2026-09-03T12:41:17.098+0800][30.952s][info][gc,heap     ] GC(239) Humongous regions: 1->1
[2026-09-03T12:41:17.098+0800][30.952s][info][gc,metaspace] GC(239) Metaspace: 1059K(1216K)->1059K(1216K) NonClass: 994K(1088K)->994K(1088K) Class: 64K(128K)->64K(128K)
[2026-09-03T12:41:17.098+0800][30.952s][info][gc          ] GC(239) Pause Young (Concurrent Start) (G1 Evacuation Pause) 212M->132M(256M) 2.332ms
[2026-09-03T12:41:17.098+0800][30.952s][info][gc,cpu      ] GC(239) User=0.01s Sys=0.00s Real=0.00s
[2026-09-03T12:41:17.098+0800][30.952s][info][gc          ] GC(240) Concurrent Mark Cycle
[2026-09-03T12:41:17.098+0800][30.952s][info][gc,marking  ] GC(240) Concurrent Scan Root Regions
[2026-09-03T12:41:17.098+0800][30.952s][info][safepoint   ] Safepoint "G1CollectForAllocation", Time since last: 306324625 ns, Reaching safepoint: 2791 ns, At safepoint: 2362959 ns, Leaving safepoint: 41333 ns, Total: 2407083 ns, Threads: 0 runnable, 42 total
[2026-09-03T12:41:17.100+0800][30.954s][info][gc,marking  ] GC(240) Concurrent Scan Root Regions 2.070ms
[2026-09-03T12:41:17.100+0800][30.954s][info][gc,marking  ] GC(240) Concurrent Mark
[2026-09-03T12:41:17.100+0800][30.954s][info][gc,marking  ] GC(240) Concurrent Mark From Roots
[2026-09-03T12:41:17.100+0800][30.954s][info][gc,task     ] GC(240) Concurrent Mark Using 2 of 2 Workers
[2026-09-03T12:41:17.105+0800][30.959s][info][gc,marking  ] GC(240) Concurrent Mark From Roots 4.313ms
[2026-09-03T12:41:17.105+0800][30.959s][info][gc,marking  ] GC(240) Concurrent Preclean
[2026-09-03T12:41:17.105+0800][30.959s][info][gc,marking  ] GC(240) Concurrent Preclean 0.012ms
[2026-09-03T12:41:17.105+0800][30.959s][info][gc,start    ] GC(240) Pause Remark
[2026-09-03T12:41:17.105+0800][30.959s][info][gc          ] GC(240) Pause Remark 136M->102M(256M) 0.344ms
[2026-09-03T12:41:17.105+0800][30.959s][info][gc,cpu      ] GC(240) User=0.00s Sys=0.00s Real=0.00s
[2026-09-03T12:41:17.105+0800][30.959s][info][safepoint   ] Safepoint "G1PauseRemark", Time since last: 6443917 ns, Reaching safepoint: 20791 ns, At safepoint: 372542 ns, Leaving safepoint: 11750 ns, Total: 405083 ns, Threads: 2 runnable, 42 total
[2026-09-03T12:41:17.105+0800][30.959s][info][gc,marking  ] GC(240) Concurrent Mark 4.808ms
[2026-09-03T12:41:17.105+0800][30.959s][info][gc,marking  ] GC(240) Concurrent Rebuild Remembered Sets and Scrub Regions
[2026-09-03T12:41:17.109+0800][30.963s][info][gc,marking  ] GC(240) Concurrent Rebuild Remembered Sets and Scrub Regions 3.818ms
[2026-09-03T12:41:17.109+0800][30.963s][info][gc,start    ] GC(240) Pause Cleanup
[2026-09-03T12:41:17.109+0800][30.963s][info][gc          ] GC(240) Pause Cleanup 103M->103M(256M) 0.034ms
[2026-09-03T12:41:17.109+0800][30.963s][info][gc,cpu      ] GC(240) User=0.00s Sys=0.00s Real=0.00s
[2026-09-03T12:41:17.109+0800][30.963s][info][safepoint   ] Safepoint "G1PauseCleanup", Time since last: 3870083 ns, Reaching safepoint: 35250 ns, At safepoint: 53125 ns, Leaving safepoint: 5792 ns, Total: 94167 ns, Threads: 2 runnable, 42 total
[2026-09-03T12:41:17.109+0800][30.963s][info][gc,marking  ] GC(240) Concurrent Clear Claimed Marks
[2026-09-03T12:41:17.109+0800][30.963s][info][gc,marking  ] GC(240) Concurrent Clear Claimed Marks 0.008ms
[2026-09-03T12:41:17.109+0800][30.963s][info][gc,marking  ] GC(240) Concurrent Cleanup for Next Mark
[2026-09-03T12:41:17.109+0800][30.963s][info][gc,marking  ] GC(240) Concurrent Cleanup for Next Mark 0.112ms
[2026-09-03T12:41:17.109+0800][30.963s][info][gc          ] GC(240) Concurrent Mark Cycle 11.010ms
[2026-09-03T12:41:17.361+0800][31.215s][info][gc,start    ] GC(241) Pause Young (Prepare Mixed) (G1 Evacuation Pause)
[2026-09-03T12:41:17.361+0800][31.215s][info][gc,task     ] GC(241) Using 9 workers of 9 for evacuation
[2026-09-03T12:41:17.364+0800][31.218s][info][gc,phases   ] GC(241)   Pre Evacuate Collection Set: 0.08ms
[2026-09-03T12:41:17.364+0800][31.218s][info][gc,phases   ] GC(241)   Merge Heap Roots: 0.03ms
[2026-09-03T12:41:17.364+0800][31.218s][info][gc,phases   ] GC(241)   Evacuate Collection Set: 2.69ms
[2026-09-03T12:41:17.364+0800][31.218s][info][gc,phases   ] GC(241)   Post Evacuate Collection Set: 0.09ms
[2026-09-03T12:41:17.364+0800][31.218s][info][gc,phases   ] GC(241)   Other: 0.06ms
[2026-09-03T12:41:17.364+0800][31.218s][info][gc,heap     ] GC(241) Eden regions: 87->0(98)
[2026-09-03T12:41:17.364+0800][31.218s][info][gc,heap     ] GC(241) Survivor regions: 15->13(13)
[2026-09-03T12:41:17.364+0800][31.218s][info][gc,heap     ] GC(241) Old regions: 83->103
[2026-09-03T12:41:17.364+0800][31.218s][info][gc,heap     ] GC(241) Humongous regions: 1->1
[2026-09-03T12:41:17.364+0800][31.218s][info][gc,metaspace] GC(241) Metaspace: 1059K(1216K)->1059K(1216K) NonClass: 994K(1088K)->994K(1088K) Class: 64K(128K)->64K(128K)
[2026-09-03T12:41:17.364+0800][31.218s][info][gc          ] GC(241) Pause Young (Prepare Mixed) (G1 Evacuation Pause) 185M->116M(256M) 3.079ms
[2026-09-03T12:41:17.364+0800][31.218s][info][gc,cpu      ] GC(241) User=0.02s Sys=0.00s Real=0.00s
[2026-09-03T12:41:17.364+0800][31.218s][info][safepoint   ] Safepoint "G1CollectForAllocation", Time since last: 251515083 ns, Reaching safepoint: 3084 ns, At safepoint: 3109250 ns, Leaving safepoint: 26416 ns, Total: 3138750 ns, Threads: 0 runnable, 42 total
[2026-09-03T12:41:17.657+0800][31.511s][info][gc,start    ] GC(242) Pause Young (Mixed) (G1 Evacuation Pause)
[2026-09-03T12:41:17.657+0800][31.511s][info][gc,task     ] GC(242) Using 9 workers of 9 for evacuation
[2026-09-03T12:41:17.659+0800][31.514s][info][gc,phases   ] GC(242)   Pre Evacuate Collection Set: 0.07ms
[2026-09-03T12:41:17.659+0800][31.514s][info][gc,phases   ] GC(242)   Merge Heap Roots: 0.03ms
[2026-09-03T12:41:17.659+0800][31.514s][info][gc,phases   ] GC(242)   Evacuate Collection Set: 1.90ms
[2026-09-03T12:41:17.659+0800][31.514s][info][gc,phases   ] GC(242)   Post Evacuate Collection Set: 0.11ms
[2026-09-03T12:41:17.659+0800][31.514s][info][gc,phases   ] GC(242)   Other: 0.06ms
[2026-09-03T12:41:17.660+0800][31.514s][info][gc,heap     ] GC(242) Eden regions: 98->0(102)
[2026-09-03T12:41:17.660+0800][31.514s][info][gc,heap     ] GC(242) Survivor regions: 13->14(14)
[2026-09-03T12:41:17.660+0800][31.514s][info][gc,heap     ] GC(242) Old regions: 103->96
[2026-09-03T12:41:17.660+0800][31.514s][info][gc,heap     ] GC(242) Humongous regions: 1->1
[2026-09-03T12:41:17.660+0800][31.514s][info][gc,metaspace] GC(242) Metaspace: 1059K(1216K)->1059K(1216K) NonClass: 994K(1088K)->994K(1088K) Class: 64K(128K)->64K(128K)
[2026-09-03T12:41:17.660+0800][31.514s][info][gc          ] GC(242) Pause Young (Mixed) (G1 Evacuation Pause) 214M->110M(256M) 2.312ms
[2026-09-03T12:41:17.660+0800][31.514s][info][gc,cpu      ] GC(242) User=0.02s Sys=0.00s Real=0.01s
[2026-09-03T12:41:17.660+0800][31.514s][info][safepoint   ] Safepoint "G1CollectForAllocation", Time since last: 293454375 ns, Reaching safepoint: 2584 ns, At safepoint: 2339333 ns, Leaving safepoint: 34750 ns, Total: 2376667 ns, Threads: 0 runnable, 42 total
[2026-09-03T12:41:17.970+0800][31.824s][info][gc,start    ] GC(243) Pause Young (Concurrent Start) (G1 Evacuation Pause)
[2026-09-03T12:41:17.970+0800][31.824s][info][gc,task     ] GC(243) Using 9 workers of 9 for evacuation
[2026-09-03T12:41:17.973+0800][31.827s][info][gc,phases   ] GC(243)   Pre Evacuate Collection Set: 0.09ms
[2026-09-03T12:41:17.973+0800][31.827s][info][gc,phases   ] GC(243)   Merge Heap Roots: 0.03ms
[2026-09-03T12:41:17.973+0800][31.827s][info][gc,phases   ] GC(243)   Evacuate Collection Set: 2.48ms
[2026-09-03T12:41:17.973+0800][31.827s][info][gc,phases   ] GC(243)   Post Evacuate Collection Set: 0.10ms
[2026-09-03T12:41:17.973+0800][31.827s][info][gc,phases   ] GC(243)   Other: 0.06ms
[2026-09-03T12:41:17.973+0800][31.827s][info][gc,heap     ] GC(243) Eden regions: 102->0(87)
[2026-09-03T12:41:17.973+0800][31.827s][info][gc,heap     ] GC(243) Survivor regions: 14->15(15)
[2026-09-03T12:41:17.973+0800][31.827s][info][gc,heap     ] GC(243) Old regions: 96->117
[2026-09-03T12:41:17.973+0800][31.827s][info][gc,heap     ] GC(243) Humongous regions: 1->1
[2026-09-03T12:41:17.973+0800][31.827s][info][gc,metaspace] GC(243) Metaspace: 1059K(1216K)->1059K(1216K) NonClass: 994K(1088K)->994K(1088K) Class: 64K(128K)->64K(128K)
[2026-09-03T12:41:17.973+0800][31.827s][info][gc          ] GC(243) Pause Young (Concurrent Start) (G1 Evacuation Pause) 212M->131M(256M) 2.898ms
[2026-09-03T12:41:17.973+0800][31.827s][info][gc,cpu      ] GC(243) User=0.02s Sys=0.00s Real=0.00s
[2026-09-03T12:41:17.973+0800][31.827s][info][gc          ] GC(244) Concurrent Mark Cycle
[2026-09-03T12:41:17.973+0800][31.827s][info][gc,marking  ] GC(244) Concurrent Scan Root Regions
[2026-09-03T12:41:17.973+0800][31.827s][info][safepoint   ] Safepoint "G1CollectForAllocation", Time since last: 310320292 ns, Reaching safepoint: 22750 ns, At safepoint: 2929875 ns, Leaving safepoint: 27083 ns, Total: 2979708 ns, Threads: 1 runnable, 42 total
[2026-09-03T12:41:17.975+0800][31.829s][info][gc,marking  ] GC(244) Concurrent Scan Root Regions 2.154ms
[2026-09-03T12:41:17.975+0800][31.829s][info][gc,marking  ] GC(244) Concurrent Mark
[2026-09-03T12:41:17.975+0800][31.829s][info][gc,marking  ] GC(244) Concurrent Mark From Roots
[2026-09-03T12:41:17.975+0800][31.829s][info][gc,task     ] GC(244) Concurrent Mark Using 2 of 2 Workers
[2026-09-03T12:41:17.979+0800][31.833s][info][gc,marking  ] GC(244) Concurrent Mark From Roots 4.202ms
[2026-09-03T12:41:17.979+0800][31.833s][info][gc,marking  ] GC(244) Concurrent Preclean
[2026-09-03T12:41:17.979+0800][31.833s][info][gc,marking  ] GC(244) Concurrent Preclean 0.010ms
[2026-09-03T12:41:17.979+0800][31.833s][info][gc,start    ] GC(244) Pause Remark
[2026-09-03T12:41:17.980+0800][31.834s][info][gc          ] GC(244) Pause Remark 135M->98M(256M) 0.350ms
[2026-09-03T12:41:17.980+0800][31.834s][info][gc,cpu      ] GC(244) User=0.00s Sys=0.00s Real=0.01s
[2026-09-03T12:41:17.980+0800][31.834s][info][safepoint   ] Safepoint "G1PauseRemark", Time since last: 6410042 ns, Reaching safepoint: 63708 ns, At safepoint: 427833 ns, Leaving safepoint: 36125 ns, Total: 527666 ns, Threads: 2 runnable, 42 total
[2026-09-03T12:41:17.980+0800][31.834s][info][gc,marking  ] GC(244) Concurrent Mark 4.905ms
[2026-09-03T12:41:17.980+0800][31.834s][info][gc,marking  ] GC(244) Concurrent Rebuild Remembered Sets and Scrub Regions
[2026-09-03T12:41:17.984+0800][31.838s][info][gc,marking  ] GC(244) Concurrent Rebuild Remembered Sets and Scrub Regions 3.898ms
[2026-09-03T12:41:17.984+0800][31.838s][info][gc,start    ] GC(244) Pause Cleanup
[2026-09-03T12:41:17.984+0800][31.838s][info][gc          ] GC(244) Pause Cleanup 100M->100M(256M) 0.036ms
[2026-09-03T12:41:17.984+0800][31.838s][info][gc,cpu      ] GC(244) User=0.00s Sys=0.00s Real=0.00s
[2026-09-03T12:41:17.984+0800][31.838s][info][safepoint   ] Safepoint "G1PauseCleanup", Time since last: 4098459 ns, Reaching safepoint: 2416 ns, At safepoint: 57709 ns, Leaving safepoint: 3375 ns, Total: 63500 ns, Threads: 0 runnable, 42 total
[2026-09-03T12:41:17.984+0800][31.838s][info][gc,marking  ] GC(244) Concurrent Clear Claimed Marks
[2026-09-03T12:41:17.984+0800][31.838s][info][gc,marking  ] GC(244) Concurrent Clear Claimed Marks 0.012ms
[2026-09-03T12:41:17.984+0800][31.838s][info][gc,marking  ] GC(244) Concurrent Cleanup for Next Mark
[2026-09-03T12:41:17.984+0800][31.838s][info][gc,marking  ] GC(244) Concurrent Cleanup for Next Mark 0.126ms
[2026-09-03T12:41:17.984+0800][31.838s][info][gc          ] GC(244) Concurrent Mark Cycle 11.362ms
[2026-09-03T12:41:18.233+0800][32.087s][info][gc,start    ] GC(245) Pause Young (Prepare Mixed) (G1 Evacuation Pause)
[2026-09-03T12:41:18.233+0800][32.087s][info][gc,task     ] GC(245) Using 9 workers of 9 for evacuation
[2026-09-03T12:41:18.235+0800][32.089s][info][gc,phases   ] GC(245)   Pre Evacuate Collection Set: 0.06ms
[2026-09-03T12:41:18.235+0800][32.089s][info][gc,phases   ] GC(245)   Merge Heap Roots: 0.03ms
[2026-09-03T12:41:18.235+0800][32.089s][info][gc,phases   ] GC(245)   Evacuate Collection Set: 1.92ms
[2026-09-03T12:41:18.235+0800][32.089s][info][gc,phases   ] GC(245)   Post Evacuate Collection Set: 0.11ms
[2026-09-03T12:41:18.235+0800][32.089s][info][gc,phases   ] GC(245)   Other: 0.07ms
[2026-09-03T12:41:18.235+0800][32.089s][info][gc,heap     ] GC(245) Eden regions: 87->0(101)
[2026-09-03T12:41:18.235+0800][32.089s][info][gc,heap     ] GC(245) Survivor regions: 15->13(13)
[2026-09-03T12:41:18.235+0800][32.089s][info][gc,heap     ] GC(245) Old regions: 80->99
[2026-09-03T12:41:18.235+0800][32.089s][info][gc,heap     ] GC(245) Humongous regions: 1->1
[2026-09-03T12:41:18.235+0800][32.089s][info][gc,metaspace] GC(245) Metaspace: 1059K(1216K)->1059K(1216K) NonClass: 994K(1088K)->994K(1088K) Class: 64K(128K)->64K(128K)
[2026-09-03T12:41:18.235+0800][32.089s][info][gc          ] GC(245) Pause Young (Prepare Mixed) (G1 Evacuation Pause) 181M->112M(256M) 2.321ms
[2026-09-03T12:41:18.235+0800][32.089s][info][gc,cpu      ] GC(245) User=0.01s Sys=0.00s Real=0.00s
[2026-09-03T12:41:18.235+0800][32.089s][info][safepoint   ] Safepoint "G1CollectForAllocation", Time since last: 249062125 ns, Reaching safepoint: 2583 ns, At safepoint: 2350292 ns, Leaving safepoint: 22625 ns, Total: 2375500 ns, Threads: 0 runnable, 42 total
[2026-09-03T12:41:18.539+0800][32.393s][info][gc,start    ] GC(246) Pause Young (Mixed) (G1 Evacuation Pause)
[2026-09-03T12:41:18.539+0800][32.393s][info][gc,task     ] GC(246) Using 9 workers of 9 for evacuation
[2026-09-03T12:41:18.542+0800][32.396s][info][gc,phases   ] GC(246)   Pre Evacuate Collection Set: 0.07ms
[2026-09-03T12:41:18.542+0800][32.396s][info][gc,phases   ] GC(246)   Merge Heap Roots: 0.05ms
[2026-09-03T12:41:18.542+0800][32.396s][info][gc,phases   ] GC(246)   Evacuate Collection Set: 2.97ms
[2026-09-03T12:41:18.542+0800][32.396s][info][gc,phases   ] GC(246)   Post Evacuate Collection Set: 0.19ms
[2026-09-03T12:41:18.542+0800][32.396s][info][gc,phases   ] GC(246)   Other: 0.14ms
[2026-09-03T12:41:18.542+0800][32.396s][info][gc,heap     ] GC(246) Eden regions: 101->0(101)
[2026-09-03T12:41:18.542+0800][32.396s][info][gc,heap     ] GC(246) Survivor regions: 13->15(15)
[2026-09-03T12:41:18.542+0800][32.396s][info][gc,heap     ] GC(246) Old regions: 99->97
[2026-09-03T12:41:18.542+0800][32.396s][info][gc,heap     ] GC(246) Humongous regions: 1->1
[2026-09-03T12:41:18.542+0800][32.396s][info][gc,metaspace] GC(246) Metaspace: 1059K(1216K)->1059K(1216K) NonClass: 994K(1088K)->994K(1088K) Class: 64K(128K)->64K(128K)
[2026-09-03T12:41:18.542+0800][32.396s][info][gc          ] GC(246) Pause Young (Mixed) (G1 Evacuation Pause) 213M->112M(256M) 3.819ms
[2026-09-03T12:41:18.542+0800][32.396s][info][gc,cpu      ] GC(246) User=0.02s Sys=0.00s Real=0.01s
[2026-09-03T12:41:18.542+0800][32.396s][info][safepoint   ] Safepoint "G1CollectForAllocation", Time since last: 303078166 ns, Reaching safepoint: 20875 ns, At safepoint: 3868209 ns, Leaving safepoint: 18166 ns, Total: 3907250 ns, Threads: 0 runnable, 42 total
[2026-09-03T12:41:18.846+0800][32.700s][info][gc,start    ] GC(247) Pause Young (Concurrent Start) (G1 Evacuation Pause)
[2026-09-03T12:41:18.846+0800][32.700s][info][gc,task     ] GC(247) Using 9 workers of 9 for evacuation
[2026-09-03T12:41:18.848+0800][32.703s][info][gc,phases   ] GC(247)   Pre Evacuate Collection Set: 0.09ms
[2026-09-03T12:41:18.849+0800][32.703s][info][gc,phases   ] GC(247)   Merge Heap Roots: 0.04ms
[2026-09-03T12:41:18.849+0800][32.703s][info][gc,phases   ] GC(247)   Evacuate Collection Set: 2.04ms
[2026-09-03T12:41:18.849+0800][32.703s][info][gc,phases   ] GC(247)   Post Evacuate Collection Set: 0.10ms
[2026-09-03T12:41:18.849+0800][32.703s][info][gc,phases   ] GC(247)   Other: 0.07ms
[2026-09-03T12:41:18.849+0800][32.703s][info][gc,heap     ] GC(247) Eden regions: 101->0(86)
[2026-09-03T12:41:18.849+0800][32.703s][info][gc,heap     ] GC(247) Survivor regions: 15->15(15)
[2026-09-03T12:41:18.849+0800][32.703s][info][gc,heap     ] GC(247) Old regions: 97->118
[2026-09-03T12:41:18.849+0800][32.703s][info][gc,heap     ] GC(247) Humongous regions: 1->1
[2026-09-03T12:41:18.849+0800][32.703s][info][gc,metaspace] GC(247) Metaspace: 1059K(1216K)->1059K(1216K) NonClass: 994K(1088K)->994K(1088K) Class: 64K(128K)->64K(128K)
[2026-09-03T12:41:18.849+0800][32.703s][info][gc          ] GC(247) Pause Young (Concurrent Start) (G1 Evacuation Pause) 213M->132M(256M) 2.497ms
[2026-09-03T12:41:18.849+0800][32.703s][info][gc,cpu      ] GC(247) User=0.02s Sys=0.00s Real=0.00s
[2026-09-03T12:41:18.849+0800][32.703s][info][gc          ] GC(248) Concurrent Mark Cycle
[2026-09-03T12:41:18.849+0800][32.703s][info][gc,marking  ] GC(248) Concurrent Scan Root Regions
[2026-09-03T12:41:18.849+0800][32.703s][info][safepoint   ] Safepoint "G1CollectForAllocation", Time since last: 303679250 ns, Reaching safepoint: 2334 ns, At safepoint: 2526500 ns, Leaving safepoint: 52833 ns, Total: 2581667 ns, Threads: 0 runnable, 42 total
[2026-09-03T12:41:18.851+0800][32.705s][info][gc,marking  ] GC(248) Concurrent Scan Root Regions 2.125ms
[2026-09-03T12:41:18.851+0800][32.705s][info][gc,marking  ] GC(248) Concurrent Mark
[2026-09-03T12:41:18.851+0800][32.705s][info][gc,marking  ] GC(248) Concurrent Mark From Roots
[2026-09-03T12:41:18.851+0800][32.705s][info][gc,task     ] GC(248) Concurrent Mark Using 2 of 2 Workers
[2026-09-03T12:41:18.855+0800][32.709s][info][gc,marking  ] GC(248) Concurrent Mark From Roots 4.316ms
[2026-09-03T12:41:18.855+0800][32.709s][info][gc,marking  ] GC(248) Concurrent Preclean
[2026-09-03T12:41:18.855+0800][32.709s][info][gc,marking  ] GC(248) Concurrent Preclean 0.011ms
[2026-09-03T12:41:18.855+0800][32.709s][info][gc,start    ] GC(248) Pause Remark
[2026-09-03T12:41:18.855+0800][32.710s][info][gc          ] GC(248) Pause Remark 136M->99M(256M) 0.329ms
[2026-09-03T12:41:18.856+0800][32.710s][info][gc,cpu      ] GC(248) User=0.00s Sys=0.00s Real=0.00s
[2026-09-03T12:41:18.856+0800][32.710s][info][safepoint   ] Safepoint "G1PauseRemark", Time since last: 6487375 ns, Reaching safepoint: 2917 ns, At safepoint: 359916 ns, Leaving safepoint: 19834 ns, Total: 382667 ns, Threads: 0 runnable, 42 total
[2026-09-03T12:41:18.856+0800][32.710s][info][gc,marking  ] GC(248) Concurrent Mark 4.797ms
[2026-09-03T12:41:18.856+0800][32.710s][info][gc,marking  ] GC(248) Concurrent Rebuild Remembered Sets and Scrub Regions
[2026-09-03T12:41:18.860+0800][32.714s][info][gc,marking  ] GC(248) Concurrent Rebuild Remembered Sets and Scrub Regions 3.981ms
[2026-09-03T12:41:18.860+0800][32.714s][info][gc,start    ] GC(248) Pause Cleanup
[2026-09-03T12:41:18.860+0800][32.714s][info][gc          ] GC(248) Pause Cleanup 101M->101M(256M) 0.037ms
[2026-09-03T12:41:18.860+0800][32.714s][info][gc,cpu      ] GC(248) User=0.00s Sys=0.00s Real=0.00s
[2026-09-03T12:41:18.860+0800][32.714s][info][safepoint   ] Safepoint "G1PauseCleanup", Time since last: 4055875 ns, Reaching safepoint: 20875 ns, At safepoint: 58041 ns, Leaving safepoint: 6250 ns, Total: 85166 ns, Threads: 1 runnable, 42 total
[2026-09-03T12:41:18.860+0800][32.714s][info][gc,marking  ] GC(248) Concurrent Clear Claimed Marks
[2026-09-03T12:41:18.860+0800][32.714s][info][gc,marking  ] GC(248) Concurrent Clear Claimed Marks 0.009ms
[2026-09-03T12:41:18.860+0800][32.714s][info][gc,marking  ] GC(248) Concurrent Cleanup for Next Mark
[2026-09-03T12:41:18.860+0800][32.714s][info][gc,marking  ] GC(248) Concurrent Cleanup for Next Mark 0.157ms
[2026-09-03T12:41:18.860+0800][32.714s][info][gc          ] GC(248) Concurrent Mark Cycle 11.271ms
[2026-09-03T12:41:19.109+0800][32.963s][info][gc,start    ] GC(249) Pause Young (Prepare Mixed) (G1 Evacuation Pause)
[2026-09-03T12:41:19.109+0800][32.963s][info][gc,task     ] GC(249) Using 9 workers of 9 for evacuation
[2026-09-03T12:41:19.112+0800][32.966s][info][gc,phases   ] GC(249)   Pre Evacuate Collection Set: 0.08ms
[2026-09-03T12:41:19.112+0800][32.966s][info][gc,phases   ] GC(249)   Merge Heap Roots: 0.04ms
[2026-09-03T12:41:19.112+0800][32.966s][info][gc,phases   ] GC(249)   Evacuate Collection Set: 2.82ms
[2026-09-03T12:41:19.112+0800][32.966s][info][gc,phases   ] GC(249)   Post Evacuate Collection Set: 0.10ms
[2026-09-03T12:41:19.112+0800][32.967s][info][gc,phases   ] GC(249)   Other: 0.07ms
[2026-09-03T12:41:19.112+0800][32.967s][info][gc,heap     ] GC(249) Eden regions: 86->0(99)
[2026-09-03T12:41:19.112+0800][32.967s][info][gc,heap     ] GC(249) Survivor regions: 15->13(13)
[2026-09-03T12:41:19.112+0800][32.967s][info][gc,heap     ] GC(249) Old regions: 81->101
[2026-09-03T12:41:19.112+0800][32.967s][info][gc,heap     ] GC(249) Humongous regions: 1->1
[2026-09-03T12:41:19.112+0800][32.967s][info][gc,metaspace] GC(249) Metaspace: 1059K(1216K)->1059K(1216K) NonClass: 994K(1088K)->994K(1088K) Class: 64K(128K)->64K(128K)
[2026-09-03T12:41:19.112+0800][32.967s][info][gc          ] GC(249) Pause Young (Prepare Mixed) (G1 Evacuation Pause) 181M->114M(256M) 3.266ms
[2026-09-03T12:41:19.112+0800][32.967s][info][gc,cpu      ] GC(249) User=0.02s Sys=0.00s Real=0.01s
[2026-09-03T12:41:19.113+0800][32.967s][info][safepoint   ] Safepoint "G1CollectForAllocation", Time since last: 249523959 ns, Reaching safepoint: 2666 ns, At safepoint: 3292459 ns, Leaving safepoint: 23583 ns, Total: 3318708 ns, Threads: 0 runnable, 42 total
[2026-09-03T12:41:19.412+0800][33.266s][info][gc,start    ] GC(250) Pause Young (Mixed) (G1 Evacuation Pause)
[2026-09-03T12:41:19.412+0800][33.266s][info][gc,task     ] GC(250) Using 9 workers of 9 for evacuation
[2026-09-03T12:41:19.415+0800][33.269s][info][gc,phases   ] GC(250)   Pre Evacuate Collection Set: 0.07ms
[2026-09-03T12:41:19.415+0800][33.269s][info][gc,phases   ] GC(250)   Merge Heap Roots: 0.07ms
[2026-09-03T12:41:19.415+0800][33.269s][info][gc,phases   ] GC(250)   Evacuate Collection Set: 3.25ms
[2026-09-03T12:41:19.415+0800][33.269s][info][gc,phases   ] GC(250)   Post Evacuate Collection Set: 0.13ms
[2026-09-03T12:41:19.415+0800][33.269s][info][gc,phases   ] GC(250)   Other: 0.07ms
[2026-09-03T12:41:19.415+0800][33.269s][info][gc,heap     ] GC(250) Eden regions: 99->0(101)
[2026-09-03T12:41:19.415+0800][33.269s][info][gc,heap     ] GC(250) Survivor regions: 13->14(14)
[2026-09-03T12:41:19.415+0800][33.269s][info][gc,heap     ] GC(250) Old regions: 101->97
[2026-09-03T12:41:19.415+0800][33.269s][info][gc,heap     ] GC(250) Humongous regions: 1->1
[2026-09-03T12:41:19.415+0800][33.269s][info][gc,metaspace] GC(250) Metaspace: 1059K(1216K)->1059K(1216K) NonClass: 994K(1088K)->994K(1088K) Class: 64K(128K)->64K(128K)
[2026-09-03T12:41:19.415+0800][33.269s][info][gc          ] GC(250) Pause Young (Mixed) (G1 Evacuation Pause) 213M->110M(256M) 3.756ms
[2026-09-03T12:41:19.415+0800][33.269s][info][gc,cpu      ] GC(250) User=0.03s Sys=0.00s Real=0.00s
[2026-09-03T12:41:19.415+0800][33.270s][info][safepoint   ] Safepoint "G1CollectForAllocation", Time since last: 299080833 ns, Reaching safepoint: 4875 ns, At safepoint: 3790042 ns, Leaving safepoint: 54375 ns, Total: 3849292 ns, Threads: 0 runnable, 42 total
[2026-09-03T12:41:19.721+0800][33.575s][info][gc,start    ] GC(251) Pause Young (Concurrent Start) (G1 Evacuation Pause)
[2026-09-03T12:41:19.721+0800][33.575s][info][gc,task     ] GC(251) Using 9 workers of 9 for evacuation
[2026-09-03T12:41:19.724+0800][33.578s][info][gc,phases   ] GC(251)   Pre Evacuate Collection Set: 0.14ms
[2026-09-03T12:41:19.724+0800][33.578s][info][gc,phases   ] GC(251)   Merge Heap Roots: 0.03ms
[2026-09-03T12:41:19.724+0800][33.578s][info][gc,phases   ] GC(251)   Evacuate Collection Set: 2.64ms
[2026-09-03T12:41:19.724+0800][33.578s][info][gc,phases   ] GC(251)   Post Evacuate Collection Set: 0.11ms
[2026-09-03T12:41:19.724+0800][33.578s][info][gc,phases   ] GC(251)   Other: 0.11ms
[2026-09-03T12:41:19.724+0800][33.578s][info][gc,heap     ] GC(251) Eden regions: 101->0(87)
[2026-09-03T12:41:19.724+0800][33.578s][info][gc,heap     ] GC(251) Survivor regions: 14->15(15)
[2026-09-03T12:41:19.724+0800][33.578s][info][gc,heap     ] GC(251) Old regions: 97->117
[2026-09-03T12:41:19.724+0800][33.578s][info][gc,heap     ] GC(251) Humongous regions: 1->1
[2026-09-03T12:41:19.724+0800][33.578s][info][gc,metaspace] GC(251) Metaspace: 1059K(1216K)->1059K(1216K) NonClass: 994K(1088K)->994K(1088K) Class: 64K(128K)->64K(128K)
[2026-09-03T12:41:19.724+0800][33.578s][info][gc          ] GC(251) Pause Young (Concurrent Start) (G1 Evacuation Pause) 211M->131M(256M) 3.255ms
[2026-09-03T12:41:19.724+0800][33.578s][info][gc,cpu      ] GC(251) User=0.02s Sys=0.00s Real=0.00s
[2026-09-03T12:41:19.724+0800][33.578s][info][gc          ] GC(252) Concurrent Mark Cycle
[2026-09-03T12:41:19.724+0800][33.579s][info][gc,marking  ] GC(252) Concurrent Scan Root Regions
[2026-09-03T12:41:19.724+0800][33.579s][info][safepoint   ] Safepoint "G1CollectForAllocation", Time since last: 305670375 ns, Reaching safepoint: 14292 ns, At safepoint: 3293291 ns, Leaving safepoint: 18959 ns, Total: 3326542 ns, Threads: 0 runnable, 42 total
[2026-09-03T12:41:19.727+0800][33.581s][info][gc,marking  ] GC(252) Concurrent Scan Root Regions 2.374ms
[2026-09-03T12:41:19.727+0800][33.581s][info][gc,marking  ] GC(252) Concurrent Mark
[2026-09-03T12:41:19.727+0800][33.581s][info][gc,marking  ] GC(252) Concurrent Mark From Roots
[2026-09-03T12:41:19.727+0800][33.581s][info][gc,task     ] GC(252) Concurrent Mark Using 2 of 2 Workers
[2026-09-03T12:41:19.732+0800][33.586s][info][gc,marking  ] GC(252) Concurrent Mark From Roots 4.944ms
[2026-09-03T12:41:19.732+0800][33.586s][info][gc,marking  ] GC(252) Concurrent Preclean
[2026-09-03T12:41:19.732+0800][33.586s][info][gc,marking  ] GC(252) Concurrent Preclean 0.016ms
[2026-09-03T12:41:19.732+0800][33.586s][info][gc,start    ] GC(252) Pause Remark
[2026-09-03T12:41:19.732+0800][33.586s][info][gc          ] GC(252) Pause Remark 135M->101M(256M) 0.356ms
[2026-09-03T12:41:19.732+0800][33.586s][info][gc,cpu      ] GC(252) User=0.00s Sys=0.00s Real=0.00s
[2026-09-03T12:41:19.732+0800][33.586s][info][safepoint   ] Safepoint "G1PauseRemark", Time since last: 7450375 ns, Reaching safepoint: 2500 ns, At safepoint: 383125 ns, Leaving safepoint: 12083 ns, Total: 397708 ns, Threads: 0 runnable, 42 total
[2026-09-03T12:41:19.732+0800][33.586s][info][gc,marking  ] GC(252) Concurrent Mark 5.471ms
[2026-09-03T12:41:19.732+0800][33.586s][info][gc,marking  ] GC(252) Concurrent Rebuild Remembered Sets and Scrub Regions
[2026-09-03T12:41:19.736+0800][33.590s][info][gc,marking  ] GC(252) Concurrent Rebuild Remembered Sets and Scrub Regions 3.604ms
[2026-09-03T12:41:19.736+0800][33.590s][info][gc,start    ] GC(252) Pause Cleanup
[2026-09-03T12:41:19.736+0800][33.590s][info][gc          ] GC(252) Pause Cleanup 103M->103M(256M) 0.065ms
[2026-09-03T12:41:19.736+0800][33.590s][info][gc,cpu      ] GC(252) User=0.00s Sys=0.00s Real=0.00s
[2026-09-03T12:41:19.736+0800][33.590s][info][safepoint   ] Safepoint "G1PauseCleanup", Time since last: 3730208 ns, Reaching safepoint: 5834 ns, At safepoint: 122208 ns, Leaving safepoint: 37625 ns, Total: 165667 ns, Threads: 0 runnable, 42 total
[2026-09-03T12:41:19.736+0800][33.590s][info][gc,marking  ] GC(252) Concurrent Clear Claimed Marks
[2026-09-03T12:41:19.736+0800][33.590s][info][gc,marking  ] GC(252) Concurrent Clear Claimed Marks 0.019ms
[2026-09-03T12:41:19.736+0800][33.590s][info][gc,marking  ] GC(252) Concurrent Cleanup for Next Mark
[2026-09-03T12:41:19.736+0800][33.591s][info][gc,marking  ] GC(252) Concurrent Cleanup for Next Mark 0.161ms
[2026-09-03T12:41:19.736+0800][33.591s][info][gc          ] GC(252) Concurrent Mark Cycle 12.026ms
[2026-09-03T12:41:19.986+0800][33.840s][info][gc,start    ] GC(253) Pause Young (Prepare Mixed) (G1 Evacuation Pause)
[2026-09-03T12:41:19.986+0800][33.840s][info][gc,task     ] GC(253) Using 9 workers of 9 for evacuation
[2026-09-03T12:41:19.989+0800][33.843s][info][gc,phases   ] GC(253)   Pre Evacuate Collection Set: 0.07ms
[2026-09-03T12:41:19.989+0800][33.843s][info][gc,phases   ] GC(253)   Merge Heap Roots: 0.03ms
[2026-09-03T12:41:19.989+0800][33.843s][info][gc,phases   ] GC(253)   Evacuate Collection Set: 2.35ms
[2026-09-03T12:41:19.989+0800][33.843s][info][gc,phases   ] GC(253)   Post Evacuate Collection Set: 0.13ms
[2026-09-03T12:41:19.989+0800][33.843s][info][gc,phases   ] GC(253)   Other: 0.09ms
[2026-09-03T12:41:19.989+0800][33.843s][info][gc,heap     ] GC(253) Eden regions: 87->0(98)
[2026-09-03T12:41:19.989+0800][33.843s][info][gc,heap     ] GC(253) Survivor regions: 15->13(13)
[2026-09-03T12:41:19.989+0800][33.843s][info][gc,heap     ] GC(253) Old regions: 83->103
[2026-09-03T12:41:19.989+0800][33.843s][info][gc,heap     ] GC(253) Humongous regions: 1->1
[2026-09-03T12:41:19.989+0800][33.843s][info][gc,metaspace] GC(253) Metaspace: 1059K(1216K)->1059K(1216K) NonClass: 994K(1088K)->994K(1088K) Class: 64K(128K)->64K(128K)
[2026-09-03T12:41:19.989+0800][33.843s][info][gc          ] GC(253) Pause Young (Prepare Mixed) (G1 Evacuation Pause) 184M->115M(256M) 2.820ms
[2026-09-03T12:41:19.989+0800][33.843s][info][gc,cpu      ] GC(253) User=0.01s Sys=0.00s Real=0.00s
[2026-09-03T12:41:19.989+0800][33.843s][info][safepoint   ] Safepoint "G1CollectForAllocation", Time since last: 250135292 ns, Reaching safepoint: 3333 ns, At safepoint: 2849792 ns, Leaving safepoint: 23791 ns, Total: 2876916 ns, Threads: 0 runnable, 42 total
[2026-09-03T12:41:20.285+0800][34.139s][info][gc,start    ] GC(254) Pause Young (Mixed) (G1 Evacuation Pause)
[2026-09-03T12:41:20.285+0800][34.139s][info][gc,task     ] GC(254) Using 9 workers of 9 for evacuation
[2026-09-03T12:41:20.288+0800][34.142s][info][gc,phases   ] GC(254)   Pre Evacuate Collection Set: 0.08ms
[2026-09-03T12:41:20.288+0800][34.142s][info][gc,phases   ] GC(254)   Merge Heap Roots: 0.05ms
[2026-09-03T12:41:20.288+0800][34.142s][info][gc,phases   ] GC(254)   Evacuate Collection Set: 2.65ms
[2026-09-03T12:41:20.288+0800][34.142s][info][gc,phases   ] GC(254)   Post Evacuate Collection Set: 0.16ms
[2026-09-03T12:41:20.288+0800][34.142s][info][gc,phases   ] GC(254)   Other: 0.07ms
[2026-09-03T12:41:20.288+0800][34.142s][info][gc,heap     ] GC(254) Eden regions: 98->0(102)
[2026-09-03T12:41:20.288+0800][34.142s][info][gc,heap     ] GC(254) Survivor regions: 13->14(14)
[2026-09-03T12:41:20.288+0800][34.142s][info][gc,heap     ] GC(254) Old regions: 103->96
[2026-09-03T12:41:20.288+0800][34.142s][info][gc,heap     ] GC(254) Humongous regions: 1->1
[2026-09-03T12:41:20.288+0800][34.142s][info][gc,metaspace] GC(254) Metaspace: 1059K(1216K)->1059K(1216K) NonClass: 994K(1088K)->994K(1088K) Class: 64K(128K)->64K(128K)
[2026-09-03T12:41:20.288+0800][34.142s][info][gc          ] GC(254) Pause Young (Mixed) (G1 Evacuation Pause) 213M->109M(256M) 3.159ms
[2026-09-03T12:41:20.288+0800][34.142s][info][gc,cpu      ] GC(254) User=0.03s Sys=0.00s Real=0.00s
[2026-09-03T12:41:20.288+0800][34.142s][info][safepoint   ] Safepoint "G1CollectForAllocation", Time since last: 295898500 ns, Reaching safepoint: 2500 ns, At safepoint: 3189250 ns, Leaving safepoint: 78750 ns, Total: 3270500 ns, Threads: 0 runnable, 42 total
[2026-09-03T12:41:20.596+0800][34.450s][info][gc,start    ] GC(255) Pause Young (Concurrent Start) (G1 Evacuation Pause)
[2026-09-03T12:41:20.596+0800][34.450s][info][gc,task     ] GC(255) Using 9 workers of 9 for evacuation
[2026-09-03T12:41:20.598+0800][34.452s][info][gc,phases   ] GC(255)   Pre Evacuate Collection Set: 0.08ms
[2026-09-03T12:41:20.598+0800][34.452s][info][gc,phases   ] GC(255)   Merge Heap Roots: 0.03ms
[2026-09-03T12:41:20.598+0800][34.452s][info][gc,phases   ] GC(255)   Evacuate Collection Set: 1.95ms
[2026-09-03T12:41:20.598+0800][34.452s][info][gc,phases   ] GC(255)   Post Evacuate Collection Set: 0.11ms
[2026-09-03T12:41:20.598+0800][34.452s][info][gc,phases   ] GC(255)   Other: 0.06ms
[2026-09-03T12:41:20.598+0800][34.452s][info][gc,heap     ] GC(255) Eden regions: 102->0(88)
[2026-09-03T12:41:20.598+0800][34.452s][info][gc,heap     ] GC(255) Survivor regions: 14->15(15)
[2026-09-03T12:41:20.598+0800][34.452s][info][gc,heap     ] GC(255) Old regions: 96->115
[2026-09-03T12:41:20.598+0800][34.452s][info][gc,heap     ] GC(255) Humongous regions: 1->1
[2026-09-03T12:41:20.598+0800][34.452s][info][gc,metaspace] GC(255) Metaspace: 1059K(1216K)->1059K(1216K) NonClass: 994K(1088K)->994K(1088K) Class: 64K(128K)->64K(128K)
[2026-09-03T12:41:20.598+0800][34.452s][info][gc          ] GC(255) Pause Young (Concurrent Start) (G1 Evacuation Pause) 211M->129M(256M) 2.364ms
[2026-09-03T12:41:20.598+0800][34.452s][info][gc          ] GC(256) Concurrent Mark Cycle
[2026-09-03T12:41:20.598+0800][34.452s][info][gc,cpu      ] GC(255) User=0.02s Sys=0.00s Real=0.00s
[2026-09-03T12:41:20.598+0800][34.452s][info][gc,marking  ] GC(256) Concurrent Scan Root Regions
[2026-09-03T12:41:20.598+0800][34.452s][info][safepoint   ] Safepoint "G1CollectForAllocation", Time since last: 307337000 ns, Reaching safepoint: 2709 ns, At safepoint: 2420583 ns, Leaving safepoint: 35500 ns, Total: 2458792 ns, Threads: 0 runnable, 42 total
[2026-09-03T12:41:20.600+0800][34.454s][info][gc,marking  ] GC(256) Concurrent Scan Root Regions 2.190ms
[2026-09-03T12:41:20.600+0800][34.454s][info][gc,marking  ] GC(256) Concurrent Mark
[2026-09-03T12:41:20.600+0800][34.454s][info][gc,marking  ] GC(256) Concurrent Mark From Roots
[2026-09-03T12:41:20.600+0800][34.454s][info][gc,task     ] GC(256) Concurrent Mark Using 2 of 2 Workers
[2026-09-03T12:41:20.604+0800][34.458s][info][gc,marking  ] GC(256) Concurrent Mark From Roots 4.025ms
[2026-09-03T12:41:20.604+0800][34.458s][info][gc,marking  ] GC(256) Concurrent Preclean
[2026-09-03T12:41:20.604+0800][34.458s][info][gc,marking  ] GC(256) Concurrent Preclean 0.010ms
[2026-09-03T12:41:20.604+0800][34.458s][info][gc,start    ] GC(256) Pause Remark
[2026-09-03T12:41:20.605+0800][34.459s][info][gc          ] GC(256) Pause Remark 133M->101M(256M) 0.344ms
[2026-09-03T12:41:20.605+0800][34.459s][info][gc,cpu      ] GC(256) User=0.00s Sys=0.00s Real=0.00s
[2026-09-03T12:41:20.605+0800][34.459s][info][safepoint   ] Safepoint "G1PauseRemark", Time since last: 6235417 ns, Reaching safepoint: 2708 ns, At safepoint: 366958 ns, Leaving safepoint: 17542 ns, Total: 387208 ns, Threads: 0 runnable, 42 total
[2026-09-03T12:41:20.605+0800][34.459s][info][gc,marking  ] GC(256) Concurrent Mark 4.529ms
[2026-09-03T12:41:20.605+0800][34.459s][info][gc,marking  ] GC(256) Concurrent Rebuild Remembered Sets and Scrub Regions
[2026-09-03T12:41:20.609+0800][34.463s][info][gc,marking  ] GC(256) Concurrent Rebuild Remembered Sets and Scrub Regions 4.469ms
[2026-09-03T12:41:20.609+0800][34.463s][info][gc,start    ] GC(256) Pause Cleanup
[2026-09-03T12:41:20.609+0800][34.463s][info][gc          ] GC(256) Pause Cleanup 103M->103M(256M) 0.040ms
[2026-09-03T12:41:20.609+0800][34.463s][info][gc,cpu      ] GC(256) User=0.00s Sys=0.00s Real=0.00s
[2026-09-03T12:41:20.609+0800][34.463s][info][safepoint   ] Safepoint "G1PauseCleanup", Time since last: 4565042 ns, Reaching safepoint: 2500 ns, At safepoint: 60875 ns, Leaving safepoint: 2333 ns, Total: 65708 ns, Threads: 0 runnable, 42 total
[2026-09-03T12:41:20.609+0800][34.464s][info][gc,marking  ] GC(256) Concurrent Clear Claimed Marks
[2026-09-03T12:41:20.609+0800][34.464s][info][gc,marking  ] GC(256) Concurrent Clear Claimed Marks 0.011ms
[2026-09-03T12:41:20.609+0800][34.464s][info][gc,marking  ] GC(256) Concurrent Cleanup for Next Mark
[2026-09-03T12:41:20.610+0800][34.464s][info][gc,marking  ] GC(256) Concurrent Cleanup for Next Mark 0.115ms
[2026-09-03T12:41:20.610+0800][34.464s][info][gc          ] GC(256) Concurrent Mark Cycle 11.474ms
[2026-09-03T12:41:20.864+0800][34.718s][info][gc,start    ] GC(257) Pause Young (Prepare Mixed) (G1 Evacuation Pause)
[2026-09-03T12:41:20.864+0800][34.718s][info][gc,task     ] GC(257) Using 9 workers of 9 for evacuation
[2026-09-03T12:41:20.867+0800][34.721s][info][gc,phases   ] GC(257)   Pre Evacuate Collection Set: 0.06ms
[2026-09-03T12:41:20.867+0800][34.721s][info][gc,phases   ] GC(257)   Merge Heap Roots: 0.03ms
[2026-09-03T12:41:20.867+0800][34.721s][info][gc,phases   ] GC(257)   Evacuate Collection Set: 2.56ms
[2026-09-03T12:41:20.867+0800][34.721s][info][gc,phases   ] GC(257)   Post Evacuate Collection Set: 0.10ms
[2026-09-03T12:41:20.867+0800][34.721s][info][gc,phases   ] GC(257)   Other: 0.07ms
[2026-09-03T12:41:20.867+0800][34.721s][info][gc,heap     ] GC(257) Eden regions: 88->0(98)
[2026-09-03T12:41:20.867+0800][34.721s][info][gc,heap     ] GC(257) Survivor regions: 15->13(13)
[2026-09-03T12:41:20.867+0800][34.721s][info][gc,heap     ] GC(257) Old regions: 83->103
[2026-09-03T12:41:20.867+0800][34.721s][info][gc,heap     ] GC(257) Humongous regions: 1->1
[2026-09-03T12:41:20.867+0800][34.721s][info][gc,metaspace] GC(257) Metaspace: 1059K(1216K)->1059K(1216K) NonClass: 994K(1088K)->994K(1088K) Class: 64K(128K)->64K(128K)
[2026-09-03T12:41:20.867+0800][34.721s][info][gc          ] GC(257) Pause Young (Prepare Mixed) (G1 Evacuation Pause) 185M->115M(256M) 2.972ms
[2026-09-03T12:41:20.867+0800][34.721s][info][gc,cpu      ] GC(257) User=0.02s Sys=0.00s Real=0.00s
[2026-09-03T12:41:20.867+0800][34.721s][info][safepoint   ] Safepoint "G1CollectForAllocation", Time since last: 254725750 ns, Reaching safepoint: 3083 ns, At safepoint: 3000709 ns, Leaving safepoint: 25791 ns, Total: 3029583 ns, Threads: 0 runnable, 42 total
[2026-09-03T12:41:21.163+0800][35.017s][info][gc,start    ] GC(258) Pause Young (Mixed) (G1 Evacuation Pause)
[2026-09-03T12:41:21.163+0800][35.018s][info][gc,task     ] GC(258) Using 9 workers of 9 for evacuation
[2026-09-03T12:41:21.166+0800][35.020s][info][gc,phases   ] GC(258)   Pre Evacuate Collection Set: 0.06ms
[2026-09-03T12:41:21.166+0800][35.020s][info][gc,phases   ] GC(258)   Merge Heap Roots: 0.04ms
[2026-09-03T12:41:21.166+0800][35.020s][info][gc,phases   ] GC(258)   Evacuate Collection Set: 1.90ms
[2026-09-03T12:41:21.166+0800][35.020s][info][gc,phases   ] GC(258)   Post Evacuate Collection Set: 0.11ms
[2026-09-03T12:41:21.166+0800][35.020s][info][gc,phases   ] GC(258)   Other: 0.06ms
[2026-09-03T12:41:21.166+0800][35.020s][info][gc,heap     ] GC(258) Eden regions: 98->0(103)
[2026-09-03T12:41:21.166+0800][35.020s][info][gc,heap     ] GC(258) Survivor regions: 13->14(14)
[2026-09-03T12:41:21.166+0800][35.020s][info][gc,heap     ] GC(258) Old regions: 103->95
[2026-09-03T12:41:21.166+0800][35.020s][info][gc,heap     ] GC(258) Humongous regions: 1->1
[2026-09-03T12:41:21.166+0800][35.020s][info][gc,metaspace] GC(258) Metaspace: 1059K(1216K)->1059K(1216K) NonClass: 994K(1088K)->994K(1088K) Class: 64K(128K)->64K(128K)
[2026-09-03T12:41:21.166+0800][35.020s][info][gc          ] GC(258) Pause Young (Mixed) (G1 Evacuation Pause) 213M->109M(256M) 2.286ms
[2026-09-03T12:41:21.166+0800][35.020s][info][gc,cpu      ] GC(258) User=0.01s Sys=0.00s Real=0.00s
[2026-09-03T12:41:21.166+0800][35.020s][info][safepoint   ] Safepoint "G1CollectForAllocation", Time since last: 296202917 ns, Reaching safepoint: 2625 ns, At safepoint: 2312667 ns, Leaving safepoint: 41875 ns, Total: 2357167 ns, Threads: 0 runnable, 42 total
[2026-09-03T12:41:21.477+0800][35.331s][info][gc,start    ] GC(259) Pause Young (Concurrent Start) (G1 Evacuation Pause)
[2026-09-03T12:41:21.477+0800][35.331s][info][gc,task     ] GC(259) Using 9 workers of 9 for evacuation
[2026-09-03T12:41:21.480+0800][35.334s][info][gc,phases   ] GC(259)   Pre Evacuate Collection Set: 0.05ms
[2026-09-03T12:41:21.480+0800][35.334s][info][gc,phases   ] GC(259)   Merge Heap Roots: 0.02ms
[2026-09-03T12:41:21.480+0800][35.334s][info][gc,phases   ] GC(259)   Evacuate Collection Set: 2.65ms
[2026-09-03T12:41:21.480+0800][35.334s][info][gc,phases   ] GC(259)   Post Evacuate Collection Set: 0.09ms
[2026-09-03T12:41:21.480+0800][35.334s][info][gc,phases   ] GC(259)   Other: 0.06ms
[2026-09-03T12:41:21.480+0800][35.334s][info][gc,heap     ] GC(259) Eden regions: 103->0(88)
[2026-09-03T12:41:21.480+0800][35.334s][info][gc,heap     ] GC(259) Survivor regions: 14->15(15)
[2026-09-03T12:41:21.480+0800][35.334s][info][gc,heap     ] GC(259) Old regions: 95->115
[2026-09-03T12:41:21.480+0800][35.334s][info][gc,heap     ] GC(259) Humongous regions: 1->1
[2026-09-03T12:41:21.480+0800][35.334s][info][gc,metaspace] GC(259) Metaspace: 1059K(1216K)->1059K(1216K) NonClass: 994K(1088K)->994K(1088K) Class: 64K(128K)->64K(128K)
[2026-09-03T12:41:21.480+0800][35.334s][info][gc          ] GC(259) Pause Young (Concurrent Start) (G1 Evacuation Pause) 212M->130M(256M) 3.031ms
[2026-09-03T12:41:21.480+0800][35.334s][info][gc,cpu      ] GC(259) User=0.03s Sys=0.00s Real=0.01s
[2026-09-03T12:41:21.480+0800][35.334s][info][gc          ] GC(260) Concurrent Mark Cycle
[2026-09-03T12:41:21.480+0800][35.334s][info][gc,marking  ] GC(260) Concurrent Scan Root Regions
[2026-09-03T12:41:21.480+0800][35.334s][info][safepoint   ] Safepoint "G1CollectForAllocation", Time since last: 311501541 ns, Reaching safepoint: 2875 ns, At safepoint: 3065584 ns, Leaving safepoint: 19916 ns, Total: 3088375 ns, Threads: 0 runnable, 42 total
[2026-09-03T12:41:21.483+0800][35.337s][info][gc,marking  ] GC(260) Concurrent Scan Root Regions 2.304ms
[2026-09-03T12:41:21.483+0800][35.337s][info][gc,marking  ] GC(260) Concurrent Mark
[2026-09-03T12:41:21.483+0800][35.337s][info][gc,marking  ] GC(260) Concurrent Mark From Roots
[2026-09-03T12:41:21.483+0800][35.337s][info][gc,task     ] GC(260) Concurrent Mark Using 2 of 2 Workers
[2026-09-03T12:41:21.486+0800][35.340s][info][gc,marking  ] GC(260) Concurrent Mark From Roots 3.062ms
[2026-09-03T12:41:21.486+0800][35.340s][info][gc,marking  ] GC(260) Concurrent Preclean
[2026-09-03T12:41:21.486+0800][35.340s][info][gc,marking  ] GC(260) Concurrent Preclean 0.008ms
[2026-09-03T12:41:21.486+0800][35.340s][info][gc,start    ] GC(260) Pause Remark
[2026-09-03T12:41:21.486+0800][35.340s][info][gc          ] GC(260) Pause Remark 134M->101M(256M) 0.373ms
[2026-09-03T12:41:21.486+0800][35.340s][info][gc,cpu      ] GC(260) User=0.00s Sys=0.01s Real=0.00s
[2026-09-03T12:41:21.486+0800][35.340s][info][safepoint   ] Safepoint "G1PauseRemark", Time since last: 5425334 ns, Reaching safepoint: 2041 ns, At safepoint: 396167 ns, Leaving safepoint: 21458 ns, Total: 419666 ns, Threads: 0 runnable, 42 total
[2026-09-03T12:41:21.486+0800][35.340s][info][gc,marking  ] GC(260) Concurrent Mark 3.583ms
[2026-09-03T12:41:21.486+0800][35.340s][info][gc,marking  ] GC(260) Concurrent Rebuild Remembered Sets and Scrub Regions
[2026-09-03T12:41:21.490+0800][35.344s][info][gc,marking  ] GC(260) Concurrent Rebuild Remembered Sets and Scrub Regions 4.031ms
[2026-09-03T12:41:21.490+0800][35.344s][info][gc,start    ] GC(260) Pause Cleanup
[2026-09-03T12:41:21.490+0800][35.344s][info][gc          ] GC(260) Pause Cleanup 103M->103M(256M) 0.039ms
[2026-09-03T12:41:21.490+0800][35.344s][info][gc,cpu      ] GC(260) User=0.00s Sys=0.00s Real=0.00s
[2026-09-03T12:41:21.490+0800][35.344s][info][safepoint   ] Safepoint "G1PauseCleanup", Time since last: 4150584 ns, Reaching safepoint: 6458 ns, At safepoint: 59375 ns, Leaving safepoint: 4375 ns, Total: 70208 ns, Threads: 0 runnable, 42 total
[2026-09-03T12:41:21.490+0800][35.344s][info][gc,marking  ] GC(260) Concurrent Clear Claimed Marks
[2026-09-03T12:41:21.490+0800][35.345s][info][gc,marking  ] GC(260) Concurrent Clear Claimed Marks 0.018ms
[2026-09-03T12:41:21.490+0800][35.345s][info][gc,marking  ] GC(260) Concurrent Cleanup for Next Mark
[2026-09-03T12:41:21.491+0800][35.345s][info][gc,marking  ] GC(260) Concurrent Cleanup for Next Mark 0.101ms
[2026-09-03T12:41:21.491+0800][35.345s][info][gc          ] GC(260) Concurrent Mark Cycle 10.266ms
[2026-09-03T12:41:21.748+0800][35.602s][info][gc,start    ] GC(261) Pause Young (Prepare Mixed) (G1 Evacuation Pause)
[2026-09-03T12:41:21.748+0800][35.602s][info][gc,task     ] GC(261) Using 9 workers of 9 for evacuation
[2026-09-03T12:41:21.750+0800][35.604s][info][gc,phases   ] GC(261)   Pre Evacuate Collection Set: 0.08ms
[2026-09-03T12:41:21.750+0800][35.604s][info][gc,phases   ] GC(261)   Merge Heap Roots: 0.02ms
[2026-09-03T12:41:21.750+0800][35.604s][info][gc,phases   ] GC(261)   Evacuate Collection Set: 1.96ms
[2026-09-03T12:41:21.750+0800][35.604s][info][gc,phases   ] GC(261)   Post Evacuate Collection Set: 0.08ms
[2026-09-03T12:41:21.750+0800][35.604s][info][gc,phases   ] GC(261)   Other: 0.06ms
[2026-09-03T12:41:21.750+0800][35.604s][info][gc,heap     ] GC(261) Eden regions: 88->0(99)
[2026-09-03T12:41:21.750+0800][35.604s][info][gc,heap     ] GC(261) Survivor regions: 15->13(13)
[2026-09-03T12:41:21.750+0800][35.604s][info][gc,heap     ] GC(261) Old regions: 82->102
[2026-09-03T12:41:21.750+0800][35.604s][info][gc,heap     ] GC(261) Humongous regions: 1->1
[2026-09-03T12:41:21.750+0800][35.604s][info][gc,metaspace] GC(261) Metaspace: 1059K(1216K)->1059K(1216K) NonClass: 994K(1088K)->994K(1088K) Class: 64K(128K)->64K(128K)
[2026-09-03T12:41:21.750+0800][35.604s][info][gc          ] GC(261) Pause Young (Prepare Mixed) (G1 Evacuation Pause) 185M->115M(256M) 2.343ms
[2026-09-03T12:41:21.750+0800][35.604s][info][gc,cpu      ] GC(261) User=0.02s Sys=0.00s Real=0.01s
[2026-09-03T12:41:21.750+0800][35.604s][info][safepoint   ] Safepoint "G1CollectForAllocation", Time since last: 257570292 ns, Reaching safepoint: 2750 ns, At safepoint: 2369250 ns, Leaving safepoint: 20916 ns, Total: 2392916 ns, Threads: 0 runnable, 42 total
[2026-09-03T12:41:22.047+0800][35.901s][info][gc,start    ] GC(262) Pause Young (Mixed) (G1 Evacuation Pause)
[2026-09-03T12:41:22.047+0800][35.901s][info][gc,task     ] GC(262) Using 9 workers of 9 for evacuation
[2026-09-03T12:41:22.049+0800][35.903s][info][gc,phases   ] GC(262)   Pre Evacuate Collection Set: 0.05ms
[2026-09-03T12:41:22.049+0800][35.903s][info][gc,phases   ] GC(262)   Merge Heap Roots: 0.05ms
[2026-09-03T12:41:22.049+0800][35.903s][info][gc,phases   ] GC(262)   Evacuate Collection Set: 1.94ms
[2026-09-03T12:41:22.049+0800][35.903s][info][gc,phases   ] GC(262)   Post Evacuate Collection Set: 0.11ms
[2026-09-03T12:41:22.049+0800][35.903s][info][gc,phases   ] GC(262)   Other: 0.06ms
[2026-09-03T12:41:22.049+0800][35.903s][info][gc,heap     ] GC(262) Eden regions: 99->0(101)
[2026-09-03T12:41:22.049+0800][35.903s][info][gc,heap     ] GC(262) Survivor regions: 13->14(14)
[2026-09-03T12:41:22.049+0800][35.903s][info][gc,heap     ] GC(262) Old regions: 102->97
[2026-09-03T12:41:22.049+0800][35.903s][info][gc,heap     ] GC(262) Humongous regions: 1->1
[2026-09-03T12:41:22.049+0800][35.903s][info][gc,metaspace] GC(262) Metaspace: 1059K(1216K)->1059K(1216K) NonClass: 994K(1088K)->994K(1088K) Class: 64K(128K)->64K(128K)
[2026-09-03T12:41:22.049+0800][35.903s][info][gc          ] GC(262) Pause Young (Mixed) (G1 Evacuation Pause) 214M->110M(256M) 2.343ms
[2026-09-03T12:41:22.049+0800][35.903s][info][gc,cpu      ] GC(262) User=0.01s Sys=0.00s Real=0.00s
[2026-09-03T12:41:22.049+0800][35.903s][info][safepoint   ] Safepoint "G1CollectForAllocation", Time since last: 296624917 ns, Reaching safepoint: 2333 ns, At safepoint: 2371250 ns, Leaving safepoint: 23209 ns, Total: 2396792 ns, Threads: 0 runnable, 42 total
[2026-09-03T12:41:22.357+0800][36.211s][info][gc,start    ] GC(263) Pause Young (Concurrent Start) (G1 Evacuation Pause)
[2026-09-03T12:41:22.357+0800][36.211s][info][gc,task     ] GC(263) Using 9 workers of 9 for evacuation
[2026-09-03T12:41:22.359+0800][36.213s][info][gc,phases   ] GC(263)   Pre Evacuate Collection Set: 0.12ms
[2026-09-03T12:41:22.359+0800][36.213s][info][gc,phases   ] GC(263)   Merge Heap Roots: 0.04ms
[2026-09-03T12:41:22.359+0800][36.213s][info][gc,phases   ] GC(263)   Evacuate Collection Set: 2.12ms
[2026-09-03T12:41:22.359+0800][36.213s][info][gc,phases   ] GC(263)   Post Evacuate Collection Set: 0.08ms
[2026-09-03T12:41:22.359+0800][36.213s][info][gc,phases   ] GC(263)   Other: 0.06ms
[2026-09-03T12:41:22.359+0800][36.213s][info][gc,heap     ] GC(263) Eden regions: 101->0(87)
[2026-09-03T12:41:22.359+0800][36.213s][info][gc,heap     ] GC(263) Survivor regions: 14->15(15)
[2026-09-03T12:41:22.359+0800][36.213s][info][gc,heap     ] GC(263) Old regions: 97->116
[2026-09-03T12:41:22.359+0800][36.213s][info][gc,heap     ] GC(263) Humongous regions: 1->1
[2026-09-03T12:41:22.359+0800][36.213s][info][gc,metaspace] GC(263) Metaspace: 1059K(1216K)->1059K(1216K) NonClass: 994K(1088K)->994K(1088K) Class: 64K(128K)->64K(128K)
[2026-09-03T12:41:22.359+0800][36.213s][info][gc          ] GC(263) Pause Young (Concurrent Start) (G1 Evacuation Pause) 211M->131M(256M) 2.582ms
[2026-09-03T12:41:22.359+0800][36.213s][info][gc,cpu      ] GC(263) User=0.02s Sys=0.00s Real=0.00s
[2026-09-03T12:41:22.359+0800][36.213s][info][gc          ] GC(264) Concurrent Mark Cycle
[2026-09-03T12:41:22.359+0800][36.213s][info][gc,marking  ] GC(264) Concurrent Scan Root Regions
[2026-09-03T12:41:22.359+0800][36.213s][info][safepoint   ] Safepoint "G1CollectForAllocation", Time since last: 307387625 ns, Reaching safepoint: 2333 ns, At safepoint: 2615250 ns, Leaving safepoint: 23000 ns, Total: 2640583 ns, Threads: 0 runnable, 42 total
[2026-09-03T12:41:22.362+0800][36.216s][info][gc,marking  ] GC(264) Concurrent Scan Root Regions 2.554ms
[2026-09-03T12:41:22.362+0800][36.216s][info][gc,marking  ] GC(264) Concurrent Mark
[2026-09-03T12:41:22.362+0800][36.216s][info][gc,marking  ] GC(264) Concurrent Mark From Roots
[2026-09-03T12:41:22.362+0800][36.216s][info][gc,task     ] GC(264) Concurrent Mark Using 2 of 2 Workers
[2026-09-03T12:41:22.366+0800][36.220s][info][gc,marking  ] GC(264) Concurrent Mark From Roots 4.324ms
[2026-09-03T12:41:22.366+0800][36.220s][info][gc,marking  ] GC(264) Concurrent Preclean
[2026-09-03T12:41:22.366+0800][36.220s][info][gc,marking  ] GC(264) Concurrent Preclean 0.011ms
[2026-09-03T12:41:22.366+0800][36.221s][info][gc,start    ] GC(264) Pause Remark
[2026-09-03T12:41:22.367+0800][36.221s][info][gc          ] GC(264) Pause Remark 135M->103M(256M) 0.368ms
[2026-09-03T12:41:22.367+0800][36.221s][info][gc,cpu      ] GC(264) User=0.00s Sys=0.00s Real=0.00s
[2026-09-03T12:41:22.367+0800][36.221s][info][safepoint   ] Safepoint "G1PauseRemark", Time since last: 7029083 ns, Reaching safepoint: 3000 ns, At safepoint: 392542 ns, Leaving safepoint: 18875 ns, Total: 414417 ns, Threads: 0 runnable, 42 total
[2026-09-03T12:41:22.367+0800][36.221s][info][gc,marking  ] GC(264) Concurrent Mark 4.929ms
[2026-09-03T12:41:22.367+0800][36.221s][info][gc,marking  ] GC(264) Concurrent Rebuild Remembered Sets and Scrub Regions
[2026-09-03T12:41:22.372+0800][36.226s][info][gc,marking  ] GC(264) Concurrent Rebuild Remembered Sets and Scrub Regions 4.742ms
[2026-09-03T12:41:22.372+0800][36.226s][info][gc,start    ] GC(264) Pause Cleanup
[2026-09-03T12:41:22.372+0800][36.226s][info][gc          ] GC(264) Pause Cleanup 104M->104M(256M) 0.040ms
[2026-09-03T12:41:22.372+0800][36.226s][info][gc,cpu      ] GC(264) User=0.00s Sys=0.00s Real=0.00s
[2026-09-03T12:41:22.372+0800][36.226s][info][safepoint   ] Safepoint "G1PauseCleanup", Time since last: 4857417 ns, Reaching safepoint: 2125 ns, At safepoint: 59291 ns, Leaving safepoint: 1667 ns, Total: 63083 ns, Threads: 0 runnable, 42 total
[2026-09-03T12:41:22.372+0800][36.226s][info][gc,marking  ] GC(264) Concurrent Clear Claimed Marks
[2026-09-03T12:41:22.372+0800][36.226s][info][gc,marking  ] GC(264) Concurrent Clear Claimed Marks 0.008ms
[2026-09-03T12:41:22.372+0800][36.226s][info][gc,marking  ] GC(264) Concurrent Cleanup for Next Mark
[2026-09-03T12:41:22.372+0800][36.226s][info][gc,marking  ] GC(264) Concurrent Cleanup for Next Mark 0.100ms
[2026-09-03T12:41:22.372+0800][36.226s][info][gc          ] GC(264) Concurrent Mark Cycle 12.533ms
[2026-09-03T12:41:22.622+0800][36.476s][info][gc,start    ] GC(265) Pause Young (Prepare Mixed) (G1 Evacuation Pause)
[2026-09-03T12:41:22.622+0800][36.476s][info][gc,task     ] GC(265) Using 9 workers of 9 for evacuation
[2026-09-03T12:41:22.625+0800][36.479s][info][gc,phases   ] GC(265)   Pre Evacuate Collection Set: 0.10ms
[2026-09-03T12:41:22.625+0800][36.479s][info][gc,phases   ] GC(265)   Merge Heap Roots: 0.02ms
[2026-09-03T12:41:22.625+0800][36.479s][info][gc,phases   ] GC(265)   Evacuate Collection Set: 2.30ms
[2026-09-03T12:41:22.625+0800][36.479s][info][gc,phases   ] GC(265)   Post Evacuate Collection Set: 0.08ms
[2026-09-03T12:41:22.625+0800][36.479s][info][gc,phases   ] GC(265)   Other: 0.07ms
[2026-09-03T12:41:22.625+0800][36.479s][info][gc,heap     ] GC(265) Eden regions: 87->0(97)
[2026-09-03T12:41:22.625+0800][36.479s][info][gc,heap     ] GC(265) Survivor regions: 15->13(13)
[2026-09-03T12:41:22.625+0800][36.479s][info][gc,heap     ] GC(265) Old regions: 84->104
[2026-09-03T12:41:22.625+0800][36.479s][info][gc,heap     ] GC(265) Humongous regions: 1->1
[2026-09-03T12:41:22.625+0800][36.479s][info][gc,metaspace] GC(265) Metaspace: 1059K(1216K)->1059K(1216K) NonClass: 994K(1088K)->994K(1088K) Class: 64K(128K)->64K(128K)
[2026-09-03T12:41:22.625+0800][36.479s][info][gc          ] GC(265) Pause Young (Prepare Mixed) (G1 Evacuation Pause) 186M->116M(256M) 2.744ms
[2026-09-03T12:41:22.625+0800][36.479s][info][gc,cpu      ] GC(265) User=0.02s Sys=0.00s Real=0.00s
[2026-09-03T12:41:22.625+0800][36.479s][info][safepoint   ] Safepoint "G1CollectForAllocation", Time since last: 250311708 ns, Reaching safepoint: 4625 ns, At safepoint: 2776500 ns, Leaving safepoint: 19834 ns, Total: 2800959 ns, Threads: 0 runnable, 42 total
[2026-09-03T12:41:22.918+0800][36.773s][info][gc,start    ] GC(266) Pause Young (Mixed) (G1 Evacuation Pause)
[2026-09-03T12:41:22.919+0800][36.773s][info][gc,task     ] GC(266) Using 9 workers of 9 for evacuation
[2026-09-03T12:41:22.921+0800][36.776s][info][gc,phases   ] GC(266)   Pre Evacuate Collection Set: 0.09ms
[2026-09-03T12:41:22.922+0800][36.776s][info][gc,phases   ] GC(266)   Merge Heap Roots: 0.04ms
[2026-09-03T12:41:22.922+0800][36.776s][info][gc,phases   ] GC(266)   Evacuate Collection Set: 2.62ms
[2026-09-03T12:41:22.922+0800][36.776s][info][gc,phases   ] GC(266)   Post Evacuate Collection Set: 0.13ms
[2026-09-03T12:41:22.922+0800][36.776s][info][gc,phases   ] GC(266)   Other: 0.07ms
[2026-09-03T12:41:22.922+0800][36.776s][info][gc,heap     ] GC(266) Eden regions: 97->0(102)
[2026-09-03T12:41:22.922+0800][36.776s][info][gc,heap     ] GC(266) Survivor regions: 13->14(14)
[2026-09-03T12:41:22.922+0800][36.776s][info][gc,heap     ] GC(266) Old regions: 104->96
[2026-09-03T12:41:22.922+0800][36.776s][info][gc,heap     ] GC(266) Humongous regions: 1->1
[2026-09-03T12:41:22.922+0800][36.776s][info][gc,metaspace] GC(266) Metaspace: 1059K(1216K)->1059K(1216K) NonClass: 994K(1088K)->994K(1088K) Class: 64K(128K)->64K(128K)
[2026-09-03T12:41:22.922+0800][36.776s][info][gc          ] GC(266) Pause Young (Mixed) (G1 Evacuation Pause) 213M->109M(256M) 3.129ms
[2026-09-03T12:41:22.922+0800][36.776s][info][gc,cpu      ] GC(266) User=0.02s Sys=0.00s Real=0.01s
[2026-09-03T12:41:22.922+0800][36.776s][info][safepoint   ] Safepoint "G1CollectForAllocation", Time since last: 293521375 ns, Reaching safepoint: 8791 ns, At safepoint: 3176709 ns, Leaving safepoint: 24583 ns, Total: 3210083 ns, Threads: 0 runnable, 42 total
[2026-09-03T12:41:23.231+0800][37.085s][info][gc,start    ] GC(267) Pause Young (Concurrent Start) (G1 Evacuation Pause)
[2026-09-03T12:41:23.231+0800][37.085s][info][gc,task     ] GC(267) Using 9 workers of 9 for evacuation
[2026-09-03T12:41:23.234+0800][37.088s][info][gc,phases   ] GC(267)   Pre Evacuate Collection Set: 0.11ms
[2026-09-03T12:41:23.234+0800][37.088s][info][gc,phases   ] GC(267)   Merge Heap Roots: 0.02ms
[2026-09-03T12:41:23.234+0800][37.088s][info][gc,phases   ] GC(267)   Evacuate Collection Set: 1.95ms
[2026-09-03T12:41:23.234+0800][37.088s][info][gc,phases   ] GC(267)   Post Evacuate Collection Set: 0.10ms
[2026-09-03T12:41:23.234+0800][37.088s][info][gc,phases   ] GC(267)   Other: 0.06ms
[2026-09-03T12:41:23.234+0800][37.088s][info][gc,heap     ] GC(267) Eden regions: 102->0(87)
[2026-09-03T12:41:23.234+0800][37.088s][info][gc,heap     ] GC(267) Survivor regions: 14->15(15)
[2026-09-03T12:41:23.234+0800][37.088s][info][gc,heap     ] GC(267) Old regions: 96->116
[2026-09-03T12:41:23.234+0800][37.088s][info][gc,heap     ] GC(267) Humongous regions: 1->1
[2026-09-03T12:41:23.234+0800][37.088s][info][gc,metaspace] GC(267) Metaspace: 1059K(1216K)->1059K(1216K) NonClass: 994K(1088K)->994K(1088K) Class: 64K(128K)->64K(128K)
[2026-09-03T12:41:23.234+0800][37.088s][info][gc          ] GC(267) Pause Young (Concurrent Start) (G1 Evacuation Pause) 211M->130M(256M) 2.356ms
[2026-09-03T12:41:23.234+0800][37.088s][info][gc,cpu      ] GC(267) User=0.02s Sys=0.00s Real=0.00s
[2026-09-03T12:41:23.234+0800][37.088s][info][gc          ] GC(268) Concurrent Mark Cycle
[2026-09-03T12:41:23.234+0800][37.088s][info][gc,marking  ] GC(268) Concurrent Scan Root Regions
[2026-09-03T12:41:23.234+0800][37.088s][info][safepoint   ] Safepoint "G1CollectForAllocation", Time since last: 309626958 ns, Reaching safepoint: 2250 ns, At safepoint: 2383584 ns, Leaving safepoint: 28083 ns, Total: 2413917 ns, Threads: 0 runnable, 42 total
[2026-09-03T12:41:23.236+0800][37.090s][info][gc,marking  ] GC(268) Concurrent Scan Root Regions 2.384ms
[2026-09-03T12:41:23.236+0800][37.090s][info][gc,marking  ] GC(268) Concurrent Mark
[2026-09-03T12:41:23.236+0800][37.090s][info][gc,marking  ] GC(268) Concurrent Mark From Roots
[2026-09-03T12:41:23.236+0800][37.090s][info][gc,task     ] GC(268) Concurrent Mark Using 2 of 2 Workers
[2026-09-03T12:41:23.240+0800][37.094s][info][gc,marking  ] GC(268) Concurrent Mark From Roots 4.266ms
[2026-09-03T12:41:23.240+0800][37.094s][info][gc,marking  ] GC(268) Concurrent Preclean
[2026-09-03T12:41:23.240+0800][37.094s][info][gc,marking  ] GC(268) Concurrent Preclean 0.011ms
[2026-09-03T12:41:23.240+0800][37.094s][info][gc,start    ] GC(268) Pause Remark
[2026-09-03T12:41:23.241+0800][37.095s][info][gc          ] GC(268) Pause Remark 134M->101M(256M) 0.308ms
[2026-09-03T12:41:23.241+0800][37.095s][info][gc,cpu      ] GC(268) User=0.00s Sys=0.00s Real=0.00s
[2026-09-03T12:41:23.241+0800][37.095s][info][safepoint   ] Safepoint "G1PauseRemark", Time since last: 6751708 ns, Reaching safepoint: 2750 ns, At safepoint: 344625 ns, Leaving safepoint: 13125 ns, Total: 360500 ns, Threads: 0 runnable, 42 total
[2026-09-03T12:41:23.241+0800][37.095s][info][gc,marking  ] GC(268) Concurrent Mark 4.736ms
[2026-09-03T12:41:23.241+0800][37.095s][info][gc,marking  ] GC(268) Concurrent Rebuild Remembered Sets and Scrub Regions
[2026-09-03T12:41:23.245+0800][37.099s][info][gc,marking  ] GC(268) Concurrent Rebuild Remembered Sets and Scrub Regions 3.766ms
[2026-09-03T12:41:23.245+0800][37.099s][info][gc,start    ] GC(268) Pause Cleanup
[2026-09-03T12:41:23.245+0800][37.099s][info][gc          ] GC(268) Pause Cleanup 103M->103M(256M) 0.052ms
[2026-09-03T12:41:23.245+0800][37.099s][info][gc,cpu      ] GC(268) User=0.00s Sys=0.00s Real=0.00s
[2026-09-03T12:41:23.245+0800][37.099s][info][safepoint   ] Safepoint "G1PauseCleanup", Time since last: 3860959 ns, Reaching safepoint: 24166 ns, At safepoint: 77209 ns, Leaving safepoint: 14583 ns, Total: 115958 ns, Threads: 1 runnable, 42 total
[2026-09-03T12:41:23.245+0800][37.099s][info][gc,marking  ] GC(268) Concurrent Clear Claimed Marks
[2026-09-03T12:41:23.245+0800][37.099s][info][gc,marking  ] GC(268) Concurrent Clear Claimed Marks 0.051ms
[2026-09-03T12:41:23.245+0800][37.099s][info][gc,marking  ] GC(268) Concurrent Cleanup for Next Mark
[2026-09-03T12:41:23.245+0800][37.099s][info][gc,marking  ] GC(268) Concurrent Cleanup for Next Mark 0.270ms
[2026-09-03T12:41:23.245+0800][37.099s][info][gc          ] GC(268) Concurrent Mark Cycle 11.613ms
[2026-09-03T12:41:23.496+0800][37.350s][info][gc,start    ] GC(269) Pause Young (Prepare Mixed) (G1 Evacuation Pause)
[2026-09-03T12:41:23.496+0800][37.350s][info][gc,task     ] GC(269) Using 9 workers of 9 for evacuation
[2026-09-03T12:41:23.498+0800][37.352s][info][gc,phases   ] GC(269)   Pre Evacuate Collection Set: 0.09ms
[2026-09-03T12:41:23.498+0800][37.352s][info][gc,phases   ] GC(269)   Merge Heap Roots: 0.03ms
[2026-09-03T12:41:23.498+0800][37.352s][info][gc,phases   ] GC(269)   Evacuate Collection Set: 2.04ms
[2026-09-03T12:41:23.498+0800][37.352s][info][gc,phases   ] GC(269)   Post Evacuate Collection Set: 0.10ms
[2026-09-03T12:41:23.498+0800][37.352s][info][gc,phases   ] GC(269)   Other: 0.11ms
[2026-09-03T12:41:23.498+0800][37.352s][info][gc,heap     ] GC(269) Eden regions: 87->0(99)
[2026-09-03T12:41:23.498+0800][37.352s][info][gc,heap     ] GC(269) Survivor regions: 15->13(13)
[2026-09-03T12:41:23.498+0800][37.352s][info][gc,heap     ] GC(269) Old regions: 83->102
[2026-09-03T12:41:23.498+0800][37.352s][info][gc,heap     ] GC(269) Humongous regions: 1->1
[2026-09-03T12:41:23.498+0800][37.352s][info][gc,metaspace] GC(269) Metaspace: 1059K(1216K)->1059K(1216K) NonClass: 994K(1088K)->994K(1088K) Class: 64K(128K)->64K(128K)
[2026-09-03T12:41:23.498+0800][37.352s][info][gc          ] GC(269) Pause Young (Prepare Mixed) (G1 Evacuation Pause) 184M->115M(256M) 2.566ms
[2026-09-03T12:41:23.498+0800][37.352s][info][gc,cpu      ] GC(269) User=0.02s Sys=0.00s Real=0.00s
[2026-09-03T12:41:23.498+0800][37.352s][info][safepoint   ] Safepoint "G1CollectForAllocation", Time since last: 250833167 ns, Reaching safepoint: 28208 ns, At safepoint: 2604167 ns, Leaving safepoint: 30166 ns, Total: 2662541 ns, Threads: 2 runnable, 42 total
[2026-09-03T12:41:23.797+0800][37.651s][info][gc,start    ] GC(270) Pause Young (Mixed) (G1 Evacuation Pause)
[2026-09-03T12:41:23.797+0800][37.651s][info][gc,task     ] GC(270) Using 9 workers of 9 for evacuation
[2026-09-03T12:41:23.800+0800][37.654s][info][gc,phases   ] GC(270)   Pre Evacuate Collection Set: 0.07ms
[2026-09-03T12:41:23.800+0800][37.654s][info][gc,phases   ] GC(270)   Merge Heap Roots: 0.03ms
[2026-09-03T12:41:23.800+0800][37.654s][info][gc,phases   ] GC(270)   Evacuate Collection Set: 2.06ms
[2026-09-03T12:41:23.800+0800][37.654s][info][gc,phases   ] GC(270)   Post Evacuate Collection Set: 0.11ms
[2026-09-03T12:41:23.800+0800][37.654s][info][gc,phases   ] GC(270)   Other: 0.07ms
[2026-09-03T12:41:23.800+0800][37.654s][info][gc,heap     ] GC(270) Eden regions: 99->0(102)
[2026-09-03T12:41:23.800+0800][37.654s][info][gc,heap     ] GC(270) Survivor regions: 13->14(14)
[2026-09-03T12:41:23.800+0800][37.654s][info][gc,heap     ] GC(270) Old regions: 102->97
[2026-09-03T12:41:23.800+0800][37.654s][info][gc,heap     ] GC(270) Humongous regions: 1->1
[2026-09-03T12:41:23.800+0800][37.654s][info][gc,metaspace] GC(270) Metaspace: 1059K(1216K)->1059K(1216K) NonClass: 994K(1088K)->994K(1088K) Class: 64K(128K)->64K(128K)
[2026-09-03T12:41:23.800+0800][37.654s][info][gc          ] GC(270) Pause Young (Mixed) (G1 Evacuation Pause) 214M->110M(256M) 2.468ms
[2026-09-03T12:41:23.800+0800][37.654s][info][gc,cpu      ] GC(270) User=0.01s Sys=0.00s Real=0.01s
[2026-09-03T12:41:23.800+0800][37.654s][info][safepoint   ] Safepoint "G1CollectForAllocation", Time since last: 298854417 ns, Reaching safepoint: 3000 ns, At safepoint: 2498417 ns, Leaving safepoint: 21375 ns, Total: 2522792 ns, Threads: 0 runnable, 42 total
[2026-09-03T12:41:24.110+0800][37.964s][info][gc,start    ] GC(271) Pause Young (Concurrent Start) (G1 Evacuation Pause)
[2026-09-03T12:41:24.110+0800][37.964s][info][gc,task     ] GC(271) Using 9 workers of 9 for evacuation
[2026-09-03T12:41:24.113+0800][37.967s][info][gc,phases   ] GC(271)   Pre Evacuate Collection Set: 0.08ms
[2026-09-03T12:41:24.113+0800][37.967s][info][gc,phases   ] GC(271)   Merge Heap Roots: 0.03ms
[2026-09-03T12:41:24.113+0800][37.967s][info][gc,phases   ] GC(271)   Evacuate Collection Set: 2.66ms
[2026-09-03T12:41:24.113+0800][37.967s][info][gc,phases   ] GC(271)   Post Evacuate Collection Set: 0.09ms
[2026-09-03T12:41:24.113+0800][37.967s][info][gc,phases   ] GC(271)   Other: 0.06ms
[2026-09-03T12:41:24.113+0800][37.967s][info][gc,heap     ] GC(271) Eden regions: 102->0(87)
[2026-09-03T12:41:24.113+0800][37.967s][info][gc,heap     ] GC(271) Survivor regions: 14->15(15)
[2026-09-03T12:41:24.113+0800][37.967s][info][gc,heap     ] GC(271) Old regions: 97->117
[2026-09-03T12:41:24.113+0800][37.967s][info][gc,heap     ] GC(271) Humongous regions: 1->1
[2026-09-03T12:41:24.113+0800][37.967s][info][gc,metaspace] GC(271) Metaspace: 1059K(1216K)->1059K(1216K) NonClass: 994K(1088K)->994K(1088K) Class: 64K(128K)->64K(128K)
[2026-09-03T12:41:24.113+0800][37.967s][info][gc          ] GC(271) Pause Young (Concurrent Start) (G1 Evacuation Pause) 212M->131M(256M) 3.058ms
[2026-09-03T12:41:24.113+0800][37.967s][info][gc,cpu      ] GC(271) User=0.02s Sys=0.00s Real=0.00s
[2026-09-03T12:41:24.113+0800][37.967s][info][gc          ] GC(272) Concurrent Mark Cycle
[2026-09-03T12:41:24.113+0800][37.967s][info][gc,marking  ] GC(272) Concurrent Scan Root Regions
[2026-09-03T12:41:24.113+0800][37.967s][info][safepoint   ] Safepoint "G1CollectForAllocation", Time since last: 310503875 ns, Reaching safepoint: 2250 ns, At safepoint: 3089375 ns, Leaving safepoint: 25041 ns, Total: 3116666 ns, Threads: 0 runnable, 42 total
[2026-09-03T12:41:24.116+0800][37.970s][info][gc,marking  ] GC(272) Concurrent Scan Root Regions 2.263ms
[2026-09-03T12:41:24.116+0800][37.970s][info][gc,marking  ] GC(272) Concurrent Mark
[2026-09-03T12:41:24.116+0800][37.970s][info][gc,marking  ] GC(272) Concurrent Mark From Roots
[2026-09-03T12:41:24.116+0800][37.970s][info][gc,task     ] GC(272) Concurrent Mark Using 2 of 2 Workers
[2026-09-03T12:41:24.119+0800][37.973s][info][gc,marking  ] GC(272) Concurrent Mark From Roots 3.580ms
[2026-09-03T12:41:24.119+0800][37.973s][info][gc,marking  ] GC(272) Concurrent Preclean
[2026-09-03T12:41:24.119+0800][37.973s][info][gc,marking  ] GC(272) Concurrent Preclean 0.012ms
[2026-09-03T12:41:24.119+0800][37.973s][info][gc,start    ] GC(272) Pause Remark
[2026-09-03T12:41:24.120+0800][37.974s][info][gc          ] GC(272) Pause Remark 135M->103M(256M) 0.425ms
[2026-09-03T12:41:24.120+0800][37.974s][info][gc,cpu      ] GC(272) User=0.00s Sys=0.00s Real=0.01s
[2026-09-03T12:41:24.120+0800][37.974s][info][safepoint   ] Safepoint "G1PauseRemark", Time since last: 5936917 ns, Reaching safepoint: 3333 ns, At safepoint: 469125 ns, Leaving safepoint: 94000 ns, Total: 566458 ns, Threads: 0 runnable, 42 total
[2026-09-03T12:41:24.120+0800][37.974s][info][gc,marking  ] GC(272) Concurrent Mark 4.300ms
[2026-09-03T12:41:24.120+0800][37.974s][info][gc,marking  ] GC(272) Concurrent Rebuild Remembered Sets and Scrub Regions
[2026-09-03T12:41:24.125+0800][37.979s][info][gc,marking  ] GC(272) Concurrent Rebuild Remembered Sets and Scrub Regions 4.777ms
[2026-09-03T12:41:24.125+0800][37.979s][info][gc,start    ] GC(272) Pause Cleanup
[2026-09-03T12:41:24.125+0800][37.979s][info][gc          ] GC(272) Pause Cleanup 105M->105M(256M) 0.042ms
[2026-09-03T12:41:24.125+0800][37.979s][info][gc,cpu      ] GC(272) User=0.00s Sys=0.00s Real=0.00s
[2026-09-03T12:41:24.125+0800][37.979s][info][safepoint   ] Safepoint "G1PauseCleanup", Time since last: 4875875 ns, Reaching safepoint: 21834 ns, At safepoint: 61791 ns, Leaving safepoint: 2875 ns, Total: 86500 ns, Threads: 1 runnable, 42 total
[2026-09-03T12:41:24.125+0800][37.979s][info][gc,marking  ] GC(272) Concurrent Clear Claimed Marks
[2026-09-03T12:41:24.125+0800][37.979s][info][gc,marking  ] GC(272) Concurrent Clear Claimed Marks 0.007ms
[2026-09-03T12:41:24.125+0800][37.979s][info][gc,marking  ] GC(272) Concurrent Cleanup for Next Mark
[2026-09-03T12:41:24.125+0800][37.979s][info][gc,marking  ] GC(272) Concurrent Cleanup for Next Mark 0.100ms
[2026-09-03T12:41:24.125+0800][37.979s][info][gc          ] GC(272) Concurrent Mark Cycle 11.630ms
[2026-09-03T12:41:24.374+0800][38.228s][info][gc,start    ] GC(273) Pause Young (Prepare Mixed) (G1 Evacuation Pause)
[2026-09-03T12:41:24.374+0800][38.228s][info][gc,task     ] GC(273) Using 9 workers of 9 for evacuation
[2026-09-03T12:41:24.376+0800][38.230s][info][gc,phases   ] GC(273)   Pre Evacuate Collection Set: 0.05ms
[2026-09-03T12:41:24.376+0800][38.230s][info][gc,phases   ] GC(273)   Merge Heap Roots: 0.02ms
[2026-09-03T12:41:24.376+0800][38.230s][info][gc,phases   ] GC(273)   Evacuate Collection Set: 1.83ms
[2026-09-03T12:41:24.376+0800][38.230s][info][gc,phases   ] GC(273)   Post Evacuate Collection Set: 0.10ms
[2026-09-03T12:41:24.376+0800][38.230s][info][gc,phases   ] GC(273)   Other: 0.05ms
[2026-09-03T12:41:24.376+0800][38.230s][info][gc,heap     ] GC(273) Eden regions: 87->0(97)
[2026-09-03T12:41:24.376+0800][38.230s][info][gc,heap     ] GC(273) Survivor regions: 15->13(13)
[2026-09-03T12:41:24.376+0800][38.230s][info][gc,heap     ] GC(273) Old regions: 85->105
[2026-09-03T12:41:24.376+0800][38.230s][info][gc,heap     ] GC(273) Humongous regions: 1->1
[2026-09-03T12:41:24.376+0800][38.230s][info][gc,metaspace] GC(273) Metaspace: 1059K(1216K)->1059K(1216K) NonClass: 994K(1088K)->994K(1088K) Class: 64K(128K)->64K(128K)
[2026-09-03T12:41:24.376+0800][38.230s][info][gc          ] GC(273) Pause Young (Prepare Mixed) (G1 Evacuation Pause) 186M->117M(256M) 2.153ms
[2026-09-03T12:41:24.376+0800][38.230s][info][gc,cpu      ] GC(273) User=0.02s Sys=0.00s Real=0.00s
[2026-09-03T12:41:24.376+0800][38.230s][info][safepoint   ] Safepoint "G1CollectForAllocation", Time since last: 249159875 ns, Reaching safepoint: 2250 ns, At safepoint: 2177750 ns, Leaving safepoint: 44250 ns, Total: 2224250 ns, Threads: 0 runnable, 42 total
[2026-09-03T12:41:24.667+0800][38.521s][info][gc,start    ] GC(274) Pause Young (Mixed) (G1 Evacuation Pause)
[2026-09-03T12:41:24.667+0800][38.521s][info][gc,task     ] GC(274) Using 9 workers of 9 for evacuation
[2026-09-03T12:41:24.670+0800][38.524s][info][gc,phases   ] GC(274)   Pre Evacuate Collection Set: 0.04ms
[2026-09-03T12:41:24.670+0800][38.524s][info][gc,phases   ] GC(274)   Merge Heap Roots: 0.04ms
[2026-09-03T12:41:24.670+0800][38.524s][info][gc,phases   ] GC(274)   Evacuate Collection Set: 1.94ms
[2026-09-03T12:41:24.670+0800][38.524s][info][gc,phases   ] GC(274)   Post Evacuate Collection Set: 0.12ms
[2026-09-03T12:41:24.670+0800][38.524s][info][gc,phases   ] GC(274)   Other: 0.07ms
[2026-09-03T12:41:24.670+0800][38.524s][info][gc,heap     ] GC(274) Eden regions: 97->0(102)
[2026-09-03T12:41:24.670+0800][38.524s][info][gc,heap     ] GC(274) Survivor regions: 13->14(14)
[2026-09-03T12:41:24.670+0800][38.524s][info][gc,heap     ] GC(274) Old regions: 105->96
[2026-09-03T12:41:24.670+0800][38.524s][info][gc,heap     ] GC(274) Humongous regions: 1->1
[2026-09-03T12:41:24.670+0800][38.524s][info][gc,metaspace] GC(274) Metaspace: 1059K(1216K)->1059K(1216K) NonClass: 994K(1088K)->994K(1088K) Class: 64K(128K)->64K(128K)
[2026-09-03T12:41:24.670+0800][38.524s][info][gc          ] GC(274) Pause Young (Mixed) (G1 Evacuation Pause) 214M->109M(256M) 2.360ms
[2026-09-03T12:41:24.670+0800][38.524s][info][gc,cpu      ] GC(274) User=0.02s Sys=0.00s Real=0.01s
[2026-09-03T12:41:24.670+0800][38.524s][info][safepoint   ] Safepoint "G1CollectForAllocation", Time since last: 291172667 ns, Reaching safepoint: 2333 ns, At safepoint: 2386292 ns, Leaving safepoint: 85375 ns, Total: 2474000 ns, Threads: 0 runnable, 42 total
[2026-09-03T12:41:24.978+0800][38.832s][info][gc,start    ] GC(275) Pause Young (Mixed) (G1 Evacuation Pause)
[2026-09-03T12:41:24.978+0800][38.832s][info][gc,task     ] GC(275) Using 9 workers of 9 for evacuation
[2026-09-03T12:41:24.980+0800][38.834s][info][gc,phases   ] GC(275)   Pre Evacuate Collection Set: 0.06ms
[2026-09-03T12:41:24.980+0800][38.835s][info][gc,phases   ] GC(275)   Merge Heap Roots: 0.03ms
[2026-09-03T12:41:24.980+0800][38.835s][info][gc,phases   ] GC(275)   Evacuate Collection Set: 2.27ms
[2026-09-03T12:41:24.980+0800][38.835s][info][gc,phases   ] GC(275)   Post Evacuate Collection Set: 0.09ms
[2026-09-03T12:41:24.980+0800][38.835s][info][gc,phases   ] GC(275)   Other: 0.07ms
[2026-09-03T12:41:24.980+0800][38.835s][info][gc,heap     ] GC(275) Eden regions: 102->0(89)
[2026-09-03T12:41:24.980+0800][38.835s][info][gc,heap     ] GC(275) Survivor regions: 14->15(15)
[2026-09-03T12:41:24.980+0800][38.835s][info][gc,heap     ] GC(275) Old regions: 96->114
[2026-09-03T12:41:24.981+0800][38.835s][info][gc,heap     ] GC(275) Humongous regions: 1->1
[2026-09-03T12:41:24.981+0800][38.835s][info][gc,metaspace] GC(275) Metaspace: 1059K(1216K)->1059K(1216K) NonClass: 994K(1088K)->994K(1088K) Class: 64K(128K)->64K(128K)
[2026-09-03T12:41:24.981+0800][38.835s][info][gc          ] GC(275) Pause Young (Mixed) (G1 Evacuation Pause) 211M->129M(256M) 2.663ms
[2026-09-03T12:41:24.981+0800][38.835s][info][gc,cpu      ] GC(275) User=0.02s Sys=0.00s Real=0.01s
[2026-09-03T12:41:24.981+0800][38.835s][info][safepoint   ] Safepoint "G1CollectForAllocation", Time since last: 308066625 ns, Reaching safepoint: 21417 ns, At safepoint: 2690375 ns, Leaving safepoint: 29625 ns, Total: 2741417 ns, Threads: 2 runnable, 42 total
[2026-09-03T12:41:25.247+0800][39.101s][info][gc,start    ] GC(276) Pause Young (Concurrent Start) (G1 Evacuation Pause)
[2026-09-03T12:41:25.247+0800][39.102s][info][gc,task     ] GC(276) Using 9 workers of 9 for evacuation
[2026-09-03T12:41:25.250+0800][39.104s][info][gc,phases   ] GC(276)   Pre Evacuate Collection Set: 0.08ms
[2026-09-03T12:41:25.250+0800][39.104s][info][gc,phases   ] GC(276)   Merge Heap Roots: 0.03ms
[2026-09-03T12:41:25.250+0800][39.104s][info][gc,phases   ] GC(276)   Evacuate Collection Set: 1.78ms
[2026-09-03T12:41:25.250+0800][39.104s][info][gc,phases   ] GC(276)   Post Evacuate Collection Set: 0.08ms
[2026-09-03T12:41:25.250+0800][39.104s][info][gc,phases   ] GC(276)   Other: 0.06ms
[2026-09-03T12:41:25.250+0800][39.104s][info][gc,heap     ] GC(276) Eden regions: 89->0(75)
[2026-09-03T12:41:25.250+0800][39.104s][info][gc,heap     ] GC(276) Survivor regions: 15->13(13)
[2026-09-03T12:41:25.250+0800][39.104s][info][gc,heap     ] GC(276) Old regions: 114->135
[2026-09-03T12:41:25.250+0800][39.104s][info][gc,heap     ] GC(276) Humongous regions: 1->1
[2026-09-03T12:41:25.250+0800][39.104s][info][gc,metaspace] GC(276) Metaspace: 1059K(1216K)->1059K(1216K) NonClass: 994K(1088K)->994K(1088K) Class: 64K(128K)->64K(128K)
[2026-09-03T12:41:25.250+0800][39.104s][info][gc          ] GC(276) Pause Young (Concurrent Start) (G1 Evacuation Pause) 218M->147M(256M) 2.140ms
[2026-09-03T12:41:25.250+0800][39.104s][info][gc,cpu      ] GC(276) User=0.02s Sys=0.00s Real=0.01s
[2026-09-03T12:41:25.250+0800][39.104s][info][gc          ] GC(277) Concurrent Mark Cycle
[2026-09-03T12:41:25.250+0800][39.104s][info][gc,marking  ] GC(277) Concurrent Scan Root Regions
[2026-09-03T12:41:25.250+0800][39.104s][info][safepoint   ] Safepoint "G1CollectForAllocation", Time since last: 266858916 ns, Reaching safepoint: 2459 ns, At safepoint: 2167416 ns, Leaving safepoint: 21500 ns, Total: 2191375 ns, Threads: 0 runnable, 42 total
[2026-09-03T12:41:25.252+0800][39.106s][info][gc,marking  ] GC(277) Concurrent Scan Root Regions 1.947ms
[2026-09-03T12:41:25.252+0800][39.106s][info][gc,marking  ] GC(277) Concurrent Mark
[2026-09-03T12:41:25.252+0800][39.106s][info][gc,marking  ] GC(277) Concurrent Mark From Roots
[2026-09-03T12:41:25.252+0800][39.106s][info][gc,task     ] GC(277) Concurrent Mark Using 2 of 2 Workers
[2026-09-03T12:41:25.256+0800][39.110s][info][gc,marking  ] GC(277) Concurrent Mark From Roots 4.440ms
[2026-09-03T12:41:25.256+0800][39.110s][info][gc,marking  ] GC(277) Concurrent Preclean
[2026-09-03T12:41:25.256+0800][39.110s][info][gc,marking  ] GC(277) Concurrent Preclean 0.009ms
[2026-09-03T12:41:25.256+0800][39.110s][info][gc,start    ] GC(277) Pause Remark
[2026-09-03T12:41:25.256+0800][39.110s][info][gc          ] GC(277) Pause Remark 151M->108M(256M) 0.322ms
[2026-09-03T12:41:25.256+0800][39.110s][info][gc,cpu      ] GC(277) User=0.00s Sys=0.00s Real=0.00s
[2026-09-03T12:41:25.256+0800][39.110s][info][safepoint   ] Safepoint "G1PauseRemark", Time since last: 6445334 ns, Reaching safepoint: 2291 ns, At safepoint: 339709 ns, Leaving safepoint: 23125 ns, Total: 365125 ns, Threads: 0 runnable, 42 total
[2026-09-03T12:41:25.256+0800][39.111s][info][gc,marking  ] GC(277) Concurrent Mark 4.898ms
[2026-09-03T12:41:25.256+0800][39.111s][info][gc,marking  ] GC(277) Concurrent Rebuild Remembered Sets and Scrub Regions
[2026-09-03T12:41:25.260+0800][39.114s][info][gc,marking  ] GC(277) Concurrent Rebuild Remembered Sets and Scrub Regions 3.537ms
[2026-09-03T12:41:25.260+0800][39.114s][info][gc,start    ] GC(277) Pause Cleanup
[2026-09-03T12:41:25.260+0800][39.114s][info][gc          ] GC(277) Pause Cleanup 109M->109M(256M) 0.039ms
[2026-09-03T12:41:25.260+0800][39.114s][info][gc,cpu      ] GC(277) User=0.00s Sys=0.00s Real=0.00s
[2026-09-03T12:41:25.260+0800][39.114s][info][safepoint   ] Safepoint "G1PauseCleanup", Time since last: 3609000 ns, Reaching safepoint: 2041 ns, At safepoint: 65750 ns, Leaving safepoint: 1625 ns, Total: 69416 ns, Threads: 0 runnable, 42 total
[2026-09-03T12:41:25.260+0800][39.114s][info][gc,marking  ] GC(277) Concurrent Clear Claimed Marks
[2026-09-03T12:41:25.260+0800][39.114s][info][gc,marking  ] GC(277) Concurrent Clear Claimed Marks 0.005ms
[2026-09-03T12:41:25.260+0800][39.114s][info][gc,marking  ] GC(277) Concurrent Cleanup for Next Mark
[2026-09-03T12:41:25.260+0800][39.114s][info][gc,marking  ] GC(277) Concurrent Cleanup for Next Mark 0.138ms
[2026-09-03T12:41:25.260+0800][39.114s][info][gc          ] GC(277) Concurrent Mark Cycle 10.682ms
[2026-09-03T12:41:25.474+0800][39.328s][info][gc,start    ] GC(278) Pause Young (Prepare Mixed) (G1 Evacuation Pause)
[2026-09-03T12:41:25.474+0800][39.328s][info][gc,task     ] GC(278) Using 9 workers of 9 for evacuation
[2026-09-03T12:41:25.476+0800][39.330s][info][gc,phases   ] GC(278)   Pre Evacuate Collection Set: 0.05ms
[2026-09-03T12:41:25.476+0800][39.330s][info][gc,phases   ] GC(278)   Merge Heap Roots: 0.04ms
[2026-09-03T12:41:25.476+0800][39.330s][info][gc,phases   ] GC(278)   Evacuate Collection Set: 1.58ms
[2026-09-03T12:41:25.476+0800][39.330s][info][gc,phases   ] GC(278)   Post Evacuate Collection Set: 0.10ms
[2026-09-03T12:41:25.476+0800][39.330s][info][gc,phases   ] GC(278)   Other: 0.05ms
[2026-09-03T12:41:25.476+0800][39.330s][info][gc,heap     ] GC(278) Eden regions: 75->0(95)
[2026-09-03T12:41:25.476+0800][39.330s][info][gc,heap     ] GC(278) Survivor regions: 13->11(11)
[2026-09-03T12:41:25.476+0800][39.330s][info][gc,heap     ] GC(278) Old regions: 92->110
[2026-09-03T12:41:25.476+0800][39.330s][info][gc,heap     ] GC(278) Humongous regions: 1->1
[2026-09-03T12:41:25.476+0800][39.330s][info][gc,metaspace] GC(278) Metaspace: 1059K(1216K)->1059K(1216K) NonClass: 994K(1088K)->994K(1088K) Class: 64K(128K)->64K(128K)
[2026-09-03T12:41:25.476+0800][39.330s][info][gc          ] GC(278) Pause Young (Prepare Mixed) (G1 Evacuation Pause) 179M->120M(256M) 1.937ms
[2026-09-03T12:41:25.476+0800][39.330s][info][gc,cpu      ] GC(278) User=0.02s Sys=0.00s Real=0.00s
[2026-09-03T12:41:25.476+0800][39.330s][info][safepoint   ] Safepoint "G1CollectForAllocation", Time since last: 213535959 ns, Reaching safepoint: 2416 ns, At safepoint: 1959292 ns, Leaving safepoint: 43667 ns, Total: 2005375 ns, Threads: 0 runnable, 42 total
[2026-09-03T12:41:25.761+0800][39.615s][info][gc,start    ] GC(279) Pause Young (Mixed) (G1 Evacuation Pause)
[2026-09-03T12:41:25.761+0800][39.615s][info][gc,task     ] GC(279) Using 9 workers of 9 for evacuation
[2026-09-03T12:41:25.764+0800][39.618s][info][gc,phases   ] GC(279)   Pre Evacuate Collection Set: 0.05ms
[2026-09-03T12:41:25.764+0800][39.618s][info][gc,phases   ] GC(279)   Merge Heap Roots: 0.04ms
[2026-09-03T12:41:25.764+0800][39.618s][info][gc,phases   ] GC(279)   Evacuate Collection Set: 2.58ms
[2026-09-03T12:41:25.764+0800][39.618s][info][gc,phases   ] GC(279)   Post Evacuate Collection Set: 0.11ms
[2026-09-03T12:41:25.764+0800][39.618s][info][gc,phases   ] GC(279)   Other: 0.07ms
[2026-09-03T12:41:25.764+0800][39.618s][info][gc,heap     ] GC(279) Eden regions: 95->0(102)
[2026-09-03T12:41:25.764+0800][39.618s][info][gc,heap     ] GC(279) Survivor regions: 11->14(14)
[2026-09-03T12:41:25.764+0800][39.618s][info][gc,heap     ] GC(279) Old regions: 110->97
[2026-09-03T12:41:25.764+0800][39.618s][info][gc,heap     ] GC(279) Humongous regions: 1->1
[2026-09-03T12:41:25.764+0800][39.618s][info][gc,metaspace] GC(279) Metaspace: 1059K(1216K)->1059K(1216K) NonClass: 994K(1088K)->994K(1088K) Class: 64K(128K)->64K(128K)
[2026-09-03T12:41:25.764+0800][39.618s][info][gc          ] GC(279) Pause Young (Mixed) (G1 Evacuation Pause) 215M->110M(256M) 2.997ms
[2026-09-03T12:41:25.764+0800][39.618s][info][gc,cpu      ] GC(279) User=0.02s Sys=0.01s Real=0.00s
[2026-09-03T12:41:25.764+0800][39.618s][info][safepoint   ] Safepoint "G1CollectForAllocation", Time since last: 285075125 ns, Reaching safepoint: 2916 ns, At safepoint: 3024959 ns, Leaving safepoint: 24000 ns, Total: 3051875 ns, Threads: 0 runnable, 42 total
[2026-09-03T12:41:26.073+0800][39.927s][info][gc,start    ] GC(280) Pause Young (Mixed) (G1 Evacuation Pause)
[2026-09-03T12:41:26.073+0800][39.927s][info][gc,task     ] GC(280) Using 9 workers of 9 for evacuation
[2026-09-03T12:41:26.075+0800][39.929s][info][gc,phases   ] GC(280)   Pre Evacuate Collection Set: 0.05ms
[2026-09-03T12:41:26.075+0800][39.929s][info][gc,phases   ] GC(280)   Merge Heap Roots: 0.04ms
[2026-09-03T12:41:26.075+0800][39.929s][info][gc,phases   ] GC(280)   Evacuate Collection Set: 1.89ms
[2026-09-03T12:41:26.075+0800][39.929s][info][gc,phases   ] GC(280)   Post Evacuate Collection Set: 0.08ms
[2026-09-03T12:41:26.075+0800][39.929s][info][gc,phases   ] GC(280)   Other: 0.05ms
[2026-09-03T12:41:26.075+0800][39.929s][info][gc,heap     ] GC(280) Eden regions: 102->0(89)
[2026-09-03T12:41:26.075+0800][39.929s][info][gc,heap     ] GC(280) Survivor regions: 14->15(15)
[2026-09-03T12:41:26.075+0800][39.929s][info][gc,heap     ] GC(280) Old regions: 97->114
[2026-09-03T12:41:26.075+0800][39.929s][info][gc,heap     ] GC(280) Humongous regions: 1->1
[2026-09-03T12:41:26.075+0800][39.929s][info][gc,metaspace] GC(280) Metaspace: 1059K(1216K)->1059K(1216K) NonClass: 994K(1088K)->994K(1088K) Class: 64K(128K)->64K(128K)
[2026-09-03T12:41:26.075+0800][39.929s][info][gc          ] GC(280) Pause Young (Mixed) (G1 Evacuation Pause) 212M->128M(256M) 2.222ms
[2026-09-03T12:41:26.075+0800][39.929s][info][gc,cpu      ] GC(280) User=0.01s Sys=0.00s Real=0.00s
[2026-09-03T12:41:26.075+0800][39.929s][info][safepoint   ] Safepoint "G1CollectForAllocation", Time since last: 308939708 ns, Reaching safepoint: 18583 ns, At safepoint: 2247125 ns, Leaving safepoint: 24709 ns, Total: 2290417 ns, Threads: 1 runnable, 42 total
[2026-09-03T12:41:26.343+0800][40.197s][info][gc,start    ] GC(281) Pause Young (Concurrent Start) (G1 Evacuation Pause)
[2026-09-03T12:41:26.343+0800][40.197s][info][gc,task     ] GC(281) Using 9 workers of 9 for evacuation
[2026-09-03T12:41:26.345+0800][40.200s][info][gc,phases   ] GC(281)   Pre Evacuate Collection Set: 0.05ms
[2026-09-03T12:41:26.346+0800][40.200s][info][gc,phases   ] GC(281)   Merge Heap Roots: 0.02ms
[2026-09-03T12:41:26.346+0800][40.200s][info][gc,phases   ] GC(281)   Evacuate Collection Set: 2.33ms
[2026-09-03T12:41:26.346+0800][40.200s][info][gc,phases   ] GC(281)   Post Evacuate Collection Set: 0.12ms
[2026-09-03T12:41:26.346+0800][40.200s][info][gc,phases   ] GC(281)   Other: 0.07ms
[2026-09-03T12:41:26.346+0800][40.200s][info][gc,heap     ] GC(281) Eden regions: 89->0(76)
[2026-09-03T12:41:26.346+0800][40.200s][info][gc,heap     ] GC(281) Survivor regions: 15->13(13)
[2026-09-03T12:41:26.346+0800][40.200s][info][gc,heap     ] GC(281) Old regions: 114->134
[2026-09-03T12:41:26.346+0800][40.200s][info][gc,heap     ] GC(281) Humongous regions: 1->1
[2026-09-03T12:41:26.346+0800][40.200s][info][gc,metaspace] GC(281) Metaspace: 1059K(1216K)->1059K(1216K) NonClass: 994K(1088K)->994K(1088K) Class: 64K(128K)->64K(128K)
[2026-09-03T12:41:26.346+0800][40.200s][info][gc          ] GC(281) Pause Young (Concurrent Start) (G1 Evacuation Pause) 217M->146M(256M) 2.724ms
[2026-09-03T12:41:26.346+0800][40.200s][info][gc,cpu      ] GC(281) User=0.02s Sys=0.00s Real=0.00s
[2026-09-03T12:41:26.346+0800][40.200s][info][gc          ] GC(282) Concurrent Mark Cycle
[2026-09-03T12:41:26.346+0800][40.200s][info][gc,marking  ] GC(282) Concurrent Scan Root Regions
[2026-09-03T12:41:26.346+0800][40.200s][info][safepoint   ] Safepoint "G1CollectForAllocation", Time since last: 267857750 ns, Reaching safepoint: 2583 ns, At safepoint: 2758375 ns, Leaving safepoint: 24292 ns, Total: 2785250 ns, Threads: 0 runnable, 42 total
[2026-09-03T12:41:26.348+0800][40.202s][info][gc,marking  ] GC(282) Concurrent Scan Root Regions 2.231ms
[2026-09-03T12:41:26.348+0800][40.202s][info][gc,marking  ] GC(282) Concurrent Mark
[2026-09-03T12:41:26.348+0800][40.202s][info][gc,marking  ] GC(282) Concurrent Mark From Roots
[2026-09-03T12:41:26.348+0800][40.202s][info][gc,task     ] GC(282) Concurrent Mark Using 2 of 2 Workers
[2026-09-03T12:41:26.351+0800][40.206s][info][gc,marking  ] GC(282) Concurrent Mark From Roots 3.578ms
[2026-09-03T12:41:26.351+0800][40.206s][info][gc,marking  ] GC(282) Concurrent Preclean
[2026-09-03T12:41:26.351+0800][40.206s][info][gc,marking  ] GC(282) Concurrent Preclean 0.008ms
[2026-09-03T12:41:26.352+0800][40.206s][info][gc,start    ] GC(282) Pause Remark
[2026-09-03T12:41:26.352+0800][40.206s][info][gc          ] GC(282) Pause Remark 150M->97M(256M) 0.302ms
[2026-09-03T12:41:26.352+0800][40.206s][info][gc,cpu      ] GC(282) User=0.00s Sys=0.00s Real=0.00s
[2026-09-03T12:41:26.352+0800][40.206s][info][safepoint   ] Safepoint "G1PauseRemark", Time since last: 5853333 ns, Reaching safepoint: 20000 ns, At safepoint: 322417 ns, Leaving safepoint: 17083 ns, Total: 359500 ns, Threads: 1 runnable, 42 total
[2026-09-03T12:41:26.352+0800][40.206s][info][gc,marking  ] GC(282) Concurrent Mark 4.023ms
[2026-09-03T12:41:26.352+0800][40.206s][info][gc,marking  ] GC(282) Concurrent Rebuild Remembered Sets and Scrub Regions
[2026-09-03T12:41:26.357+0800][40.211s][info][gc,marking  ] GC(282) Concurrent Rebuild Remembered Sets and Scrub Regions 4.737ms
[2026-09-03T12:41:26.357+0800][40.211s][info][gc,start    ] GC(282) Pause Cleanup
[2026-09-03T12:41:26.357+0800][40.211s][info][gc          ] GC(282) Pause Cleanup 99M->99M(256M) 0.035ms
[2026-09-03T12:41:26.357+0800][40.211s][info][gc,cpu      ] GC(282) User=0.00s Sys=0.00s Real=0.00s
[2026-09-03T12:41:26.357+0800][40.211s][info][safepoint   ] Safepoint "G1PauseCleanup", Time since last: 4819000 ns, Reaching safepoint: 1875 ns, At safepoint: 60833 ns, Leaving safepoint: 4375 ns, Total: 67083 ns, Threads: 0 runnable, 42 total
[2026-09-03T12:41:26.357+0800][40.211s][info][gc,marking  ] GC(282) Concurrent Clear Claimed Marks
[2026-09-03T12:41:26.357+0800][40.211s][info][gc,marking  ] GC(282) Concurrent Clear Claimed Marks 0.008ms
[2026-09-03T12:41:26.357+0800][40.211s][info][gc,marking  ] GC(282) Concurrent Cleanup for Next Mark
[2026-09-03T12:41:26.357+0800][40.211s][info][gc,marking  ] GC(282) Concurrent Cleanup for Next Mark 0.109ms
[2026-09-03T12:41:26.357+0800][40.211s][info][gc          ] GC(282) Concurrent Mark Cycle 11.289ms
[2026-09-03T12:41:26.572+0800][40.426s][info][gc,start    ] GC(283) Pause Young (Prepare Mixed) (G1 Evacuation Pause)
[2026-09-03T12:41:26.572+0800][40.426s][info][gc,task     ] GC(283) Using 9 workers of 9 for evacuation
[2026-09-03T12:41:26.574+0800][40.428s][info][gc,phases   ] GC(283)   Pre Evacuate Collection Set: 0.04ms
[2026-09-03T12:41:26.574+0800][40.428s][info][gc,phases   ] GC(283)   Merge Heap Roots: 0.01ms
[2026-09-03T12:41:26.574+0800][40.428s][info][gc,phases   ] GC(283)   Evacuate Collection Set: 1.59ms
[2026-09-03T12:41:26.574+0800][40.428s][info][gc,phases   ] GC(283)   Post Evacuate Collection Set: 0.10ms
[2026-09-03T12:41:26.574+0800][40.428s][info][gc,phases   ] GC(283)   Other: 0.05ms
[2026-09-03T12:41:26.574+0800][40.428s][info][gc,heap     ] GC(283) Eden regions: 76->0(102)
[2026-09-03T12:41:26.574+0800][40.428s][info][gc,heap     ] GC(283) Survivor regions: 13->12(12)
[2026-09-03T12:41:26.574+0800][40.428s][info][gc,heap     ] GC(283) Old regions: 81->98
[2026-09-03T12:41:26.574+0800][40.428s][info][gc,heap     ] GC(283) Humongous regions: 1->1
[2026-09-03T12:41:26.574+0800][40.428s][info][gc,metaspace] GC(283) Metaspace: 1059K(1216K)->1059K(1216K) NonClass: 994K(1088K)->994K(1088K) Class: 64K(128K)->64K(128K)
[2026-09-03T12:41:26.574+0800][40.428s][info][gc          ] GC(283) Pause Young (Prepare Mixed) (G1 Evacuation Pause) 169M->109M(256M) 1.908ms
[2026-09-03T12:41:26.574+0800][40.428s][info][gc,cpu      ] GC(283) User=0.01s Sys=0.00s Real=0.00s
[2026-09-03T12:41:26.574+0800][40.428s][info][safepoint   ] Safepoint "G1CollectForAllocation", Time since last: 215296375 ns, Reaching safepoint: 2792 ns, At safepoint: 1934250 ns, Leaving safepoint: 25458 ns, Total: 1962500 ns, Threads: 0 runnable, 42 total
[2026-09-03T12:41:26.649+0800][40.503s][info][gc,exit     ] Heap
[2026-09-03T12:41:26.649+0800][40.503s][info][gc,exit     ]  garbage-first heap   total reserved 262144K, committed 262144K, used 127594K [0x00000007f0000000, 0x0000000800000000)
[2026-09-03T12:41:26.649+0800][40.503s][info][gc,exit     ]   region size 1M, 16 eden (16M), 12 survivor (12M), 98 old (98M), 1 humongous (1M), 129 free (129M)
[2026-09-03T12:41:26.649+0800][40.503s][info][gc,exit     ]  Metaspace       used 1141K, committed 1344K, reserved 1114112K
[2026-09-03T12:41:26.649+0800][40.503s][info][gc,exit     ]   class space    used 76K, committed 192K, reserved 1048576K
