[2026-09-03T12:34:56.974+0800][0.009s][info][gc,init] CardTable entry size: 512
[2026-09-03T12:34:56.974+0800][0.009s][info][gc     ] Using G1
[2026-09-03T12:34:56.975+0800][0.010s][info][gc,init] Version: 26+35-2893 (release)
[2026-09-03T12:34:56.975+0800][0.010s][info][gc,init] CPUs: 10 total, 10 available
[2026-09-03T12:34:56.975+0800][0.010s][info][gc,init] Memory: 16384M
[2026-09-03T12:34:56.975+0800][0.010s][info][gc,init] Large Page Support: Disabled
[2026-09-03T12:34:56.975+0800][0.010s][info][gc,init] NUMA Support: Disabled
[2026-09-03T12:34:56.975+0800][0.010s][info][gc,init] Compressed Oops: Enabled (Zero based)
[2026-09-03T12:34:56.975+0800][0.010s][info][gc,init] Heap Region Size: 1M
[2026-09-03T12:34:56.975+0800][0.010s][info][gc,init] Heap Min Capacity: 256M
[2026-09-03T12:34:56.975+0800][0.010s][info][gc,init] Heap Initial Capacity: 256M
[2026-09-03T12:34:56.975+0800][0.010s][info][gc,init] Heap Max Capacity: 256M
[2026-09-03T12:34:56.975+0800][0.010s][info][gc,init] Pre-touch: Disabled
[2026-09-03T12:34:56.975+0800][0.010s][info][gc,init] Parallel Workers: 9
[2026-09-03T12:34:56.975+0800][0.010s][info][gc,init] Concurrent Workers: 2
[2026-09-03T12:34:56.975+0800][0.010s][info][gc,init] Concurrent Refinement Workers: 9
[2026-09-03T12:34:56.975+0800][0.010s][info][gc,init] Periodic GC: Disabled
[2026-09-03T12:34:56.984+0800][0.019s][info][gc,metaspace] CDS archive(s) mapped at: [0x00007fe000000000-0x00007fe000dac000-0x00007fe000dac000), size 14336000, SharedBaseAddress: 0x00007fe000000000, ArchiveRelocationMode: 1.
[2026-09-03T12:34:56.984+0800][0.020s][info][gc,metaspace] Compressed class space mapped at: 0x00007fe001000000-0x00007fe041000000, reserved size: 1073741824
[2026-09-03T12:34:56.984+0800][0.020s][info][gc,metaspace] UseCompressedClassPointers 1, UseCompactObjectHeaders 0
[2026-09-03T12:34:56.984+0800][0.020s][info][gc,metaspace] Narrow klass pointer bits 32, Max shift 3
[2026-09-03T12:34:56.984+0800][0.020s][info][gc,metaspace] Narrow klass base: 0x00007fe000000000, Narrow klass shift: 0
[2026-09-03T12:34:56.984+0800][0.020s][info][gc,metaspace] Encoding Range: [0x00007fe000000000 - 0x00007fe100000000), (4294967296 bytes)
[2026-09-03T12:34:56.984+0800][0.020s][info][gc,metaspace] Klass Range:    [0x00007fe000000000 - 0x00007fe041000000), (1090519040 bytes)
[2026-09-03T12:34:56.984+0800][0.020s][info][gc,metaspace] Klass ID Range:  [8 - 1090519033) (1090519025)
[2026-09-03T12:34:56.984+0800][0.020s][info][gc,metaspace] Protection zone: [0x00007fe000000000 - 0x00007fe000004000), (16384 bytes)
[2026-09-03T12:34:57.179+0800][0.215s][info][gc,start    ] GC(0) Pause Young (Normal) (G1 Evacuation Pause)
[2026-09-03T12:34:57.180+0800][0.215s][info][gc,task     ] GC(0) Using 9 workers of 9 for evacuation
[2026-09-03T12:34:57.182+0800][0.217s][info][gc,phases   ] GC(0)   Pre Evacuate Collection Set: 0.07ms
[2026-09-03T12:34:57.182+0800][0.217s][info][gc,phases   ] GC(0)   Merge Heap Roots: 0.06ms
[2026-09-03T12:34:57.182+0800][0.217s][info][gc,phases   ] GC(0)   Evacuate Collection Set: 1.51ms
[2026-09-03T12:34:57.182+0800][0.217s][info][gc,phases   ] GC(0)   Post Evacuate Collection Set: 0.17ms
[2026-09-03T12:34:57.182+0800][0.217s][info][gc,phases   ] GC(0)   Other: 0.31ms
[2026-09-03T12:34:57.182+0800][0.217s][info][gc,heap     ] GC(0) Eden regions: 47->0(105)
[2026-09-03T12:34:57.182+0800][0.217s][info][gc,heap     ] GC(0) Survivor regions: 0->6(6)
[2026-09-03T12:34:57.182+0800][0.217s][info][gc,heap     ] GC(0) Old regions: 2->5
[2026-09-03T12:34:57.182+0800][0.217s][info][gc,heap     ] GC(0) Humongous regions: 0->0
[2026-09-03T12:34:57.182+0800][0.217s][info][gc,metaspace] GC(0) Metaspace: 1045K(1216K)->1045K(1216K) NonClass: 980K(1088K)->980K(1088K) Class: 64K(128K)->64K(128K)
[2026-09-03T12:34:57.182+0800][0.217s][info][gc          ] GC(0) Pause Young (Normal) (G1 Evacuation Pause) 48M->9M(256M) 2.400ms
[2026-09-03T12:34:57.182+0800][0.217s][info][gc,cpu      ] GC(0) User=0.01s Sys=0.01s Real=0.01s
[2026-09-03T12:34:57.182+0800][0.217s][info][safepoint   ] Safepoint "G1CollectForAllocation", Time since last: 187798875 ns, Reaching safepoint: 70834 ns, At safepoint: 2469500 ns, Leaving safepoint: 33416 ns, Total: 2573750 ns, Threads: 4 runnable, 44 total
[2026-09-03T12:34:57.292+0800][0.328s][info][gc,start    ] GC(1) Pause Young (Normal) (G1 Evacuation Pause)
[2026-09-03T12:34:57.292+0800][0.328s][info][gc,task     ] GC(1) Using 9 workers of 9 for evacuation
[2026-09-03T12:34:57.297+0800][0.333s][info][gc,phases   ] GC(1)   Pre Evacuate Collection Set: 0.05ms
[2026-09-03T12:34:57.297+0800][0.333s][info][gc,phases   ] GC(1)   Merge Heap Roots: 0.03ms
[2026-09-03T12:34:57.297+0800][0.333s][info][gc,phases   ] GC(1)   Evacuate Collection Set: 4.15ms
[2026-09-03T12:34:57.297+0800][0.333s][info][gc,phases   ] GC(1)   Post Evacuate Collection Set: 0.16ms
[2026-09-03T12:34:57.297+0800][0.333s][info][gc,phases   ] GC(1)   Other: 0.07ms
[2026-09-03T12:34:57.297+0800][0.333s][info][gc,heap     ] GC(1) Eden regions: 105->0(118)
[2026-09-03T12:34:57.297+0800][0.333s][info][gc,heap     ] GC(1) Survivor regions: 6->14(14)
[2026-09-03T12:34:57.297+0800][0.333s][info][gc,heap     ] GC(1) Old regions: 5->19
[2026-09-03T12:34:57.297+0800][0.333s][info][gc,heap     ] GC(1) Humongous regions: 0->0
[2026-09-03T12:34:57.297+0800][0.333s][info][gc,metaspace] GC(1) Metaspace: 1046K(1216K)->1046K(1216K) NonClass: 981K(1088K)->981K(1088K) Class: 64K(128K)->64K(128K)
[2026-09-03T12:34:57.297+0800][0.333s][info][gc          ] GC(1) Pause Young (Normal) (G1 Evacuation Pause) 114M->31M(256M) 4.608ms
[2026-09-03T12:34:57.297+0800][0.333s][info][gc,cpu      ] GC(1) User=0.02s Sys=0.01s Real=0.00s
[2026-09-03T12:34:57.297+0800][0.333s][info][safepoint   ] Safepoint "G1CollectForAllocation", Time since last: 110544959 ns, Reaching safepoint: 75208 ns, At safepoint: 4637958 ns, Leaving safepoint: 22250 ns, Total: 4735416 ns, Threads: 3 runnable, 44 total
[2026-09-03T12:34:57.406+0800][0.442s][info][gc,start    ] GC(2) Pause Young (Normal) (G1 Evacuation Pause)
[2026-09-03T12:34:57.406+0800][0.442s][info][gc,task     ] GC(2) Using 9 workers of 9 for evacuation
[2026-09-03T12:34:57.411+0800][0.446s][info][gc,phases   ] GC(2)   Pre Evacuate Collection Set: 0.06ms
[2026-09-03T12:34:57.411+0800][0.446s][info][gc,phases   ] GC(2)   Merge Heap Roots: 0.03ms
[2026-09-03T12:34:57.411+0800][0.446s][info][gc,phases   ] GC(2)   Evacuate Collection Set: 4.51ms
[2026-09-03T12:34:57.411+0800][0.446s][info][gc,phases   ] GC(2)   Post Evacuate Collection Set: 0.12ms
[2026-09-03T12:34:57.411+0800][0.446s][info][gc,phases   ] GC(2)   Other: 0.06ms
[2026-09-03T12:34:57.411+0800][0.446s][info][gc,heap     ] GC(2) Eden regions: 118->0(116)
[2026-09-03T12:34:57.411+0800][0.446s][info][gc,heap     ] GC(2) Survivor regions: 14->17(17)
[2026-09-03T12:34:57.411+0800][0.446s][info][gc,heap     ] GC(2) Old regions: 19->40
[2026-09-03T12:34:57.411+0800][0.446s][info][gc,heap     ] GC(2) Humongous regions: 0->0
[2026-09-03T12:34:57.411+0800][0.446s][info][gc,metaspace] GC(2) Metaspace: 1046K(1216K)->1046K(1216K) NonClass: 981K(1088K)->981K(1088K) Class: 64K(128K)->64K(128K)
[2026-09-03T12:34:57.411+0800][0.446s][info][gc          ] GC(2) Pause Young (Normal) (G1 Evacuation Pause) 149M->56M(256M) 4.909ms
[2026-09-03T12:34:57.411+0800][0.446s][info][gc,cpu      ] GC(2) User=0.02s Sys=0.01s Real=0.01s
[2026-09-03T12:34:57.411+0800][0.446s][info][safepoint   ] Safepoint "G1CollectForAllocation", Time since last: 108827542 ns, Reaching safepoint: 3208 ns, At safepoint: 4935750 ns, Leaving safepoint: 23209 ns, Total: 4962167 ns, Threads: 0 runnable, 44 total
[2026-09-03T12:34:57.523+0800][0.559s][info][gc,start    ] GC(3) Pause Young (Normal) (G1 Evacuation Pause)
[2026-09-03T12:34:57.523+0800][0.559s][info][gc,task     ] GC(3) Using 9 workers of 9 for evacuation
[2026-09-03T12:34:57.528+0800][0.564s][info][gc,phases   ] GC(3)   Pre Evacuate Collection Set: 0.10ms
[2026-09-03T12:34:57.528+0800][0.564s][info][gc,phases   ] GC(3)   Merge Heap Roots: 0.04ms
[2026-09-03T12:34:57.528+0800][0.564s][info][gc,phases   ] GC(3)   Evacuate Collection Set: 4.39ms
[2026-09-03T12:34:57.528+0800][0.564s][info][gc,phases   ] GC(3)   Post Evacuate Collection Set: 0.09ms
[2026-09-03T12:34:57.528+0800][0.564s][info][gc,phases   ] GC(3)   Other: 0.16ms
[2026-09-03T12:34:57.528+0800][0.564s][info][gc,heap     ] GC(3) Eden regions: 116->0(109)
[2026-09-03T12:34:57.528+0800][0.564s][info][gc,heap     ] GC(3) Survivor regions: 17->17(17)
[2026-09-03T12:34:57.528+0800][0.564s][info][gc,heap     ] GC(3) Old regions: 40->63
[2026-09-03T12:34:57.528+0800][0.564s][info][gc,heap     ] GC(3) Humongous regions: 1->1
[2026-09-03T12:34:57.528+0800][0.564s][info][gc,metaspace] GC(3) Metaspace: 1059K(1216K)->1059K(1216K) NonClass: 994K(1088K)->994K(1088K) Class: 64K(128K)->64K(128K)
[2026-09-03T12:34:57.528+0800][0.564s][info][gc          ] GC(3) Pause Young (Normal) (G1 Evacuation Pause) 173M->80M(256M) 4.899ms
[2026-09-03T12:34:57.528+0800][0.564s][info][gc,cpu      ] GC(3) User=0.03s Sys=0.01s Real=0.00s
[2026-09-03T12:34:57.528+0800][0.564s][info][safepoint   ] Safepoint "G1CollectForAllocation", Time since last: 112154125 ns, Reaching safepoint: 42416 ns, At safepoint: 4930584 ns, Leaving safepoint: 20625 ns, Total: 4993625 ns, Threads: 1 runnable, 44 total
[2026-09-03T12:34:57.631+0800][0.667s][info][gc,start    ] GC(4) Pause Young (Normal) (G1 Evacuation Pause)
[2026-09-03T12:34:57.631+0800][0.667s][info][gc,task     ] GC(4) Using 9 workers of 9 for evacuation
[2026-09-03T12:34:57.635+0800][0.671s][info][gc,phases   ] GC(4)   Pre Evacuate Collection Set: 0.08ms
[2026-09-03T12:34:57.635+0800][0.671s][info][gc,phases   ] GC(4)   Merge Heap Roots: 0.03ms
[2026-09-03T12:34:57.635+0800][0.671s][info][gc,phases   ] GC(4)   Evacuate Collection Set: 3.65ms
[2026-09-03T12:34:57.635+0800][0.671s][info][gc,phases   ] GC(4)   Post Evacuate Collection Set: 0.09ms
[2026-09-03T12:34:57.635+0800][0.671s][info][gc,phases   ] GC(4)   Other: 0.07ms
[2026-09-03T12:34:57.635+0800][0.671s][info][gc,heap     ] GC(4) Eden regions: 109->0(101)
[2026-09-03T12:34:57.635+0800][0.671s][info][gc,heap     ] GC(4) Survivor regions: 17->16(16)
[2026-09-03T12:34:57.635+0800][0.671s][info][gc,heap     ] GC(4) Old regions: 63->86
[2026-09-03T12:34:57.635+0800][0.671s][info][gc,heap     ] GC(4) Humongous regions: 1->1
[2026-09-03T12:34:57.635+0800][0.671s][info][gc,metaspace] GC(4) Metaspace: 1059K(1216K)->1059K(1216K) NonClass: 994K(1088K)->994K(1088K) Class: 64K(128K)->64K(128K)
[2026-09-03T12:34:57.635+0800][0.671s][info][gc          ] GC(4) Pause Young (Normal) (G1 Evacuation Pause) 189M->102M(256M) 4.051ms
[2026-09-03T12:34:57.635+0800][0.671s][info][gc,cpu      ] GC(4) User=0.02s Sys=0.01s Real=0.00s
[2026-09-03T12:34:57.635+0800][0.671s][info][safepoint   ] Safepoint "G1CollectForAllocation", Time since last: 103094500 ns, Reaching safepoint: 29833 ns, At safepoint: 4083000 ns, Leaving safepoint: 25500 ns, Total: 4138333 ns, Threads: 2 runnable, 43 total
[2026-09-03T12:34:57.731+0800][0.767s][info][gc,start    ] GC(5) Pause Young (Normal) (G1 Evacuation Pause)
[2026-09-03T12:34:57.731+0800][0.767s][info][gc,task     ] GC(5) Using 9 workers of 9 for evacuation
[2026-09-03T12:34:57.735+0800][0.771s][info][gc,phases   ] GC(5)   Pre Evacuate Collection Set: 0.07ms
[2026-09-03T12:34:57.735+0800][0.771s][info][gc,phases   ] GC(5)   Merge Heap Roots: 0.03ms
[2026-09-03T12:34:57.735+0800][0.771s][info][gc,phases   ] GC(5)   Evacuate Collection Set: 4.10ms
[2026-09-03T12:34:57.735+0800][0.771s][info][gc,phases   ] GC(5)   Post Evacuate Collection Set: 0.09ms
[2026-09-03T12:34:57.735+0800][0.771s][info][gc,phases   ] GC(5)   Other: 0.06ms
[2026-09-03T12:34:57.735+0800][0.771s][info][gc,heap     ] GC(5) Eden regions: 101->0(87)
[2026-09-03T12:34:57.735+0800][0.771s][info][gc,heap     ] GC(5) Survivor regions: 16->15(15)
[2026-09-03T12:34:57.735+0800][0.771s][info][gc,heap     ] GC(5) Old regions: 86->109
[2026-09-03T12:34:57.735+0800][0.771s][info][gc,heap     ] GC(5) Humongous regions: 1->1
[2026-09-03T12:34:57.735+0800][0.771s][info][gc,metaspace] GC(5) Metaspace: 1059K(1216K)->1059K(1216K) NonClass: 994K(1088K)->994K(1088K) Class: 64K(128K)->64K(128K)
[2026-09-03T12:34:57.735+0800][0.771s][info][gc          ] GC(5) Pause Young (Normal) (G1 Evacuation Pause) 203M->123M(256M) 4.485ms
[2026-09-03T12:34:57.735+0800][0.771s][info][gc,cpu      ] GC(5) User=0.03s Sys=0.01s Real=0.00s
[2026-09-03T12:34:57.735+0800][0.771s][info][safepoint   ] Safepoint "G1CollectForAllocation", Time since last: 95618708 ns, Reaching safepoint: 71417 ns, At safepoint: 4518792 ns, Leaving safepoint: 25916 ns, Total: 4616125 ns, Threads: 1 runnable, 43 total
[2026-09-03T12:34:57.819+0800][0.855s][info][gc,start    ] GC(6) Pause Young (Normal) (G1 Evacuation Pause)
[2026-09-03T12:34:57.819+0800][0.855s][info][gc,task     ] GC(6) Using 9 workers of 9 for evacuation
[2026-09-03T12:34:57.821+0800][0.857s][info][gc,phases   ] GC(6)   Pre Evacuate Collection Set: 0.09ms
[2026-09-03T12:34:57.821+0800][0.857s][info][gc,phases   ] GC(6)   Merge Heap Roots: 0.02ms
[2026-09-03T12:34:57.821+0800][0.857s][info][gc,phases   ] GC(6)   Evacuate Collection Set: 2.20ms
[2026-09-03T12:34:57.821+0800][0.857s][info][gc,phases   ] GC(6)   Post Evacuate Collection Set: 0.10ms
[2026-09-03T12:34:57.821+0800][0.857s][info][gc,phases   ] GC(6)   Other: 0.06ms
[2026-09-03T12:34:57.821+0800][0.857s][info][gc,heap     ] GC(6) Eden regions: 87->0(76)
[2026-09-03T12:34:57.821+0800][0.857s][info][gc,heap     ] GC(6) Survivor regions: 15->13(13)
[2026-09-03T12:34:57.821+0800][0.857s][info][gc,heap     ] GC(6) Old regions: 109->129
[2026-09-03T12:34:57.821+0800][0.857s][info][gc,heap     ] GC(6) Humongous regions: 1->1
[2026-09-03T12:34:57.821+0800][0.857s][info][gc,metaspace] GC(6) Metaspace: 1059K(1216K)->1059K(1216K) NonClass: 994K(1088K)->994K(1088K) Class: 64K(128K)->64K(128K)
[2026-09-03T12:34:57.821+0800][0.857s][info][gc          ] GC(6) Pause Young (Normal) (G1 Evacuation Pause) 210M->142M(256M) 2.581ms
[2026-09-03T12:34:57.821+0800][0.857s][info][gc,cpu      ] GC(6) User=0.02s Sys=0.00s Real=0.01s
[2026-09-03T12:34:57.822+0800][0.857s][info][safepoint   ] Safepoint "G1CollectForAllocation", Time since last: 83400334 ns, Reaching safepoint: 3166 ns, At safepoint: 2605084 ns, Leaving safepoint: 67041 ns, Total: 2675291 ns, Threads: 0 runnable, 43 total
[2026-09-03T12:34:57.894+0800][0.930s][info][gc,start    ] GC(7) Pause Young (Concurrent Start) (G1 Evacuation Pause)
[2026-09-03T12:34:57.894+0800][0.930s][info][gc,task     ] GC(7) Using 9 workers of 9 for evacuation
[2026-09-03T12:34:57.897+0800][0.932s][info][gc,phases   ] GC(7)   Pre Evacuate Collection Set: 0.10ms
[2026-09-03T12:34:57.897+0800][0.932s][info][gc,phases   ] GC(7)   Merge Heap Roots: 0.02ms
[2026-09-03T12:34:57.897+0800][0.932s][info][gc,phases   ] GC(7)   Evacuate Collection Set: 2.03ms
[2026-09-03T12:34:57.897+0800][0.932s][info][gc,phases   ] GC(7)   Post Evacuate Collection Set: 0.11ms
[2026-09-03T12:34:57.897+0800][0.932s][info][gc,phases   ] GC(7)   Other: 0.06ms
[2026-09-03T12:34:57.897+0800][0.932s][info][gc,heap     ] GC(7) Eden regions: 76->0(66)
[2026-09-03T12:34:57.897+0800][0.932s][info][gc,heap     ] GC(7) Survivor regions: 13->12(12)
[2026-09-03T12:34:57.897+0800][0.932s][info][gc,heap     ] GC(7) Old regions: 129->145
[2026-09-03T12:34:57.897+0800][0.932s][info][gc,heap     ] GC(7) Humongous regions: 1->1
[2026-09-03T12:34:57.897+0800][0.932s][info][gc,metaspace] GC(7) Metaspace: 1059K(1216K)->1059K(1216K) NonClass: 994K(1088K)->994K(1088K) Class: 64K(128K)->64K(128K)
[2026-09-03T12:34:57.897+0800][0.932s][info][gc          ] GC(7) Pause Young (Concurrent Start) (G1 Evacuation Pause) 218M->157M(256M) 2.442ms
[2026-09-03T12:34:57.897+0800][0.932s][info][gc          ] GC(8) Concurrent Mark Cycle
[2026-09-03T12:34:57.897+0800][0.932s][info][gc,cpu      ] GC(7) User=0.02s Sys=0.00s Real=0.00s
[2026-09-03T12:34:57.897+0800][0.932s][info][gc,marking  ] GC(8) Concurrent Scan Root Regions
[2026-09-03T12:34:57.897+0800][0.932s][info][safepoint   ] Safepoint "G1CollectForAllocation", Time since last: 72662167 ns, Reaching safepoint: 26667 ns, At safepoint: 2519000 ns, Leaving safepoint: 46833 ns, Total: 2592500 ns, Threads: 1 runnable, 43 total
[2026-09-03T12:34:57.899+0800][0.935s][info][gc,marking  ] GC(8) Concurrent Scan Root Regions 2.514ms
[2026-09-03T12:34:57.899+0800][0.935s][info][gc,marking  ] GC(8) Concurrent Mark
[2026-09-03T12:34:57.899+0800][0.935s][info][gc,marking  ] GC(8) Concurrent Mark From Roots
[2026-09-03T12:34:57.899+0800][0.935s][info][gc,task     ] GC(8) Concurrent Mark Using 2 of 2 Workers
[2026-09-03T12:34:57.904+0800][0.940s][info][gc,marking  ] GC(8) Concurrent Mark From Roots 5.124ms
[2026-09-03T12:34:57.904+0800][0.940s][info][gc,marking  ] GC(8) Concurrent Preclean
[2026-09-03T12:34:57.905+0800][0.940s][info][gc,marking  ] GC(8) Concurrent Preclean 0.234ms
[2026-09-03T12:34:57.905+0800][0.940s][info][gc,start    ] GC(8) Pause Remark
[2026-09-03T12:34:57.905+0800][0.941s][info][gc          ] GC(8) Pause Remark 163M->162M(256M) 0.516ms
[2026-09-03T12:34:57.905+0800][0.941s][info][gc,cpu      ] GC(8) User=0.00s Sys=0.00s Real=0.00s
[2026-09-03T12:34:57.905+0800][0.941s][info][safepoint   ] Safepoint "G1PauseRemark", Time since last: 7952417 ns, Reaching safepoint: 3083 ns, At safepoint: 536292 ns, Leaving safepoint: 16375 ns, Total: 555750 ns, Threads: 0 runnable, 43 total
[2026-09-03T12:34:57.905+0800][0.941s][info][gc,marking  ] GC(8) Concurrent Mark 6.059ms
[2026-09-03T12:34:57.905+0800][0.941s][info][gc,marking  ] GC(8) Concurrent Rebuild Remembered Sets and Scrub Regions
[2026-09-03T12:34:57.913+0800][0.949s][info][gc,marking  ] GC(8) Concurrent Rebuild Remembered Sets and Scrub Regions 7.834ms
[2026-09-03T12:34:57.913+0800][0.949s][info][gc,start    ] GC(8) Pause Cleanup
[2026-09-03T12:34:57.913+0800][0.949s][info][gc          ] GC(8) Pause Cleanup 171M->171M(256M) 0.046ms
[2026-09-03T12:34:57.913+0800][0.949s][info][gc,cpu      ] GC(8) User=0.00s Sys=0.00s Real=0.00s
[2026-09-03T12:34:57.913+0800][0.949s][info][safepoint   ] Safepoint "G1PauseCleanup", Time since last: 7965833 ns, Reaching safepoint: 27000 ns, At safepoint: 95875 ns, Leaving safepoint: 22333 ns, Total: 145208 ns, Threads: 2 runnable, 43 total
[2026-09-03T12:34:57.913+0800][0.949s][info][gc,marking  ] GC(8) Concurrent Clear Claimed Marks
[2026-09-03T12:34:57.913+0800][0.949s][info][gc,marking  ] GC(8) Concurrent Clear Claimed Marks 0.008ms
[2026-09-03T12:34:57.913+0800][0.949s][info][gc,marking  ] GC(8) Concurrent Cleanup for Next Mark
[2026-09-03T12:34:57.914+0800][0.949s][info][gc,marking  ] GC(8) Concurrent Cleanup for Next Mark 0.226ms
[2026-09-03T12:34:57.914+0800][0.949s][info][gc          ] GC(8) Concurrent Mark Cycle 17.043ms
[2026-09-03T12:34:57.963+0800][0.998s][info][gc,start    ] GC(9) Pause Young (Prepare Mixed) (G1 Evacuation Pause)
[2026-09-03T12:34:57.963+0800][0.998s][info][gc,task     ] GC(9) Using 9 workers of 9 for evacuation
[2026-09-03T12:34:57.964+0800][1.000s][info][gc,phases   ] GC(9)   Pre Evacuate Collection Set: 0.04ms
[2026-09-03T12:34:57.965+0800][1.000s][info][gc,phases   ] GC(9)   Merge Heap Roots: 0.02ms
[2026-09-03T12:34:57.965+0800][1.000s][info][gc,phases   ] GC(9)   Evacuate Collection Set: 1.66ms
[2026-09-03T12:34:57.965+0800][1.000s][info][gc,phases   ] GC(9)   Post Evacuate Collection Set: 0.10ms
[2026-09-03T12:34:57.965+0800][1.000s][info][gc,phases   ] GC(9)   Other: 0.06ms
[2026-09-03T12:34:57.965+0800][1.000s][info][gc,heap     ] GC(9) Eden regions: 66->0(57)
[2026-09-03T12:34:57.965+0800][1.000s][info][gc,heap     ] GC(9) Survivor regions: 12->10(10)
[2026-09-03T12:34:57.965+0800][1.000s][info][gc,heap     ] GC(9) Old regions: 144->161
[2026-09-03T12:34:57.965+0800][1.000s][info][gc,heap     ] GC(9) Humongous regions: 1->1
[2026-09-03T12:34:57.965+0800][1.000s][info][gc,metaspace] GC(9) Metaspace: 1059K(1216K)->1059K(1216K) NonClass: 994K(1088K)->994K(1088K) Class: 64K(128K)->64K(128K)
[2026-09-03T12:34:57.965+0800][1.000s][info][gc          ] GC(9) Pause Young (Prepare Mixed) (G1 Evacuation Pause) 222M->170M(256M) 1.990ms
[2026-09-03T12:34:57.965+0800][1.000s][info][gc,cpu      ] GC(9) User=0.01s Sys=0.00s Real=0.00s
[2026-09-03T12:34:57.965+0800][1.000s][info][safepoint   ] Safepoint "G1CollectForAllocation", Time since last: 49132792 ns, Reaching safepoint: 32917 ns, At safepoint: 2013791 ns, Leaving safepoint: 46459 ns, Total: 2093167 ns, Threads: 2 runnable, 43 total
[2026-09-03T12:34:58.017+0800][1.052s][info][gc,start    ] GC(10) Pause Young (Mixed) (G1 Evacuation Pause)
[2026-09-03T12:34:58.017+0800][1.053s][info][gc,task     ] GC(10) Using 9 workers of 9 for evacuation
[2026-09-03T12:34:58.019+0800][1.054s][info][gc,phases   ] GC(10)   Pre Evacuate Collection Set: 0.07ms
[2026-09-03T12:34:58.019+0800][1.054s][info][gc,phases   ] GC(10)   Merge Heap Roots: 0.03ms
[2026-09-03T12:34:58.019+0800][1.054s][info][gc,phases   ] GC(10)   Evacuate Collection Set: 1.52ms
[2026-09-03T12:34:58.019+0800][1.054s][info][gc,phases   ] GC(10)   Post Evacuate Collection Set: 0.09ms
[2026-09-03T12:34:58.019+0800][1.054s][info][gc,phases   ] GC(10)   Other: 0.06ms
[2026-09-03T12:34:58.019+0800][1.054s][info][gc,heap     ] GC(10) Eden regions: 57->0(68)
[2026-09-03T12:34:58.019+0800][1.054s][info][gc,heap     ] GC(10) Survivor regions: 10->9(9)
[2026-09-03T12:34:58.019+0800][1.054s][info][gc,heap     ] GC(10) Old regions: 161->147
[2026-09-03T12:34:58.019+0800][1.054s][info][gc,heap     ] GC(10) Humongous regions: 1->1
[2026-09-03T12:34:58.019+0800][1.054s][info][gc,metaspace] GC(10) Metaspace: 1059K(1216K)->1059K(1216K) NonClass: 994K(1088K)->994K(1088K) Class: 64K(128K)->64K(128K)
[2026-09-03T12:34:58.019+0800][1.054s][info][gc          ] GC(10) Pause Young (Mixed) (G1 Evacuation Pause) 227M->156M(256M) 1.885ms
[2026-09-03T12:34:58.019+0800][1.054s][info][gc,cpu      ] GC(10) User=0.02s Sys=0.01s Real=0.00s
[2026-09-03T12:34:58.019+0800][1.054s][info][safepoint   ] Safepoint "G1CollectForAllocation", Time since last: 52139458 ns, Reaching safepoint: 24958 ns, At safepoint: 1923625 ns, Leaving safepoint: 27292 ns, Total: 1975875 ns, Threads: 2 runnable, 43 total
[2026-09-03T12:34:58.079+0800][1.115s][info][gc,start    ] GC(11) Pause Young (Mixed) (G1 Evacuation Pause)
[2026-09-03T12:34:58.079+0800][1.115s][info][gc,task     ] GC(11) Using 9 workers of 9 for evacuation
[2026-09-03T12:34:58.081+0800][1.117s][info][gc,phases   ] GC(11)   Pre Evacuate Collection Set: 0.07ms
[2026-09-03T12:34:58.081+0800][1.117s][info][gc,phases   ] GC(11)   Merge Heap Roots: 0.02ms
[2026-09-03T12:34:58.081+0800][1.117s][info][gc,phases   ] GC(11)   Evacuate Collection Set: 1.85ms
[2026-09-03T12:34:58.081+0800][1.117s][info][gc,phases   ] GC(11)   Post Evacuate Collection Set: 0.10ms
[2026-09-03T12:34:58.081+0800][1.117s][info][gc,phases   ] GC(11)   Other: 0.07ms
[2026-09-03T12:34:58.081+0800][1.117s][info][gc,heap     ] GC(11) Eden regions: 68->0(79)
[2026-09-03T12:34:58.081+0800][1.117s][info][gc,heap     ] GC(11) Survivor regions: 9->10(10)
[2026-09-03T12:34:58.081+0800][1.117s][info][gc,heap     ] GC(11) Old regions: 147->131
[2026-09-03T12:34:58.081+0800][1.117s][info][gc,heap     ] GC(11) Humongous regions: 1->1
[2026-09-03T12:34:58.081+0800][1.117s][info][gc,metaspace] GC(11) Metaspace: 1059K(1216K)->1059K(1216K) NonClass: 994K(1088K)->994K(1088K) Class: 64K(128K)->64K(128K)
[2026-09-03T12:34:58.082+0800][1.117s][info][gc          ] GC(11) Pause Young (Mixed) (G1 Evacuation Pause) 224M->141M(256M) 2.252ms
[2026-09-03T12:34:58.082+0800][1.117s][info][gc,cpu      ] GC(11) User=0.02s Sys=0.01s Real=0.01s
[2026-09-03T12:34:58.082+0800][1.117s][info][safepoint   ] Safepoint "G1CollectForAllocation", Time since last: 60526458 ns, Reaching safepoint: 2667 ns, At safepoint: 2292500 ns, Leaving safepoint: 23208 ns, Total: 2318375 ns, Threads: 0 runnable, 43 total
[2026-09-03T12:34:58.156+0800][1.191s][info][gc,start    ] GC(12) Pause Young (Mixed) (G1 Evacuation Pause)
[2026-09-03T12:34:58.156+0800][1.191s][info][gc,task     ] GC(12) Using 9 workers of 9 for evacuation
[2026-09-03T12:34:58.158+0800][1.194s][info][gc,phases   ] GC(12)   Pre Evacuate Collection Set: 0.09ms
[2026-09-03T12:34:58.158+0800][1.194s][info][gc,phases   ] GC(12)   Merge Heap Roots: 0.04ms
[2026-09-03T12:34:58.158+0800][1.194s][info][gc,phases   ] GC(12)   Evacuate Collection Set: 2.41ms
[2026-09-03T12:34:58.158+0800][1.194s][info][gc,phases   ] GC(12)   Post Evacuate Collection Set: 0.10ms
[2026-09-03T12:34:58.158+0800][1.194s][info][gc,phases   ] GC(12)   Other: 0.06ms
[2026-09-03T12:34:58.158+0800][1.194s][info][gc,heap     ] GC(12) Eden regions: 79->0(87)
[2026-09-03T12:34:58.158+0800][1.194s][info][gc,heap     ] GC(12) Survivor regions: 10->12(12)
[2026-09-03T12:34:58.158+0800][1.194s][info][gc,heap     ] GC(12) Old regions: 131->117
[2026-09-03T12:34:58.158+0800][1.194s][info][gc,heap     ] GC(12) Humongous regions: 1->1
[2026-09-03T12:34:58.158+0800][1.194s][info][gc,metaspace] GC(12) Metaspace: 1059K(1216K)->1059K(1216K) NonClass: 994K(1088K)->994K(1088K) Class: 64K(128K)->64K(128K)
[2026-09-03T12:34:58.158+0800][1.194s][info][gc          ] GC(12) Pause Young (Mixed) (G1 Evacuation Pause) 220M->129M(256M) 2.843ms
[2026-09-03T12:34:58.159+0800][1.194s][info][gc,cpu      ] GC(12) User=0.01s Sys=0.00s Real=0.00s
[2026-09-03T12:34:58.159+0800][1.194s][info][safepoint   ] Safepoint "G1CollectForAllocation", Time since last: 74082875 ns, Reaching safepoint: 3709 ns, At safepoint: 2869958 ns, Leaving safepoint: 26125 ns, Total: 2899792 ns, Threads: 0 runnable, 43 total
[2026-09-03T12:34:58.240+0800][1.276s][info][gc,start    ] GC(13) Pause Young (Mixed) (G1 Evacuation Pause)
[2026-09-03T12:34:58.240+0800][1.276s][info][gc,task     ] GC(13) Using 9 workers of 9 for evacuation
[2026-09-03T12:34:58.243+0800][1.278s][info][gc,phases   ] GC(13)   Pre Evacuate Collection Set: 0.10ms
[2026-09-03T12:34:58.243+0800][1.278s][info][gc,phases   ] GC(13)   Merge Heap Roots: 0.03ms
[2026-09-03T12:34:58.243+0800][1.278s][info][gc,phases   ] GC(13)   Evacuate Collection Set: 1.97ms
[2026-09-03T12:34:58.243+0800][1.278s][info][gc,phases   ] GC(13)   Post Evacuate Collection Set: 0.11ms
[2026-09-03T12:34:58.243+0800][1.278s][info][gc,phases   ] GC(13)   Other: 0.06ms
[2026-09-03T12:34:58.243+0800][1.278s][info][gc,heap     ] GC(13) Eden regions: 87->0(77)
[2026-09-03T12:34:58.243+0800][1.278s][info][gc,heap     ] GC(13) Survivor regions: 12->13(13)
[2026-09-03T12:34:58.243+0800][1.278s][info][gc,heap     ] GC(13) Old regions: 117->131
[2026-09-03T12:34:58.243+0800][1.278s][info][gc,heap     ] GC(13) Humongous regions: 1->1
[2026-09-03T12:34:58.243+0800][1.278s][info][gc,metaspace] GC(13) Metaspace: 1059K(1216K)->1059K(1216K) NonClass: 994K(1088K)->994K(1088K) Class: 64K(128K)->64K(128K)
[2026-09-03T12:34:58.243+0800][1.278s][info][gc          ] GC(13) Pause Young (Mixed) (G1 Evacuation Pause) 216M->144M(256M) 2.381ms
[2026-09-03T12:34:58.243+0800][1.278s][info][gc,cpu      ] GC(13) User=0.01s Sys=0.00s Real=0.00s
[2026-09-03T12:34:58.243+0800][1.278s][info][safepoint   ] Safepoint "G1CollectForAllocation", Time since last: 81729292 ns, Reaching safepoint: 3583 ns, At safepoint: 2409083 ns, Leaving safepoint: 42125 ns, Total: 2454791 ns, Threads: 0 runnable, 43 total
[2026-09-03T12:34:58.315+0800][1.350s][info][gc,start    ] GC(14) Pause Young (Concurrent Start) (G1 Evacuation Pause)
[2026-09-03T12:34:58.315+0800][1.350s][info][gc,task     ] GC(14) Using 9 workers of 9 for evacuation
[2026-09-03T12:34:58.317+0800][1.353s][info][gc,phases   ] GC(14)   Pre Evacuate Collection Set: 0.08ms
[2026-09-03T12:34:58.317+0800][1.353s][info][gc,phases   ] GC(14)   Merge Heap Roots: 0.04ms
[2026-09-03T12:34:58.317+0800][1.353s][info][gc,phases   ] GC(14)   Evacuate Collection Set: 2.14ms
[2026-09-03T12:34:58.317+0800][1.353s][info][gc,phases   ] GC(14)   Post Evacuate Collection Set: 0.11ms
[2026-09-03T12:34:58.317+0800][1.353s][info][gc,phases   ] GC(14)   Other: 0.09ms
[2026-09-03T12:34:58.317+0800][1.353s][info][gc,heap     ] GC(14) Eden regions: 77->0(66)
[2026-09-03T12:34:58.317+0800][1.353s][info][gc,heap     ] GC(14) Survivor regions: 13->12(12)
[2026-09-03T12:34:58.317+0800][1.353s][info][gc,heap     ] GC(14) Old regions: 131->148
[2026-09-03T12:34:58.317+0800][1.353s][info][gc,heap     ] GC(14) Humongous regions: 1->1
[2026-09-03T12:34:58.317+0800][1.353s][info][gc,metaspace] GC(14) Metaspace: 1059K(1216K)->1059K(1216K) NonClass: 994K(1088K)->994K(1088K) Class: 64K(128K)->64K(128K)
[2026-09-03T12:34:58.317+0800][1.353s][info][gc          ] GC(14) Pause Young (Concurrent Start) (G1 Evacuation Pause) 221M->159M(256M) 2.605ms
[2026-09-03T12:34:58.317+0800][1.353s][info][gc          ] GC(15) Concurrent Mark Cycle
[2026-09-03T12:34:58.317+0800][1.353s][info][gc,cpu      ] GC(14) User=0.02s Sys=0.01s Real=0.00s
[2026-09-03T12:34:58.317+0800][1.353s][info][gc,marking  ] GC(15) Concurrent Scan Root Regions
[2026-09-03T12:34:58.317+0800][1.353s][info][safepoint   ] Safepoint "G1CollectForAllocation", Time since last: 71817250 ns, Reaching safepoint: 31959 ns, At safepoint: 2652291 ns, Leaving safepoint: 27667 ns, Total: 2711917 ns, Threads: 3 runnable, 43 total
[2026-09-03T12:34:58.319+0800][1.355s][info][gc,marking  ] GC(15) Concurrent Scan Root Regions 1.911ms
[2026-09-03T12:34:58.319+0800][1.355s][info][gc,marking  ] GC(15) Concurrent Mark
[2026-09-03T12:34:58.319+0800][1.355s][info][gc,marking  ] GC(15) Concurrent Mark From Roots
[2026-09-03T12:34:58.319+0800][1.355s][info][gc,task     ] GC(15) Concurrent Mark Using 2 of 2 Workers
[2026-09-03T12:34:58.325+0800][1.360s][info][gc,marking  ] GC(15) Concurrent Mark From Roots 5.600ms
[2026-09-03T12:34:58.325+0800][1.360s][info][gc,marking  ] GC(15) Concurrent Preclean
[2026-09-03T12:34:58.325+0800][1.361s][info][gc,marking  ] GC(15) Concurrent Preclean 0.027ms
[2026-09-03T12:34:58.325+0800][1.361s][info][gc,start    ] GC(15) Pause Remark
[2026-09-03T12:34:58.325+0800][1.361s][info][gc          ] GC(15) Pause Remark 168M->104M(256M) 0.473ms
[2026-09-03T12:34:58.325+0800][1.361s][info][gc,cpu      ] GC(15) User=0.00s Sys=0.00s Real=0.00s
[2026-09-03T12:34:58.325+0800][1.361s][info][safepoint   ] Safepoint "G1PauseRemark", Time since last: 7591625 ns, Reaching safepoint: 43250 ns, At safepoint: 494417 ns, Leaving safepoint: 30750 ns, Total: 568417 ns, Threads: 1 runnable, 43 total
[2026-09-03T12:34:58.325+0800][1.361s][info][gc,marking  ] GC(15) Concurrent Mark 6.313ms
[2026-09-03T12:34:58.325+0800][1.361s][info][gc,marking  ] GC(15) Concurrent Rebuild Remembered Sets and Scrub Regions
[2026-09-03T12:34:58.331+0800][1.366s][info][gc,marking  ] GC(15) Concurrent Rebuild Remembered Sets and Scrub Regions 5.204ms
[2026-09-03T12:34:58.331+0800][1.366s][info][gc,start    ] GC(15) Pause Cleanup
[2026-09-03T12:34:58.331+0800][1.367s][info][gc          ] GC(15) Pause Cleanup 110M->110M(256M) 0.044ms
[2026-09-03T12:34:58.331+0800][1.367s][info][gc,cpu      ] GC(15) User=0.00s Sys=0.00s Real=0.00s
[2026-09-03T12:34:58.331+0800][1.367s][info][safepoint   ] Safepoint "G1PauseCleanup", Time since last: 5301125 ns, Reaching safepoint: 86500 ns, At safepoint: 63791 ns, Leaving safepoint: 28667 ns, Total: 178958 ns, Threads: 2 runnable, 43 total
[2026-09-03T12:34:58.331+0800][1.367s][info][gc,marking  ] GC(15) Concurrent Clear Claimed Marks
[2026-09-03T12:34:58.331+0800][1.367s][info][gc,marking  ] GC(15) Concurrent Clear Claimed Marks 0.006ms
[2026-09-03T12:34:58.331+0800][1.367s][info][gc,marking  ] GC(15) Concurrent Cleanup for Next Mark
[2026-09-03T12:34:58.331+0800][1.367s][info][gc,marking  ] GC(15) Concurrent Cleanup for Next Mark 0.296ms
[2026-09-03T12:34:58.331+0800][1.367s][info][gc          ] GC(15) Concurrent Mark Cycle 14.157ms
[2026-09-03T12:34:58.381+0800][1.417s][info][gc,start    ] GC(16) Pause Young (Prepare Mixed) (G1 Evacuation Pause)
[2026-09-03T12:34:58.381+0800][1.417s][info][gc,task     ] GC(16) Using 9 workers of 9 for evacuation
[2026-09-03T12:34:58.383+0800][1.419s][info][gc,phases   ] GC(16)   Pre Evacuate Collection Set: 0.06ms
[2026-09-03T12:34:58.383+0800][1.419s][info][gc,phases   ] GC(16)   Merge Heap Roots: 0.02ms
[2026-09-03T12:34:58.383+0800][1.419s][info][gc,phases   ] GC(16)   Evacuate Collection Set: 2.04ms
[2026-09-03T12:34:58.383+0800][1.419s][info][gc,phases   ] GC(16)   Post Evacuate Collection Set: 0.09ms
[2026-09-03T12:34:58.383+0800][1.419s][info][gc,phases   ] GC(16)   Other: 0.06ms
[2026-09-03T12:34:58.383+0800][1.419s][info][gc,heap     ] GC(16) Eden regions: 66->0(102)
[2026-09-03T12:34:58.383+0800][1.419s][info][gc,heap     ] GC(16) Survivor regions: 12->10(10)
[2026-09-03T12:34:58.383+0800][1.419s][info][gc,heap     ] GC(16) Old regions: 84->99
[2026-09-03T12:34:58.383+0800][1.419s][info][gc,heap     ] GC(16) Humongous regions: 1->1
[2026-09-03T12:34:58.383+0800][1.419s][info][gc,metaspace] GC(16) Metaspace: 1059K(1216K)->1059K(1216K) NonClass: 994K(1088K)->994K(1088K) Class: 64K(128K)->64K(128K)
[2026-09-03T12:34:58.383+0800][1.419s][info][gc          ] GC(16) Pause Young (Prepare Mixed) (G1 Evacuation Pause) 161M->109M(256M) 2.392ms
[2026-09-03T12:34:58.383+0800][1.419s][info][gc,cpu      ] GC(16) User=0.01s Sys=0.00s Real=0.00s
[2026-09-03T12:34:58.383+0800][1.419s][info][safepoint   ] Safepoint "G1CollectForAllocation", Time since last: 49914375 ns, Reaching safepoint: 26333 ns, At safepoint: 2420167 ns, Leaving safepoint: 22458 ns, Total: 2468958 ns, Threads: 2 runnable, 43 total
[2026-09-03T12:34:58.479+0800][1.515s][info][gc,start    ] GC(17) Pause Young (Mixed) (G1 Evacuation Pause)
[2026-09-03T12:34:58.479+0800][1.515s][info][gc,task     ] GC(17) Using 9 workers of 9 for evacuation
[2026-09-03T12:34:58.481+0800][1.517s][info][gc,phases   ] GC(17)   Pre Evacuate Collection Set: 0.09ms
[2026-09-03T12:34:58.481+0800][1.517s][info][gc,phases   ] GC(17)   Merge Heap Roots: 0.03ms
[2026-09-03T12:34:58.481+0800][1.517s][info][gc,phases   ] GC(17)   Evacuate Collection Set: 1.83ms
[2026-09-03T12:34:58.481+0800][1.517s][info][gc,phases   ] GC(17)   Post Evacuate Collection Set: 0.11ms
[2026-09-03T12:34:58.481+0800][1.517s][info][gc,phases   ] GC(17)   Other: 0.06ms
[2026-09-03T12:34:58.481+0800][1.517s][info][gc,heap     ] GC(17) Eden regions: 102->0(105)
[2026-09-03T12:34:58.481+0800][1.517s][info][gc,heap     ] GC(17) Survivor regions: 10->14(14)
[2026-09-03T12:34:58.481+0800][1.517s][info][gc,heap     ] GC(17) Old regions: 99->91
[2026-09-03T12:34:58.481+0800][1.517s][info][gc,heap     ] GC(17) Humongous regions: 1->1
[2026-09-03T12:34:58.481+0800][1.517s][info][gc,metaspace] GC(17) Metaspace: 1059K(1216K)->1059K(1216K) NonClass: 994K(1088K)->994K(1088K) Class: 64K(128K)->64K(128K)
[2026-09-03T12:34:58.481+0800][1.517s][info][gc          ] GC(17) Pause Young (Mixed) (G1 Evacuation Pause) 211M->106M(256M) 2.237ms
[2026-09-03T12:34:58.481+0800][1.517s][info][gc,cpu      ] GC(17) User=0.01s Sys=0.00s Real=0.01s
[2026-09-03T12:34:58.481+0800][1.517s][info][safepoint   ] Safepoint "G1CollectForAllocation", Time since last: 95863417 ns, Reaching safepoint: 2958 ns, At safepoint: 2261917 ns, Leaving safepoint: 43292 ns, Total: 2308167 ns, Threads: 0 runnable, 43 total
[2026-09-03T12:34:58.573+0800][1.609s][info][gc,start    ] GC(18) Pause Young (Normal) (G1 Evacuation Pause)
[2026-09-03T12:34:58.573+0800][1.609s][info][gc,task     ] GC(18) Using 9 workers of 9 for evacuation
[2026-09-03T12:34:58.576+0800][1.612s][info][gc,phases   ] GC(18)   Pre Evacuate Collection Set: 0.12ms
[2026-09-03T12:34:58.576+0800][1.612s][info][gc,phases   ] GC(18)   Merge Heap Roots: 0.02ms
[2026-09-03T12:34:58.576+0800][1.612s][info][gc,phases   ] GC(18)   Evacuate Collection Set: 2.71ms
[2026-09-03T12:34:58.576+0800][1.612s][info][gc,phases   ] GC(18)   Post Evacuate Collection Set: 0.10ms
[2026-09-03T12:34:58.576+0800][1.612s][info][gc,phases   ] GC(18)   Other: 0.08ms
[2026-09-03T12:34:58.576+0800][1.612s][info][gc,heap     ] GC(18) Eden regions: 105->0(90)
[2026-09-03T12:34:58.576+0800][1.612s][info][gc,heap     ] GC(18) Survivor regions: 14->15(15)
[2026-09-03T12:34:58.576+0800][1.612s][info][gc,heap     ] GC(18) Old regions: 91->112
[2026-09-03T12:34:58.576+0800][1.612s][info][gc,heap     ] GC(18) Humongous regions: 1->1
[2026-09-03T12:34:58.576+0800][1.612s][info][gc,metaspace] GC(18) Metaspace: 1059K(1216K)->1059K(1216K) NonClass: 994K(1088K)->994K(1088K) Class: 64K(128K)->64K(128K)
[2026-09-03T12:34:58.576+0800][1.612s][info][gc          ] GC(18) Pause Young (Normal) (G1 Evacuation Pause) 211M->127M(256M) 3.171ms
[2026-09-03T12:34:58.576+0800][1.612s][info][gc,cpu      ] GC(18) User=0.02s Sys=0.00s Real=0.00s
[2026-09-03T12:34:58.576+0800][1.612s][info][safepoint   ] Safepoint "G1CollectForAllocation", Time since last: 91368458 ns, Reaching safepoint: 3167 ns, At safepoint: 3200750 ns, Leaving safepoint: 21833 ns, Total: 3225750 ns, Threads: 0 runnable, 43 total
[2026-09-03T12:34:58.655+0800][1.691s][info][gc,start    ] GC(19) Pause Young (Normal) (G1 Evacuation Pause)
[2026-09-03T12:34:58.655+0800][1.691s][info][gc,task     ] GC(19) Using 9 workers of 9 for evacuation
[2026-09-03T12:34:58.658+0800][1.694s][info][gc,phases   ] GC(19)   Pre Evacuate Collection Set: 0.06ms
[2026-09-03T12:34:58.658+0800][1.694s][info][gc,phases   ] GC(19)   Merge Heap Roots: 0.02ms
[2026-09-03T12:34:58.658+0800][1.694s][info][gc,phases   ] GC(19)   Evacuate Collection Set: 2.68ms
[2026-09-03T12:34:58.658+0800][1.694s][info][gc,phases   ] GC(19)   Post Evacuate Collection Set: 0.09ms
[2026-09-03T12:34:58.658+0800][1.694s][info][gc,phases   ] GC(19)   Other: 0.07ms
[2026-09-03T12:34:58.658+0800][1.694s][info][gc,heap     ] GC(19) Eden regions: 90->0(77)
[2026-09-03T12:34:58.658+0800][1.694s][info][gc,heap     ] GC(19) Survivor regions: 15->14(14)
[2026-09-03T12:34:58.658+0800][1.694s][info][gc,heap     ] GC(19) Old regions: 112->131
[2026-09-03T12:34:58.658+0800][1.694s][info][gc,heap     ] GC(19) Humongous regions: 1->1
[2026-09-03T12:34:58.658+0800][1.694s][info][gc,metaspace] GC(19) Metaspace: 1059K(1216K)->1059K(1216K) NonClass: 994K(1088K)->994K(1088K) Class: 64K(128K)->64K(128K)
[2026-09-03T12:34:58.658+0800][1.694s][info][gc          ] GC(19) Pause Young (Normal) (G1 Evacuation Pause) 217M->146M(256M) 3.040ms
[2026-09-03T12:34:58.658+0800][1.694s][info][gc,cpu      ] GC(19) User=0.02s Sys=0.00s Real=0.00s
[2026-09-03T12:34:58.658+0800][1.694s][info][safepoint   ] Safepoint "G1CollectForAllocation", Time since last: 79238625 ns, Reaching safepoint: 2875 ns, At safepoint: 3068500 ns, Leaving safepoint: 22292 ns, Total: 3093667 ns, Threads: 0 runnable, 43 total
[2026-09-03T12:34:58.728+0800][1.763s][info][gc,start    ] GC(20) Pause Young (Concurrent Start) (G1 Evacuation Pause)
[2026-09-03T12:34:58.728+0800][1.764s][info][gc,task     ] GC(20) Using 9 workers of 9 for evacuation
[2026-09-03T12:34:58.730+0800][1.766s][info][gc,phases   ] GC(20)   Pre Evacuate Collection Set: 0.07ms
[2026-09-03T12:34:58.730+0800][1.766s][info][gc,phases   ] GC(20)   Merge Heap Roots: 0.03ms
[2026-09-03T12:34:58.730+0800][1.766s][info][gc,phases   ] GC(20)   Evacuate Collection Set: 1.70ms
[2026-09-03T12:34:58.730+0800][1.766s][info][gc,phases   ] GC(20)   Post Evacuate Collection Set: 0.09ms
[2026-09-03T12:34:58.730+0800][1.766s][info][gc,phases   ] GC(20)   Other: 0.07ms
[2026-09-03T12:34:58.730+0800][1.766s][info][gc,heap     ] GC(20) Eden regions: 77->0(66)
[2026-09-03T12:34:58.730+0800][1.766s][info][gc,heap     ] GC(20) Survivor regions: 14->12(12)
[2026-09-03T12:34:58.730+0800][1.766s][info][gc,heap     ] GC(20) Old regions: 131->149
[2026-09-03T12:34:58.730+0800][1.766s][info][gc,heap     ] GC(20) Humongous regions: 1->1
[2026-09-03T12:34:58.730+0800][1.766s][info][gc,metaspace] GC(20) Metaspace: 1059K(1216K)->1059K(1216K) NonClass: 994K(1088K)->994K(1088K) Class: 64K(128K)->64K(128K)
[2026-09-03T12:34:58.730+0800][1.766s][info][gc          ] GC(20) Pause Young (Concurrent Start) (G1 Evacuation Pause) 223M->161M(256M) 2.123ms
[2026-09-03T12:34:58.730+0800][1.766s][info][gc          ] GC(21) Concurrent Mark Cycle
[2026-09-03T12:34:58.730+0800][1.766s][info][gc,cpu      ] GC(20) User=0.01s Sys=0.00s Real=0.01s
[2026-09-03T12:34:58.730+0800][1.766s][info][gc,marking  ] GC(21) Concurrent Scan Root Regions
[2026-09-03T12:34:58.730+0800][1.766s][info][safepoint   ] Safepoint "G1CollectForAllocation", Time since last: 69366750 ns, Reaching safepoint: 4875 ns, At safepoint: 2183625 ns, Leaving safepoint: 30000 ns, Total: 2218500 ns, Threads: 0 runnable, 43 total
[2026-09-03T12:34:58.732+0800][1.767s][info][gc,marking  ] GC(21) Concurrent Scan Root Regions 1.862ms
[2026-09-03T12:34:58.732+0800][1.768s][info][gc,marking  ] GC(21) Concurrent Mark
[2026-09-03T12:34:58.732+0800][1.768s][info][gc,marking  ] GC(21) Concurrent Mark From Roots
[2026-09-03T12:34:58.732+0800][1.768s][info][gc,task     ] GC(21) Concurrent Mark Using 2 of 2 Workers
[2026-09-03T12:34:58.739+0800][1.775s][info][gc,marking  ] GC(21) Concurrent Mark From Roots 7.526ms
[2026-09-03T12:34:58.739+0800][1.775s][info][gc,marking  ] GC(21) Concurrent Preclean
[2026-09-03T12:34:58.739+0800][1.775s][info][gc,marking  ] GC(21) Concurrent Preclean 0.013ms
[2026-09-03T12:34:58.739+0800][1.775s][info][gc,start    ] GC(21) Pause Remark
[2026-09-03T12:34:58.740+0800][1.776s][info][gc          ] GC(21) Pause Remark 172M->130M(256M) 0.467ms
[2026-09-03T12:34:58.740+0800][1.776s][info][gc,cpu      ] GC(21) User=0.00s Sys=0.00s Real=0.01s
[2026-09-03T12:34:58.740+0800][1.776s][info][safepoint   ] Safepoint "G1PauseRemark", Time since last: 9504208 ns, Reaching safepoint: 4042 ns, At safepoint: 502041 ns, Leaving safepoint: 12417 ns, Total: 518500 ns, Threads: 0 runnable, 43 total
[2026-09-03T12:34:58.740+0800][1.776s][info][gc,marking  ] GC(21) Concurrent Mark 8.149ms
[2026-09-03T12:34:58.740+0800][1.776s][info][gc,marking  ] GC(21) Concurrent Rebuild Remembered Sets and Scrub Regions
[2026-09-03T12:34:58.746+0800][1.782s][info][gc,marking  ] GC(21) Concurrent Rebuild Remembered Sets and Scrub Regions 6.380ms
[2026-09-03T12:34:58.746+0800][1.782s][info][gc,start    ] GC(21) Pause Cleanup
[2026-09-03T12:34:58.747+0800][1.782s][info][gc          ] GC(21) Pause Cleanup 138M->138M(256M) 0.061ms
[2026-09-03T12:34:58.747+0800][1.782s][info][gc,cpu      ] GC(21) User=0.00s Sys=0.00s Real=0.00s
[2026-09-03T12:34:58.747+0800][1.782s][info][safepoint   ] Safepoint "G1PauseCleanup", Time since last: 6448875 ns, Reaching safepoint: 45000 ns, At safepoint: 91458 ns, Leaving safepoint: 13000 ns, Total: 149458 ns, Threads: 2 runnable, 43 total
[2026-09-03T12:34:58.747+0800][1.782s][info][gc,marking  ] GC(21) Concurrent Clear Claimed Marks
[2026-09-03T12:34:58.747+0800][1.782s][info][gc,marking  ] GC(21) Concurrent Clear Claimed Marks 0.007ms
[2026-09-03T12:34:58.747+0800][1.782s][info][gc,marking  ] GC(21) Concurrent Cleanup for Next Mark
[2026-09-03T12:34:58.747+0800][1.782s][info][gc,marking  ] GC(21) Concurrent Cleanup for Next Mark 0.107ms
[2026-09-03T12:34:58.747+0800][1.782s][info][gc          ] GC(21) Concurrent Mark Cycle 16.829ms
[2026-09-03T12:34:58.789+0800][1.825s][info][gc,start    ] GC(22) Pause Young (Prepare Mixed) (G1 Evacuation Pause)
[2026-09-03T12:34:58.789+0800][1.825s][info][gc,task     ] GC(22) Using 9 workers of 9 for evacuation
[2026-09-03T12:34:58.792+0800][1.827s][info][gc,phases   ] GC(22)   Pre Evacuate Collection Set: 0.05ms
[2026-09-03T12:34:58.792+0800][1.827s][info][gc,phases   ] GC(22)   Merge Heap Roots: 0.04ms
[2026-09-03T12:34:58.792+0800][1.827s][info][gc,phases   ] GC(22)   Evacuate Collection Set: 2.23ms
[2026-09-03T12:34:58.792+0800][1.827s][info][gc,phases   ] GC(22)   Post Evacuate Collection Set: 0.13ms
[2026-09-03T12:34:58.792+0800][1.827s][info][gc,phases   ] GC(22)   Other: 0.07ms
[2026-09-03T12:34:58.792+0800][1.827s][info][gc,heap     ] GC(22) Eden regions: 66->0(86)
[2026-09-03T12:34:58.792+0800][1.827s][info][gc,heap     ] GC(22) Survivor regions: 12->10(10)
[2026-09-03T12:34:58.792+0800][1.827s][info][gc,heap     ] GC(22) Old regions: 107->123
[2026-09-03T12:34:58.792+0800][1.827s][info][gc,heap     ] GC(22) Humongous regions: 1->1
[2026-09-03T12:34:58.792+0800][1.827s][info][gc,metaspace] GC(22) Metaspace: 1059K(1216K)->1059K(1216K) NonClass: 994K(1088K)->994K(1088K) Class: 64K(128K)->64K(128K)
[2026-09-03T12:34:58.792+0800][1.827s][info][gc          ] GC(22) Pause Young (Prepare Mixed) (G1 Evacuation Pause) 185M->133M(256M) 2.643ms
[2026-09-03T12:34:58.792+0800][1.827s][info][gc,cpu      ] GC(22) User=0.02s Sys=0.00s Real=0.01s
[2026-09-03T12:34:58.792+0800][1.827s][info][safepoint   ] Safepoint "G1CollectForAllocation", Time since last: 42375834 ns, Reaching safepoint: 26708 ns, At safepoint: 2676083 ns, Leaving safepoint: 21334 ns, Total: 2724125 ns, Threads: 5 runnable, 43 total
[2026-09-03T12:34:58.868+0800][1.904s][info][gc,start    ] GC(23) Pause Young (Mixed) (G1 Evacuation Pause)
[2026-09-03T12:34:58.868+0800][1.904s][info][gc,task     ] GC(23) Using 9 workers of 9 for evacuation
[2026-09-03T12:34:58.870+0800][1.906s][info][gc,phases   ] GC(23)   Pre Evacuate Collection Set: 0.10ms
[2026-09-03T12:34:58.870+0800][1.906s][info][gc,phases   ] GC(23)   Merge Heap Roots: 0.03ms
[2026-09-03T12:34:58.870+0800][1.906s][info][gc,phases   ] GC(23)   Evacuate Collection Set: 1.78ms
[2026-09-03T12:34:58.870+0800][1.906s][info][gc,phases   ] GC(23)   Post Evacuate Collection Set: 0.10ms
[2026-09-03T12:34:58.870+0800][1.906s][info][gc,phases   ] GC(23)   Other: 0.06ms
[2026-09-03T12:34:58.870+0800][1.906s][info][gc,heap     ] GC(23) Eden regions: 86->0(92)
[2026-09-03T12:34:58.870+0800][1.906s][info][gc,heap     ] GC(23) Survivor regions: 10->12(12)
[2026-09-03T12:34:58.870+0800][1.906s][info][gc,heap     ] GC(23) Old regions: 123->112
[2026-09-03T12:34:58.870+0800][1.906s][info][gc,heap     ] GC(23) Humongous regions: 1->1
[2026-09-03T12:34:58.870+0800][1.906s][info][gc,metaspace] GC(23) Metaspace: 1059K(1216K)->1059K(1216K) NonClass: 994K(1088K)->994K(1088K) Class: 64K(128K)->64K(128K)
[2026-09-03T12:34:58.870+0800][1.906s][info][gc          ] GC(23) Pause Young (Mixed) (G1 Evacuation Pause) 219M->124M(256M) 2.197ms
[2026-09-03T12:34:58.870+0800][1.906s][info][gc,cpu      ] GC(23) User=0.02s Sys=0.00s Real=0.01s
[2026-09-03T12:34:58.870+0800][1.906s][info][safepoint   ] Safepoint "G1CollectForAllocation", Time since last: 76184166 ns, Reaching safepoint: 3417 ns, At safepoint: 2221333 ns, Leaving safepoint: 19084 ns, Total: 2243834 ns, Threads: 0 runnable, 43 total
[2026-09-03T12:34:58.952+0800][1.988s][info][gc,start    ] GC(24) Pause Young (Mixed) (G1 Evacuation Pause)
[2026-09-03T12:34:58.952+0800][1.988s][info][gc,task     ] GC(24) Using 9 workers of 9 for evacuation
[2026-09-03T12:34:58.955+0800][1.990s][info][gc,phases   ] GC(24)   Pre Evacuate Collection Set: 0.06ms
[2026-09-03T12:34:58.955+0800][1.990s][info][gc,phases   ] GC(24)   Merge Heap Roots: 0.03ms
[2026-09-03T12:34:58.955+0800][1.990s][info][gc,phases   ] GC(24)   Evacuate Collection Set: 1.99ms
[2026-09-03T12:34:58.955+0800][1.990s][info][gc,phases   ] GC(24)   Post Evacuate Collection Set: 0.11ms
[2026-09-03T12:34:58.955+0800][1.990s][info][gc,phases   ] GC(24)   Other: 0.07ms
[2026-09-03T12:34:58.955+0800][1.990s][info][gc,heap     ] GC(24) Eden regions: 92->0(95)
[2026-09-03T12:34:58.955+0800][1.990s][info][gc,heap     ] GC(24) Survivor regions: 12->13(13)
[2026-09-03T12:34:58.955+0800][1.990s][info][gc,heap     ] GC(24) Old regions: 112->108
[2026-09-03T12:34:58.955+0800][1.990s][info][gc,heap     ] GC(24) Humongous regions: 1->1
[2026-09-03T12:34:58.955+0800][1.990s][info][gc,metaspace] GC(24) Metaspace: 1059K(1216K)->1059K(1216K) NonClass: 994K(1088K)->994K(1088K) Class: 64K(128K)->64K(128K)
[2026-09-03T12:34:58.955+0800][1.990s][info][gc          ] GC(24) Pause Young (Mixed) (G1 Evacuation Pause) 216M->121M(256M) 2.394ms
[2026-09-03T12:34:58.955+0800][1.990s][info][gc,cpu      ] GC(24) User=0.01s Sys=0.00s Real=0.00s
[2026-09-03T12:34:58.955+0800][1.991s][info][safepoint   ] Safepoint "G1CollectForAllocation", Time since last: 82276083 ns, Reaching safepoint: 4792 ns, At safepoint: 2425958 ns, Leaving safepoint: 32708 ns, Total: 2463458 ns, Threads: 0 runnable, 43 total
[2026-09-03T12:34:59.044+0800][2.080s][info][gc,start    ] GC(25) Pause Young (Concurrent Start) (G1 Evacuation Pause)
[2026-09-03T12:34:59.044+0800][2.080s][info][gc,task     ] GC(25) Using 9 workers of 9 for evacuation
[2026-09-03T12:34:59.046+0800][2.082s][info][gc,phases   ] GC(25)   Pre Evacuate Collection Set: 0.06ms
[2026-09-03T12:34:59.046+0800][2.082s][info][gc,phases   ] GC(25)   Merge Heap Roots: 0.02ms
[2026-09-03T12:34:59.046+0800][2.082s][info][gc,phases   ] GC(25)   Evacuate Collection Set: 1.77ms
[2026-09-03T12:34:59.046+0800][2.082s][info][gc,phases   ] GC(25)   Post Evacuate Collection Set: 0.10ms
[2026-09-03T12:34:59.046+0800][2.082s][info][gc,phases   ] GC(25)   Other: 0.06ms
[2026-09-03T12:34:59.046+0800][2.082s][info][gc,heap     ] GC(25) Eden regions: 95->0(81)
[2026-09-03T12:34:59.046+0800][2.082s][info][gc,heap     ] GC(25) Survivor regions: 13->14(14)
[2026-09-03T12:34:59.046+0800][2.082s][info][gc,heap     ] GC(25) Old regions: 108->126
[2026-09-03T12:34:59.046+0800][2.082s][info][gc,heap     ] GC(25) Humongous regions: 1->1
[2026-09-03T12:34:59.046+0800][2.082s][info][gc,metaspace] GC(25) Metaspace: 1059K(1216K)->1059K(1216K) NonClass: 994K(1088K)->994K(1088K) Class: 64K(128K)->64K(128K)
[2026-09-03T12:34:59.046+0800][2.082s][info][gc          ] GC(25) Pause Young (Concurrent Start) (G1 Evacuation Pause) 216M->141M(256M) 2.149ms
[2026-09-03T12:34:59.046+0800][2.082s][info][gc,cpu      ] GC(25) User=0.02s Sys=0.00s Real=0.00s
[2026-09-03T12:34:59.046+0800][2.082s][info][gc          ] GC(26) Concurrent Mark Cycle
[2026-09-03T12:34:59.046+0800][2.082s][info][gc,marking  ] GC(26) Concurrent Scan Root Regions
[2026-09-03T12:34:59.046+0800][2.082s][info][safepoint   ] Safepoint "G1CollectForAllocation", Time since last: 89361709 ns, Reaching safepoint: 23000 ns, At safepoint: 2179000 ns, Leaving safepoint: 59916 ns, Total: 2261916 ns, Threads: 1 runnable, 43 total
[2026-09-03T12:34:59.048+0800][2.084s][info][gc,marking  ] GC(26) Concurrent Scan Root Regions 2.042ms
[2026-09-03T12:34:59.048+0800][2.084s][info][gc,marking  ] GC(26) Concurrent Mark
[2026-09-03T12:34:59.048+0800][2.084s][info][gc,marking  ] GC(26) Concurrent Mark From Roots
[2026-09-03T12:34:59.048+0800][2.084s][info][gc,task     ] GC(26) Concurrent Mark Using 2 of 2 Workers
[2026-09-03T12:34:59.054+0800][2.089s][info][gc,marking  ] GC(26) Concurrent Mark From Roots 5.090ms
[2026-09-03T12:34:59.054+0800][2.089s][info][gc,marking  ] GC(26) Concurrent Preclean
[2026-09-03T12:34:59.054+0800][2.089s][info][gc,marking  ] GC(26) Concurrent Preclean 0.020ms
[2026-09-03T12:34:59.054+0800][2.090s][info][gc,start    ] GC(26) Pause Remark
[2026-09-03T12:34:59.054+0800][2.090s][info][gc          ] GC(26) Pause Remark 148M->97M(256M) 0.301ms
[2026-09-03T12:34:59.054+0800][2.090s][info][gc,cpu      ] GC(26) User=0.00s Sys=0.00s Real=0.00s
[2026-09-03T12:34:59.054+0800][2.090s][info][safepoint   ] Safepoint "G1PauseRemark", Time since last: 7284625 ns, Reaching safepoint: 60542 ns, At safepoint: 331375 ns, Leaving safepoint: 25292 ns, Total: 417209 ns, Threads: 3 runnable, 43 total
[2026-09-03T12:34:59.054+0800][2.090s][info][gc,marking  ] GC(26) Concurrent Mark 5.708ms
[2026-09-03T12:34:59.054+0800][2.090s][info][gc,marking  ] GC(26) Concurrent Rebuild Remembered Sets and Scrub Regions
[2026-09-03T12:34:59.059+0800][2.095s][info][gc,marking  ] GC(26) Concurrent Rebuild Remembered Sets and Scrub Regions 4.955ms
[2026-09-03T12:34:59.059+0800][2.095s][info][gc,start    ] GC(26) Pause Cleanup
[2026-09-03T12:34:59.059+0800][2.095s][info][gc          ] GC(26) Pause Cleanup 102M->102M(256M) 0.042ms
[2026-09-03T12:34:59.059+0800][2.095s][info][gc,cpu      ] GC(26) User=0.00s Sys=0.01s Real=0.00s
[2026-09-03T12:34:59.059+0800][2.095s][info][safepoint   ] Safepoint "G1PauseCleanup", Time since last: 5066958 ns, Reaching safepoint: 91208 ns, At safepoint: 61209 ns, Leaving safepoint: 29000 ns, Total: 181417 ns, Threads: 1 runnable, 43 total
[2026-09-03T12:34:59.059+0800][2.095s][info][gc,marking  ] GC(26) Concurrent Clear Claimed Marks
[2026-09-03T12:34:59.059+0800][2.095s][info][gc,marking  ] GC(26) Concurrent Clear Claimed Marks 0.006ms
[2026-09-03T12:34:59.059+0800][2.095s][info][gc,marking  ] GC(26) Concurrent Cleanup for Next Mark
[2026-09-03T12:34:59.060+0800][2.095s][info][gc,marking  ] GC(26) Concurrent Cleanup for Next Mark 0.179ms
[2026-09-03T12:34:59.060+0800][2.095s][info][gc          ] GC(26) Concurrent Mark Cycle 13.291ms
[2026-09-03T12:34:59.125+0800][2.161s][info][gc,start    ] GC(27) Pause Young (Prepare Mixed) (G1 Evacuation Pause)
[2026-09-03T12:34:59.125+0800][2.161s][info][gc,task     ] GC(27) Using 9 workers of 9 for evacuation
[2026-09-03T12:34:59.127+0800][2.163s][info][gc,phases   ] GC(27)   Pre Evacuate Collection Set: 0.07ms
[2026-09-03T12:34:59.127+0800][2.163s][info][gc,phases   ] GC(27)   Merge Heap Roots: 0.02ms
[2026-09-03T12:34:59.127+0800][2.163s][info][gc,phases   ] GC(27)   Evacuate Collection Set: 1.88ms
[2026-09-03T12:34:59.127+0800][2.163s][info][gc,phases   ] GC(27)   Post Evacuate Collection Set: 0.11ms
[2026-09-03T12:34:59.127+0800][2.163s][info][gc,phases   ] GC(27)   Other: 0.07ms
[2026-09-03T12:34:59.127+0800][2.163s][info][gc,heap     ] GC(27) Eden regions: 81->0(105)
[2026-09-03T12:34:59.127+0800][2.163s][info][gc,heap     ] GC(27) Survivor regions: 14->12(12)
[2026-09-03T12:34:59.127+0800][2.163s][info][gc,heap     ] GC(27) Old regions: 75->95
[2026-09-03T12:34:59.127+0800][2.163s][info][gc,heap     ] GC(27) Humongous regions: 1->1
[2026-09-03T12:34:59.127+0800][2.163s][info][gc,metaspace] GC(27) Metaspace: 1059K(1216K)->1059K(1216K) NonClass: 994K(1088K)->994K(1088K) Class: 64K(128K)->64K(128K)
[2026-09-03T12:34:59.127+0800][2.163s][info][gc          ] GC(27) Pause Young (Prepare Mixed) (G1 Evacuation Pause) 171M->107M(256M) 2.268ms
[2026-09-03T12:34:59.127+0800][2.163s][info][gc,cpu      ] GC(27) User=0.02s Sys=0.00s Real=0.00s
[2026-09-03T12:34:59.127+0800][2.163s][info][safepoint   ] Safepoint "G1CollectForAllocation", Time since last: 65674291 ns, Reaching safepoint: 3459 ns, At safepoint: 2294750 ns, Leaving safepoint: 31666 ns, Total: 2329875 ns, Threads: 0 runnable, 43 total
[2026-09-03T12:34:59.227+0800][2.263s][info][gc,start    ] GC(28) Pause Young (Mixed) (G1 Evacuation Pause)
[2026-09-03T12:34:59.228+0800][2.263s][info][gc,task     ] GC(28) Using 9 workers of 9 for evacuation
[2026-09-03T12:34:59.230+0800][2.266s][info][gc,phases   ] GC(28)   Pre Evacuate Collection Set: 0.06ms
[2026-09-03T12:34:59.230+0800][2.266s][info][gc,phases   ] GC(28)   Merge Heap Roots: 0.04ms
[2026-09-03T12:34:59.230+0800][2.266s][info][gc,phases   ] GC(28)   Evacuate Collection Set: 2.00ms
[2026-09-03T12:34:59.230+0800][2.266s][info][gc,phases   ] GC(28)   Post Evacuate Collection Set: 0.11ms
[2026-09-03T12:34:59.230+0800][2.266s][info][gc,phases   ] GC(28)   Other: 0.06ms
[2026-09-03T12:34:59.230+0800][2.266s][info][gc,heap     ] GC(28) Eden regions: 105->0(102)
[2026-09-03T12:34:59.230+0800][2.266s][info][gc,heap     ] GC(28) Survivor regions: 12->15(15)
[2026-09-03T12:34:59.230+0800][2.266s][info][gc,heap     ] GC(28) Old regions: 95->96
[2026-09-03T12:34:59.230+0800][2.266s][info][gc,heap     ] GC(28) Humongous regions: 1->1
[2026-09-03T12:34:59.230+0800][2.266s][info][gc,metaspace] GC(28) Metaspace: 1059K(1216K)->1059K(1216K) NonClass: 994K(1088K)->994K(1088K) Class: 64K(128K)->64K(128K)
[2026-09-03T12:34:59.230+0800][2.266s][info][gc          ] GC(28) Pause Young (Mixed) (G1 Evacuation Pause) 212M->111M(256M) 2.363ms
[2026-09-03T12:34:59.230+0800][2.266s][info][gc,cpu      ] GC(28) User=0.02s Sys=0.00s Real=0.01s
[2026-09-03T12:34:59.230+0800][2.266s][info][safepoint   ] Safepoint "G1CollectForAllocation", Time since last: 100037250 ns, Reaching safepoint: 39167 ns, At safepoint: 2390292 ns, Leaving safepoint: 83041 ns, Total: 2512500 ns, Threads: 1 runnable, 43 total
[2026-09-03T12:34:59.329+0800][2.365s][info][gc,start    ] GC(29) Pause Young (Concurrent Start) (G1 Evacuation Pause)
[2026-09-03T12:34:59.329+0800][2.365s][info][gc,task     ] GC(29) Using 9 workers of 9 for evacuation
[2026-09-03T12:34:59.332+0800][2.368s][info][gc,phases   ] GC(29)   Pre Evacuate Collection Set: 0.05ms
[2026-09-03T12:34:59.332+0800][2.368s][info][gc,phases   ] GC(29)   Merge Heap Roots: 0.03ms
[2026-09-03T12:34:59.332+0800][2.368s][info][gc,phases   ] GC(29)   Evacuate Collection Set: 2.61ms
[2026-09-03T12:34:59.332+0800][2.368s][info][gc,phases   ] GC(29)   Post Evacuate Collection Set: 0.10ms
[2026-09-03T12:34:59.332+0800][2.368s][info][gc,phases   ] GC(29)   Other: 0.07ms
[2026-09-03T12:34:59.332+0800][2.368s][info][gc,heap     ] GC(29) Eden regions: 102->0(87)
[2026-09-03T12:34:59.332+0800][2.368s][info][gc,heap     ] GC(29) Survivor regions: 15->15(15)
[2026-09-03T12:34:59.332+0800][2.368s][info][gc,heap     ] GC(29) Old regions: 96->116
[2026-09-03T12:34:59.332+0800][2.368s][info][gc,heap     ] GC(29) Humongous regions: 1->1
[2026-09-03T12:34:59.332+0800][2.368s][info][gc,metaspace] GC(29) Metaspace: 1059K(1216K)->1059K(1216K) NonClass: 994K(1088K)->994K(1088K) Class: 64K(128K)->64K(128K)
[2026-09-03T12:34:59.332+0800][2.368s][info][gc          ] GC(29) Pause Young (Concurrent Start) (G1 Evacuation Pause) 213M->131M(256M) 3.017ms
[2026-09-03T12:34:59.332+0800][2.368s][info][gc,cpu      ] GC(29) User=0.02s Sys=0.00s Real=0.01s
[2026-09-03T12:34:59.332+0800][2.368s][info][gc          ] GC(30) Concurrent Mark Cycle
[2026-09-03T12:34:59.332+0800][2.368s][info][gc,marking  ] GC(30) Concurrent Scan Root Regions
[2026-09-03T12:34:59.332+0800][2.368s][info][safepoint   ] Safepoint "G1CollectForAllocation", Time since last: 98970167 ns, Reaching safepoint: 38042 ns, At safepoint: 3061750 ns, Leaving safepoint: 22208 ns, Total: 3122000 ns, Threads: 1 runnable, 43 total
[2026-09-03T12:34:59.334+0800][2.370s][info][gc,marking  ] GC(30) Concurrent Scan Root Regions 2.445ms
[2026-09-03T12:34:59.334+0800][2.370s][info][gc,marking  ] GC(30) Concurrent Mark
[2026-09-03T12:34:59.334+0800][2.370s][info][gc,marking  ] GC(30) Concurrent Mark From Roots
[2026-09-03T12:34:59.334+0800][2.370s][info][gc,task     ] GC(30) Concurrent Mark Using 2 of 2 Workers
[2026-09-03T12:34:59.340+0800][2.376s][info][gc,marking  ] GC(30) Concurrent Mark From Roots 5.321ms
[2026-09-03T12:34:59.340+0800][2.376s][info][gc,marking  ] GC(30) Concurrent Preclean
[2026-09-03T12:34:59.340+0800][2.376s][info][gc,marking  ] GC(30) Concurrent Preclean 0.023ms
[2026-09-03T12:34:59.340+0800][2.376s][info][gc,start    ] GC(30) Pause Remark
[2026-09-03T12:34:59.340+0800][2.376s][info][gc          ] GC(30) Pause Remark 141M->126M(256M) 0.392ms
[2026-09-03T12:34:59.340+0800][2.376s][info][gc,cpu      ] GC(30) User=0.00s Sys=0.00s Real=0.00s
[2026-09-03T12:34:59.340+0800][2.376s][info][safepoint   ] Safepoint "G1PauseRemark", Time since last: 7900375 ns, Reaching safepoint: 25625 ns, At safepoint: 433083 ns, Leaving safepoint: 27834 ns, Total: 486542 ns, Threads: 2 runnable, 43 total
[2026-09-03T12:34:59.340+0800][2.376s][info][gc,marking  ] GC(30) Concurrent Mark 6.013ms
[2026-09-03T12:34:59.341+0800][2.376s][info][gc,marking  ] GC(30) Concurrent Rebuild Remembered Sets and Scrub Regions
[2026-09-03T12:34:59.346+0800][2.381s][info][gc,marking  ] GC(30) Concurrent Rebuild Remembered Sets and Scrub Regions 5.213ms
[2026-09-03T12:34:59.346+0800][2.382s][info][gc,start    ] GC(30) Pause Cleanup
[2026-09-03T12:34:59.346+0800][2.382s][info][gc          ] GC(30) Pause Cleanup 131M->131M(256M) 0.075ms
[2026-09-03T12:34:59.346+0800][2.382s][info][gc,cpu      ] GC(30) User=0.00s Sys=0.00s Real=0.00s
[2026-09-03T12:34:59.346+0800][2.382s][info][safepoint   ] Safepoint "G1PauseCleanup", Time since last: 5416541 ns, Reaching safepoint: 28167 ns, At safepoint: 113208 ns, Leaving safepoint: 22042 ns, Total: 163417 ns, Threads: 1 runnable, 43 total
[2026-09-03T12:34:59.346+0800][2.382s][info][gc,marking  ] GC(30) Concurrent Clear Claimed Marks
[2026-09-03T12:34:59.346+0800][2.382s][info][gc,marking  ] GC(30) Concurrent Clear Claimed Marks 0.009ms
[2026-09-03T12:34:59.346+0800][2.382s][info][gc,marking  ] GC(30) Concurrent Cleanup for Next Mark
[2026-09-03T12:34:59.346+0800][2.382s][info][gc,marking  ] GC(30) Concurrent Cleanup for Next Mark 0.238ms
[2026-09-03T12:34:59.346+0800][2.382s][info][gc          ] GC(30) Concurrent Mark Cycle 14.307ms
[2026-09-03T12:34:59.416+0800][2.452s][info][gc,start    ] GC(31) Pause Young (Prepare Mixed) (G1 Evacuation Pause)
[2026-09-03T12:34:59.416+0800][2.452s][info][gc,task     ] GC(31) Using 9 workers of 9 for evacuation
[2026-09-03T12:34:59.418+0800][2.454s][info][gc,phases   ] GC(31)   Pre Evacuate Collection Set: 0.08ms
[2026-09-03T12:34:59.418+0800][2.454s][info][gc,phases   ] GC(31)   Merge Heap Roots: 0.03ms
[2026-09-03T12:34:59.418+0800][2.454s][info][gc,phases   ] GC(31)   Evacuate Collection Set: 2.17ms
[2026-09-03T12:34:59.418+0800][2.454s][info][gc,phases   ] GC(31)   Post Evacuate Collection Set: 0.10ms
[2026-09-03T12:34:59.418+0800][2.454s][info][gc,phases   ] GC(31)   Other: 0.08ms
[2026-09-03T12:34:59.418+0800][2.454s][info][gc,heap     ] GC(31) Eden regions: 87->0(85)
[2026-09-03T12:34:59.418+0800][2.454s][info][gc,heap     ] GC(31) Survivor regions: 15->13(13)
[2026-09-03T12:34:59.418+0800][2.454s][info][gc,heap     ] GC(31) Old regions: 101->121
[2026-09-03T12:34:59.418+0800][2.454s][info][gc,heap     ] GC(31) Humongous regions: 1->1
[2026-09-03T12:34:59.418+0800][2.454s][info][gc,metaspace] GC(31) Metaspace: 1059K(1216K)->1059K(1216K) NonClass: 994K(1088K)->994K(1088K) Class: 64K(128K)->64K(128K)
[2026-09-03T12:34:59.418+0800][2.454s][info][gc          ] GC(31) Pause Young (Prepare Mixed) (G1 Evacuation Pause) 203M->134M(256M) 2.618ms
[2026-09-03T12:34:59.418+0800][2.454s][info][gc,cpu      ] GC(31) User=0.02s Sys=0.00s Real=0.00s
[2026-09-03T12:34:59.419+0800][2.454s][info][safepoint   ] Safepoint "G1CollectForAllocation", Time since last: 69788875 ns, Reaching safepoint: 71375 ns, At safepoint: 2663417 ns, Leaving safepoint: 43958 ns, Total: 2778750 ns, Threads: 4 runnable, 43 total
[2026-09-03T12:34:59.500+0800][2.536s][info][gc,start    ] GC(32) Pause Young (Mixed) (G1 Evacuation Pause)
[2026-09-03T12:34:59.500+0800][2.536s][info][gc,task     ] GC(32) Using 9 workers of 9 for evacuation
[2026-09-03T12:34:59.503+0800][2.538s][info][gc,phases   ] GC(32)   Pre Evacuate Collection Set: 0.05ms
[2026-09-03T12:34:59.503+0800][2.538s][info][gc,phases   ] GC(32)   Merge Heap Roots: 0.04ms
[2026-09-03T12:34:59.503+0800][2.538s][info][gc,phases   ] GC(32)   Evacuate Collection Set: 1.95ms
[2026-09-03T12:34:59.503+0800][2.538s][info][gc,phases   ] GC(32)   Post Evacuate Collection Set: 0.12ms
[2026-09-03T12:34:59.503+0800][2.538s][info][gc,phases   ] GC(32)   Other: 0.06ms
[2026-09-03T12:34:59.503+0800][2.538s][info][gc,heap     ] GC(32) Eden regions: 85->0(91)
[2026-09-03T12:34:59.503+0800][2.538s][info][gc,heap     ] GC(32) Survivor regions: 13->13(13)
[2026-09-03T12:34:59.503+0800][2.538s][info][gc,heap     ] GC(32) Old regions: 121->113
[2026-09-03T12:34:59.503+0800][2.538s][info][gc,heap     ] GC(32) Humongous regions: 1->1
[2026-09-03T12:34:59.503+0800][2.538s][info][gc,metaspace] GC(32) Metaspace: 1059K(1216K)->1059K(1216K) NonClass: 994K(1088K)->994K(1088K) Class: 64K(128K)->64K(128K)
[2026-09-03T12:34:59.503+0800][2.538s][info][gc          ] GC(32) Pause Young (Mixed) (G1 Evacuation Pause) 219M->126M(256M) 2.377ms
[2026-09-03T12:34:59.503+0800][2.538s][info][gc,cpu      ] GC(32) User=0.02s Sys=0.00s Real=0.00s
[2026-09-03T12:34:59.503+0800][2.539s][info][safepoint   ] Safepoint "G1CollectForAllocation", Time since last: 81712083 ns, Reaching safepoint: 25834 ns, At safepoint: 2437625 ns, Leaving safepoint: 38750 ns, Total: 2502209 ns, Threads: 3 runnable, 43 total
[2026-09-03T12:34:59.591+0800][2.627s][info][gc,start    ] GC(33) Pause Young (Mixed) (G1 Evacuation Pause)
[2026-09-03T12:34:59.592+0800][2.627s][info][gc,task     ] GC(33) Using 9 workers of 9 for evacuation
[2026-09-03T12:34:59.594+0800][2.630s][info][gc,phases   ] GC(33)   Pre Evacuate Collection Set: 0.06ms
[2026-09-03T12:34:59.594+0800][2.630s][info][gc,phases   ] GC(33)   Merge Heap Roots: 0.04ms
[2026-09-03T12:34:59.594+0800][2.630s][info][gc,phases   ] GC(33)   Evacuate Collection Set: 2.25ms
[2026-09-03T12:34:59.594+0800][2.630s][info][gc,phases   ] GC(33)   Post Evacuate Collection Set: 0.11ms
[2026-09-03T12:34:59.594+0800][2.630s][info][gc,phases   ] GC(33)   Other: 0.06ms
[2026-09-03T12:34:59.594+0800][2.630s][info][gc,heap     ] GC(33) Eden regions: 91->0(90)
[2026-09-03T12:34:59.594+0800][2.630s][info][gc,heap     ] GC(33) Survivor regions: 13->13(13)
[2026-09-03T12:34:59.594+0800][2.630s][info][gc,heap     ] GC(33) Old regions: 113->114
[2026-09-03T12:34:59.594+0800][2.630s][info][gc,heap     ] GC(33) Humongous regions: 1->1
[2026-09-03T12:34:59.594+0800][2.630s][info][gc,metaspace] GC(33) Metaspace: 1059K(1216K)->1059K(1216K) NonClass: 994K(1088K)->994K(1088K) Class: 64K(128K)->64K(128K)
[2026-09-03T12:34:59.594+0800][2.630s][info][gc          ] GC(33) Pause Young (Mixed) (G1 Evacuation Pause) 217M->127M(256M) 2.636ms
[2026-09-03T12:34:59.594+0800][2.630s][info][gc,cpu      ] GC(33) User=0.01s Sys=0.00s Real=0.00s
[2026-09-03T12:34:59.594+0800][2.630s][info][safepoint   ] Safepoint "G1CollectForAllocation", Time since last: 88669041 ns, Reaching safepoint: 44459 ns, At safepoint: 2675541 ns, Leaving safepoint: 44542 ns, Total: 2764542 ns, Threads: 1 runnable, 43 total
[2026-09-03T12:34:59.679+0800][2.715s][info][gc,start    ] GC(34) Pause Young (Concurrent Start) (G1 Evacuation Pause)
[2026-09-03T12:34:59.679+0800][2.715s][info][gc,task     ] GC(34) Using 9 workers of 9 for evacuation
[2026-09-03T12:34:59.681+0800][2.717s][info][gc,phases   ] GC(34)   Pre Evacuate Collection Set: 0.08ms
[2026-09-03T12:34:59.681+0800][2.717s][info][gc,phases   ] GC(34)   Merge Heap Roots: 0.03ms
[2026-09-03T12:34:59.681+0800][2.717s][info][gc,phases   ] GC(34)   Evacuate Collection Set: 1.76ms
[2026-09-03T12:34:59.681+0800][2.717s][info][gc,phases   ] GC(34)   Post Evacuate Collection Set: 0.10ms
[2026-09-03T12:34:59.681+0800][2.717s][info][gc,phases   ] GC(34)   Other: 0.06ms
[2026-09-03T12:34:59.681+0800][2.717s][info][gc,heap     ] GC(34) Eden regions: 90->0(77)
[2026-09-03T12:34:59.681+0800][2.717s][info][gc,heap     ] GC(34) Survivor regions: 13->13(13)
[2026-09-03T12:34:59.681+0800][2.717s][info][gc,heap     ] GC(34) Old regions: 114->133
[2026-09-03T12:34:59.681+0800][2.717s][info][gc,heap     ] GC(34) Humongous regions: 1->1
[2026-09-03T12:34:59.681+0800][2.717s][info][gc,metaspace] GC(34) Metaspace: 1059K(1216K)->1059K(1216K) NonClass: 994K(1088K)->994K(1088K) Class: 64K(128K)->64K(128K)
[2026-09-03T12:34:59.681+0800][2.717s][info][gc          ] GC(34) Pause Young (Concurrent Start) (G1 Evacuation Pause) 217M->146M(256M) 2.135ms
[2026-09-03T12:34:59.681+0800][2.717s][info][gc          ] GC(35) Concurrent Mark Cycle
[2026-09-03T12:34:59.681+0800][2.717s][info][gc,cpu      ] GC(34) User=0.01s Sys=0.00s Real=0.01s
[2026-09-03T12:34:59.681+0800][2.717s][info][gc,marking  ] GC(35) Concurrent Scan Root Regions
[2026-09-03T12:34:59.681+0800][2.717s][info][safepoint   ] Safepoint "G1CollectForAllocation", Time since last: 84949333 ns, Reaching safepoint: 21875 ns, At safepoint: 2177834 ns, Leaving safepoint: 32458 ns, Total: 2232167 ns, Threads: 1 runnable, 43 total
[2026-09-03T12:34:59.684+0800][2.720s][info][gc,marking  ] GC(35) Concurrent Scan Root Regions 2.586ms
[2026-09-03T12:34:59.684+0800][2.720s][info][gc,marking  ] GC(35) Concurrent Mark
[2026-09-03T12:34:59.684+0800][2.720s][info][gc,marking  ] GC(35) Concurrent Mark From Roots
[2026-09-03T12:34:59.684+0800][2.720s][info][gc,task     ] GC(35) Concurrent Mark Using 2 of 2 Workers
[2026-09-03T12:34:59.688+0800][2.724s][info][gc,marking  ] GC(35) Concurrent Mark From Roots 4.219ms
[2026-09-03T12:34:59.688+0800][2.724s][info][gc,marking  ] GC(35) Concurrent Preclean
[2026-09-03T12:34:59.688+0800][2.724s][info][gc,marking  ] GC(35) Concurrent Preclean 0.009ms
[2026-09-03T12:34:59.688+0800][2.724s][info][gc,start    ] GC(35) Pause Remark
[2026-09-03T12:34:59.689+0800][2.724s][info][gc          ] GC(35) Pause Remark 153M->118M(256M) 0.399ms
[2026-09-03T12:34:59.689+0800][2.724s][info][gc,cpu      ] GC(35) User=0.00s Sys=0.00s Real=0.00s
[2026-09-03T12:34:59.689+0800][2.724s][info][safepoint   ] Safepoint "G1PauseRemark", Time since last: 6840542 ns, Reaching safepoint: 41041 ns, At safepoint: 444334 ns, Leaving safepoint: 26083 ns, Total: 511458 ns, Threads: 1 runnable, 43 total
[2026-09-03T12:34:59.689+0800][2.725s][info][gc,marking  ] GC(35) Concurrent Mark 4.864ms
[2026-09-03T12:34:59.689+0800][2.725s][info][gc,marking  ] GC(35) Concurrent Rebuild Remembered Sets and Scrub Regions
[2026-09-03T12:34:59.694+0800][2.729s][info][gc,marking  ] GC(35) Concurrent Rebuild Remembered Sets and Scrub Regions 4.886ms
[2026-09-03T12:34:59.694+0800][2.730s][info][gc,start    ] GC(35) Pause Cleanup
[2026-09-03T12:34:59.694+0800][2.730s][info][gc          ] GC(35) Pause Cleanup 123M->123M(256M) 0.088ms
[2026-09-03T12:34:59.694+0800][2.730s][info][gc,cpu      ] GC(35) User=0.00s Sys=0.00s Real=0.00s
[2026-09-03T12:34:59.694+0800][2.730s][info][safepoint   ] Safepoint "G1PauseCleanup", Time since last: 5072333 ns, Reaching safepoint: 4334 ns, At safepoint: 157833 ns, Leaving safepoint: 21958 ns, Total: 184125 ns, Threads: 0 runnable, 43 total
[2026-09-03T12:34:59.694+0800][2.730s][info][gc,marking  ] GC(35) Concurrent Clear Claimed Marks
[2026-09-03T12:34:59.694+0800][2.730s][info][gc,marking  ] GC(35) Concurrent Clear Claimed Marks 0.005ms
[2026-09-03T12:34:59.694+0800][2.730s][info][gc,marking  ] GC(35) Concurrent Cleanup for Next Mark
[2026-09-03T12:34:59.694+0800][2.730s][info][gc,marking  ] GC(35) Concurrent Cleanup for Next Mark 0.195ms
[2026-09-03T12:34:59.694+0800][2.730s][info][gc          ] GC(35) Concurrent Mark Cycle 12.929ms
[2026-09-03T12:34:59.755+0800][2.791s][info][gc,start    ] GC(36) Pause Young (Prepare Mixed) (G1 Evacuation Pause)
[2026-09-03T12:34:59.755+0800][2.791s][info][gc,task     ] GC(36) Using 9 workers of 9 for evacuation
[2026-09-03T12:34:59.758+0800][2.793s][info][gc,phases   ] GC(36)   Pre Evacuate Collection Set: 0.05ms
[2026-09-03T12:34:59.758+0800][2.793s][info][gc,phases   ] GC(36)   Merge Heap Roots: 0.03ms
[2026-09-03T12:34:59.758+0800][2.793s][info][gc,phases   ] GC(36)   Evacuate Collection Set: 2.19ms
[2026-09-03T12:34:59.758+0800][2.793s][info][gc,phases   ] GC(36)   Post Evacuate Collection Set: 0.20ms
[2026-09-03T12:34:59.758+0800][2.793s][info][gc,phases   ] GC(36)   Other: 0.09ms
[2026-09-03T12:34:59.758+0800][2.793s][info][gc,heap     ] GC(36) Eden regions: 77->0(90)
[2026-09-03T12:34:59.758+0800][2.793s][info][gc,heap     ] GC(36) Survivor regions: 13->12(12)
[2026-09-03T12:34:59.758+0800][2.793s][info][gc,heap     ] GC(36) Old regions: 98->115
[2026-09-03T12:34:59.758+0800][2.793s][info][gc,heap     ] GC(36) Humongous regions: 1->1
[2026-09-03T12:34:59.758+0800][2.793s][info][gc,metaspace] GC(36) Metaspace: 1059K(1216K)->1059K(1216K) NonClass: 994K(1088K)->994K(1088K) Class: 64K(128K)->64K(128K)
[2026-09-03T12:34:59.758+0800][2.793s][info][gc          ] GC(36) Pause Young (Prepare Mixed) (G1 Evacuation Pause) 188M->127M(256M) 2.784ms
[2026-09-03T12:34:59.758+0800][2.793s][info][gc,cpu      ] GC(36) User=0.01s Sys=0.00s Real=0.00s
[2026-09-03T12:34:59.758+0800][2.794s][info][safepoint   ] Safepoint "G1CollectForAllocation", Time since last: 60922959 ns, Reaching safepoint: 21958 ns, At safepoint: 2817292 ns, Leaving safepoint: 27583 ns, Total: 2866833 ns, Threads: 1 runnable, 43 total
[2026-09-03T12:34:59.840+0800][2.876s][info][gc,start    ] GC(37) Pause Young (Mixed) (G1 Evacuation Pause)
[2026-09-03T12:34:59.840+0800][2.876s][info][gc,task     ] GC(37) Using 9 workers of 9 for evacuation
[2026-09-03T12:34:59.843+0800][2.878s][info][gc,phases   ] GC(37)   Pre Evacuate Collection Set: 0.06ms
[2026-09-03T12:34:59.843+0800][2.878s][info][gc,phases   ] GC(37)   Merge Heap Roots: 0.02ms
[2026-09-03T12:34:59.843+0800][2.878s][info][gc,phases   ] GC(37)   Evacuate Collection Set: 2.06ms
[2026-09-03T12:34:59.843+0800][2.878s][info][gc,phases   ] GC(37)   Post Evacuate Collection Set: 0.10ms
[2026-09-03T12:34:59.843+0800][2.878s][info][gc,phases   ] GC(37)   Other: 0.06ms
[2026-09-03T12:34:59.843+0800][2.878s][info][gc,heap     ] GC(37) Eden regions: 90->0(96)
[2026-09-03T12:34:59.843+0800][2.878s][info][gc,heap     ] GC(37) Survivor regions: 12->13(13)
[2026-09-03T12:34:59.843+0800][2.878s][info][gc,heap     ] GC(37) Old regions: 115->106
[2026-09-03T12:34:59.843+0800][2.878s][info][gc,heap     ] GC(37) Humongous regions: 1->1
[2026-09-03T12:34:59.843+0800][2.878s][info][gc,metaspace] GC(37) Metaspace: 1059K(1216K)->1059K(1216K) NonClass: 994K(1088K)->994K(1088K) Class: 64K(128K)->64K(128K)
[2026-09-03T12:34:59.843+0800][2.878s][info][gc          ] GC(37) Pause Young (Mixed) (G1 Evacuation Pause) 217M->119M(256M) 2.424ms
[2026-09-03T12:34:59.843+0800][2.878s][info][gc,cpu      ] GC(37) User=0.02s Sys=0.00s Real=0.00s
[2026-09-03T12:34:59.843+0800][2.879s][info][safepoint   ] Safepoint "G1CollectForAllocation", Time since last: 82487250 ns, Reaching safepoint: 19667 ns, At safepoint: 2449250 ns, Leaving safepoint: 27083 ns, Total: 2496000 ns, Threads: 1 runnable, 43 total
[2026-09-03T12:34:59.930+0800][2.965s][info][gc,start    ] GC(38) Pause Young (Mixed) (G1 Evacuation Pause)
[2026-09-03T12:34:59.930+0800][2.965s][info][gc,task     ] GC(38) Using 9 workers of 9 for evacuation
[2026-09-03T12:34:59.932+0800][2.968s][info][gc,phases   ] GC(38)   Pre Evacuate Collection Set: 0.07ms
[2026-09-03T12:34:59.933+0800][2.968s][info][gc,phases   ] GC(38)   Merge Heap Roots: 0.03ms
[2026-09-03T12:34:59.933+0800][2.968s][info][gc,phases   ] GC(38)   Evacuate Collection Set: 2.45ms
[2026-09-03T12:34:59.933+0800][2.968s][info][gc,phases   ] GC(38)   Post Evacuate Collection Set: 0.14ms
[2026-09-03T12:34:59.933+0800][2.968s][info][gc,phases   ] GC(38)   Other: 0.07ms
[2026-09-03T12:34:59.933+0800][2.968s][info][gc,heap     ] GC(38) Eden regions: 96->0(93)
[2026-09-03T12:34:59.933+0800][2.968s][info][gc,heap     ] GC(38) Survivor regions: 13->14(14)
[2026-09-03T12:34:59.933+0800][2.968s][info][gc,heap     ] GC(38) Old regions: 106->109
[2026-09-03T12:34:59.933+0800][2.968s][info][gc,heap     ] GC(38) Humongous regions: 1->1
[2026-09-03T12:34:59.933+0800][2.968s][info][gc,metaspace] GC(38) Metaspace: 1059K(1216K)->1059K(1216K) NonClass: 994K(1088K)->994K(1088K) Class: 64K(128K)->64K(128K)
[2026-09-03T12:34:59.933+0800][2.968s][info][gc          ] GC(38) Pause Young (Mixed) (G1 Evacuation Pause) 215M->124M(256M) 2.985ms
[2026-09-03T12:34:59.933+0800][2.968s][info][gc,cpu      ] GC(38) User=0.02s Sys=0.00s Real=0.00s
[2026-09-03T12:34:59.933+0800][2.968s][info][safepoint   ] Safepoint "G1CollectForAllocation", Time since last: 86865292 ns, Reaching safepoint: 38375 ns, At safepoint: 3020625 ns, Leaving safepoint: 22375 ns, Total: 3081375 ns, Threads: 3 runnable, 43 total
[2026-09-03T12:35:00.017+0800][3.053s][info][gc,start    ] GC(39) Pause Young (Concurrent Start) (G1 Evacuation Pause)
[2026-09-03T12:35:00.017+0800][3.053s][info][gc,task     ] GC(39) Using 9 workers of 9 for evacuation
[2026-09-03T12:35:00.019+0800][3.055s][info][gc,phases   ] GC(39)   Pre Evacuate Collection Set: 0.06ms
[2026-09-03T12:35:00.019+0800][3.055s][info][gc,phases   ] GC(39)   Merge Heap Roots: 0.03ms
[2026-09-03T12:35:00.019+0800][3.055s][info][gc,phases   ] GC(39)   Evacuate Collection Set: 1.82ms
[2026-09-03T12:35:00.019+0800][3.055s][info][gc,phases   ] GC(39)   Post Evacuate Collection Set: 0.10ms
[2026-09-03T12:35:00.019+0800][3.055s][info][gc,phases   ] GC(39)   Other: 0.07ms
[2026-09-03T12:35:00.019+0800][3.055s][info][gc,heap     ] GC(39) Eden regions: 93->0(80)
[2026-09-03T12:35:00.019+0800][3.055s][info][gc,heap     ] GC(39) Survivor regions: 14->14(14)
[2026-09-03T12:35:00.019+0800][3.055s][info][gc,heap     ] GC(39) Old regions: 109->128
[2026-09-03T12:35:00.019+0800][3.055s][info][gc,heap     ] GC(39) Humongous regions: 1->1
[2026-09-03T12:35:00.019+0800][3.055s][info][gc,metaspace] GC(39) Metaspace: 1059K(1216K)->1059K(1216K) NonClass: 994K(1088K)->994K(1088K) Class: 64K(128K)->64K(128K)
[2026-09-03T12:35:00.019+0800][3.055s][info][gc          ] GC(39) Pause Young (Concurrent Start) (G1 Evacuation Pause) 217M->142M(256M) 2.230ms
[2026-09-03T12:35:00.019+0800][3.055s][info][gc          ] GC(40) Concurrent Mark Cycle
[2026-09-03T12:35:00.019+0800][3.055s][info][gc,cpu      ] GC(39) User=0.02s Sys=0.00s Real=0.00s
[2026-09-03T12:35:00.019+0800][3.055s][info][gc,marking  ] GC(40) Concurrent Scan Root Regions
[2026-09-03T12:35:00.019+0800][3.055s][info][safepoint   ] Safepoint "G1CollectForAllocation", Time since last: 84395541 ns, Reaching safepoint: 29917 ns, At safepoint: 2286250 ns, Leaving safepoint: 26833 ns, Total: 2343000 ns, Threads: 3 runnable, 43 total
[2026-09-03T12:35:00.021+0800][3.057s][info][gc,marking  ] GC(40) Concurrent Scan Root Regions 1.932ms
[2026-09-03T12:35:00.021+0800][3.057s][info][gc,marking  ] GC(40) Concurrent Mark
[2026-09-03T12:35:00.021+0800][3.057s][info][gc,marking  ] GC(40) Concurrent Mark From Roots
[2026-09-03T12:35:00.021+0800][3.057s][info][gc,task     ] GC(40) Concurrent Mark Using 2 of 2 Workers
[2026-09-03T12:35:00.027+0800][3.063s][info][gc,marking  ] GC(40) Concurrent Mark From Roots 6.099ms
[2026-09-03T12:35:00.028+0800][3.063s][info][gc,marking  ] GC(40) Concurrent Preclean
[2026-09-03T12:35:00.028+0800][3.063s][info][gc,marking  ] GC(40) Concurrent Preclean 0.025ms
[2026-09-03T12:35:00.028+0800][3.063s][info][gc,start    ] GC(40) Pause Remark
[2026-09-03T12:35:00.028+0800][3.064s][info][gc          ] GC(40) Pause Remark 152M->124M(256M) 0.433ms
[2026-09-03T12:35:00.028+0800][3.064s][info][gc,cpu      ] GC(40) User=0.00s Sys=0.00s Real=0.00s
[2026-09-03T12:35:00.028+0800][3.064s][info][safepoint   ] Safepoint "G1PauseRemark", Time since last: 8144834 ns, Reaching safepoint: 4625 ns, At safepoint: 465250 ns, Leaving safepoint: 28291 ns, Total: 498166 ns, Threads: 0 runnable, 43 total
[2026-09-03T12:35:00.028+0800][3.064s][info][gc,marking  ] GC(40) Concurrent Mark 6.728ms
[2026-09-03T12:35:00.028+0800][3.064s][info][gc,marking  ] GC(40) Concurrent Rebuild Remembered Sets and Scrub Regions
[2026-09-03T12:35:00.033+0800][3.069s][info][gc,marking  ] GC(40) Concurrent Rebuild Remembered Sets and Scrub Regions 5.354ms
[2026-09-03T12:35:00.034+0800][3.069s][info][gc,start    ] GC(40) Pause Cleanup
[2026-09-03T12:35:00.034+0800][3.069s][info][gc          ] GC(40) Pause Cleanup 129M->129M(256M) 0.049ms
[2026-09-03T12:35:00.034+0800][3.069s][info][gc,cpu      ] GC(40) User=0.00s Sys=0.00s Real=0.00s
[2026-09-03T12:35:00.034+0800][3.069s][info][safepoint   ] Safepoint "G1PauseCleanup", Time since last: 5427792 ns, Reaching safepoint: 22583 ns, At safepoint: 70084 ns, Leaving safepoint: 24416 ns, Total: 117083 ns, Threads: 4 runnable, 43 total
[2026-09-03T12:35:00.034+0800][3.069s][info][gc,marking  ] GC(40) Concurrent Clear Claimed Marks
[2026-09-03T12:35:00.034+0800][3.069s][info][gc,marking  ] GC(40) Concurrent Clear Claimed Marks 0.005ms
[2026-09-03T12:35:00.034+0800][3.069s][info][gc,marking  ] GC(40) Concurrent Cleanup for Next Mark
[2026-09-03T12:35:00.034+0800][3.069s][info][gc,marking  ] GC(40) Concurrent Cleanup for Next Mark 0.096ms
[2026-09-03T12:35:00.034+0800][3.069s][info][gc          ] GC(40) Concurrent Mark Cycle 14.362ms
[2026-09-03T12:35:00.093+0800][3.129s][info][gc,start    ] GC(41) Pause Young (Prepare Mixed) (G1 Evacuation Pause)
[2026-09-03T12:35:00.093+0800][3.129s][info][gc,task     ] GC(41) Using 9 workers of 9 for evacuation
[2026-09-03T12:35:00.095+0800][3.131s][info][gc,phases   ] GC(41)   Pre Evacuate Collection Set: 0.07ms
[2026-09-03T12:35:00.095+0800][3.131s][info][gc,phases   ] GC(41)   Merge Heap Roots: 0.02ms
[2026-09-03T12:35:00.095+0800][3.131s][info][gc,phases   ] GC(41)   Evacuate Collection Set: 1.83ms
[2026-09-03T12:35:00.095+0800][3.131s][info][gc,phases   ] GC(41)   Post Evacuate Collection Set: 0.09ms
[2026-09-03T12:35:00.095+0800][3.131s][info][gc,phases   ] GC(41)   Other: 0.06ms
[2026-09-03T12:35:00.095+0800][3.131s][info][gc,heap     ] GC(41) Eden regions: 80->0(88)
[2026-09-03T12:35:00.095+0800][3.131s][info][gc,heap     ] GC(41) Survivor regions: 14->12(12)
[2026-09-03T12:35:00.095+0800][3.131s][info][gc,heap     ] GC(41) Old regions: 100->118
[2026-09-03T12:35:00.095+0800][3.131s][info][gc,heap     ] GC(41) Humongous regions: 1->1
[2026-09-03T12:35:00.095+0800][3.131s][info][gc,metaspace] GC(41) Metaspace: 1059K(1216K)->1059K(1216K) NonClass: 994K(1088K)->994K(1088K) Class: 64K(128K)->64K(128K)
[2026-09-03T12:35:00.095+0800][3.131s][info][gc          ] GC(41) Pause Young (Prepare Mixed) (G1 Evacuation Pause) 194M->130M(256M) 2.161ms
[2026-09-03T12:35:00.095+0800][3.131s][info][gc,cpu      ] GC(41) User=0.01s Sys=0.00s Real=0.00s
[2026-09-03T12:35:00.095+0800][3.131s][info][safepoint   ] Safepoint "G1CollectForAllocation", Time since last: 59622334 ns, Reaching safepoint: 28250 ns, At safepoint: 2184041 ns, Leaving safepoint: 21125 ns, Total: 2233416 ns, Threads: 2 runnable, 43 total
[2026-09-03T12:35:00.175+0800][3.211s][info][gc,start    ] GC(42) Pause Young (Mixed) (G1 Evacuation Pause)
[2026-09-03T12:35:00.175+0800][3.211s][info][gc,task     ] GC(42) Using 9 workers of 9 for evacuation
[2026-09-03T12:35:00.177+0800][3.213s][info][gc,phases   ] GC(42)   Pre Evacuate Collection Set: 0.07ms
[2026-09-03T12:35:00.177+0800][3.213s][info][gc,phases   ] GC(42)   Merge Heap Roots: 0.03ms
[2026-09-03T12:35:00.177+0800][3.213s][info][gc,phases   ] GC(42)   Evacuate Collection Set: 1.70ms
[2026-09-03T12:35:00.177+0800][3.213s][info][gc,phases   ] GC(42)   Post Evacuate Collection Set: 0.10ms
[2026-09-03T12:35:00.177+0800][3.213s][info][gc,phases   ] GC(42)   Other: 0.05ms
[2026-09-03T12:35:00.177+0800][3.213s][info][gc,heap     ] GC(42) Eden regions: 88->0(94)
[2026-09-03T12:35:00.177+0800][3.213s][info][gc,heap     ] GC(42) Survivor regions: 12->13(13)
[2026-09-03T12:35:00.177+0800][3.213s][info][gc,heap     ] GC(42) Old regions: 118->109
[2026-09-03T12:35:00.177+0800][3.213s][info][gc,heap     ] GC(42) Humongous regions: 1->1
[2026-09-03T12:35:00.177+0800][3.213s][info][gc,metaspace] GC(42) Metaspace: 1059K(1216K)->1059K(1216K) NonClass: 994K(1088K)->994K(1088K) Class: 64K(128K)->64K(128K)
[2026-09-03T12:35:00.177+0800][3.213s][info][gc          ] GC(42) Pause Young (Mixed) (G1 Evacuation Pause) 218M->123M(256M) 2.049ms
[2026-09-03T12:35:00.177+0800][3.213s][info][gc,cpu      ] GC(42) User=0.01s Sys=0.00s Real=0.00s
[2026-09-03T12:35:00.177+0800][3.213s][info][safepoint   ] Safepoint "G1CollectForAllocation", Time since last: 79910709 ns, Reaching safepoint: 24166 ns, At safepoint: 2072542 ns, Leaving safepoint: 33667 ns, Total: 2130375 ns, Threads: 2 runnable, 43 total
[2026-09-03T12:35:00.263+0800][3.299s][info][gc,start    ] GC(43) Pause Young (Mixed) (G1 Evacuation Pause)
[2026-09-03T12:35:00.263+0800][3.299s][info][gc,task     ] GC(43) Using 9 workers of 9 for evacuation
[2026-09-03T12:35:00.266+0800][3.301s][info][gc,phases   ] GC(43)   Pre Evacuate Collection Set: 0.06ms
[2026-09-03T12:35:00.266+0800][3.301s][info][gc,phases   ] GC(43)   Merge Heap Roots: 0.02ms
[2026-09-03T12:35:00.266+0800][3.301s][info][gc,phases   ] GC(43)   Evacuate Collection Set: 2.19ms
[2026-09-03T12:35:00.266+0800][3.301s][info][gc,phases   ] GC(43)   Post Evacuate Collection Set: 0.11ms
[2026-09-03T12:35:00.266+0800][3.301s][info][gc,phases   ] GC(43)   Other: 0.06ms
[2026-09-03T12:35:00.266+0800][3.301s][info][gc,heap     ] GC(43) Eden regions: 94->0(92)
[2026-09-03T12:35:00.266+0800][3.301s][info][gc,heap     ] GC(43) Survivor regions: 13->14(14)
[2026-09-03T12:35:00.266+0800][3.301s][info][gc,heap     ] GC(43) Old regions: 109->110
[2026-09-03T12:35:00.266+0800][3.301s][info][gc,heap     ] GC(43) Humongous regions: 1->1
[2026-09-03T12:35:00.266+0800][3.301s][info][gc,metaspace] GC(43) Metaspace: 1059K(1216K)->1059K(1216K) NonClass: 994K(1088K)->994K(1088K) Class: 64K(128K)->64K(128K)
[2026-09-03T12:35:00.266+0800][3.301s][info][gc          ] GC(43) Pause Young (Mixed) (G1 Evacuation Pause) 217M->125M(256M) 2.606ms
[2026-09-03T12:35:00.266+0800][3.301s][info][gc,cpu      ] GC(43) User=0.02s Sys=0.00s Real=0.00s
[2026-09-03T12:35:00.266+0800][3.301s][info][safepoint   ] Safepoint "G1CollectForAllocation", Time since last: 85545333 ns, Reaching safepoint: 19958 ns, At safepoint: 2636417 ns, Leaving safepoint: 23042 ns, Total: 2679417 ns, Threads: 2 runnable, 43 total
[2026-09-03T12:35:00.349+0800][3.385s][info][gc,start    ] GC(44) Pause Young (Concurrent Start) (G1 Evacuation Pause)
[2026-09-03T12:35:00.349+0800][3.385s][info][gc,task     ] GC(44) Using 9 workers of 9 for evacuation
[2026-09-03T12:35:00.352+0800][3.387s][info][gc,phases   ] GC(44)   Pre Evacuate Collection Set: 0.08ms
[2026-09-03T12:35:00.352+0800][3.387s][info][gc,phases   ] GC(44)   Merge Heap Roots: 0.02ms
[2026-09-03T12:35:00.352+0800][3.387s][info][gc,phases   ] GC(44)   Evacuate Collection Set: 1.98ms
[2026-09-03T12:35:00.352+0800][3.388s][info][gc,phases   ] GC(44)   Post Evacuate Collection Set: 0.09ms
[2026-09-03T12:35:00.352+0800][3.388s][info][gc,phases   ] GC(44)   Other: 0.06ms
[2026-09-03T12:35:00.352+0800][3.388s][info][gc,heap     ] GC(44) Eden regions: 92->0(79)
[2026-09-03T12:35:00.352+0800][3.388s][info][gc,heap     ] GC(44) Survivor regions: 14->14(14)
[2026-09-03T12:35:00.352+0800][3.388s][info][gc,heap     ] GC(44) Old regions: 110->129
[2026-09-03T12:35:00.352+0800][3.388s][info][gc,heap     ] GC(44) Humongous regions: 1->1
[2026-09-03T12:35:00.352+0800][3.388s][info][gc,metaspace] GC(44) Metaspace: 1059K(1216K)->1059K(1216K) NonClass: 994K(1088K)->994K(1088K) Class: 64K(128K)->64K(128K)
[2026-09-03T12:35:00.352+0800][3.388s][info][gc          ] GC(44) Pause Young (Concurrent Start) (G1 Evacuation Pause) 217M->143M(256M) 2.382ms
[2026-09-03T12:35:00.352+0800][3.388s][info][gc,cpu      ] GC(44) User=0.02s Sys=0.00s Real=0.01s
[2026-09-03T12:35:00.352+0800][3.388s][info][gc          ] GC(45) Concurrent Mark Cycle
[2026-09-03T12:35:00.352+0800][3.388s][info][gc,marking  ] GC(45) Concurrent Scan Root Regions
[2026-09-03T12:35:00.352+0800][3.388s][info][safepoint   ] Safepoint "G1CollectForAllocation", Time since last: 83623541 ns, Reaching safepoint: 23084 ns, At safepoint: 2414416 ns, Leaving safepoint: 28167 ns, Total: 2465667 ns, Threads: 2 runnable, 43 total
[2026-09-03T12:35:00.354+0800][3.390s][info][gc,marking  ] GC(45) Concurrent Scan Root Regions 2.011ms
[2026-09-03T12:35:00.354+0800][3.390s][info][gc,marking  ] GC(45) Concurrent Mark
[2026-09-03T12:35:00.354+0800][3.390s][info][gc,marking  ] GC(45) Concurrent Mark From Roots
[2026-09-03T12:35:00.354+0800][3.390s][info][gc,task     ] GC(45) Concurrent Mark Using 2 of 2 Workers
[2026-09-03T12:35:00.359+0800][3.395s][info][gc,marking  ] GC(45) Concurrent Mark From Roots 5.383ms
[2026-09-03T12:35:00.359+0800][3.395s][info][gc,marking  ] GC(45) Concurrent Preclean
[2026-09-03T12:35:00.359+0800][3.395s][info][gc,marking  ] GC(45) Concurrent Preclean 0.010ms
[2026-09-03T12:35:00.359+0800][3.395s][info][gc,start    ] GC(45) Pause Remark
[2026-09-03T12:35:00.360+0800][3.395s][info][gc          ] GC(45) Pause Remark 151M->125M(256M) 0.334ms
[2026-09-03T12:35:00.360+0800][3.395s][info][gc,cpu      ] GC(45) User=0.00s Sys=0.00s Real=0.01s
[2026-09-03T12:35:00.360+0800][3.395s][info][safepoint   ] Safepoint "G1PauseRemark", Time since last: 7481917 ns, Reaching safepoint: 28541 ns, At safepoint: 354334 ns, Leaving safepoint: 20125 ns, Total: 403000 ns, Threads: 1 runnable, 43 total
[2026-09-03T12:35:00.360+0800][3.395s][info][gc,marking  ] GC(45) Concurrent Mark 5.894ms
[2026-09-03T12:35:00.360+0800][3.395s][info][gc,marking  ] GC(45) Concurrent Rebuild Remembered Sets and Scrub Regions
[2026-09-03T12:35:00.364+0800][3.400s][info][gc,marking  ] GC(45) Concurrent Rebuild Remembered Sets and Scrub Regions 4.673ms
[2026-09-03T12:35:00.364+0800][3.400s][info][gc,start    ] GC(45) Pause Cleanup
[2026-09-03T12:35:00.365+0800][3.400s][info][gc          ] GC(45) Pause Cleanup 131M->131M(256M) 0.058ms
[2026-09-03T12:35:00.365+0800][3.400s][info][gc,cpu      ] GC(45) User=0.00s Sys=0.00s Real=0.00s
[2026-09-03T12:35:00.365+0800][3.400s][info][safepoint   ] Safepoint "G1PauseCleanup", Time since last: 4747666 ns, Reaching safepoint: 28500 ns, At safepoint: 79875 ns, Leaving safepoint: 30500 ns, Total: 138875 ns, Threads: 2 runnable, 43 total
[2026-09-03T12:35:00.365+0800][3.400s][info][gc,marking  ] GC(45) Concurrent Clear Claimed Marks
[2026-09-03T12:35:00.365+0800][3.400s][info][gc,marking  ] GC(45) Concurrent Clear Claimed Marks 0.004ms
[2026-09-03T12:35:00.365+0800][3.400s][info][gc,marking  ] GC(45) Concurrent Cleanup for Next Mark
[2026-09-03T12:35:00.365+0800][3.401s][info][gc,marking  ] GC(45) Concurrent Cleanup for Next Mark 0.198ms
[2026-09-03T12:35:00.365+0800][3.401s][info][gc          ] GC(45) Concurrent Mark Cycle 13.092ms
[2026-09-03T12:35:00.424+0800][3.460s][info][gc,start    ] GC(46) Pause Young (Prepare Mixed) (G1 Evacuation Pause)
[2026-09-03T12:35:00.424+0800][3.460s][info][gc,task     ] GC(46) Using 9 workers of 9 for evacuation
[2026-09-03T12:35:00.426+0800][3.462s][info][gc,phases   ] GC(46)   Pre Evacuate Collection Set: 0.05ms
[2026-09-03T12:35:00.426+0800][3.462s][info][gc,phases   ] GC(46)   Merge Heap Roots: 0.03ms
[2026-09-03T12:35:00.426+0800][3.462s][info][gc,phases   ] GC(46)   Evacuate Collection Set: 1.87ms
[2026-09-03T12:35:00.426+0800][3.462s][info][gc,phases   ] GC(46)   Post Evacuate Collection Set: 0.12ms
[2026-09-03T12:35:00.426+0800][3.462s][info][gc,phases   ] GC(46)   Other: 0.06ms
[2026-09-03T12:35:00.426+0800][3.462s][info][gc,heap     ] GC(46) Eden regions: 79->0(86)
[2026-09-03T12:35:00.426+0800][3.462s][info][gc,heap     ] GC(46) Survivor regions: 14->12(12)
[2026-09-03T12:35:00.426+0800][3.462s][info][gc,heap     ] GC(46) Old regions: 103->121
[2026-09-03T12:35:00.426+0800][3.462s][info][gc,heap     ] GC(46) Humongous regions: 1->1
[2026-09-03T12:35:00.426+0800][3.462s][info][gc,metaspace] GC(46) Metaspace: 1059K(1216K)->1059K(1216K) NonClass: 994K(1088K)->994K(1088K) Class: 64K(128K)->64K(128K)
[2026-09-03T12:35:00.426+0800][3.462s][info][gc          ] GC(46) Pause Young (Prepare Mixed) (G1 Evacuation Pause) 196M->134M(256M) 2.269ms
[2026-09-03T12:35:00.426+0800][3.462s][info][gc,cpu      ] GC(46) User=0.02s Sys=0.01s Real=0.00s
[2026-09-03T12:35:00.426+0800][3.462s][info][safepoint   ] Safepoint "G1CollectForAllocation", Time since last: 59442375 ns, Reaching safepoint: 3292 ns, At safepoint: 2300375 ns, Leaving safepoint: 45333 ns, Total: 2349000 ns, Threads: 0 runnable, 43 total
[2026-09-03T12:35:00.505+0800][3.541s][info][gc,start    ] GC(47) Pause Young (Mixed) (G1 Evacuation Pause)
[2026-09-03T12:35:00.505+0800][3.541s][info][gc,task     ] GC(47) Using 9 workers of 9 for evacuation
[2026-09-03T12:35:00.508+0800][3.544s][info][gc,phases   ] GC(47)   Pre Evacuate Collection Set: 0.08ms
[2026-09-03T12:35:00.508+0800][3.544s][info][gc,phases   ] GC(47)   Merge Heap Roots: 0.02ms
[2026-09-03T12:35:00.508+0800][3.544s][info][gc,phases   ] GC(47)   Evacuate Collection Set: 2.68ms
[2026-09-03T12:35:00.508+0800][3.544s][info][gc,phases   ] GC(47)   Post Evacuate Collection Set: 0.11ms
[2026-09-03T12:35:00.508+0800][3.544s][info][gc,phases   ] GC(47)   Other: 0.07ms
[2026-09-03T12:35:00.508+0800][3.544s][info][gc,heap     ] GC(47) Eden regions: 86->0(92)
[2026-09-03T12:35:00.508+0800][3.544s][info][gc,heap     ] GC(47) Survivor regions: 12->13(13)
[2026-09-03T12:35:00.508+0800][3.544s][info][gc,heap     ] GC(47) Old regions: 121->112
[2026-09-03T12:35:00.508+0800][3.544s][info][gc,heap     ] GC(47) Humongous regions: 1->1
[2026-09-03T12:35:00.508+0800][3.544s][info][gc,metaspace] GC(47) Metaspace: 1059K(1216K)->1059K(1216K) NonClass: 994K(1088K)->994K(1088K) Class: 64K(128K)->64K(128K)
[2026-09-03T12:35:00.508+0800][3.544s][info][gc          ] GC(47) Pause Young (Mixed) (G1 Evacuation Pause) 220M->125M(256M) 3.101ms
[2026-09-03T12:35:00.508+0800][3.544s][info][gc,cpu      ] GC(47) User=0.02s Sys=0.00s Real=0.00s
[2026-09-03T12:35:00.508+0800][3.544s][info][safepoint   ] Safepoint "G1CollectForAllocation", Time since last: 78916125 ns, Reaching safepoint: 2917 ns, At safepoint: 3127042 ns, Leaving safepoint: 25166 ns, Total: 3155125 ns, Threads: 0 runnable, 43 total
[2026-09-03T12:35:00.596+0800][3.632s][info][gc,start    ] GC(48) Pause Young (Mixed) (G1 Evacuation Pause)
[2026-09-03T12:35:00.596+0800][3.632s][info][gc,task     ] GC(48) Using 9 workers of 9 for evacuation
[2026-09-03T12:35:00.599+0800][3.634s][info][gc,phases   ] GC(48)   Pre Evacuate Collection Set: 0.05ms
[2026-09-03T12:35:00.599+0800][3.634s][info][gc,phases   ] GC(48)   Merge Heap Roots: 0.02ms
[2026-09-03T12:35:00.599+0800][3.634s][info][gc,phases   ] GC(48)   Evacuate Collection Set: 1.97ms
[2026-09-03T12:35:00.599+0800][3.634s][info][gc,phases   ] GC(48)   Post Evacuate Collection Set: 0.13ms
[2026-09-03T12:35:00.599+0800][3.634s][info][gc,phases   ] GC(48)   Other: 0.06ms
[2026-09-03T12:35:00.599+0800][3.634s][info][gc,heap     ] GC(48) Eden regions: 92->0(92)
[2026-09-03T12:35:00.599+0800][3.635s][info][gc,heap     ] GC(48) Survivor regions: 13->14(14)
[2026-09-03T12:35:00.599+0800][3.635s][info][gc,heap     ] GC(48) Old regions: 112->110
[2026-09-03T12:35:00.599+0800][3.635s][info][gc,heap     ] GC(48) Humongous regions: 1->1
[2026-09-03T12:35:00.599+0800][3.635s][info][gc,metaspace] GC(48) Metaspace: 1059K(1216K)->1059K(1216K) NonClass: 994K(1088K)->994K(1088K) Class: 64K(128K)->64K(128K)
[2026-09-03T12:35:00.599+0800][3.635s][info][gc          ] GC(48) Pause Young (Mixed) (G1 Evacuation Pause) 217M->124M(256M) 2.389ms
[2026-09-03T12:35:00.599+0800][3.635s][info][gc,cpu      ] GC(48) User=0.01s Sys=0.00s Real=0.00s
[2026-09-03T12:35:00.599+0800][3.635s][info][safepoint   ] Safepoint "G1CollectForAllocation", Time since last: 87861125 ns, Reaching safepoint: 48209 ns, At safepoint: 2416958 ns, Leaving safepoint: 40917 ns, Total: 2506084 ns, Threads: 1 runnable, 43 total
[2026-09-03T12:35:00.686+0800][3.722s][info][gc,start    ] GC(49) Pause Young (Concurrent Start) (G1 Evacuation Pause)
[2026-09-03T12:35:00.686+0800][3.722s][info][gc,task     ] GC(49) Using 9 workers of 9 for evacuation
[2026-09-03T12:35:00.688+0800][3.724s][info][gc,phases   ] GC(49)   Pre Evacuate Collection Set: 0.10ms
[2026-09-03T12:35:00.688+0800][3.724s][info][gc,phases   ] GC(49)   Merge Heap Roots: 0.03ms
[2026-09-03T12:35:00.688+0800][3.724s][info][gc,phases   ] GC(49)   Evacuate Collection Set: 2.00ms
[2026-09-03T12:35:00.688+0800][3.724s][info][gc,phases   ] GC(49)   Post Evacuate Collection Set: 0.09ms
[2026-09-03T12:35:00.688+0800][3.724s][info][gc,phases   ] GC(49)   Other: 0.06ms
[2026-09-03T12:35:00.688+0800][3.724s][info][gc,heap     ] GC(49) Eden regions: 92->0(80)
[2026-09-03T12:35:00.688+0800][3.724s][info][gc,heap     ] GC(49) Survivor regions: 14->14(14)
[2026-09-03T12:35:00.688+0800][3.724s][info][gc,heap     ] GC(49) Old regions: 110->128
[2026-09-03T12:35:00.688+0800][3.724s][info][gc,heap     ] GC(49) Humongous regions: 1->1
[2026-09-03T12:35:00.688+0800][3.724s][info][gc,metaspace] GC(49) Metaspace: 1059K(1216K)->1059K(1216K) NonClass: 994K(1088K)->994K(1088K) Class: 64K(128K)->64K(128K)
[2026-09-03T12:35:00.688+0800][3.724s][info][gc          ] GC(49) Pause Young (Concurrent Start) (G1 Evacuation Pause) 216M->143M(256M) 2.379ms
[2026-09-03T12:35:00.688+0800][3.724s][info][gc,cpu      ] GC(49) User=0.01s Sys=0.00s Real=0.00s
[2026-09-03T12:35:00.688+0800][3.724s][info][gc          ] GC(50) Concurrent Mark Cycle
[2026-09-03T12:35:00.688+0800][3.724s][info][gc,marking  ] GC(50) Concurrent Scan Root Regions
[2026-09-03T12:35:00.688+0800][3.724s][info][safepoint   ] Safepoint "G1CollectForAllocation", Time since last: 86906250 ns, Reaching safepoint: 2875 ns, At safepoint: 2408791 ns, Leaving safepoint: 22209 ns, Total: 2433875 ns, Threads: 0 runnable, 43 total
[2026-09-03T12:35:00.691+0800][3.727s][info][gc,marking  ] GC(50) Concurrent Scan Root Regions 2.651ms
[2026-09-03T12:35:00.691+0800][3.727s][info][gc,marking  ] GC(50) Concurrent Mark
[2026-09-03T12:35:00.691+0800][3.727s][info][gc,marking  ] GC(50) Concurrent Mark From Roots
[2026-09-03T12:35:00.691+0800][3.727s][info][gc,task     ] GC(50) Concurrent Mark Using 2 of 2 Workers
[2026-09-03T12:35:00.695+0800][3.731s][info][gc,marking  ] GC(50) Concurrent Mark From Roots 4.559ms
[2026-09-03T12:35:00.695+0800][3.731s][info][gc,marking  ] GC(50) Concurrent Preclean
[2026-09-03T12:35:00.695+0800][3.731s][info][gc,marking  ] GC(50) Concurrent Preclean 0.019ms
[2026-09-03T12:35:00.696+0800][3.731s][info][gc,start    ] GC(50) Pause Remark
[2026-09-03T12:35:00.696+0800][3.732s][info][gc          ] GC(50) Pause Remark 151M->122M(256M) 0.325ms
[2026-09-03T12:35:00.696+0800][3.732s][info][gc,cpu      ] GC(50) User=0.00s Sys=0.00s Real=0.00s
[2026-09-03T12:35:00.696+0800][3.732s][info][safepoint   ] Safepoint "G1PauseRemark", Time since last: 7335916 ns, Reaching safepoint: 26750 ns, At safepoint: 349000 ns, Leaving safepoint: 21209 ns, Total: 396959 ns, Threads: 2 runnable, 43 total
[2026-09-03T12:35:00.696+0800][3.732s][info][gc,marking  ] GC(50) Concurrent Mark 5.122ms
[2026-09-03T12:35:00.696+0800][3.732s][info][gc,marking  ] GC(50) Concurrent Rebuild Remembered Sets and Scrub Regions
[2026-09-03T12:35:00.701+0800][3.737s][info][gc,marking  ] GC(50) Concurrent Rebuild Remembered Sets and Scrub Regions 5.108ms
[2026-09-03T12:35:00.701+0800][3.737s][info][gc,start    ] GC(50) Pause Cleanup
[2026-09-03T12:35:00.701+0800][3.737s][info][gc          ] GC(50) Pause Cleanup 127M->127M(256M) 0.042ms
[2026-09-03T12:35:00.701+0800][3.737s][info][gc,cpu      ] GC(50) User=0.00s Sys=0.00s Real=0.00s
[2026-09-03T12:35:00.701+0800][3.737s][info][safepoint   ] Safepoint "G1PauseCleanup", Time since last: 5232166 ns, Reaching safepoint: 2375 ns, At safepoint: 62042 ns, Leaving safepoint: 10958 ns, Total: 75375 ns, Threads: 0 runnable, 43 total
[2026-09-03T12:35:00.701+0800][3.737s][info][gc,marking  ] GC(50) Concurrent Clear Claimed Marks
[2026-09-03T12:35:00.701+0800][3.737s][info][gc,marking  ] GC(50) Concurrent Clear Claimed Marks 0.005ms
[2026-09-03T12:35:00.701+0800][3.737s][info][gc,marking  ] GC(50) Concurrent Cleanup for Next Mark
[2026-09-03T12:35:00.701+0800][3.737s][info][gc,marking  ] GC(50) Concurrent Cleanup for Next Mark 0.117ms
[2026-09-03T12:35:00.701+0800][3.737s][info][gc          ] GC(50) Concurrent Mark Cycle 13.227ms
[2026-09-03T12:35:00.765+0800][3.801s][info][gc,start    ] GC(51) Pause Young (Prepare Mixed) (G1 Evacuation Pause)
[2026-09-03T12:35:00.765+0800][3.801s][info][gc,task     ] GC(51) Using 9 workers of 9 for evacuation
[2026-09-03T12:35:00.768+0800][3.804s][info][gc,phases   ] GC(51)   Pre Evacuate Collection Set: 0.07ms
[2026-09-03T12:35:00.768+0800][3.804s][info][gc,phases   ] GC(51)   Merge Heap Roots: 0.03ms
[2026-09-03T12:35:00.768+0800][3.804s][info][gc,phases   ] GC(51)   Evacuate Collection Set: 2.18ms
[2026-09-03T12:35:00.768+0800][3.804s][info][gc,phases   ] GC(51)   Post Evacuate Collection Set: 0.10ms
[2026-09-03T12:35:00.768+0800][3.804s][info][gc,phases   ] GC(51)   Other: 0.11ms
[2026-09-03T12:35:00.768+0800][3.804s][info][gc,heap     ] GC(51) Eden regions: 80->0(88)
[2026-09-03T12:35:00.768+0800][3.804s][info][gc,heap     ] GC(51) Survivor regions: 14->12(12)
[2026-09-03T12:35:00.768+0800][3.804s][info][gc,heap     ] GC(51) Old regions: 99->118
[2026-09-03T12:35:00.768+0800][3.804s][info][gc,heap     ] GC(51) Humongous regions: 1->1
[2026-09-03T12:35:00.768+0800][3.804s][info][gc,metaspace] GC(51) Metaspace: 1059K(1216K)->1059K(1216K) NonClass: 994K(1088K)->994K(1088K) Class: 64K(128K)->64K(128K)
[2026-09-03T12:35:00.768+0800][3.804s][info][gc          ] GC(51) Pause Young (Prepare Mixed) (G1 Evacuation Pause) 194M->130M(256M) 2.606ms
[2026-09-03T12:35:00.768+0800][3.804s][info][gc,cpu      ] GC(51) User=0.01s Sys=0.00s Real=0.00s
[2026-09-03T12:35:00.768+0800][3.804s][info][safepoint   ] Safepoint "G1CollectForAllocation", Time since last: 64242584 ns, Reaching safepoint: 23833 ns, At safepoint: 2631833 ns, Leaving safepoint: 45917 ns, Total: 2701583 ns, Threads: 2 runnable, 43 total
[2026-09-03T12:35:00.853+0800][3.889s][info][gc,start    ] GC(52) Pause Young (Mixed) (G1 Evacuation Pause)
[2026-09-03T12:35:00.853+0800][3.889s][info][gc,task     ] GC(52) Using 9 workers of 9 for evacuation
[2026-09-03T12:35:00.855+0800][3.891s][info][gc,phases   ] GC(52)   Pre Evacuate Collection Set: 0.05ms
[2026-09-03T12:35:00.855+0800][3.891s][info][gc,phases   ] GC(52)   Merge Heap Roots: 0.02ms
[2026-09-03T12:35:00.855+0800][3.891s][info][gc,phases   ] GC(52)   Evacuate Collection Set: 1.71ms
[2026-09-03T12:35:00.855+0800][3.891s][info][gc,phases   ] GC(52)   Post Evacuate Collection Set: 0.11ms
[2026-09-03T12:35:00.855+0800][3.891s][info][gc,phases   ] GC(52)   Other: 0.06ms
[2026-09-03T12:35:00.855+0800][3.891s][info][gc,heap     ] GC(52) Eden regions: 88->0(94)
[2026-09-03T12:35:00.855+0800][3.891s][info][gc,heap     ] GC(52) Survivor regions: 12->13(13)
[2026-09-03T12:35:00.855+0800][3.891s][info][gc,heap     ] GC(52) Old regions: 118->109
[2026-09-03T12:35:00.855+0800][3.891s][info][gc,heap     ] GC(52) Humongous regions: 1->1
[2026-09-03T12:35:00.855+0800][3.891s][info][gc,metaspace] GC(52) Metaspace: 1059K(1216K)->1059K(1216K) NonClass: 994K(1088K)->994K(1088K) Class: 64K(128K)->64K(128K)
[2026-09-03T12:35:00.855+0800][3.891s][info][gc          ] GC(52) Pause Young (Mixed) (G1 Evacuation Pause) 218M->122M(256M) 2.048ms
[2026-09-03T12:35:00.855+0800][3.891s][info][gc,cpu      ] GC(52) User=0.01s Sys=0.00s Real=0.00s
[2026-09-03T12:35:00.855+0800][3.891s][info][safepoint   ] Safepoint "G1CollectForAllocation", Time since last: 84564875 ns, Reaching safepoint: 41792 ns, At safepoint: 2070750 ns, Leaving safepoint: 43250 ns, Total: 2155792 ns, Threads: 1 runnable, 43 total
[2026-09-03T12:35:00.944+0800][3.980s][info][gc,start    ] GC(53) Pause Young (Mixed) (G1 Evacuation Pause)
[2026-09-03T12:35:00.944+0800][3.980s][info][gc,task     ] GC(53) Using 9 workers of 9 for evacuation
[2026-09-03T12:35:00.946+0800][3.982s][info][gc,phases   ] GC(53)   Pre Evacuate Collection Set: 0.09ms
[2026-09-03T12:35:00.946+0800][3.982s][info][gc,phases   ] GC(53)   Merge Heap Roots: 0.04ms
[2026-09-03T12:35:00.946+0800][3.982s][info][gc,phases   ] GC(53)   Evacuate Collection Set: 1.84ms
[2026-09-03T12:35:00.946+0800][3.982s][info][gc,phases   ] GC(53)   Post Evacuate Collection Set: 0.11ms
[2026-09-03T12:35:00.946+0800][3.982s][info][gc,phases   ] GC(53)   Other: 0.06ms
[2026-09-03T12:35:00.946+0800][3.982s][info][gc,heap     ] GC(53) Eden regions: 94->0(92)
[2026-09-03T12:35:00.946+0800][3.982s][info][gc,heap     ] GC(53) Survivor regions: 13->14(14)
[2026-09-03T12:35:00.946+0800][3.982s][info][gc,heap     ] GC(53) Old regions: 109->110
[2026-09-03T12:35:00.946+0800][3.982s][info][gc,heap     ] GC(53) Humongous regions: 1->1
[2026-09-03T12:35:00.946+0800][3.982s][info][gc,metaspace] GC(53) Metaspace: 1059K(1216K)->1059K(1216K) NonClass: 994K(1088K)->994K(1088K) Class: 64K(128K)->64K(128K)
[2026-09-03T12:35:00.946+0800][3.982s][info][gc          ] GC(53) Pause Young (Mixed) (G1 Evacuation Pause) 216M->124M(256M) 2.243ms
[2026-09-03T12:35:00.946+0800][3.982s][info][gc,cpu      ] GC(53) User=0.01s Sys=0.00s Real=0.00s
[2026-09-03T12:35:00.946+0800][3.982s][info][safepoint   ] Safepoint "G1CollectForAllocation", Time since last: 89166333 ns, Reaching safepoint: 3125 ns, At safepoint: 2266875 ns, Leaving safepoint: 73125 ns, Total: 2343125 ns, Threads: 0 runnable, 43 total
[2026-09-03T12:35:01.033+0800][4.069s][info][gc,start    ] GC(54) Pause Young (Concurrent Start) (G1 Evacuation Pause)
[2026-09-03T12:35:01.033+0800][4.069s][info][gc,task     ] GC(54) Using 9 workers of 9 for evacuation
[2026-09-03T12:35:01.036+0800][4.072s][info][gc,phases   ] GC(54)   Pre Evacuate Collection Set: 0.10ms
[2026-09-03T12:35:01.036+0800][4.072s][info][gc,phases   ] GC(54)   Merge Heap Roots: 0.02ms
[2026-09-03T12:35:01.036+0800][4.072s][info][gc,phases   ] GC(54)   Evacuate Collection Set: 2.10ms
[2026-09-03T12:35:01.036+0800][4.072s][info][gc,phases   ] GC(54)   Post Evacuate Collection Set: 0.10ms
[2026-09-03T12:35:01.036+0800][4.072s][info][gc,phases   ] GC(54)   Other: 0.06ms
[2026-09-03T12:35:01.036+0800][4.072s][info][gc,heap     ] GC(54) Eden regions: 92->0(79)
[2026-09-03T12:35:01.036+0800][4.072s][info][gc,heap     ] GC(54) Survivor regions: 14->14(14)
[2026-09-03T12:35:01.036+0800][4.072s][info][gc,heap     ] GC(54) Old regions: 110->129
[2026-09-03T12:35:01.036+0800][4.072s][info][gc,heap     ] GC(54) Humongous regions: 1->1
[2026-09-03T12:35:01.036+0800][4.072s][info][gc,metaspace] GC(54) Metaspace: 1059K(1216K)->1059K(1216K) NonClass: 994K(1088K)->994K(1088K) Class: 64K(128K)->64K(128K)
[2026-09-03T12:35:01.036+0800][4.072s][info][gc          ] GC(54) Pause Young (Concurrent Start) (G1 Evacuation Pause) 216M->143M(256M) 2.493ms
[2026-09-03T12:35:01.036+0800][4.072s][info][gc,cpu      ] GC(54) User=0.02s Sys=0.01s Real=0.00s
[2026-09-03T12:35:01.036+0800][4.072s][info][gc          ] GC(55) Concurrent Mark Cycle
[2026-09-03T12:35:01.036+0800][4.072s][info][gc,marking  ] GC(55) Concurrent Scan Root Regions
[2026-09-03T12:35:01.036+0800][4.072s][info][safepoint   ] Safepoint "G1CollectForAllocation", Time since last: 86924333 ns, Reaching safepoint: 24500 ns, At safepoint: 2527334 ns, Leaving safepoint: 25958 ns, Total: 2577792 ns, Threads: 1 runnable, 43 total
[2026-09-03T12:35:01.038+0800][4.074s][info][gc,marking  ] GC(55) Concurrent Scan Root Regions 1.997ms
[2026-09-03T12:35:01.038+0800][4.074s][info][gc,marking  ] GC(55) Concurrent Mark
[2026-09-03T12:35:01.038+0800][4.074s][info][gc,marking  ] GC(55) Concurrent Mark From Roots
[2026-09-03T12:35:01.038+0800][4.074s][info][gc,task     ] GC(55) Concurrent Mark Using 2 of 2 Workers
[2026-09-03T12:35:01.043+0800][4.079s][info][gc,marking  ] GC(55) Concurrent Mark From Roots 5.365ms
[2026-09-03T12:35:01.043+0800][4.079s][info][gc,marking  ] GC(55) Concurrent Preclean
[2026-09-03T12:35:01.043+0800][4.079s][info][gc,marking  ] GC(55) Concurrent Preclean 0.011ms
[2026-09-03T12:35:01.043+0800][4.079s][info][gc,start    ] GC(55) Pause Remark
[2026-09-03T12:35:01.044+0800][4.080s][info][gc          ] GC(55) Pause Remark 152M->122M(256M) 0.389ms
[2026-09-03T12:35:01.044+0800][4.080s][info][gc,cpu      ] GC(55) User=0.00s Sys=0.00s Real=0.00s
[2026-09-03T12:35:01.044+0800][4.080s][info][safepoint   ] Safepoint "G1PauseRemark", Time since last: 7485875 ns, Reaching safepoint: 26708 ns, At safepoint: 418875 ns, Leaving safepoint: 24959 ns, Total: 470542 ns, Threads: 1 runnable, 43 total
[2026-09-03T12:35:01.044+0800][4.080s][info][gc,marking  ] GC(55) Concurrent Mark 5.946ms
[2026-09-03T12:35:01.044+0800][4.080s][info][gc,marking  ] GC(55) Concurrent Rebuild Remembered Sets and Scrub Regions
[2026-09-03T12:35:01.047+0800][4.083s][info][gc,marking  ] GC(55) Concurrent Rebuild Remembered Sets and Scrub Regions 3.651ms
[2026-09-03T12:35:01.048+0800][4.083s][info][gc,start    ] GC(55) Pause Cleanup
[2026-09-03T12:35:01.048+0800][4.083s][info][gc          ] GC(55) Pause Cleanup 126M->126M(256M) 0.045ms
[2026-09-03T12:35:01.048+0800][4.083s][info][gc,cpu      ] GC(55) User=0.00s Sys=0.00s Real=0.00s
[2026-09-03T12:35:01.048+0800][4.083s][info][safepoint   ] Safepoint "G1PauseCleanup", Time since last: 3706208 ns, Reaching safepoint: 40625 ns, At safepoint: 81667 ns, Leaving safepoint: 25500 ns, Total: 147792 ns, Threads: 2 runnable, 43 total
[2026-09-03T12:35:01.048+0800][4.083s][info][gc,marking  ] GC(55) Concurrent Clear Claimed Marks
[2026-09-03T12:35:01.048+0800][4.083s][info][gc,marking  ] GC(55) Concurrent Clear Claimed Marks 0.007ms
[2026-09-03T12:35:01.048+0800][4.083s][info][gc,marking  ] GC(55) Concurrent Cleanup for Next Mark
[2026-09-03T12:35:01.048+0800][4.084s][info][gc,marking  ] GC(55) Concurrent Cleanup for Next Mark 0.120ms
[2026-09-03T12:35:01.048+0800][4.084s][info][gc          ] GC(55) Concurrent Mark Cycle 12.054ms
[2026-09-03T12:35:01.110+0800][4.146s][info][gc,start    ] GC(56) Pause Young (Prepare Mixed) (G1 Evacuation Pause)
[2026-09-03T12:35:01.110+0800][4.146s][info][gc,task     ] GC(56) Using 9 workers of 9 for evacuation
[2026-09-03T12:35:01.112+0800][4.148s][info][gc,phases   ] GC(56)   Pre Evacuate Collection Set: 0.06ms
[2026-09-03T12:35:01.112+0800][4.148s][info][gc,phases   ] GC(56)   Merge Heap Roots: 0.02ms
[2026-09-03T12:35:01.112+0800][4.148s][info][gc,phases   ] GC(56)   Evacuate Collection Set: 1.68ms
[2026-09-03T12:35:01.112+0800][4.148s][info][gc,phases   ] GC(56)   Post Evacuate Collection Set: 0.11ms
[2026-09-03T12:35:01.112+0800][4.148s][info][gc,phases   ] GC(56)   Other: 0.06ms
[2026-09-03T12:35:01.112+0800][4.148s][info][gc,heap     ] GC(56) Eden regions: 79->0(89)
[2026-09-03T12:35:01.112+0800][4.148s][info][gc,heap     ] GC(56) Survivor regions: 14->12(12)
[2026-09-03T12:35:01.112+0800][4.148s][info][gc,heap     ] GC(56) Old regions: 99->117
[2026-09-03T12:35:01.112+0800][4.148s][info][gc,heap     ] GC(56) Humongous regions: 1->1
[2026-09-03T12:35:01.112+0800][4.148s][info][gc,metaspace] GC(56) Metaspace: 1059K(1216K)->1059K(1216K) NonClass: 994K(1088K)->994K(1088K) Class: 64K(128K)->64K(128K)
[2026-09-03T12:35:01.112+0800][4.148s][info][gc          ] GC(56) Pause Young (Prepare Mixed) (G1 Evacuation Pause) 192M->130M(256M) 2.017ms
[2026-09-03T12:35:01.112+0800][4.148s][info][gc,cpu      ] GC(56) User=0.02s Sys=0.00s Real=0.00s
[2026-09-03T12:35:01.112+0800][4.148s][info][safepoint   ] Safepoint "G1CollectForAllocation", Time since last: 62491500 ns, Reaching safepoint: 44541 ns, At safepoint: 2055292 ns, Leaving safepoint: 36417 ns, Total: 2136250 ns, Threads: 4 runnable, 43 total
[2026-09-03T12:35:01.193+0800][4.228s][info][gc,start    ] GC(57) Pause Young (Mixed) (G1 Evacuation Pause)
[2026-09-03T12:35:01.193+0800][4.228s][info][gc,task     ] GC(57) Using 9 workers of 9 for evacuation
[2026-09-03T12:35:01.195+0800][4.231s][info][gc,phases   ] GC(57)   Pre Evacuate Collection Set: 0.07ms
[2026-09-03T12:35:01.195+0800][4.231s][info][gc,phases   ] GC(57)   Merge Heap Roots: 0.02ms
[2026-09-03T12:35:01.195+0800][4.231s][info][gc,phases   ] GC(57)   Evacuate Collection Set: 1.83ms
[2026-09-03T12:35:01.195+0800][4.231s][info][gc,phases   ] GC(57)   Post Evacuate Collection Set: 0.09ms
[2026-09-03T12:35:01.195+0800][4.231s][info][gc,phases   ] GC(57)   Other: 0.06ms
[2026-09-03T12:35:01.195+0800][4.231s][info][gc,heap     ] GC(57) Eden regions: 89->0(94)
[2026-09-03T12:35:01.195+0800][4.231s][info][gc,heap     ] GC(57) Survivor regions: 12->13(13)
[2026-09-03T12:35:01.195+0800][4.231s][info][gc,heap     ] GC(57) Old regions: 117->109
[2026-09-03T12:35:01.195+0800][4.231s][info][gc,heap     ] GC(57) Humongous regions: 1->1
[2026-09-03T12:35:01.195+0800][4.231s][info][gc,metaspace] GC(57) Metaspace: 1059K(1216K)->1059K(1216K) NonClass: 994K(1088K)->994K(1088K) Class: 64K(128K)->64K(128K)
[2026-09-03T12:35:01.195+0800][4.231s][info][gc          ] GC(57) Pause Young (Mixed) (G1 Evacuation Pause) 219M->123M(256M) 2.190ms
[2026-09-03T12:35:01.195+0800][4.231s][info][gc,cpu      ] GC(57) User=0.02s Sys=0.00s Real=0.00s
[2026-09-03T12:35:01.195+0800][4.231s][info][safepoint   ] Safepoint "G1CollectForAllocation", Time since last: 80297958 ns, Reaching safepoint: 28375 ns, At safepoint: 2215625 ns, Leaving safepoint: 19667 ns, Total: 2263667 ns, Threads: 1 runnable, 43 total
[2026-09-03T12:35:01.280+0800][4.316s][info][gc,start    ] GC(58) Pause Young (Mixed) (G1 Evacuation Pause)
[2026-09-03T12:35:01.280+0800][4.316s][info][gc,task     ] GC(58) Using 9 workers of 9 for evacuation
[2026-09-03T12:35:01.283+0800][4.319s][info][gc,phases   ] GC(58)   Pre Evacuate Collection Set: 0.07ms
[2026-09-03T12:35:01.283+0800][4.319s][info][gc,phases   ] GC(58)   Merge Heap Roots: 0.03ms
[2026-09-03T12:35:01.283+0800][4.319s][info][gc,phases   ] GC(58)   Evacuate Collection Set: 2.30ms
[2026-09-03T12:35:01.283+0800][4.319s][info][gc,phases   ] GC(58)   Post Evacuate Collection Set: 0.12ms
[2026-09-03T12:35:01.283+0800][4.319s][info][gc,phases   ] GC(58)   Other: 0.06ms
[2026-09-03T12:35:01.283+0800][4.319s][info][gc,heap     ] GC(58) Eden regions: 94->0(92)
[2026-09-03T12:35:01.283+0800][4.319s][info][gc,heap     ] GC(58) Survivor regions: 13->14(14)
[2026-09-03T12:35:01.283+0800][4.319s][info][gc,heap     ] GC(58) Old regions: 109->111
[2026-09-03T12:35:01.283+0800][4.319s][info][gc,heap     ] GC(58) Humongous regions: 1->1
[2026-09-03T12:35:01.283+0800][4.319s][info][gc,metaspace] GC(58) Metaspace: 1059K(1216K)->1059K(1216K) NonClass: 994K(1088K)->994K(1088K) Class: 64K(128K)->64K(128K)
[2026-09-03T12:35:01.283+0800][4.319s][info][gc          ] GC(58) Pause Young (Mixed) (G1 Evacuation Pause) 217M->126M(256M) 2.700ms
[2026-09-03T12:35:01.283+0800][4.319s][info][gc,cpu      ] GC(58) User=0.02s Sys=0.01s Real=0.00s
[2026-09-03T12:35:01.283+0800][4.319s][info][safepoint   ] Safepoint "G1CollectForAllocation", Time since last: 85522916 ns, Reaching safepoint: 26500 ns, At safepoint: 2725584 ns, Leaving safepoint: 30500 ns, Total: 2782584 ns, Threads: 2 runnable, 43 total
[2026-09-03T12:35:01.366+0800][4.402s][info][gc,start    ] GC(59) Pause Young (Concurrent Start) (G1 Evacuation Pause)
[2026-09-03T12:35:01.366+0800][4.402s][info][gc,task     ] GC(59) Using 9 workers of 9 for evacuation
[2026-09-03T12:35:01.369+0800][4.405s][info][gc,phases   ] GC(59)   Pre Evacuate Collection Set: 0.10ms
[2026-09-03T12:35:01.369+0800][4.405s][info][gc,phases   ] GC(59)   Merge Heap Roots: 0.03ms
[2026-09-03T12:35:01.369+0800][4.405s][info][gc,phases   ] GC(59)   Evacuate Collection Set: 2.07ms
[2026-09-03T12:35:01.369+0800][4.405s][info][gc,phases   ] GC(59)   Post Evacuate Collection Set: 0.11ms
[2026-09-03T12:35:01.369+0800][4.405s][info][gc,phases   ] GC(59)   Other: 0.06ms
[2026-09-03T12:35:01.369+0800][4.405s][info][gc,heap     ] GC(59) Eden regions: 92->0(78)
[2026-09-03T12:35:01.369+0800][4.405s][info][gc,heap     ] GC(59) Survivor regions: 14->14(14)
[2026-09-03T12:35:01.369+0800][4.405s][info][gc,heap     ] GC(59) Old regions: 111->130
[2026-09-03T12:35:01.369+0800][4.405s][info][gc,heap     ] GC(59) Humongous regions: 1->1
[2026-09-03T12:35:01.369+0800][4.405s][info][gc,metaspace] GC(59) Metaspace: 1059K(1216K)->1059K(1216K) NonClass: 994K(1088K)->994K(1088K) Class: 64K(128K)->64K(128K)
[2026-09-03T12:35:01.369+0800][4.405s][info][gc          ] GC(59) Pause Young (Concurrent Start) (G1 Evacuation Pause) 218M->144M(256M) 2.477ms
[2026-09-03T12:35:01.369+0800][4.405s][info][gc,cpu      ] GC(59) User=0.01s Sys=0.00s Real=0.00s
[2026-09-03T12:35:01.369+0800][4.405s][info][gc          ] GC(60) Concurrent Mark Cycle
[2026-09-03T12:35:01.369+0800][4.405s][info][gc,marking  ] GC(60) Concurrent Scan Root Regions
[2026-09-03T12:35:01.369+0800][4.405s][info][safepoint   ] Safepoint "G1CollectForAllocation", Time since last: 83290791 ns, Reaching safepoint: 3125 ns, At safepoint: 2506625 ns, Leaving safepoint: 24167 ns, Total: 2533917 ns, Threads: 0 runnable, 43 total
[2026-09-03T12:35:01.371+0800][4.407s][info][gc,marking  ] GC(60) Concurrent Scan Root Regions 1.976ms
[2026-09-03T12:35:01.371+0800][4.407s][info][gc,marking  ] GC(60) Concurrent Mark
[2026-09-03T12:35:01.371+0800][4.407s][info][gc,marking  ] GC(60) Concurrent Mark From Roots
[2026-09-03T12:35:01.371+0800][4.407s][info][gc,task     ] GC(60) Concurrent Mark Using 2 of 2 Workers
[2026-09-03T12:35:01.377+0800][4.412s][info][gc,marking  ] GC(60) Concurrent Mark From Roots 5.621ms
[2026-09-03T12:35:01.377+0800][4.412s][info][gc,marking  ] GC(60) Concurrent Preclean
[2026-09-03T12:35:01.377+0800][4.412s][info][gc,marking  ] GC(60) Concurrent Preclean 0.010ms
[2026-09-03T12:35:01.377+0800][4.412s][info][gc,start    ] GC(60) Pause Remark
[2026-09-03T12:35:01.377+0800][4.413s][info][gc          ] GC(60) Pause Remark 154M->126M(256M) 0.368ms
[2026-09-03T12:35:01.377+0800][4.413s][info][gc,cpu      ] GC(60) User=0.00s Sys=0.01s Real=0.00s
[2026-09-03T12:35:01.377+0800][4.413s][info][safepoint   ] Safepoint "G1PauseRemark", Time since last: 7677500 ns, Reaching safepoint: 2833 ns, At safepoint: 390084 ns, Leaving safepoint: 18375 ns, Total: 411292 ns, Threads: 0 runnable, 43 total
[2026-09-03T12:35:01.377+0800][4.413s][info][gc,marking  ] GC(60) Concurrent Mark 6.099ms
[2026-09-03T12:35:01.377+0800][4.413s][info][gc,marking  ] GC(60) Concurrent Rebuild Remembered Sets and Scrub Regions
[2026-09-03T12:35:01.382+0800][4.418s][info][gc,marking  ] GC(60) Concurrent Rebuild Remembered Sets and Scrub Regions 4.879ms
[2026-09-03T12:35:01.382+0800][4.418s][info][gc,start    ] GC(60) Pause Cleanup
[2026-09-03T12:35:01.382+0800][4.418s][info][gc          ] GC(60) Pause Cleanup 131M->131M(256M) 0.061ms
[2026-09-03T12:35:01.382+0800][4.418s][info][gc,cpu      ] GC(60) User=0.00s Sys=0.00s Real=0.00s
[2026-09-03T12:35:01.382+0800][4.418s][info][safepoint   ] Safepoint "G1PauseCleanup", Time since last: 4963666 ns, Reaching safepoint: 46167 ns, At safepoint: 90208 ns, Leaving safepoint: 27792 ns, Total: 164167 ns, Threads: 1 runnable, 43 total
[2026-09-03T12:35:01.382+0800][4.418s][info][gc,marking  ] GC(60) Concurrent Clear Claimed Marks
[2026-09-03T12:35:01.382+0800][4.418s][info][gc,marking  ] GC(60) Concurrent Clear Claimed Marks 0.006ms
[2026-09-03T12:35:01.382+0800][4.418s][info][gc,marking  ] GC(60) Concurrent Cleanup for Next Mark
[2026-09-03T12:35:01.382+0800][4.418s][info][gc,marking  ] GC(60) Concurrent Cleanup for Next Mark 0.178ms
[2026-09-03T12:35:01.382+0800][4.418s][info][gc          ] GC(60) Concurrent Mark Cycle 13.504ms
[2026-09-03T12:35:01.439+0800][4.475s][info][gc,start    ] GC(61) Pause Young (Prepare Mixed) (G1 Evacuation Pause)
[2026-09-03T12:35:01.439+0800][4.475s][info][gc,task     ] GC(61) Using 9 workers of 9 for evacuation
[2026-09-03T12:35:01.442+0800][4.477s][info][gc,phases   ] GC(61)   Pre Evacuate Collection Set: 0.08ms
[2026-09-03T12:35:01.442+0800][4.477s][info][gc,phases   ] GC(61)   Merge Heap Roots: 0.02ms
[2026-09-03T12:35:01.442+0800][4.477s][info][gc,phases   ] GC(61)   Evacuate Collection Set: 2.09ms
[2026-09-03T12:35:01.442+0800][4.477s][info][gc,phases   ] GC(61)   Post Evacuate Collection Set: 0.09ms
[2026-09-03T12:35:01.442+0800][4.477s][info][gc,phases   ] GC(61)   Other: 0.06ms
[2026-09-03T12:35:01.442+0800][4.477s][info][gc,heap     ] GC(61) Eden regions: 78->0(87)
[2026-09-03T12:35:01.442+0800][4.477s][info][gc,heap     ] GC(61) Survivor regions: 14->12(12)
[2026-09-03T12:35:01.442+0800][4.477s][info][gc,heap     ] GC(61) Old regions: 102->120
[2026-09-03T12:35:01.442+0800][4.477s][info][gc,heap     ] GC(61) Humongous regions: 1->1
[2026-09-03T12:35:01.442+0800][4.477s][info][gc,metaspace] GC(61) Metaspace: 1059K(1216K)->1059K(1216K) NonClass: 994K(1088K)->994K(1088K) Class: 64K(128K)->64K(128K)
[2026-09-03T12:35:01.442+0800][4.477s][info][gc          ] GC(61) Pause Young (Prepare Mixed) (G1 Evacuation Pause) 194M->132M(256M) 2.442ms
[2026-09-03T12:35:01.442+0800][4.477s][info][gc,cpu      ] GC(61) User=0.02s Sys=0.00s Real=0.01s
[2026-09-03T12:35:01.442+0800][4.477s][info][safepoint   ] Safepoint "G1CollectForAllocation", Time since last: 56984917 ns, Reaching safepoint: 23708 ns, At safepoint: 2465917 ns, Leaving safepoint: 25291 ns, Total: 2514916 ns, Threads: 5 runnable, 43 total
[2026-09-03T12:35:01.522+0800][4.558s][info][gc,start    ] GC(62) Pause Young (Mixed) (G1 Evacuation Pause)
[2026-09-03T12:35:01.522+0800][4.558s][info][gc,task     ] GC(62) Using 9 workers of 9 for evacuation
[2026-09-03T12:35:01.525+0800][4.561s][info][gc,phases   ] GC(62)   Pre Evacuate Collection Set: 0.06ms
[2026-09-03T12:35:01.525+0800][4.561s][info][gc,phases   ] GC(62)   Merge Heap Roots: 0.03ms
[2026-09-03T12:35:01.525+0800][4.561s][info][gc,phases   ] GC(62)   Evacuate Collection Set: 2.29ms
[2026-09-03T12:35:01.525+0800][4.561s][info][gc,phases   ] GC(62)   Post Evacuate Collection Set: 0.11ms
[2026-09-03T12:35:01.525+0800][4.561s][info][gc,phases   ] GC(62)   Other: 0.06ms
[2026-09-03T12:35:01.525+0800][4.561s][info][gc,heap     ] GC(62) Eden regions: 87->0(93)
[2026-09-03T12:35:01.525+0800][4.561s][info][gc,heap     ] GC(62) Survivor regions: 12->13(13)
[2026-09-03T12:35:01.525+0800][4.561s][info][gc,heap     ] GC(62) Old regions: 120->110
[2026-09-03T12:35:01.525+0800][4.561s][info][gc,heap     ] GC(62) Humongous regions: 1->1
[2026-09-03T12:35:01.525+0800][4.561s][info][gc,metaspace] GC(62) Metaspace: 1059K(1216K)->1059K(1216K) NonClass: 994K(1088K)->994K(1088K) Class: 64K(128K)->64K(128K)
[2026-09-03T12:35:01.525+0800][4.561s][info][gc          ] GC(62) Pause Young (Mixed) (G1 Evacuation Pause) 219M->124M(256M) 2.689ms
[2026-09-03T12:35:01.525+0800][4.561s][info][gc,cpu      ] GC(62) User=0.02s Sys=0.00s Real=0.00s
[2026-09-03T12:35:01.525+0800][4.561s][info][safepoint   ] Safepoint "G1CollectForAllocation", Time since last: 80662959 ns, Reaching safepoint: 37166 ns, At safepoint: 2713917 ns, Leaving safepoint: 20458 ns, Total: 2771541 ns, Threads: 1 runnable, 43 total
[2026-09-03T12:35:01.613+0800][4.649s][info][gc,start    ] GC(63) Pause Young (Mixed) (G1 Evacuation Pause)
[2026-09-03T12:35:01.614+0800][4.649s][info][gc,task     ] GC(63) Using 9 workers of 9 for evacuation
[2026-09-03T12:35:01.617+0800][4.652s][info][gc,phases   ] GC(63)   Pre Evacuate Collection Set: 0.08ms
[2026-09-03T12:35:01.617+0800][4.652s][info][gc,phases   ] GC(63)   Merge Heap Roots: 0.02ms
[2026-09-03T12:35:01.617+0800][4.652s][info][gc,phases   ] GC(63)   Evacuate Collection Set: 2.75ms
[2026-09-03T12:35:01.617+0800][4.652s][info][gc,phases   ] GC(63)   Post Evacuate Collection Set: 0.10ms
[2026-09-03T12:35:01.617+0800][4.652s][info][gc,phases   ] GC(63)   Other: 0.06ms
[2026-09-03T12:35:01.617+0800][4.652s][info][gc,heap     ] GC(63) Eden regions: 93->0(92)
[2026-09-03T12:35:01.617+0800][4.652s][info][gc,heap     ] GC(63) Survivor regions: 13->14(14)
[2026-09-03T12:35:01.617+0800][4.652s][info][gc,heap     ] GC(63) Old regions: 110->110
[2026-09-03T12:35:01.617+0800][4.652s][info][gc,heap     ] GC(63) Humongous regions: 1->1
[2026-09-03T12:35:01.617+0800][4.652s][info][gc,metaspace] GC(63) Metaspace: 1059K(1216K)->1059K(1216K) NonClass: 994K(1088K)->994K(1088K) Class: 64K(128K)->64K(128K)
[2026-09-03T12:35:01.617+0800][4.652s][info][gc          ] GC(63) Pause Young (Mixed) (G1 Evacuation Pause) 217M->124M(256M) 3.126ms
[2026-09-03T12:35:01.617+0800][4.652s][info][gc,cpu      ] GC(63) User=0.02s Sys=0.00s Real=0.00s
[2026-09-03T12:35:01.617+0800][4.653s][info][safepoint   ] Safepoint "G1CollectForAllocation", Time since last: 88393084 ns, Reaching safepoint: 2708 ns, At safepoint: 3151333 ns, Leaving safepoint: 27834 ns, Total: 3181875 ns, Threads: 0 runnable, 43 total
[2026-09-03T12:35:01.704+0800][4.740s][info][gc,start    ] GC(64) Pause Young (Concurrent Start) (G1 Evacuation Pause)
[2026-09-03T12:35:01.705+0800][4.740s][info][gc,task     ] GC(64) Using 9 workers of 9 for evacuation
[2026-09-03T12:35:01.707+0800][4.743s][info][gc,phases   ] GC(64)   Pre Evacuate Collection Set: 0.07ms
[2026-09-03T12:35:01.707+0800][4.743s][info][gc,phases   ] GC(64)   Merge Heap Roots: 0.02ms
[2026-09-03T12:35:01.707+0800][4.743s][info][gc,phases   ] GC(64)   Evacuate Collection Set: 2.28ms
[2026-09-03T12:35:01.707+0800][4.743s][info][gc,phases   ] GC(64)   Post Evacuate Collection Set: 0.09ms
[2026-09-03T12:35:01.707+0800][4.743s][info][gc,phases   ] GC(64)   Other: 0.07ms
[2026-09-03T12:35:01.707+0800][4.743s][info][gc,heap     ] GC(64) Eden regions: 92->0(80)
[2026-09-03T12:35:01.707+0800][4.743s][info][gc,heap     ] GC(64) Survivor regions: 14->14(14)
[2026-09-03T12:35:01.707+0800][4.743s][info][gc,heap     ] GC(64) Old regions: 110->128
[2026-09-03T12:35:01.707+0800][4.743s][info][gc,heap     ] GC(64) Humongous regions: 1->1
[2026-09-03T12:35:01.707+0800][4.743s][info][gc,metaspace] GC(64) Metaspace: 1059K(1216K)->1059K(1216K) NonClass: 994K(1088K)->994K(1088K) Class: 64K(128K)->64K(128K)
[2026-09-03T12:35:01.707+0800][4.743s][info][gc          ] GC(64) Pause Young (Concurrent Start) (G1 Evacuation Pause) 216M->143M(256M) 2.672ms
[2026-09-03T12:35:01.707+0800][4.743s][info][gc,cpu      ] GC(64) User=0.02s Sys=0.00s Real=0.00s
[2026-09-03T12:35:01.707+0800][4.743s][info][gc          ] GC(65) Concurrent Mark Cycle
[2026-09-03T12:35:01.707+0800][4.743s][info][gc,marking  ] GC(65) Concurrent Scan Root Regions
[2026-09-03T12:35:01.707+0800][4.743s][info][safepoint   ] Safepoint "G1CollectForAllocation", Time since last: 87749583 ns, Reaching safepoint: 33417 ns, At safepoint: 2711875 ns, Leaving safepoint: 24250 ns, Total: 2769542 ns, Threads: 1 runnable, 43 total
[2026-09-03T12:35:01.709+0800][4.745s][info][gc,marking  ] GC(65) Concurrent Scan Root Regions 2.256ms
[2026-09-03T12:35:01.709+0800][4.745s][info][gc,marking  ] GC(65) Concurrent Mark
[2026-09-03T12:35:01.709+0800][4.745s][info][gc,marking  ] GC(65) Concurrent Mark From Roots
[2026-09-03T12:35:01.709+0800][4.745s][info][gc,task     ] GC(65) Concurrent Mark Using 2 of 2 Workers
[2026-09-03T12:35:01.713+0800][4.749s][info][gc,marking  ] GC(65) Concurrent Mark From Roots 3.784ms
[2026-09-03T12:35:01.713+0800][4.749s][info][gc,marking  ] GC(65) Concurrent Preclean
[2026-09-03T12:35:01.713+0800][4.749s][info][gc,marking  ] GC(65) Concurrent Preclean 0.009ms
[2026-09-03T12:35:01.713+0800][4.749s][info][gc,start    ] GC(65) Pause Remark
[2026-09-03T12:35:01.714+0800][4.750s][info][gc          ] GC(65) Pause Remark 150M->122M(256M) 0.310ms
[2026-09-03T12:35:01.714+0800][4.750s][info][gc,cpu      ] GC(65) User=0.00s Sys=0.00s Real=0.00s
[2026-09-03T12:35:01.714+0800][4.750s][info][safepoint   ] Safepoint "G1PauseRemark", Time since last: 6161416 ns, Reaching safepoint: 35292 ns, At safepoint: 327292 ns, Leaving safepoint: 22333 ns, Total: 384917 ns, Threads: 1 runnable, 43 total
[2026-09-03T12:35:01.714+0800][4.750s][info][gc,marking  ] GC(65) Concurrent Mark 4.306ms
[2026-09-03T12:35:01.714+0800][4.750s][info][gc,marking  ] GC(65) Concurrent Rebuild Remembered Sets and Scrub Regions
[2026-09-03T12:35:01.718+0800][4.754s][info][gc,marking  ] GC(65) Concurrent Rebuild Remembered Sets and Scrub Regions 4.630ms
[2026-09-03T12:35:01.718+0800][4.754s][info][gc,start    ] GC(65) Pause Cleanup
[2026-09-03T12:35:01.719+0800][4.754s][info][gc          ] GC(65) Pause Cleanup 126M->126M(256M) 0.040ms
[2026-09-03T12:35:01.719+0800][4.754s][info][gc,cpu      ] GC(65) User=0.00s Sys=0.00s Real=0.00s
[2026-09-03T12:35:01.719+0800][4.754s][info][safepoint   ] Safepoint "G1PauseCleanup", Time since last: 4724208 ns, Reaching safepoint: 2542 ns, At safepoint: 61208 ns, Leaving safepoint: 15834 ns, Total: 79584 ns, Threads: 0 runnable, 43 total
[2026-09-03T12:35:01.719+0800][4.754s][info][gc,marking  ] GC(65) Concurrent Clear Claimed Marks
[2026-09-03T12:35:01.719+0800][4.754s][info][gc,marking  ] GC(65) Concurrent Clear Claimed Marks 0.007ms
[2026-09-03T12:35:01.719+0800][4.754s][info][gc,marking  ] GC(65) Concurrent Cleanup for Next Mark
[2026-09-03T12:35:01.719+0800][4.755s][info][gc,marking  ] GC(65) Concurrent Cleanup for Next Mark 0.180ms
[2026-09-03T12:35:01.719+0800][4.755s][info][gc          ] GC(65) Concurrent Mark Cycle 11.656ms
[2026-09-03T12:35:01.784+0800][4.820s][info][gc,start    ] GC(66) Pause Young (Prepare Mixed) (G1 Evacuation Pause)
[2026-09-03T12:35:01.785+0800][4.820s][info][gc,task     ] GC(66) Using 9 workers of 9 for evacuation
[2026-09-03T12:35:01.786+0800][4.822s][info][gc,phases   ] GC(66)   Pre Evacuate Collection Set: 0.05ms
[2026-09-03T12:35:01.786+0800][4.822s][info][gc,phases   ] GC(66)   Merge Heap Roots: 0.02ms
[2026-09-03T12:35:01.786+0800][4.822s][info][gc,phases   ] GC(66)   Evacuate Collection Set: 1.70ms
[2026-09-03T12:35:01.786+0800][4.822s][info][gc,phases   ] GC(66)   Post Evacuate Collection Set: 0.09ms
[2026-09-03T12:35:01.787+0800][4.822s][info][gc,phases   ] GC(66)   Other: 0.06ms
[2026-09-03T12:35:01.787+0800][4.822s][info][gc,heap     ] GC(66) Eden regions: 80->0(88)
[2026-09-03T12:35:01.787+0800][4.822s][info][gc,heap     ] GC(66) Survivor regions: 14->12(12)
[2026-09-03T12:35:01.787+0800][4.822s][info][gc,heap     ] GC(66) Old regions: 100->118
[2026-09-03T12:35:01.787+0800][4.822s][info][gc,heap     ] GC(66) Humongous regions: 1->1
[2026-09-03T12:35:01.787+0800][4.822s][info][gc,metaspace] GC(66) Metaspace: 1059K(1216K)->1059K(1216K) NonClass: 994K(1088K)->994K(1088K) Class: 64K(128K)->64K(128K)
[2026-09-03T12:35:01.787+0800][4.822s][info][gc          ] GC(66) Pause Young (Prepare Mixed) (G1 Evacuation Pause) 195M->131M(256M) 2.037ms
[2026-09-03T12:35:01.787+0800][4.822s][info][gc,cpu      ] GC(66) User=0.02s Sys=0.00s Real=0.00s
[2026-09-03T12:35:01.787+0800][4.822s][info][safepoint   ] Safepoint "G1CollectForAllocation", Time since last: 65935375 ns, Reaching safepoint: 21333 ns, At safepoint: 2063250 ns, Leaving safepoint: 23708 ns, Total: 2108291 ns, Threads: 2 runnable, 43 total
[2026-09-03T12:35:01.870+0800][4.906s][info][gc,start    ] GC(67) Pause Young (Mixed) (G1 Evacuation Pause)
[2026-09-03T12:35:01.870+0800][4.906s][info][gc,task     ] GC(67) Using 9 workers of 9 for evacuation
[2026-09-03T12:35:01.872+0800][4.908s][info][gc,phases   ] GC(67)   Pre Evacuate Collection Set: 0.06ms
[2026-09-03T12:35:01.872+0800][4.908s][info][gc,phases   ] GC(67)   Merge Heap Roots: 0.03ms
[2026-09-03T12:35:01.872+0800][4.908s][info][gc,phases   ] GC(67)   Evacuate Collection Set: 1.66ms
[2026-09-03T12:35:01.872+0800][4.908s][info][gc,phases   ] GC(67)   Post Evacuate Collection Set: 0.11ms
[2026-09-03T12:35:01.872+0800][4.908s][info][gc,phases   ] GC(67)   Other: 0.07ms
[2026-09-03T12:35:01.872+0800][4.908s][info][gc,heap     ] GC(67) Eden regions: 88->0(94)
[2026-09-03T12:35:01.872+0800][4.908s][info][gc,heap     ] GC(67) Survivor regions: 12->13(13)
[2026-09-03T12:35:01.872+0800][4.908s][info][gc,heap     ] GC(67) Old regions: 118->109
[2026-09-03T12:35:01.872+0800][4.908s][info][gc,heap     ] GC(67) Humongous regions: 1->1
[2026-09-03T12:35:01.872+0800][4.908s][info][gc,metaspace] GC(67) Metaspace: 1059K(1216K)->1059K(1216K) NonClass: 994K(1088K)->994K(1088K) Class: 64K(128K)->64K(128K)
[2026-09-03T12:35:01.872+0800][4.908s][info][gc          ] GC(67) Pause Young (Mixed) (G1 Evacuation Pause) 219M->122M(256M) 2.048ms
[2026-09-03T12:35:01.872+0800][4.908s][info][gc,cpu      ] GC(67) User=0.01s Sys=0.00s Real=0.00s
[2026-09-03T12:35:01.872+0800][4.908s][info][safepoint   ] Safepoint "G1CollectForAllocation", Time since last: 83664875 ns, Reaching safepoint: 26084 ns, At safepoint: 2073708 ns, Leaving safepoint: 48917 ns, Total: 2148709 ns, Threads: 1 runnable, 43 total
[2026-09-03T12:35:01.962+0800][4.998s][info][gc,start    ] GC(68) Pause Young (Mixed) (G1 Evacuation Pause)
[2026-09-03T12:35:01.962+0800][4.998s][info][gc,task     ] GC(68) Using 9 workers of 9 for evacuation
[2026-09-03T12:35:01.964+0800][5.000s][info][gc,phases   ] GC(68)   Pre Evacuate Collection Set: 0.07ms
[2026-09-03T12:35:01.964+0800][5.000s][info][gc,phases   ] GC(68)   Merge Heap Roots: 0.03ms
[2026-09-03T12:35:01.964+0800][5.000s][info][gc,phases   ] GC(68)   Evacuate Collection Set: 1.74ms
[2026-09-03T12:35:01.964+0800][5.000s][info][gc,phases   ] GC(68)   Post Evacuate Collection Set: 0.10ms
[2026-09-03T12:35:01.964+0800][5.000s][info][gc,phases   ] GC(68)   Other: 0.06ms
[2026-09-03T12:35:01.964+0800][5.000s][info][gc,heap     ] GC(68) Eden regions: 94->0(94)
[2026-09-03T12:35:01.964+0800][5.000s][info][gc,heap     ] GC(68) Survivor regions: 13->14(14)
[2026-09-03T12:35:01.964+0800][5.000s][info][gc,heap     ] GC(68) Old regions: 109->108
[2026-09-03T12:35:01.964+0800][5.000s][info][gc,heap     ] GC(68) Humongous regions: 1->1
[2026-09-03T12:35:01.964+0800][5.000s][info][gc,metaspace] GC(68) Metaspace: 1059K(1216K)->1059K(1216K) NonClass: 994K(1088K)->994K(1088K) Class: 64K(128K)->64K(128K)
[2026-09-03T12:35:01.964+0800][5.000s][info][gc          ] GC(68) Pause Young (Mixed) (G1 Evacuation Pause) 216M->123M(256M) 2.108ms
[2026-09-03T12:35:01.964+0800][5.000s][info][gc,cpu      ] GC(68) User=0.01s Sys=0.01s Real=0.00s
[2026-09-03T12:35:01.964+0800][5.000s][info][safepoint   ] Safepoint "G1CollectForAllocation", Time since last: 89870666 ns, Reaching safepoint: 5084 ns, At safepoint: 2154791 ns, Leaving safepoint: 42417 ns, Total: 2202292 ns, Threads: 0 runnable, 43 total
[2026-09-03T12:35:02.055+0800][5.090s][info][gc,start    ] GC(69) Pause Young (Concurrent Start) (G1 Evacuation Pause)
[2026-09-03T12:35:02.055+0800][5.090s][info][gc,task     ] GC(69) Using 9 workers of 9 for evacuation
[2026-09-03T12:35:02.057+0800][5.093s][info][gc,phases   ] GC(69)   Pre Evacuate Collection Set: 0.06ms
[2026-09-03T12:35:02.057+0800][5.093s][info][gc,phases   ] GC(69)   Merge Heap Roots: 0.02ms
[2026-09-03T12:35:02.057+0800][5.093s][info][gc,phases   ] GC(69)   Evacuate Collection Set: 2.50ms
[2026-09-03T12:35:02.057+0800][5.093s][info][gc,phases   ] GC(69)   Post Evacuate Collection Set: 0.12ms
[2026-09-03T12:35:02.057+0800][5.093s][info][gc,phases   ] GC(69)   Other: 0.06ms
[2026-09-03T12:35:02.057+0800][5.093s][info][gc,heap     ] GC(69) Eden regions: 94->0(80)
[2026-09-03T12:35:02.057+0800][5.093s][info][gc,heap     ] GC(69) Survivor regions: 14->14(14)
[2026-09-03T12:35:02.057+0800][5.093s][info][gc,heap     ] GC(69) Old regions: 108->127
[2026-09-03T12:35:02.057+0800][5.093s][info][gc,heap     ] GC(69) Humongous regions: 1->1
[2026-09-03T12:35:02.057+0800][5.093s][info][gc,metaspace] GC(69) Metaspace: 1059K(1216K)->1059K(1216K) NonClass: 994K(1088K)->994K(1088K) Class: 64K(128K)->64K(128K)
[2026-09-03T12:35:02.057+0800][5.093s][info][gc          ] GC(69) Pause Young (Concurrent Start) (G1 Evacuation Pause) 217M->142M(256M) 2.863ms
[2026-09-03T12:35:02.057+0800][5.093s][info][gc,cpu      ] GC(69) User=0.02s Sys=0.00s Real=0.00s
[2026-09-03T12:35:02.057+0800][5.093s][info][gc          ] GC(70) Concurrent Mark Cycle
[2026-09-03T12:35:02.058+0800][5.093s][info][gc,marking  ] GC(70) Concurrent Scan Root Regions
[2026-09-03T12:35:02.058+0800][5.093s][info][safepoint   ] Safepoint "G1CollectForAllocation", Time since last: 90122167 ns, Reaching safepoint: 25375 ns, At safepoint: 2890791 ns, Leaving safepoint: 26959 ns, Total: 2943125 ns, Threads: 1 runnable, 43 total
[2026-09-03T12:35:02.060+0800][5.096s][info][gc,marking  ] GC(70) Concurrent Scan Root Regions 2.361ms
[2026-09-03T12:35:02.060+0800][5.096s][info][gc,marking  ] GC(70) Concurrent Mark
[2026-09-03T12:35:02.060+0800][5.096s][info][gc,marking  ] GC(70) Concurrent Mark From Roots
[2026-09-03T12:35:02.060+0800][5.096s][info][gc,task     ] GC(70) Concurrent Mark Using 2 of 2 Workers
[2026-09-03T12:35:02.065+0800][5.101s][info][gc,marking  ] GC(70) Concurrent Mark From Roots 5.178ms
[2026-09-03T12:35:02.065+0800][5.101s][info][gc,marking  ] GC(70) Concurrent Preclean
[2026-09-03T12:35:02.065+0800][5.101s][info][gc,marking  ] GC(70) Concurrent Preclean 0.021ms
[2026-09-03T12:35:02.065+0800][5.101s][info][gc,start    ] GC(70) Pause Remark
[2026-09-03T12:35:02.066+0800][5.101s][info][gc          ] GC(70) Pause Remark 150M->118M(256M) 0.353ms
[2026-09-03T12:35:02.066+0800][5.101s][info][gc,cpu      ] GC(70) User=0.00s Sys=0.00s Real=0.00s
[2026-09-03T12:35:02.066+0800][5.102s][info][safepoint   ] Safepoint "G1PauseRemark", Time since last: 7643291 ns, Reaching safepoint: 60042 ns, At safepoint: 393125 ns, Leaving safepoint: 44833 ns, Total: 498000 ns, Threads: 2 runnable, 43 total
[2026-09-03T12:35:02.066+0800][5.102s][info][gc,marking  ] GC(70) Concurrent Mark 5.842ms
[2026-09-03T12:35:02.066+0800][5.102s][info][gc,marking  ] GC(70) Concurrent Rebuild Remembered Sets and Scrub Regions
[2026-09-03T12:35:02.070+0800][5.106s][info][gc,marking  ] GC(70) Concurrent Rebuild Remembered Sets and Scrub Regions 4.504ms
[2026-09-03T12:35:02.070+0800][5.106s][info][gc,start    ] GC(70) Pause Cleanup
[2026-09-03T12:35:02.070+0800][5.106s][info][gc          ] GC(70) Pause Cleanup 123M->123M(256M) 0.033ms
[2026-09-03T12:35:02.070+0800][5.106s][info][gc,cpu      ] GC(70) User=0.00s Sys=0.00s Real=0.00s
[2026-09-03T12:35:02.070+0800][5.106s][info][safepoint   ] Safepoint "G1PauseCleanup", Time since last: 4608792 ns, Reaching safepoint: 57542 ns, At safepoint: 50291 ns, Leaving safepoint: 32709 ns, Total: 140542 ns, Threads: 1 runnable, 43 total
[2026-09-03T12:35:02.070+0800][5.106s][info][gc,marking  ] GC(70) Concurrent Clear Claimed Marks
[2026-09-03T12:35:02.070+0800][5.106s][info][gc,marking  ] GC(70) Concurrent Clear Claimed Marks 0.036ms
[2026-09-03T12:35:02.070+0800][5.106s][info][gc,marking  ] GC(70) Concurrent Cleanup for Next Mark
[2026-09-03T12:35:02.071+0800][5.107s][info][gc,marking  ] GC(70) Concurrent Cleanup for Next Mark 0.161ms
[2026-09-03T12:35:02.071+0800][5.107s][info][gc          ] GC(70) Concurrent Mark Cycle 13.227ms
[2026-09-03T12:35:02.135+0800][5.170s][info][gc,start    ] GC(71) Pause Young (Prepare Mixed) (G1 Evacuation Pause)
[2026-09-03T12:35:02.135+0800][5.170s][info][gc,task     ] GC(71) Using 9 workers of 9 for evacuation
[2026-09-03T12:35:02.136+0800][5.172s][info][gc,phases   ] GC(71)   Pre Evacuate Collection Set: 0.08ms
[2026-09-03T12:35:02.137+0800][5.172s][info][gc,phases   ] GC(71)   Merge Heap Roots: 0.03ms
[2026-09-03T12:35:02.137+0800][5.172s][info][gc,phases   ] GC(71)   Evacuate Collection Set: 1.66ms
[2026-09-03T12:35:02.137+0800][5.172s][info][gc,phases   ] GC(71)   Post Evacuate Collection Set: 0.07ms
[2026-09-03T12:35:02.137+0800][5.172s][info][gc,phases   ] GC(71)   Other: 0.09ms
[2026-09-03T12:35:02.137+0800][5.172s][info][gc,heap     ] GC(71) Eden regions: 80->0(92)
[2026-09-03T12:35:02.137+0800][5.172s][info][gc,heap     ] GC(71) Survivor regions: 14->12(12)
[2026-09-03T12:35:02.137+0800][5.172s][info][gc,heap     ] GC(71) Old regions: 95->113
[2026-09-03T12:35:02.137+0800][5.172s][info][gc,heap     ] GC(71) Humongous regions: 1->1
[2026-09-03T12:35:02.137+0800][5.172s][info][gc,metaspace] GC(71) Metaspace: 1059K(1216K)->1059K(1216K) NonClass: 994K(1088K)->994K(1088K) Class: 64K(128K)->64K(128K)
[2026-09-03T12:35:02.137+0800][5.172s][info][gc          ] GC(71) Pause Young (Prepare Mixed) (G1 Evacuation Pause) 190M->126M(256M) 2.049ms
[2026-09-03T12:35:02.137+0800][5.172s][info][gc,cpu      ] GC(71) User=0.01s Sys=0.01s Real=0.00s
[2026-09-03T12:35:02.137+0800][5.172s][info][safepoint   ] Safepoint "G1CollectForAllocation", Time since last: 64095708 ns, Reaching safepoint: 2333 ns, At safepoint: 2072750 ns, Leaving safepoint: 24167 ns, Total: 2099250 ns, Threads: 0 runnable, 43 total
[2026-09-03T12:35:02.224+0800][5.260s][info][gc,start    ] GC(72) Pause Young (Mixed) (G1 Evacuation Pause)
[2026-09-03T12:35:02.224+0800][5.260s][info][gc,task     ] GC(72) Using 9 workers of 9 for evacuation
[2026-09-03T12:35:02.226+0800][5.262s][info][gc,phases   ] GC(72)   Pre Evacuate Collection Set: 0.06ms
[2026-09-03T12:35:02.226+0800][5.262s][info][gc,phases   ] GC(72)   Merge Heap Roots: 0.04ms
[2026-09-03T12:35:02.226+0800][5.262s][info][gc,phases   ] GC(72)   Evacuate Collection Set: 1.88ms
[2026-09-03T12:35:02.226+0800][5.262s][info][gc,phases   ] GC(72)   Post Evacuate Collection Set: 0.11ms
[2026-09-03T12:35:02.226+0800][5.262s][info][gc,phases   ] GC(72)   Other: 0.07ms
[2026-09-03T12:35:02.226+0800][5.262s][info][gc,heap     ] GC(72) Eden regions: 92->0(100)
[2026-09-03T12:35:02.226+0800][5.262s][info][gc,heap     ] GC(72) Survivor regions: 12->13(13)
[2026-09-03T12:35:02.226+0800][5.262s][info][gc,heap     ] GC(72) Old regions: 113->101
[2026-09-03T12:35:02.226+0800][5.262s][info][gc,heap     ] GC(72) Humongous regions: 1->1
[2026-09-03T12:35:02.226+0800][5.262s][info][gc,metaspace] GC(72) Metaspace: 1059K(1216K)->1059K(1216K) NonClass: 994K(1088K)->994K(1088K) Class: 64K(128K)->64K(128K)
[2026-09-03T12:35:02.226+0800][5.262s][info][gc          ] GC(72) Pause Young (Mixed) (G1 Evacuation Pause) 218M->115M(256M) 2.318ms
[2026-09-03T12:35:02.226+0800][5.262s][info][gc,cpu      ] GC(72) User=0.01s Sys=0.00s Real=0.00s
[2026-09-03T12:35:02.226+0800][5.262s][info][safepoint   ] Safepoint "G1CollectForAllocation", Time since last: 87431292 ns, Reaching safepoint: 42583 ns, At safepoint: 2365417 ns, Leaving safepoint: 38458 ns, Total: 2446458 ns, Threads: 1 runnable, 43 total
[2026-09-03T12:35:02.321+0800][5.357s][info][gc,start    ] GC(73) Pause Young (Mixed) (G1 Evacuation Pause)
[2026-09-03T12:35:02.321+0800][5.357s][info][gc,task     ] GC(73) Using 9 workers of 9 for evacuation
[2026-09-03T12:35:02.324+0800][5.359s][info][gc,phases   ] GC(73)   Pre Evacuate Collection Set: 0.06ms
[2026-09-03T12:35:02.324+0800][5.359s][info][gc,phases   ] GC(73)   Merge Heap Roots: 0.02ms
[2026-09-03T12:35:02.324+0800][5.359s][info][gc,phases   ] GC(73)   Evacuate Collection Set: 2.20ms
[2026-09-03T12:35:02.324+0800][5.359s][info][gc,phases   ] GC(73)   Post Evacuate Collection Set: 0.11ms
[2026-09-03T12:35:02.324+0800][5.359s][info][gc,phases   ] GC(73)   Other: 0.06ms
[2026-09-03T12:35:02.324+0800][5.359s][info][gc,heap     ] GC(73) Eden regions: 100->0(91)
[2026-09-03T12:35:02.324+0800][5.359s][info][gc,heap     ] GC(73) Survivor regions: 13->15(15)
[2026-09-03T12:35:02.324+0800][5.360s][info][gc,heap     ] GC(73) Old regions: 101->111
[2026-09-03T12:35:02.324+0800][5.360s][info][gc,heap     ] GC(73) Humongous regions: 1->1
[2026-09-03T12:35:02.324+0800][5.360s][info][gc,metaspace] GC(73) Metaspace: 1059K(1216K)->1059K(1216K) NonClass: 994K(1088K)->994K(1088K) Class: 64K(128K)->64K(128K)
[2026-09-03T12:35:02.324+0800][5.360s][info][gc          ] GC(73) Pause Young (Mixed) (G1 Evacuation Pause) 215M->126M(256M) 2.604ms
[2026-09-03T12:35:02.324+0800][5.360s][info][gc,cpu      ] GC(73) User=0.02s Sys=0.00s Real=0.00s
[2026-09-03T12:35:02.324+0800][5.360s][info][safepoint   ] Safepoint "G1CollectForAllocation", Time since last: 94602083 ns, Reaching safepoint: 2250 ns, At safepoint: 2634750 ns, Leaving safepoint: 22584 ns, Total: 2659584 ns, Threads: 0 runnable, 43 total
[2026-09-03T12:35:02.411+0800][5.447s][info][gc,start    ] GC(74) Pause Young (Concurrent Start) (G1 Evacuation Pause)
[2026-09-03T12:35:02.411+0800][5.447s][info][gc,task     ] GC(74) Using 9 workers of 9 for evacuation
[2026-09-03T12:35:02.413+0800][5.449s][info][gc,phases   ] GC(74)   Pre Evacuate Collection Set: 0.05ms
[2026-09-03T12:35:02.413+0800][5.449s][info][gc,phases   ] GC(74)   Merge Heap Roots: 0.02ms
[2026-09-03T12:35:02.413+0800][5.449s][info][gc,phases   ] GC(74)   Evacuate Collection Set: 1.90ms
[2026-09-03T12:35:02.413+0800][5.449s][info][gc,phases   ] GC(74)   Post Evacuate Collection Set: 0.09ms
[2026-09-03T12:35:02.413+0800][5.449s][info][gc,phases   ] GC(74)   Other: 0.06ms
[2026-09-03T12:35:02.413+0800][5.449s][info][gc,heap     ] GC(74) Eden regions: 91->0(78)
[2026-09-03T12:35:02.413+0800][5.449s][info][gc,heap     ] GC(74) Survivor regions: 15->14(14)
[2026-09-03T12:35:02.413+0800][5.449s][info][gc,heap     ] GC(74) Old regions: 111->131
[2026-09-03T12:35:02.413+0800][5.449s][info][gc,heap     ] GC(74) Humongous regions: 1->1
[2026-09-03T12:35:02.413+0800][5.449s][info][gc,metaspace] GC(74) Metaspace: 1059K(1216K)->1059K(1216K) NonClass: 994K(1088K)->994K(1088K) Class: 64K(128K)->64K(128K)
[2026-09-03T12:35:02.413+0800][5.449s][info][gc          ] GC(74) Pause Young (Concurrent Start) (G1 Evacuation Pause) 217M->145M(256M) 2.220ms
[2026-09-03T12:35:02.413+0800][5.449s][info][gc,cpu      ] GC(74) User=0.02s Sys=0.00s Real=0.00s
[2026-09-03T12:35:02.413+0800][5.449s][info][gc          ] GC(75) Concurrent Mark Cycle
[2026-09-03T12:35:02.413+0800][5.449s][info][gc,marking  ] GC(75) Concurrent Scan Root Regions
[2026-09-03T12:35:02.413+0800][5.449s][info][safepoint   ] Safepoint "G1CollectForAllocation", Time since last: 86896125 ns, Reaching safepoint: 57208 ns, At safepoint: 2266250 ns, Leaving safepoint: 21333 ns, Total: 2344791 ns, Threads: 4 runnable, 43 total
[2026-09-03T12:35:02.415+0800][5.451s][info][gc,marking  ] GC(75) Concurrent Scan Root Regions 2.288ms
[2026-09-03T12:35:02.415+0800][5.451s][info][gc,marking  ] GC(75) Concurrent Mark
[2026-09-03T12:35:02.415+0800][5.451s][info][gc,marking  ] GC(75) Concurrent Mark From Roots
[2026-09-03T12:35:02.415+0800][5.451s][info][gc,task     ] GC(75) Concurrent Mark Using 2 of 2 Workers
[2026-09-03T12:35:02.420+0800][5.456s][info][gc,marking  ] GC(75) Concurrent Mark From Roots 5.059ms
[2026-09-03T12:35:02.420+0800][5.456s][info][gc,marking  ] GC(75) Concurrent Preclean
[2026-09-03T12:35:02.420+0800][5.456s][info][gc,marking  ] GC(75) Concurrent Preclean 0.012ms
[2026-09-03T12:35:02.420+0800][5.456s][info][gc,start    ] GC(75) Pause Remark
[2026-09-03T12:35:02.421+0800][5.457s][info][gc          ] GC(75) Pause Remark 154M->117M(256M) 0.426ms
[2026-09-03T12:35:02.421+0800][5.457s][info][gc,cpu      ] GC(75) User=0.00s Sys=0.00s Real=0.00s
[2026-09-03T12:35:02.421+0800][5.457s][info][safepoint   ] Safepoint "G1PauseRemark", Time since last: 7482542 ns, Reaching safepoint: 3958 ns, At safepoint: 468834 ns, Leaving safepoint: 22708 ns, Total: 495500 ns, Threads: 0 runnable, 43 total
[2026-09-03T12:35:02.421+0800][5.457s][info][gc,marking  ] GC(75) Concurrent Mark 5.687ms
[2026-09-03T12:35:02.421+0800][5.457s][info][gc,marking  ] GC(75) Concurrent Rebuild Remembered Sets and Scrub Regions
[2026-09-03T12:35:02.426+0800][5.462s][info][gc,marking  ] GC(75) Concurrent Rebuild Remembered Sets and Scrub Regions 4.923ms
[2026-09-03T12:35:02.426+0800][5.462s][info][gc,start    ] GC(75) Pause Cleanup
[2026-09-03T12:35:02.426+0800][5.462s][info][gc          ] GC(75) Pause Cleanup 122M->122M(256M) 0.036ms
[2026-09-03T12:35:02.426+0800][5.462s][info][gc,cpu      ] GC(75) User=0.00s Sys=0.00s Real=0.00s
[2026-09-03T12:35:02.426+0800][5.462s][info][safepoint   ] Safepoint "G1PauseCleanup", Time since last: 5039958 ns, Reaching safepoint: 23417 ns, At safepoint: 54458 ns, Leaving safepoint: 34042 ns, Total: 111917 ns, Threads: 1 runnable, 43 total
[2026-09-03T12:35:02.426+0800][5.462s][info][gc,marking  ] GC(75) Concurrent Clear Claimed Marks
[2026-09-03T12:35:02.426+0800][5.462s][info][gc,marking  ] GC(75) Concurrent Clear Claimed Marks 0.034ms
[2026-09-03T12:35:02.426+0800][5.462s][info][gc,marking  ] GC(75) Concurrent Cleanup for Next Mark
[2026-09-03T12:35:02.426+0800][5.462s][info][gc,marking  ] GC(75) Concurrent Cleanup for Next Mark 0.155ms
[2026-09-03T12:35:02.426+0800][5.462s][info][gc          ] GC(75) Concurrent Mark Cycle 13.406ms
[2026-09-03T12:35:02.488+0800][5.524s][info][gc,start    ] GC(76) Pause Young (Prepare Mixed) (G1 Evacuation Pause)
[2026-09-03T12:35:02.488+0800][5.524s][info][gc,task     ] GC(76) Using 9 workers of 9 for evacuation
[2026-09-03T12:35:02.490+0800][5.526s][info][gc,phases   ] GC(76)   Pre Evacuate Collection Set: 0.04ms
[2026-09-03T12:35:02.490+0800][5.526s][info][gc,phases   ] GC(76)   Merge Heap Roots: 0.03ms
[2026-09-03T12:35:02.490+0800][5.526s][info][gc,phases   ] GC(76)   Evacuate Collection Set: 1.74ms
[2026-09-03T12:35:02.490+0800][5.526s][info][gc,phases   ] GC(76)   Post Evacuate Collection Set: 0.17ms
[2026-09-03T12:35:02.490+0800][5.526s][info][gc,phases   ] GC(76)   Other: 0.08ms
[2026-09-03T12:35:02.490+0800][5.526s][info][gc,heap     ] GC(76) Eden regions: 78->0(93)
[2026-09-03T12:35:02.490+0800][5.526s][info][gc,heap     ] GC(76) Survivor regions: 14->12(12)
[2026-09-03T12:35:02.490+0800][5.526s][info][gc,heap     ] GC(76) Old regions: 94->111
[2026-09-03T12:35:02.490+0800][5.526s][info][gc,heap     ] GC(76) Humongous regions: 1->1
[2026-09-03T12:35:02.490+0800][5.526s][info][gc,metaspace] GC(76) Metaspace: 1059K(1216K)->1059K(1216K) NonClass: 994K(1088K)->994K(1088K) Class: 64K(128K)->64K(128K)
[2026-09-03T12:35:02.490+0800][5.526s][info][gc          ] GC(76) Pause Young (Prepare Mixed) (G1 Evacuation Pause) 186M->124M(256M) 2.315ms
[2026-09-03T12:35:02.490+0800][5.526s][info][gc,cpu      ] GC(76) User=0.01s Sys=0.00s Real=0.01s
[2026-09-03T12:35:02.490+0800][5.526s][info][safepoint   ] Safepoint "G1CollectForAllocation", Time since last: 61640542 ns, Reaching safepoint: 26625 ns, At safepoint: 2349916 ns, Leaving safepoint: 125709 ns, Total: 2502250 ns, Threads: 4 runnable, 43 total
[2026-09-03T12:35:02.578+0800][5.614s][info][gc,start    ] GC(77) Pause Young (Mixed) (G1 Evacuation Pause)
[2026-09-03T12:35:02.578+0800][5.614s][info][gc,task     ] GC(77) Using 9 workers of 9 for evacuation
[2026-09-03T12:35:02.580+0800][5.616s][info][gc,phases   ] GC(77)   Pre Evacuate Collection Set: 0.07ms
[2026-09-03T12:35:02.580+0800][5.616s][info][gc,phases   ] GC(77)   Merge Heap Roots: 0.03ms
[2026-09-03T12:35:02.580+0800][5.616s][info][gc,phases   ] GC(77)   Evacuate Collection Set: 1.89ms
[2026-09-03T12:35:02.580+0800][5.616s][info][gc,phases   ] GC(77)   Post Evacuate Collection Set: 0.11ms
[2026-09-03T12:35:02.580+0800][5.616s][info][gc,phases   ] GC(77)   Other: 0.06ms
[2026-09-03T12:35:02.580+0800][5.616s][info][gc,heap     ] GC(77) Eden regions: 93->0(100)
[2026-09-03T12:35:02.580+0800][5.616s][info][gc,heap     ] GC(77) Survivor regions: 12->14(14)
[2026-09-03T12:35:02.580+0800][5.616s][info][gc,heap     ] GC(77) Old regions: 111->99
[2026-09-03T12:35:02.580+0800][5.616s][info][gc,heap     ] GC(77) Humongous regions: 1->1
[2026-09-03T12:35:02.580+0800][5.616s][info][gc,metaspace] GC(77) Metaspace: 1059K(1216K)->1059K(1216K) NonClass: 994K(1088K)->994K(1088K) Class: 64K(128K)->64K(128K)
[2026-09-03T12:35:02.580+0800][5.616s][info][gc          ] GC(77) Pause Young (Mixed) (G1 Evacuation Pause) 217M->113M(256M) 2.258ms
[2026-09-03T12:35:02.580+0800][5.616s][info][gc,cpu      ] GC(77) User=0.01s Sys=0.00s Real=0.01s
[2026-09-03T12:35:02.580+0800][5.616s][info][safepoint   ] Safepoint "G1CollectForAllocation", Time since last: 87835333 ns, Reaching safepoint: 3750 ns, At safepoint: 2298833 ns, Leaving safepoint: 26000 ns, Total: 2328583 ns, Threads: 0 runnable, 43 total
[2026-09-03T12:35:02.676+0800][5.711s][info][gc,start    ] GC(78) Pause Young (Mixed) (G1 Evacuation Pause)
[2026-09-03T12:35:02.676+0800][5.711s][info][gc,task     ] GC(78) Using 9 workers of 9 for evacuation
[2026-09-03T12:35:02.678+0800][5.714s][info][gc,phases   ] GC(78)   Pre Evacuate Collection Set: 0.06ms
[2026-09-03T12:35:02.678+0800][5.714s][info][gc,phases   ] GC(78)   Merge Heap Roots: 0.03ms
[2026-09-03T12:35:02.678+0800][5.714s][info][gc,phases   ] GC(78)   Evacuate Collection Set: 1.82ms
[2026-09-03T12:35:02.678+0800][5.714s][info][gc,phases   ] GC(78)   Post Evacuate Collection Set: 0.10ms
[2026-09-03T12:35:02.678+0800][5.714s][info][gc,phases   ] GC(78)   Other: 0.06ms
[2026-09-03T12:35:02.678+0800][5.714s][info][gc,heap     ] GC(78) Eden regions: 100->0(91)
[2026-09-03T12:35:02.678+0800][5.714s][info][gc,heap     ] GC(78) Survivor regions: 14->15(15)
[2026-09-03T12:35:02.678+0800][5.714s][info][gc,heap     ] GC(78) Old regions: 99->111
[2026-09-03T12:35:02.678+0800][5.714s][info][gc,heap     ] GC(78) Humongous regions: 1->1
[2026-09-03T12:35:02.678+0800][5.714s][info][gc,metaspace] GC(78) Metaspace: 1059K(1216K)->1059K(1216K) NonClass: 994K(1088K)->994K(1088K) Class: 64K(128K)->64K(128K)
[2026-09-03T12:35:02.678+0800][5.714s][info][gc          ] GC(78) Pause Young (Mixed) (G1 Evacuation Pause) 213M->127M(256M) 2.183ms
[2026-09-03T12:35:02.678+0800][5.714s][info][gc,cpu      ] GC(78) User=0.02s Sys=0.00s Real=0.00s
[2026-09-03T12:35:02.678+0800][5.714s][info][safepoint   ] Safepoint "G1CollectForAllocation", Time since last: 95078917 ns, Reaching safepoint: 37583 ns, At safepoint: 2211834 ns, Leaving safepoint: 42875 ns, Total: 2292292 ns, Threads: 1 runnable, 43 total
[2026-09-03T12:35:02.764+0800][5.800s][info][gc,start    ] GC(79) Pause Young (Concurrent Start) (G1 Evacuation Pause)
[2026-09-03T12:35:02.765+0800][5.800s][info][gc,task     ] GC(79) Using 9 workers of 9 for evacuation
[2026-09-03T12:35:02.767+0800][5.803s][info][gc,phases   ] GC(79)   Pre Evacuate Collection Set: 0.10ms
[2026-09-03T12:35:02.767+0800][5.803s][info][gc,phases   ] GC(79)   Merge Heap Roots: 0.02ms
[2026-09-03T12:35:02.767+0800][5.803s][info][gc,phases   ] GC(79)   Evacuate Collection Set: 2.38ms
[2026-09-03T12:35:02.767+0800][5.803s][info][gc,phases   ] GC(79)   Post Evacuate Collection Set: 0.11ms
[2026-09-03T12:35:02.767+0800][5.803s][info][gc,phases   ] GC(79)   Other: 0.09ms
[2026-09-03T12:35:02.767+0800][5.803s][info][gc,heap     ] GC(79) Eden regions: 91->0(78)
[2026-09-03T12:35:02.767+0800][5.803s][info][gc,heap     ] GC(79) Survivor regions: 15->14(14)
[2026-09-03T12:35:02.767+0800][5.803s][info][gc,heap     ] GC(79) Old regions: 111->131
[2026-09-03T12:35:02.767+0800][5.803s][info][gc,heap     ] GC(79) Humongous regions: 1->1
[2026-09-03T12:35:02.767+0800][5.803s][info][gc,metaspace] GC(79) Metaspace: 1059K(1216K)->1059K(1216K) NonClass: 994K(1088K)->994K(1088K) Class: 64K(128K)->64K(128K)
[2026-09-03T12:35:02.767+0800][5.803s][info][gc          ] GC(79) Pause Young (Concurrent Start) (G1 Evacuation Pause) 218M->145M(256M) 2.857ms
[2026-09-03T12:35:02.767+0800][5.803s][info][gc,cpu      ] GC(79) User=0.02s Sys=0.00s Real=0.00s
[2026-09-03T12:35:02.767+0800][5.803s][info][gc          ] GC(80) Concurrent Mark Cycle
[2026-09-03T12:35:02.767+0800][5.803s][info][gc,marking  ] GC(80) Concurrent Scan Root Regions
[2026-09-03T12:35:02.767+0800][5.803s][info][safepoint   ] Safepoint "G1CollectForAllocation", Time since last: 86656875 ns, Reaching safepoint: 38000 ns, At safepoint: 2906416 ns, Leaving safepoint: 39292 ns, Total: 2983708 ns, Threads: 4 runnable, 42 total
[2026-09-03T12:35:02.770+0800][5.805s][info][gc,marking  ] GC(80) Concurrent Scan Root Regions 2.167ms
[2026-09-03T12:35:02.770+0800][5.805s][info][gc,marking  ] GC(80) Concurrent Mark
[2026-09-03T12:35:02.770+0800][5.805s][info][gc,marking  ] GC(80) Concurrent Mark From Roots
[2026-09-03T12:35:02.770+0800][5.805s][info][gc,task     ] GC(80) Concurrent Mark Using 2 of 2 Workers
[2026-09-03T12:35:02.775+0800][5.811s][info][gc,marking  ] GC(80) Concurrent Mark From Roots 5.344ms
[2026-09-03T12:35:02.775+0800][5.811s][info][gc,marking  ] GC(80) Concurrent Preclean
[2026-09-03T12:35:02.775+0800][5.811s][info][gc,marking  ] GC(80) Concurrent Preclean 0.026ms
[2026-09-03T12:35:02.775+0800][5.811s][info][gc,start    ] GC(80) Pause Remark
[2026-09-03T12:35:02.775+0800][5.811s][info][gc          ] GC(80) Pause Remark 154M->116M(256M) 0.346ms
[2026-09-03T12:35:02.775+0800][5.811s][info][gc,cpu      ] GC(80) User=0.00s Sys=0.00s Real=0.00s
[2026-09-03T12:35:02.775+0800][5.811s][info][safepoint   ] Safepoint "G1PauseRemark", Time since last: 7660417 ns, Reaching safepoint: 20958 ns, At safepoint: 367333 ns, Leaving safepoint: 26209 ns, Total: 414500 ns, Threads: 1 runnable, 42 total
[2026-09-03T12:35:02.776+0800][5.811s][info][gc,marking  ] GC(80) Concurrent Mark 5.960ms
[2026-09-03T12:35:02.776+0800][5.811s][info][gc,marking  ] GC(80) Concurrent Rebuild Remembered Sets and Scrub Regions
[2026-09-03T12:35:02.780+0800][5.816s][info][gc,marking  ] GC(80) Concurrent Rebuild Remembered Sets and Scrub Regions 4.512ms
[2026-09-03T12:35:02.780+0800][5.816s][info][gc,start    ] GC(80) Pause Cleanup
[2026-09-03T12:35:02.780+0800][5.816s][info][gc          ] GC(80) Pause Cleanup 121M->121M(256M) 0.056ms
[2026-09-03T12:35:02.780+0800][5.816s][info][gc,cpu      ] GC(80) User=0.00s Sys=0.00s Real=0.00s
[2026-09-03T12:35:02.780+0800][5.816s][info][safepoint   ] Safepoint "G1PauseCleanup", Time since last: 4629708 ns, Reaching safepoint: 28417 ns, At safepoint: 83000 ns, Leaving safepoint: 41875 ns, Total: 153292 ns, Threads: 1 runnable, 42 total
[2026-09-03T12:35:02.780+0800][5.816s][info][gc,marking  ] GC(80) Concurrent Clear Claimed Marks
[2026-09-03T12:35:02.780+0800][5.816s][info][gc,marking  ] GC(80) Concurrent Clear Claimed Marks 0.006ms
[2026-09-03T12:35:02.780+0800][5.816s][info][gc,marking  ] GC(80) Concurrent Cleanup for Next Mark
[2026-09-03T12:35:02.781+0800][5.816s][info][gc,marking  ] GC(80) Concurrent Cleanup for Next Mark 0.196ms
[2026-09-03T12:35:02.781+0800][5.817s][info][gc          ] GC(80) Concurrent Mark Cycle 13.278ms
[2026-09-03T12:35:02.842+0800][5.878s][info][gc,start    ] GC(81) Pause Young (Prepare Mixed) (G1 Evacuation Pause)
[2026-09-03T12:35:02.842+0800][5.878s][info][gc,task     ] GC(81) Using 9 workers of 9 for evacuation
[2026-09-03T12:35:02.844+0800][5.880s][info][gc,phases   ] GC(81)   Pre Evacuate Collection Set: 0.04ms
[2026-09-03T12:35:02.844+0800][5.880s][info][gc,phases   ] GC(81)   Merge Heap Roots: 0.02ms
[2026-09-03T12:35:02.844+0800][5.880s][info][gc,phases   ] GC(81)   Evacuate Collection Set: 1.62ms
[2026-09-03T12:35:02.844+0800][5.880s][info][gc,phases   ] GC(81)   Post Evacuate Collection Set: 0.10ms
[2026-09-03T12:35:02.844+0800][5.880s][info][gc,phases   ] GC(81)   Other: 0.06ms
[2026-09-03T12:35:02.844+0800][5.880s][info][gc,heap     ] GC(81) Eden regions: 78->0(94)
[2026-09-03T12:35:02.844+0800][5.880s][info][gc,heap     ] GC(81) Survivor regions: 14->12(12)
[2026-09-03T12:35:02.844+0800][5.880s][info][gc,heap     ] GC(81) Old regions: 93->110
[2026-09-03T12:35:02.844+0800][5.880s][info][gc,heap     ] GC(81) Humongous regions: 1->1
[2026-09-03T12:35:02.844+0800][5.880s][info][gc,metaspace] GC(81) Metaspace: 1059K(1216K)->1059K(1216K) NonClass: 994K(1088K)->994K(1088K) Class: 64K(128K)->64K(128K)
[2026-09-03T12:35:02.844+0800][5.880s][info][gc          ] GC(81) Pause Young (Prepare Mixed) (G1 Evacuation Pause) 185M->123M(256M) 1.933ms
[2026-09-03T12:35:02.844+0800][5.880s][info][gc,cpu      ] GC(81) User=0.02s Sys=0.00s Real=0.00s
[2026-09-03T12:35:02.844+0800][5.880s][info][safepoint   ] Safepoint "G1CollectForAllocation", Time since last: 61923708 ns, Reaching safepoint: 59417 ns, At safepoint: 1956083 ns, Leaving safepoint: 25250 ns, Total: 2040750 ns, Threads: 4 runnable, 42 total
[2026-09-03T12:35:02.931+0800][5.967s][info][gc,start    ] GC(82) Pause Young (Mixed) (G1 Evacuation Pause)
[2026-09-03T12:35:02.931+0800][5.967s][info][gc,task     ] GC(82) Using 9 workers of 9 for evacuation
[2026-09-03T12:35:02.933+0800][5.969s][info][gc,phases   ] GC(82)   Pre Evacuate Collection Set: 0.07ms
[2026-09-03T12:35:02.933+0800][5.969s][info][gc,phases   ] GC(82)   Merge Heap Roots: 0.03ms
[2026-09-03T12:35:02.933+0800][5.969s][info][gc,phases   ] GC(82)   Evacuate Collection Set: 2.31ms
[2026-09-03T12:35:02.933+0800][5.969s][info][gc,phases   ] GC(82)   Post Evacuate Collection Set: 0.11ms
[2026-09-03T12:35:02.933+0800][5.969s][info][gc,phases   ] GC(82)   Other: 0.06ms
[2026-09-03T12:35:02.933+0800][5.969s][info][gc,heap     ] GC(82) Eden regions: 94->0(101)
[2026-09-03T12:35:02.933+0800][5.969s][info][gc,heap     ] GC(82) Survivor regions: 12->14(14)
[2026-09-03T12:35:02.933+0800][5.969s][info][gc,heap     ] GC(82) Old regions: 110->98
[2026-09-03T12:35:02.933+0800][5.969s][info][gc,heap     ] GC(82) Humongous regions: 1->1
[2026-09-03T12:35:02.933+0800][5.969s][info][gc,metaspace] GC(82) Metaspace: 1059K(1216K)->1059K(1216K) NonClass: 994K(1088K)->994K(1088K) Class: 64K(128K)->64K(128K)
[2026-09-03T12:35:02.933+0800][5.969s][info][gc          ] GC(82) Pause Young (Mixed) (G1 Evacuation Pause) 216M->113M(256M) 2.724ms
[2026-09-03T12:35:02.933+0800][5.969s][info][gc,cpu      ] GC(82) User=0.02s Sys=0.00s Real=0.00s
[2026-09-03T12:35:02.933+0800][5.969s][info][safepoint   ] Safepoint "G1CollectForAllocation", Time since last: 86451792 ns, Reaching safepoint: 2958 ns, At safepoint: 2753875 ns, Leaving safepoint: 19208 ns, Total: 2776041 ns, Threads: 0 runnable, 42 total
[2026-09-03T12:35:03.029+0800][6.065s][info][gc,start    ] GC(83) Pause Young (Mixed) (G1 Evacuation Pause)
[2026-09-03T12:35:03.029+0800][6.065s][info][gc,task     ] GC(83) Using 9 workers of 9 for evacuation
[2026-09-03T12:35:03.031+0800][6.067s][info][gc,phases   ] GC(83)   Pre Evacuate Collection Set: 0.04ms
[2026-09-03T12:35:03.031+0800][6.067s][info][gc,phases   ] GC(83)   Merge Heap Roots: 0.03ms
[2026-09-03T12:35:03.031+0800][6.067s][info][gc,phases   ] GC(83)   Evacuate Collection Set: 2.04ms
[2026-09-03T12:35:03.031+0800][6.067s][info][gc,phases   ] GC(83)   Post Evacuate Collection Set: 0.11ms
[2026-09-03T12:35:03.031+0800][6.067s][info][gc,phases   ] GC(83)   Other: 0.06ms
[2026-09-03T12:35:03.031+0800][6.067s][info][gc,heap     ] GC(83) Eden regions: 101->0(90)
[2026-09-03T12:35:03.031+0800][6.067s][info][gc,heap     ] GC(83) Survivor regions: 14->15(15)
[2026-09-03T12:35:03.031+0800][6.067s][info][gc,heap     ] GC(83) Old regions: 98->112
[2026-09-03T12:35:03.031+0800][6.067s][info][gc,heap     ] GC(83) Humongous regions: 1->1
[2026-09-03T12:35:03.031+0800][6.067s][info][gc,metaspace] GC(83) Metaspace: 1059K(1216K)->1059K(1216K) NonClass: 994K(1088K)->994K(1088K) Class: 64K(128K)->64K(128K)
[2026-09-03T12:35:03.031+0800][6.067s][info][gc          ] GC(83) Pause Young (Mixed) (G1 Evacuation Pause) 214M->128M(256M) 2.388ms
[2026-09-03T12:35:03.031+0800][6.067s][info][gc,cpu      ] GC(83) User=0.01s Sys=0.00s Real=0.01s
[2026-09-03T12:35:03.031+0800][6.067s][info][safepoint   ] Safepoint "G1CollectForAllocation", Time since last: 95389917 ns, Reaching safepoint: 47625 ns, At safepoint: 2413333 ns, Leaving safepoint: 39542 ns, Total: 2500500 ns, Threads: 1 runnable, 42 total
[2026-09-03T12:35:03.117+0800][6.153s][info][gc,start    ] GC(84) Pause Young (Concurrent Start) (G1 Evacuation Pause)
[2026-09-03T12:35:03.117+0800][6.153s][info][gc,task     ] GC(84) Using 9 workers of 9 for evacuation
[2026-09-03T12:35:03.119+0800][6.155s][info][gc,phases   ] GC(84)   Pre Evacuate Collection Set: 0.06ms
[2026-09-03T12:35:03.119+0800][6.155s][info][gc,phases   ] GC(84)   Merge Heap Roots: 0.02ms
[2026-09-03T12:35:03.119+0800][6.155s][info][gc,phases   ] GC(84)   Evacuate Collection Set: 1.98ms
[2026-09-03T12:35:03.119+0800][6.155s][info][gc,phases   ] GC(84)   Post Evacuate Collection Set: 0.08ms
[2026-09-03T12:35:03.119+0800][6.155s][info][gc,phases   ] GC(84)   Other: 0.05ms
[2026-09-03T12:35:03.119+0800][6.155s][info][gc,heap     ] GC(84) Eden regions: 90->0(78)
[2026-09-03T12:35:03.119+0800][6.155s][info][gc,heap     ] GC(84) Survivor regions: 15->14(14)
[2026-09-03T12:35:03.119+0800][6.155s][info][gc,heap     ] GC(84) Old regions: 112->131
[2026-09-03T12:35:03.119+0800][6.155s][info][gc,heap     ] GC(84) Humongous regions: 1->1
[2026-09-03T12:35:03.119+0800][6.155s][info][gc,metaspace] GC(84) Metaspace: 1059K(1216K)->1059K(1216K) NonClass: 994K(1088K)->994K(1088K) Class: 64K(128K)->64K(128K)
[2026-09-03T12:35:03.119+0800][6.155s][info][gc          ] GC(84) Pause Young (Concurrent Start) (G1 Evacuation Pause) 218M->146M(256M) 2.311ms
[2026-09-03T12:35:03.119+0800][6.155s][info][gc,cpu      ] GC(84) User=0.02s Sys=0.00s Real=0.00s
[2026-09-03T12:35:03.119+0800][6.155s][info][gc          ] GC(85) Concurrent Mark Cycle
[2026-09-03T12:35:03.119+0800][6.155s][info][gc,marking  ] GC(85) Concurrent Scan Root Regions
[2026-09-03T12:35:03.119+0800][6.155s][info][safepoint   ] Safepoint "G1CollectForAllocation", Time since last: 85772333 ns, Reaching safepoint: 24834 ns, At safepoint: 2344250 ns, Leaving safepoint: 19500 ns, Total: 2388584 ns, Threads: 1 runnable, 42 total
[2026-09-03T12:35:03.121+0800][6.157s][info][gc,marking  ] GC(85) Concurrent Scan Root Regions 1.937ms
[2026-09-03T12:35:03.121+0800][6.157s][info][gc,marking  ] GC(85) Concurrent Mark
[2026-09-03T12:35:03.121+0800][6.157s][info][gc,marking  ] GC(85) Concurrent Mark From Roots
[2026-09-03T12:35:03.121+0800][6.157s][info][gc,task     ] GC(85) Concurrent Mark Using 2 of 2 Workers
[2026-09-03T12:35:03.127+0800][6.163s][info][gc,marking  ] GC(85) Concurrent Mark From Roots 6.012ms
[2026-09-03T12:35:03.128+0800][6.163s][info][gc,marking  ] GC(85) Concurrent Preclean
[2026-09-03T12:35:03.128+0800][6.163s][info][gc,marking  ] GC(85) Concurrent Preclean 0.021ms
[2026-09-03T12:35:03.128+0800][6.163s][info][gc,start    ] GC(85) Pause Remark
[2026-09-03T12:35:03.128+0800][6.164s][info][gc          ] GC(85) Pause Remark 155M->125M(256M) 0.404ms
[2026-09-03T12:35:03.128+0800][6.164s][info][gc,cpu      ] GC(85) User=0.00s Sys=0.00s Real=0.00s
[2026-09-03T12:35:03.128+0800][6.164s][info][safepoint   ] Safepoint "G1PauseRemark", Time since last: 8090375 ns, Reaching safepoint: 4500 ns, At safepoint: 446875 ns, Leaving safepoint: 17666 ns, Total: 469041 ns, Threads: 0 runnable, 42 total
[2026-09-03T12:35:03.128+0800][6.164s][info][gc,marking  ] GC(85) Concurrent Mark 6.611ms
[2026-09-03T12:35:03.128+0800][6.164s][info][gc,marking  ] GC(85) Concurrent Rebuild Remembered Sets and Scrub Regions
[2026-09-03T12:35:03.134+0800][6.170s][info][gc,marking  ] GC(85) Concurrent Rebuild Remembered Sets and Scrub Regions 5.948ms
[2026-09-03T12:35:03.134+0800][6.170s][info][gc,start    ] GC(85) Pause Cleanup
[2026-09-03T12:35:03.134+0800][6.170s][info][gc          ] GC(85) Pause Cleanup 132M->132M(256M) 0.039ms
[2026-09-03T12:35:03.134+0800][6.170s][info][gc,cpu      ] GC(85) User=0.00s Sys=0.00s Real=0.00s
[2026-09-03T12:35:03.134+0800][6.170s][info][safepoint   ] Safepoint "G1PauseCleanup", Time since last: 6007292 ns, Reaching safepoint: 2583 ns, At safepoint: 57292 ns, Leaving safepoint: 18875 ns, Total: 78750 ns, Threads: 0 runnable, 42 total
[2026-09-03T12:35:03.134+0800][6.170s][info][gc,marking  ] GC(85) Concurrent Clear Claimed Marks
[2026-09-03T12:35:03.134+0800][6.170s][info][gc,marking  ] GC(85) Concurrent Clear Claimed Marks 0.041ms
[2026-09-03T12:35:03.134+0800][6.170s][info][gc,marking  ] GC(85) Concurrent Cleanup for Next Mark
[2026-09-03T12:35:03.134+0800][6.170s][info][gc,marking  ] GC(85) Concurrent Cleanup for Next Mark 0.123ms
[2026-09-03T12:35:03.134+0800][6.170s][info][gc          ] GC(85) Concurrent Mark Cycle 14.878ms
[2026-09-03T12:35:03.190+0800][6.226s][info][gc,start    ] GC(86) Pause Young (Prepare Mixed) (G1 Evacuation Pause)
[2026-09-03T12:35:03.190+0800][6.226s][info][gc,task     ] GC(86) Using 9 workers of 9 for evacuation
[2026-09-03T12:35:03.192+0800][6.228s][info][gc,phases   ] GC(86)   Pre Evacuate Collection Set: 0.05ms
[2026-09-03T12:35:03.192+0800][6.228s][info][gc,phases   ] GC(86)   Merge Heap Roots: 0.04ms
[2026-09-03T12:35:03.192+0800][6.228s][info][gc,phases   ] GC(86)   Evacuate Collection Set: 2.06ms
[2026-09-03T12:35:03.192+0800][6.228s][info][gc,phases   ] GC(86)   Post Evacuate Collection Set: 0.10ms
[2026-09-03T12:35:03.192+0800][6.228s][info][gc,phases   ] GC(86)   Other: 0.09ms
[2026-09-03T12:35:03.192+0800][6.228s][info][gc,heap     ] GC(86) Eden regions: 78->0(87)
[2026-09-03T12:35:03.192+0800][6.228s][info][gc,heap     ] GC(86) Survivor regions: 14->12(12)
[2026-09-03T12:35:03.192+0800][6.228s][info][gc,heap     ] GC(86) Old regions: 101->120
[2026-09-03T12:35:03.192+0800][6.228s][info][gc,heap     ] GC(86) Humongous regions: 1->1
[2026-09-03T12:35:03.192+0800][6.228s][info][gc,metaspace] GC(86) Metaspace: 1059K(1216K)->1059K(1216K) NonClass: 994K(1088K)->994K(1088K) Class: 64K(128K)->64K(128K)
[2026-09-03T12:35:03.192+0800][6.228s][info][gc          ] GC(86) Pause Young (Prepare Mixed) (G1 Evacuation Pause) 194M->132M(256M) 2.510ms
[2026-09-03T12:35:03.192+0800][6.228s][info][gc,cpu      ] GC(86) User=0.02s Sys=0.00s Real=0.00s
[2026-09-03T12:35:03.192+0800][6.228s][info][safepoint   ] Safepoint "G1CollectForAllocation", Time since last: 55490083 ns, Reaching safepoint: 6084 ns, At safepoint: 2551208 ns, Leaving safepoint: 22083 ns, Total: 2579375 ns, Threads: 0 runnable, 42 total
[2026-09-03T12:35:03.273+0800][6.309s][info][gc,start    ] GC(87) Pause Young (Mixed) (G1 Evacuation Pause)
[2026-09-03T12:35:03.273+0800][6.309s][info][gc,task     ] GC(87) Using 9 workers of 9 for evacuation
[2026-09-03T12:35:03.276+0800][6.312s][info][gc,phases   ] GC(87)   Pre Evacuate Collection Set: 0.06ms
[2026-09-03T12:35:03.276+0800][6.312s][info][gc,phases   ] GC(87)   Merge Heap Roots: 0.02ms
[2026-09-03T12:35:03.276+0800][6.312s][info][gc,phases   ] GC(87)   Evacuate Collection Set: 2.29ms
[2026-09-03T12:35:03.276+0800][6.312s][info][gc,phases   ] GC(87)   Post Evacuate Collection Set: 0.10ms
[2026-09-03T12:35:03.276+0800][6.312s][info][gc,phases   ] GC(87)   Other: 0.06ms
[2026-09-03T12:35:03.276+0800][6.312s][info][gc,heap     ] GC(87) Eden regions: 87->0(93)
[2026-09-03T12:35:03.276+0800][6.312s][info][gc,heap     ] GC(87) Survivor regions: 12->13(13)
[2026-09-03T12:35:03.276+0800][6.312s][info][gc,heap     ] GC(87) Old regions: 120->110
[2026-09-03T12:35:03.276+0800][6.312s][info][gc,heap     ] GC(87) Humongous regions: 1->1
[2026-09-03T12:35:03.276+0800][6.312s][info][gc,metaspace] GC(87) Metaspace: 1059K(1216K)->1059K(1216K) NonClass: 994K(1088K)->994K(1088K) Class: 64K(128K)->64K(128K)
[2026-09-03T12:35:03.276+0800][6.312s][info][gc          ] GC(87) Pause Young (Mixed) (G1 Evacuation Pause) 219M->123M(256M) 2.658ms
[2026-09-03T12:35:03.276+0800][6.312s][info][gc,cpu      ] GC(87) User=0.02s Sys=0.00s Real=0.00s
[2026-09-03T12:35:03.276+0800][6.312s][info][safepoint   ] Safepoint "G1CollectForAllocation", Time since last: 80801875 ns, Reaching safepoint: 22375 ns, At safepoint: 2685792 ns, Leaving safepoint: 23917 ns, Total: 2732084 ns, Threads: 2 runnable, 42 total
[2026-09-03T12:35:03.363+0800][6.399s][info][gc,start    ] GC(88) Pause Young (Mixed) (G1 Evacuation Pause)
[2026-09-03T12:35:03.363+0800][6.399s][info][gc,task     ] GC(88) Using 9 workers of 9 for evacuation
[2026-09-03T12:35:03.366+0800][6.402s][info][gc,phases   ] GC(88)   Pre Evacuate Collection Set: 0.05ms
[2026-09-03T12:35:03.366+0800][6.402s][info][gc,phases   ] GC(88)   Merge Heap Roots: 0.03ms
[2026-09-03T12:35:03.366+0800][6.402s][info][gc,phases   ] GC(88)   Evacuate Collection Set: 2.30ms
[2026-09-03T12:35:03.366+0800][6.402s][info][gc,phases   ] GC(88)   Post Evacuate Collection Set: 0.14ms
[2026-09-03T12:35:03.366+0800][6.402s][info][gc,phases   ] GC(88)   Other: 0.10ms
[2026-09-03T12:35:03.366+0800][6.402s][info][gc,heap     ] GC(88) Eden regions: 93->0(94)
[2026-09-03T12:35:03.366+0800][6.402s][info][gc,heap     ] GC(88) Survivor regions: 13->14(14)
[2026-09-03T12:35:03.366+0800][6.402s][info][gc,heap     ] GC(88) Old regions: 110->108
[2026-09-03T12:35:03.366+0800][6.402s][info][gc,heap     ] GC(88) Humongous regions: 1->1
[2026-09-03T12:35:03.366+0800][6.402s][info][gc,metaspace] GC(88) Metaspace: 1059K(1216K)->1059K(1216K) NonClass: 994K(1088K)->994K(1088K) Class: 64K(128K)->64K(128K)
[2026-09-03T12:35:03.366+0800][6.402s][info][gc          ] GC(88) Pause Young (Mixed) (G1 Evacuation Pause) 216M->123M(256M) 2.757ms
[2026-09-03T12:35:03.366+0800][6.402s][info][gc,cpu      ] GC(88) User=0.02s Sys=0.00s Real=0.00s
[2026-09-03T12:35:03.366+0800][6.402s][info][safepoint   ] Safepoint "G1CollectForAllocation", Time since last: 87373000 ns, Reaching safepoint: 40291 ns, At safepoint: 2794375 ns, Leaving safepoint: 37959 ns, Total: 2872625 ns, Threads: 1 runnable, 42 total
[2026-09-03T12:35:03.456+0800][6.492s][info][gc,start    ] GC(89) Pause Young (Concurrent Start) (G1 Evacuation Pause)
[2026-09-03T12:35:03.456+0800][6.492s][info][gc,task     ] GC(89) Using 9 workers of 9 for evacuation
[2026-09-03T12:35:03.459+0800][6.495s][info][gc,phases   ] GC(89)   Pre Evacuate Collection Set: 0.07ms
[2026-09-03T12:35:03.459+0800][6.495s][info][gc,phases   ] GC(89)   Merge Heap Roots: 0.03ms
[2026-09-03T12:35:03.459+0800][6.495s][info][gc,phases   ] GC(89)   Evacuate Collection Set: 2.81ms
[2026-09-03T12:35:03.459+0800][6.495s][info][gc,phases   ] GC(89)   Post Evacuate Collection Set: 0.09ms
[2026-09-03T12:35:03.459+0800][6.495s][info][gc,phases   ] GC(89)   Other: 0.07ms
[2026-09-03T12:35:03.459+0800][6.495s][info][gc,heap     ] GC(89) Eden regions: 94->0(80)
[2026-09-03T12:35:03.459+0800][6.495s][info][gc,heap     ] GC(89) Survivor regions: 14->14(14)
[2026-09-03T12:35:03.459+0800][6.495s][info][gc,heap     ] GC(89) Old regions: 108->128
[2026-09-03T12:35:03.459+0800][6.495s][info][gc,heap     ] GC(89) Humongous regions: 1->1
[2026-09-03T12:35:03.459+0800][6.495s][info][gc,metaspace] GC(89) Metaspace: 1059K(1216K)->1059K(1216K) NonClass: 994K(1088K)->994K(1088K) Class: 64K(128K)->64K(128K)
[2026-09-03T12:35:03.459+0800][6.495s][info][gc          ] GC(89) Pause Young (Concurrent Start) (G1 Evacuation Pause) 217M->142M(256M) 3.212ms
[2026-09-03T12:35:03.459+0800][6.495s][info][gc,cpu      ] GC(89) User=0.02s Sys=0.00s Real=0.00s
[2026-09-03T12:35:03.459+0800][6.495s][info][gc          ] GC(90) Concurrent Mark Cycle
[2026-09-03T12:35:03.459+0800][6.495s][info][gc,marking  ] GC(90) Concurrent Scan Root Regions
[2026-09-03T12:35:03.459+0800][6.495s][info][safepoint   ] Safepoint "G1CollectForAllocation", Time since last: 89670500 ns, Reaching safepoint: 27791 ns, At safepoint: 3252125 ns, Leaving safepoint: 23125 ns, Total: 3303041 ns, Threads: 2 runnable, 42 total
[2026-09-03T12:35:03.461+0800][6.497s][info][gc,marking  ] GC(90) Concurrent Scan Root Regions 2.247ms
[2026-09-03T12:35:03.461+0800][6.497s][info][gc,marking  ] GC(90) Concurrent Mark
[2026-09-03T12:35:03.461+0800][6.497s][info][gc,marking  ] GC(90) Concurrent Mark From Roots
[2026-09-03T12:35:03.461+0800][6.497s][info][gc,task     ] GC(90) Concurrent Mark Using 2 of 2 Workers
[2026-09-03T12:35:03.466+0800][6.502s][info][gc,marking  ] GC(90) Concurrent Mark From Roots 5.087ms
[2026-09-03T12:35:03.466+0800][6.502s][info][gc,marking  ] GC(90) Concurrent Preclean
[2026-09-03T12:35:03.466+0800][6.502s][info][gc,marking  ] GC(90) Concurrent Preclean 0.011ms
[2026-09-03T12:35:03.466+0800][6.502s][info][gc,start    ] GC(90) Pause Remark
[2026-09-03T12:35:03.467+0800][6.503s][info][gc          ] GC(90) Pause Remark 150M->118M(256M) 0.300ms
[2026-09-03T12:35:03.467+0800][6.503s][info][gc,cpu      ] GC(90) User=0.00s Sys=0.00s Real=0.00s
[2026-09-03T12:35:03.467+0800][6.503s][info][safepoint   ] Safepoint "G1PauseRemark", Time since last: 7428792 ns, Reaching safepoint: 27375 ns, At safepoint: 380667 ns, Leaving safepoint: 26208 ns, Total: 434250 ns, Threads: 1 runnable, 42 total
[2026-09-03T12:35:03.467+0800][6.503s][info][gc,marking  ] GC(90) Concurrent Mark 5.634ms
[2026-09-03T12:35:03.467+0800][6.503s][info][gc,marking  ] GC(90) Concurrent Rebuild Remembered Sets and Scrub Regions
[2026-09-03T12:35:03.470+0800][6.506s][info][gc,marking  ] GC(90) Concurrent Rebuild Remembered Sets and Scrub Regions 3.606ms
[2026-09-03T12:35:03.471+0800][6.506s][info][gc,start    ] GC(90) Pause Cleanup
[2026-09-03T12:35:03.471+0800][6.506s][info][gc          ] GC(90) Pause Cleanup 122M->122M(256M) 0.046ms
[2026-09-03T12:35:03.471+0800][6.506s][info][gc,cpu      ] GC(90) User=0.00s Sys=0.00s Real=0.00s
[2026-09-03T12:35:03.471+0800][6.507s][info][safepoint   ] Safepoint "G1PauseCleanup", Time since last: 3707000 ns, Reaching safepoint: 2042 ns, At safepoint: 68208 ns, Leaving safepoint: 12042 ns, Total: 82292 ns, Threads: 0 runnable, 42 total
[2026-09-03T12:35:03.471+0800][6.507s][info][gc,marking  ] GC(90) Concurrent Clear Claimed Marks
[2026-09-03T12:35:03.471+0800][6.507s][info][gc,marking  ] GC(90) Concurrent Clear Claimed Marks 0.023ms
[2026-09-03T12:35:03.471+0800][6.507s][info][gc,marking  ] GC(90) Concurrent Cleanup for Next Mark
[2026-09-03T12:35:03.471+0800][6.507s][info][gc,marking  ] GC(90) Concurrent Cleanup for Next Mark 0.130ms
[2026-09-03T12:35:03.471+0800][6.507s][info][gc          ] GC(90) Concurrent Mark Cycle 11.876ms
[2026-09-03T12:35:03.532+0800][6.567s][info][gc,start    ] GC(91) Pause Young (Prepare Mixed) (G1 Evacuation Pause)
[2026-09-03T12:35:03.532+0800][6.568s][info][gc,task     ] GC(91) Using 9 workers of 9 for evacuation
[2026-09-03T12:35:03.534+0800][6.570s][info][gc,phases   ] GC(91)   Pre Evacuate Collection Set: 0.05ms
[2026-09-03T12:35:03.534+0800][6.570s][info][gc,phases   ] GC(91)   Merge Heap Roots: 0.03ms
[2026-09-03T12:35:03.534+0800][6.570s][info][gc,phases   ] GC(91)   Evacuate Collection Set: 1.99ms
[2026-09-03T12:35:03.534+0800][6.570s][info][gc,phases   ] GC(91)   Post Evacuate Collection Set: 0.10ms
[2026-09-03T12:35:03.534+0800][6.570s][info][gc,phases   ] GC(91)   Other: 0.08ms
[2026-09-03T12:35:03.534+0800][6.570s][info][gc,heap     ] GC(91) Eden regions: 80->0(91)
[2026-09-03T12:35:03.534+0800][6.570s][info][gc,heap     ] GC(91) Survivor regions: 14->12(12)
[2026-09-03T12:35:03.534+0800][6.570s][info][gc,heap     ] GC(91) Old regions: 96->114
[2026-09-03T12:35:03.534+0800][6.570s][info][gc,heap     ] GC(91) Humongous regions: 1->1
[2026-09-03T12:35:03.534+0800][6.570s][info][gc,metaspace] GC(91) Metaspace: 1059K(1216K)->1059K(1216K) NonClass: 994K(1088K)->994K(1088K) Class: 64K(128K)->64K(128K)
[2026-09-03T12:35:03.534+0800][6.570s][info][gc          ] GC(91) Pause Young (Prepare Mixed) (G1 Evacuation Pause) 190M->126M(256M) 2.401ms
[2026-09-03T12:35:03.534+0800][6.570s][info][gc,cpu      ] GC(91) User=0.02s Sys=0.00s Real=0.00s
[2026-09-03T12:35:03.534+0800][6.570s][info][safepoint   ] Safepoint "G1CollectForAllocation", Time since last: 60916833 ns, Reaching safepoint: 5542 ns, At safepoint: 2436500 ns, Leaving safepoint: 41958 ns, Total: 2484000 ns, Threads: 0 runnable, 42 total
[2026-09-03T12:35:03.614+0800][6.650s][info][gc,start    ] GC(92) Pause Young (Mixed) (G1 Evacuation Pause)
[2026-09-03T12:35:03.614+0800][6.650s][info][gc,task     ] GC(92) Using 9 workers of 9 for evacuation
[2026-09-03T12:35:03.617+0800][6.653s][info][gc,phases   ] GC(92)   Pre Evacuate Collection Set: 0.07ms
[2026-09-03T12:35:03.617+0800][6.653s][info][gc,phases   ] GC(92)   Merge Heap Roots: 0.03ms
[2026-09-03T12:35:03.617+0800][6.653s][info][gc,phases   ] GC(92)   Evacuate Collection Set: 2.18ms
[2026-09-03T12:35:03.617+0800][6.653s][info][gc,phases   ] GC(92)   Post Evacuate Collection Set: 0.10ms
[2026-09-03T12:35:03.617+0800][6.653s][info][gc,phases   ] GC(92)   Other: 0.06ms
[2026-09-03T12:35:03.617+0800][6.653s][info][gc,heap     ] GC(92) Eden regions: 91->0(100)
[2026-09-03T12:35:03.617+0800][6.653s][info][gc,heap     ] GC(92) Survivor regions: 12->13(13)
[2026-09-03T12:35:03.617+0800][6.653s][info][gc,heap     ] GC(92) Old regions: 114->101
[2026-09-03T12:35:03.617+0800][6.653s][info][gc,heap     ] GC(92) Humongous regions: 1->1
[2026-09-03T12:35:03.617+0800][6.653s][info][gc,metaspace] GC(92) Metaspace: 1059K(1216K)->1059K(1216K) NonClass: 994K(1088K)->994K(1088K) Class: 64K(128K)->64K(128K)
[2026-09-03T12:35:03.617+0800][6.653s][info][gc          ] GC(92) Pause Young (Mixed) (G1 Evacuation Pause) 217M->115M(256M) 2.541ms
[2026-09-03T12:35:03.617+0800][6.653s][info][gc,cpu      ] GC(92) User=0.02s Sys=0.01s Real=0.00s
[2026-09-03T12:35:03.617+0800][6.653s][info][safepoint   ] Safepoint "G1CollectForAllocation", Time since last: 80438125 ns, Reaching safepoint: 2708 ns, At safepoint: 2567167 ns, Leaving safepoint: 20042 ns, Total: 2589917 ns, Threads: 0 runnable, 42 total
[2026-09-03T12:35:03.706+0800][6.742s][info][gc,start    ] GC(93) Pause Young (Mixed) (G1 Evacuation Pause)
[2026-09-03T12:35:03.706+0800][6.742s][info][gc,task     ] GC(93) Using 9 workers of 9 for evacuation
[2026-09-03T12:35:03.709+0800][6.745s][info][gc,phases   ] GC(93)   Pre Evacuate Collection Set: 0.05ms
[2026-09-03T12:35:03.709+0800][6.745s][info][gc,phases   ] GC(93)   Merge Heap Roots: 0.05ms
[2026-09-03T12:35:03.709+0800][6.745s][info][gc,phases   ] GC(93)   Evacuate Collection Set: 2.16ms
[2026-09-03T12:35:03.709+0800][6.745s][info][gc,phases   ] GC(93)   Post Evacuate Collection Set: 0.09ms
[2026-09-03T12:35:03.709+0800][6.745s][info][gc,phases   ] GC(93)   Other: 0.07ms
[2026-09-03T12:35:03.709+0800][6.745s][info][gc,heap     ] GC(93) Eden regions: 100->0(90)
[2026-09-03T12:35:03.709+0800][6.745s][info][gc,heap     ] GC(93) Survivor regions: 13->15(15)
[2026-09-03T12:35:03.709+0800][6.745s][info][gc,heap     ] GC(93) Old regions: 101->112
[2026-09-03T12:35:03.709+0800][6.745s][info][gc,heap     ] GC(93) Humongous regions: 1->1
[2026-09-03T12:35:03.709+0800][6.745s][info][gc,metaspace] GC(93) Metaspace: 1059K(1216K)->1059K(1216K) NonClass: 994K(1088K)->994K(1088K) Class: 64K(128K)->64K(128K)
[2026-09-03T12:35:03.709+0800][6.745s][info][gc          ] GC(93) Pause Young (Mixed) (G1 Evacuation Pause) 215M->128M(256M) 2.575ms
[2026-09-03T12:35:03.709+0800][6.745s][info][gc,cpu      ] GC(93) User=0.01s Sys=0.00s Real=0.00s
[2026-09-03T12:35:03.709+0800][6.745s][info][safepoint   ] Safepoint "G1CollectForAllocation", Time since last: 89137416 ns, Reaching safepoint: 4000 ns, At safepoint: 2602375 ns, Leaving safepoint: 21250 ns, Total: 2627625 ns, Threads: 0 runnable, 42 total
[2026-09-03T12:35:03.787+0800][6.823s][info][gc,start    ] GC(94) Pause Young (Concurrent Start) (G1 Evacuation Pause)
[2026-09-03T12:35:03.787+0800][6.823s][info][gc,task     ] GC(94) Using 9 workers of 9 for evacuation
[2026-09-03T12:35:03.789+0800][6.825s][info][gc,phases   ] GC(94)   Pre Evacuate Collection Set: 0.07ms
[2026-09-03T12:35:03.789+0800][6.825s][info][gc,phases   ] GC(94)   Merge Heap Roots: 0.03ms
[2026-09-03T12:35:03.789+0800][6.825s][info][gc,phases   ] GC(94)   Evacuate Collection Set: 1.89ms
[2026-09-03T12:35:03.789+0800][6.825s][info][gc,phases   ] GC(94)   Post Evacuate Collection Set: 0.09ms
[2026-09-03T12:35:03.789+0800][6.825s][info][gc,phases   ] GC(94)   Other: 0.07ms
[2026-09-03T12:35:03.789+0800][6.825s][info][gc,heap     ] GC(94) Eden regions: 90->0(77)
[2026-09-03T12:35:03.789+0800][6.825s][info][gc,heap     ] GC(94) Survivor regions: 15->14(14)
[2026-09-03T12:35:03.789+0800][6.825s][info][gc,heap     ] GC(94) Old regions: 112->132
[2026-09-03T12:35:03.789+0800][6.825s][info][gc,heap     ] GC(94) Humongous regions: 1->1
[2026-09-03T12:35:03.789+0800][6.825s][info][gc,metaspace] GC(94) Metaspace: 1059K(1216K)->1059K(1216K) NonClass: 994K(1088K)->994K(1088K) Class: 64K(128K)->64K(128K)
[2026-09-03T12:35:03.789+0800][6.825s][info][gc          ] GC(94) Pause Young (Concurrent Start) (G1 Evacuation Pause) 218M->146M(256M) 2.260ms
[2026-09-03T12:35:03.789+0800][6.825s][info][gc,cpu      ] GC(94) User=0.01s Sys=0.01s Real=0.00s
[2026-09-03T12:35:03.789+0800][6.825s][info][gc          ] GC(95) Concurrent Mark Cycle
[2026-09-03T12:35:03.789+0800][6.825s][info][gc,marking  ] GC(95) Concurrent Scan Root Regions
[2026-09-03T12:35:03.789+0800][6.825s][info][safepoint   ] Safepoint "G1CollectForAllocation", Time since last: 77790167 ns, Reaching safepoint: 24167 ns, At safepoint: 2289375 ns, Leaving safepoint: 33083 ns, Total: 2346625 ns, Threads: 1 runnable, 42 total
[2026-09-03T12:35:03.791+0800][6.827s][info][gc,marking  ] GC(95) Concurrent Scan Root Regions 2.255ms
[2026-09-03T12:35:03.791+0800][6.827s][info][gc,marking  ] GC(95) Concurrent Mark
[2026-09-03T12:35:03.791+0800][6.827s][info][gc,marking  ] GC(95) Concurrent Mark From Roots
[2026-09-03T12:35:03.791+0800][6.827s][info][gc,task     ] GC(95) Concurrent Mark Using 2 of 2 Workers
[2026-09-03T12:35:03.796+0800][6.832s][info][gc,marking  ] GC(95) Concurrent Mark From Roots 4.566ms
[2026-09-03T12:35:03.796+0800][6.832s][info][gc,marking  ] GC(95) Concurrent Preclean
[2026-09-03T12:35:03.796+0800][6.832s][info][gc,marking  ] GC(95) Concurrent Preclean 0.009ms
[2026-09-03T12:35:03.796+0800][6.832s][info][gc,start    ] GC(95) Pause Remark
[2026-09-03T12:35:03.796+0800][6.832s][info][gc          ] GC(95) Pause Remark 154M->123M(256M) 0.336ms
[2026-09-03T12:35:03.796+0800][6.832s][info][gc,cpu      ] GC(95) User=0.00s Sys=0.00s Real=0.00s
[2026-09-03T12:35:03.796+0800][6.832s][info][safepoint   ] Safepoint "G1PauseRemark", Time since last: 6872875 ns, Reaching safepoint: 24250 ns, At safepoint: 369250 ns, Leaving safepoint: 18458 ns, Total: 411958 ns, Threads: 3 runnable, 42 total
[2026-09-03T12:35:03.796+0800][6.832s][info][gc,marking  ] GC(95) Concurrent Mark 5.036ms
[2026-09-03T12:35:03.796+0800][6.832s][info][gc,marking  ] GC(95) Concurrent Rebuild Remembered Sets and Scrub Regions
[2026-09-03T12:35:03.801+0800][6.837s][info][gc,marking  ] GC(95) Concurrent Rebuild Remembered Sets and Scrub Regions 4.904ms
[2026-09-03T12:35:03.801+0800][6.837s][info][gc,start    ] GC(95) Pause Cleanup
[2026-09-03T12:35:03.801+0800][6.837s][info][gc          ] GC(95) Pause Cleanup 129M->129M(256M) 0.059ms
[2026-09-03T12:35:03.801+0800][6.837s][info][gc,cpu      ] GC(95) User=0.00s Sys=0.00s Real=0.00s
[2026-09-03T12:35:03.801+0800][6.837s][info][safepoint   ] Safepoint "G1PauseCleanup", Time since last: 4984209 ns, Reaching safepoint: 25541 ns, At safepoint: 81625 ns, Leaving safepoint: 25667 ns, Total: 132833 ns, Threads: 2 runnable, 42 total
[2026-09-03T12:35:03.801+0800][6.837s][info][gc,marking  ] GC(95) Concurrent Clear Claimed Marks
[2026-09-03T12:35:03.801+0800][6.837s][info][gc,marking  ] GC(95) Concurrent Clear Claimed Marks 0.008ms
[2026-09-03T12:35:03.801+0800][6.837s][info][gc,marking  ] GC(95) Concurrent Cleanup for Next Mark
[2026-09-03T12:35:03.801+0800][6.837s][info][gc,marking  ] GC(95) Concurrent Cleanup for Next Mark 0.106ms
[2026-09-03T12:35:03.801+0800][6.837s][info][gc          ] GC(95) Concurrent Mark Cycle 12.580ms
[2026-09-03T12:35:03.859+0800][6.895s][info][gc,start    ] GC(96) Pause Young (Prepare Mixed) (G1 Evacuation Pause)
[2026-09-03T12:35:03.859+0800][6.895s][info][gc,task     ] GC(96) Using 9 workers of 9 for evacuation
[2026-09-03T12:35:03.861+0800][6.897s][info][gc,phases   ] GC(96)   Pre Evacuate Collection Set: 0.07ms
[2026-09-03T12:35:03.861+0800][6.897s][info][gc,phases   ] GC(96)   Merge Heap Roots: 0.03ms
[2026-09-03T12:35:03.861+0800][6.897s][info][gc,phases   ] GC(96)   Evacuate Collection Set: 1.88ms
[2026-09-03T12:35:03.861+0800][6.897s][info][gc,phases   ] GC(96)   Post Evacuate Collection Set: 0.08ms
[2026-09-03T12:35:03.861+0800][6.897s][info][gc,phases   ] GC(96)   Other: 0.06ms
[2026-09-03T12:35:03.861+0800][6.897s][info][gc,heap     ] GC(96) Eden regions: 77->0(88)
[2026-09-03T12:35:03.861+0800][6.897s][info][gc,heap     ] GC(96) Survivor regions: 14->12(12)
[2026-09-03T12:35:03.861+0800][6.897s][info][gc,heap     ] GC(96) Old regions: 101->119
[2026-09-03T12:35:03.861+0800][6.897s][info][gc,heap     ] GC(96) Humongous regions: 1->1
[2026-09-03T12:35:03.861+0800][6.897s][info][gc,metaspace] GC(96) Metaspace: 1059K(1216K)->1059K(1216K) NonClass: 994K(1088K)->994K(1088K) Class: 64K(128K)->64K(128K)
[2026-09-03T12:35:03.861+0800][6.897s][info][gc          ] GC(96) Pause Young (Prepare Mixed) (G1 Evacuation Pause) 192M->131M(256M) 2.234ms
[2026-09-03T12:35:03.861+0800][6.897s][info][gc,cpu      ] GC(96) User=0.01s Sys=0.00s Real=0.01s
[2026-09-03T12:35:03.861+0800][6.897s][info][safepoint   ] Safepoint "G1CollectForAllocation", Time since last: 57299417 ns, Reaching safepoint: 50291 ns, At safepoint: 2257792 ns, Leaving safepoint: 18875 ns, Total: 2326958 ns, Threads: 1 runnable, 42 total
[2026-09-03T12:35:03.938+0800][6.974s][info][gc,start    ] GC(97) Pause Young (Mixed) (G1 Evacuation Pause)
[2026-09-03T12:35:03.939+0800][6.974s][info][gc,task     ] GC(97) Using 9 workers of 9 for evacuation
[2026-09-03T12:35:03.941+0800][6.977s][info][gc,phases   ] GC(97)   Pre Evacuate Collection Set: 0.05ms
[2026-09-03T12:35:03.941+0800][6.977s][info][gc,phases   ] GC(97)   Merge Heap Roots: 0.03ms
[2026-09-03T12:35:03.941+0800][6.977s][info][gc,phases   ] GC(97)   Evacuate Collection Set: 2.46ms
[2026-09-03T12:35:03.941+0800][6.977s][info][gc,phases   ] GC(97)   Post Evacuate Collection Set: 0.11ms
[2026-09-03T12:35:03.941+0800][6.977s][info][gc,phases   ] GC(97)   Other: 0.06ms
[2026-09-03T12:35:03.941+0800][6.977s][info][gc,heap     ] GC(97) Eden regions: 88->0(93)
[2026-09-03T12:35:03.941+0800][6.977s][info][gc,heap     ] GC(97) Survivor regions: 12->13(13)
[2026-09-03T12:35:03.941+0800][6.977s][info][gc,heap     ] GC(97) Old regions: 119->110
[2026-09-03T12:35:03.941+0800][6.977s][info][gc,heap     ] GC(97) Humongous regions: 1->1
[2026-09-03T12:35:03.941+0800][6.977s][info][gc,metaspace] GC(97) Metaspace: 1059K(1216K)->1059K(1216K) NonClass: 994K(1088K)->994K(1088K) Class: 64K(128K)->64K(128K)
[2026-09-03T12:35:03.941+0800][6.977s][info][gc          ] GC(97) Pause Young (Mixed) (G1 Evacuation Pause) 219M->123M(256M) 2.858ms
[2026-09-03T12:35:03.941+0800][6.977s][info][gc,cpu      ] GC(97) User=0.02s Sys=0.00s Real=0.01s
[2026-09-03T12:35:03.941+0800][6.977s][info][safepoint   ] Safepoint "G1CollectForAllocation", Time since last: 77445667 ns, Reaching safepoint: 25833 ns, At safepoint: 2894708 ns, Leaving safepoint: 21959 ns, Total: 2942500 ns, Threads: 1 runnable, 42 total
[2026-09-03T12:35:04.024+0800][7.060s][info][gc,start    ] GC(98) Pause Young (Mixed) (G1 Evacuation Pause)
[2026-09-03T12:35:04.024+0800][7.060s][info][gc,task     ] GC(98) Using 9 workers of 9 for evacuation
[2026-09-03T12:35:04.026+0800][7.062s][info][gc,phases   ] GC(98)   Pre Evacuate Collection Set: 0.05ms
[2026-09-03T12:35:04.026+0800][7.062s][info][gc,phases   ] GC(98)   Merge Heap Roots: 0.03ms
[2026-09-03T12:35:04.026+0800][7.062s][info][gc,phases   ] GC(98)   Evacuate Collection Set: 1.99ms
[2026-09-03T12:35:04.026+0800][7.062s][info][gc,phases   ] GC(98)   Post Evacuate Collection Set: 0.10ms
[2026-09-03T12:35:04.026+0800][7.062s][info][gc,phases   ] GC(98)   Other: 0.07ms
[2026-09-03T12:35:04.026+0800][7.062s][info][gc,heap     ] GC(98) Eden regions: 93->0(92)
[2026-09-03T12:35:04.026+0800][7.062s][info][gc,heap     ] GC(98) Survivor regions: 13->14(14)
[2026-09-03T12:35:04.026+0800][7.062s][info][gc,heap     ] GC(98) Old regions: 110->111
[2026-09-03T12:35:04.026+0800][7.062s][info][gc,heap     ] GC(98) Humongous regions: 1->1
[2026-09-03T12:35:04.026+0800][7.062s][info][gc,metaspace] GC(98) Metaspace: 1059K(1216K)->1059K(1216K) NonClass: 994K(1088K)->994K(1088K) Class: 64K(128K)->64K(128K)
[2026-09-03T12:35:04.026+0800][7.062s][info][gc          ] GC(98) Pause Young (Mixed) (G1 Evacuation Pause) 216M->125M(256M) 2.395ms
[2026-09-03T12:35:04.026+0800][7.062s][info][gc,cpu      ] GC(98) User=0.01s Sys=0.01s Real=0.00s
[2026-09-03T12:35:04.026+0800][7.062s][info][safepoint   ] Safepoint "G1CollectForAllocation", Time since last: 82565833 ns, Reaching safepoint: 4208 ns, At safepoint: 2449875 ns, Leaving safepoint: 15875 ns, Total: 2469958 ns, Threads: 0 runnable, 42 total
[2026-09-03T12:35:04.106+0800][7.142s][info][gc,start    ] GC(99) Pause Young (Concurrent Start) (G1 Evacuation Pause)
[2026-09-03T12:35:04.106+0800][7.142s][info][gc,task     ] GC(99) Using 9 workers of 9 for evacuation
[2026-09-03T12:35:04.109+0800][7.145s][info][gc,phases   ] GC(99)   Pre Evacuate Collection Set: 0.11ms
[2026-09-03T12:35:04.109+0800][7.145s][info][gc,phases   ] GC(99)   Merge Heap Roots: 0.07ms
[2026-09-03T12:35:04.109+0800][7.145s][info][gc,phases   ] GC(99)   Evacuate Collection Set: 2.40ms
[2026-09-03T12:35:04.109+0800][7.145s][info][gc,phases   ] GC(99)   Post Evacuate Collection Set: 0.12ms
[2026-09-03T12:35:04.109+0800][7.145s][info][gc,phases   ] GC(99)   Other: 0.08ms
[2026-09-03T12:35:04.109+0800][7.145s][info][gc,heap     ] GC(99) Eden regions: 92->0(78)
[2026-09-03T12:35:04.109+0800][7.145s][info][gc,heap     ] GC(99) Survivor regions: 14->14(14)
[2026-09-03T12:35:04.109+0800][7.145s][info][gc,heap     ] GC(99) Old regions: 111->130
[2026-09-03T12:35:04.109+0800][7.145s][info][gc,heap     ] GC(99) Humongous regions: 1->1
[2026-09-03T12:35:04.109+0800][7.145s][info][gc,metaspace] GC(99) Metaspace: 1059K(1216K)->1059K(1216K) NonClass: 994K(1088K)->994K(1088K) Class: 64K(128K)->64K(128K)
[2026-09-03T12:35:04.109+0800][7.145s][info][gc          ] GC(99) Pause Young (Concurrent Start) (G1 Evacuation Pause) 217M->144M(256M) 2.946ms
[2026-09-03T12:35:04.109+0800][7.145s][info][gc,cpu      ] GC(99) User=0.02s Sys=0.00s Real=0.00s
[2026-09-03T12:35:04.109+0800][7.145s][info][gc          ] GC(100) Concurrent Mark Cycle
[2026-09-03T12:35:04.109+0800][7.145s][info][gc,marking  ] GC(100) Concurrent Scan Root Regions
[2026-09-03T12:35:04.109+0800][7.145s][info][safepoint   ] Safepoint "G1CollectForAllocation", Time since last: 79614917 ns, Reaching safepoint: 33500 ns, At safepoint: 2990042 ns, Leaving safepoint: 43208 ns, Total: 3066750 ns, Threads: 1 runnable, 42 total
[2026-09-03T12:35:04.111+0800][7.147s][info][gc,marking  ] GC(100) Concurrent Scan Root Regions 2.066ms
[2026-09-03T12:35:04.111+0800][7.147s][info][gc,marking  ] GC(100) Concurrent Mark
[2026-09-03T12:35:04.111+0800][7.147s][info][gc,marking  ] GC(100) Concurrent Mark From Roots
[2026-09-03T12:35:04.111+0800][7.147s][info][gc,task     ] GC(100) Concurrent Mark Using 2 of 2 Workers
[2026-09-03T12:35:04.115+0800][7.151s][info][gc,marking  ] GC(100) Concurrent Mark From Roots 4.034ms
[2026-09-03T12:35:04.115+0800][7.151s][info][gc,marking  ] GC(100) Concurrent Preclean
[2026-09-03T12:35:04.115+0800][7.151s][info][gc,marking  ] GC(100) Concurrent Preclean 0.009ms
[2026-09-03T12:35:04.115+0800][7.151s][info][gc,start    ] GC(100) Pause Remark
[2026-09-03T12:35:04.116+0800][7.152s][info][gc          ] GC(100) Pause Remark 151M->117M(256M) 0.482ms
[2026-09-03T12:35:04.116+0800][7.152s][info][gc,cpu      ] GC(100) User=0.01s Sys=0.00s Real=0.00s
[2026-09-03T12:35:04.116+0800][7.152s][info][safepoint   ] Safepoint "G1PauseRemark", Time since last: 6179708 ns, Reaching safepoint: 36625 ns, At safepoint: 519084 ns, Leaving safepoint: 35000 ns, Total: 590709 ns, Threads: 4 runnable, 42 total
[2026-09-03T12:35:04.116+0800][7.152s][info][gc,marking  ] GC(100) Concurrent Mark 4.764ms
[2026-09-03T12:35:04.116+0800][7.152s][info][gc,marking  ] GC(100) Concurrent Rebuild Remembered Sets and Scrub Regions
[2026-09-03T12:35:04.121+0800][7.157s][info][gc,marking  ] GC(100) Concurrent Rebuild Remembered Sets and Scrub Regions 4.806ms
[2026-09-03T12:35:04.121+0800][7.157s][info][gc,start    ] GC(100) Pause Cleanup
[2026-09-03T12:35:04.121+0800][7.157s][info][gc          ] GC(100) Pause Cleanup 123M->123M(256M) 0.061ms
[2026-09-03T12:35:04.121+0800][7.157s][info][gc,cpu      ] GC(100) User=0.00s Sys=0.00s Real=0.00s
[2026-09-03T12:35:04.121+0800][7.157s][info][safepoint   ] Safepoint "G1PauseCleanup", Time since last: 4972916 ns, Reaching safepoint: 45125 ns, At safepoint: 89667 ns, Leaving safepoint: 29500 ns, Total: 164292 ns, Threads: 2 runnable, 42 total
[2026-09-03T12:35:04.121+0800][7.157s][info][gc,marking  ] GC(100) Concurrent Clear Claimed Marks
[2026-09-03T12:35:04.121+0800][7.157s][info][gc,marking  ] GC(100) Concurrent Clear Claimed Marks 0.020ms
[2026-09-03T12:35:04.121+0800][7.157s][info][gc,marking  ] GC(100) Concurrent Cleanup for Next Mark
[2026-09-03T12:35:04.121+0800][7.157s][info][gc,marking  ] GC(100) Concurrent Cleanup for Next Mark 0.239ms
[2026-09-03T12:35:04.121+0800][7.157s][info][gc          ] GC(100) Concurrent Mark Cycle 12.301ms
[2026-09-03T12:35:04.184+0800][7.220s][info][gc,start    ] GC(101) Pause Young (Prepare Mixed) (G1 Evacuation Pause)
[2026-09-03T12:35:04.184+0800][7.220s][info][gc,task     ] GC(101) Using 9 workers of 9 for evacuation
[2026-09-03T12:35:04.186+0800][7.222s][info][gc,phases   ] GC(101)   Pre Evacuate Collection Set: 0.08ms
[2026-09-03T12:35:04.186+0800][7.222s][info][gc,phases   ] GC(101)   Merge Heap Roots: 0.03ms
[2026-09-03T12:35:04.186+0800][7.222s][info][gc,phases   ] GC(101)   Evacuate Collection Set: 1.77ms
[2026-09-03T12:35:04.186+0800][7.222s][info][gc,phases   ] GC(101)   Post Evacuate Collection Set: 0.10ms
[2026-09-03T12:35:04.186+0800][7.222s][info][gc,phases   ] GC(101)   Other: 0.06ms
[2026-09-03T12:35:04.186+0800][7.222s][info][gc,heap     ] GC(101) Eden regions: 78->0(91)
[2026-09-03T12:35:04.186+0800][7.222s][info][gc,heap     ] GC(101) Survivor regions: 14->12(12)
[2026-09-03T12:35:04.186+0800][7.222s][info][gc,heap     ] GC(101) Old regions: 96->114
[2026-09-03T12:35:04.186+0800][7.222s][info][gc,heap     ] GC(101) Humongous regions: 1->1
[2026-09-03T12:35:04.186+0800][7.222s][info][gc,metaspace] GC(101) Metaspace: 1059K(1216K)->1059K(1216K) NonClass: 994K(1088K)->994K(1088K) Class: 64K(128K)->64K(128K)
[2026-09-03T12:35:04.186+0800][7.222s][info][gc          ] GC(101) Pause Young (Prepare Mixed) (G1 Evacuation Pause) 188M->127M(256M) 2.148ms
[2026-09-03T12:35:04.186+0800][7.222s][info][gc,cpu      ] GC(101) User=0.01s Sys=0.00s Real=0.00s
[2026-09-03T12:35:04.186+0800][7.222s][info][safepoint   ] Safepoint "G1CollectForAllocation", Time since last: 63141083 ns, Reaching safepoint: 2834 ns, At safepoint: 2175958 ns, Leaving safepoint: 25125 ns, Total: 2203917 ns, Threads: 0 runnable, 42 total
[2026-09-03T12:35:04.273+0800][7.309s][info][gc,start    ] GC(102) Pause Young (Mixed) (G1 Evacuation Pause)
[2026-09-03T12:35:04.273+0800][7.309s][info][gc,task     ] GC(102) Using 9 workers of 9 for evacuation
[2026-09-03T12:35:04.276+0800][7.312s][info][gc,phases   ] GC(102)   Pre Evacuate Collection Set: 0.08ms
[2026-09-03T12:35:04.276+0800][7.312s][info][gc,phases   ] GC(102)   Merge Heap Roots: 0.04ms
[2026-09-03T12:35:04.276+0800][7.312s][info][gc,phases   ] GC(102)   Evacuate Collection Set: 2.31ms
[2026-09-03T12:35:04.276+0800][7.312s][info][gc,phases   ] GC(102)   Post Evacuate Collection Set: 0.11ms
[2026-09-03T12:35:04.276+0800][7.312s][info][gc,phases   ] GC(102)   Other: 0.06ms
[2026-09-03T12:35:04.276+0800][7.312s][info][gc,heap     ] GC(102) Eden regions: 91->0(99)
[2026-09-03T12:35:04.276+0800][7.312s][info][gc,heap     ] GC(102) Survivor regions: 12->13(13)
[2026-09-03T12:35:04.276+0800][7.312s][info][gc,heap     ] GC(102) Old regions: 114->102
[2026-09-03T12:35:04.276+0800][7.312s][info][gc,heap     ] GC(102) Humongous regions: 1->1
[2026-09-03T12:35:04.276+0800][7.312s][info][gc,metaspace] GC(102) Metaspace: 1059K(1216K)->1059K(1216K) NonClass: 994K(1088K)->994K(1088K) Class: 64K(128K)->64K(128K)
[2026-09-03T12:35:04.276+0800][7.312s][info][gc          ] GC(102) Pause Young (Mixed) (G1 Evacuation Pause) 218M->115M(256M) 2.719ms
[2026-09-03T12:35:04.276+0800][7.312s][info][gc,cpu      ] GC(102) User=0.02s Sys=0.00s Real=0.00s
[2026-09-03T12:35:04.276+0800][7.312s][info][safepoint   ] Safepoint "G1CollectForAllocation", Time since last: 86785417 ns, Reaching safepoint: 42125 ns, At safepoint: 2747416 ns, Leaving safepoint: 22959 ns, Total: 2812500 ns, Threads: 1 runnable, 42 total
[2026-09-03T12:35:04.370+0800][7.406s][info][gc,start    ] GC(103) Pause Young (Mixed) (G1 Evacuation Pause)
[2026-09-03T12:35:04.370+0800][7.406s][info][gc,task     ] GC(103) Using 9 workers of 9 for evacuation
[2026-09-03T12:35:04.372+0800][7.408s][info][gc,phases   ] GC(103)   Pre Evacuate Collection Set: 0.07ms
[2026-09-03T12:35:04.372+0800][7.408s][info][gc,phases   ] GC(103)   Merge Heap Roots: 0.04ms
[2026-09-03T12:35:04.372+0800][7.408s][info][gc,phases   ] GC(103)   Evacuate Collection Set: 1.89ms
[2026-09-03T12:35:04.372+0800][7.408s][info][gc,phases   ] GC(103)   Post Evacuate Collection Set: 0.11ms
[2026-09-03T12:35:04.372+0800][7.408s][info][gc,phases   ] GC(103)   Other: 0.06ms
[2026-09-03T12:35:04.372+0800][7.408s][info][gc,heap     ] GC(103) Eden regions: 99->0(92)
[2026-09-03T12:35:04.372+0800][7.408s][info][gc,heap     ] GC(103) Survivor regions: 13->14(14)
[2026-09-03T12:35:04.372+0800][7.408s][info][gc,heap     ] GC(103) Old regions: 102->111
[2026-09-03T12:35:04.372+0800][7.408s][info][gc,heap     ] GC(103) Humongous regions: 1->1
[2026-09-03T12:35:04.372+0800][7.408s][info][gc,metaspace] GC(103) Metaspace: 1059K(1216K)->1059K(1216K) NonClass: 994K(1088K)->994K(1088K) Class: 64K(128K)->64K(128K)
[2026-09-03T12:35:04.372+0800][7.408s][info][gc          ] GC(103) Pause Young (Mixed) (G1 Evacuation Pause) 214M->126M(256M) 2.270ms
[2026-09-03T12:35:04.372+0800][7.408s][info][gc,cpu      ] GC(103) User=0.02s Sys=0.00s Real=0.00s
[2026-09-03T12:35:04.372+0800][7.408s][info][safepoint   ] Safepoint "G1CollectForAllocation", Time since last: 94012583 ns, Reaching safepoint: 21708 ns, At safepoint: 2303709 ns, Leaving safepoint: 41416 ns, Total: 2366833 ns, Threads: 2 runnable, 42 total
[2026-09-03T12:35:04.461+0800][7.497s][info][gc,start    ] GC(104) Pause Young (Concurrent Start) (G1 Evacuation Pause)
[2026-09-03T12:35:04.461+0800][7.497s][info][gc,task     ] GC(104) Using 9 workers of 9 for evacuation
[2026-09-03T12:35:04.463+0800][7.499s][info][gc,phases   ] GC(104)   Pre Evacuate Collection Set: 0.06ms
[2026-09-03T12:35:04.463+0800][7.499s][info][gc,phases   ] GC(104)   Merge Heap Roots: 0.02ms
[2026-09-03T12:35:04.463+0800][7.499s][info][gc,phases   ] GC(104)   Evacuate Collection Set: 1.81ms
[2026-09-03T12:35:04.463+0800][7.499s][info][gc,phases   ] GC(104)   Post Evacuate Collection Set: 0.09ms
[2026-09-03T12:35:04.463+0800][7.499s][info][gc,phases   ] GC(104)   Other: 0.06ms
[2026-09-03T12:35:04.463+0800][7.499s][info][gc,heap     ] GC(104) Eden regions: 92->0(78)
[2026-09-03T12:35:04.463+0800][7.499s][info][gc,heap     ] GC(104) Survivor regions: 14->14(14)
[2026-09-03T12:35:04.463+0800][7.499s][info][gc,heap     ] GC(104) Old regions: 111->130
[2026-09-03T12:35:04.463+0800][7.499s][info][gc,heap     ] GC(104) Humongous regions: 1->1
[2026-09-03T12:35:04.463+0800][7.499s][info][gc,metaspace] GC(104) Metaspace: 1059K(1216K)->1059K(1216K) NonClass: 994K(1088K)->994K(1088K) Class: 64K(128K)->64K(128K)
[2026-09-03T12:35:04.463+0800][7.499s][info][gc          ] GC(104) Pause Young (Concurrent Start) (G1 Evacuation Pause) 218M->145M(256M) 2.145ms
[2026-09-03T12:35:04.463+0800][7.499s][info][gc,cpu      ] GC(104) User=0.02s Sys=0.00s Real=0.00s
[2026-09-03T12:35:04.463+0800][7.499s][info][gc          ] GC(105) Concurrent Mark Cycle
[2026-09-03T12:35:04.463+0800][7.499s][info][gc,marking  ] GC(105) Concurrent Scan Root Regions
[2026-09-03T12:35:04.463+0800][7.499s][info][safepoint   ] Safepoint "G1CollectForAllocation", Time since last: 88804125 ns, Reaching safepoint: 27750 ns, At safepoint: 2231500 ns, Leaving safepoint: 39584 ns, Total: 2298834 ns, Threads: 2 runnable, 42 total
[2026-09-03T12:35:04.466+0800][7.502s][info][gc,marking  ] GC(105) Concurrent Scan Root Regions 2.281ms
[2026-09-03T12:35:04.466+0800][7.502s][info][gc,marking  ] GC(105) Concurrent Mark
[2026-09-03T12:35:04.466+0800][7.502s][info][gc,marking  ] GC(105) Concurrent Mark From Roots
[2026-09-03T12:35:04.466+0800][7.502s][info][gc,task     ] GC(105) Concurrent Mark Using 2 of 2 Workers
[2026-09-03T12:35:04.471+0800][7.507s][info][gc,marking  ] GC(105) Concurrent Mark From Roots 5.344ms
[2026-09-03T12:35:04.471+0800][7.507s][info][gc,marking  ] GC(105) Concurrent Preclean
[2026-09-03T12:35:04.471+0800][7.507s][info][gc,marking  ] GC(105) Concurrent Preclean 0.015ms
[2026-09-03T12:35:04.471+0800][7.507s][info][gc,start    ] GC(105) Pause Remark
[2026-09-03T12:35:04.472+0800][7.507s][info][gc          ] GC(105) Pause Remark 153M->116M(256M) 0.423ms
[2026-09-03T12:35:04.472+0800][7.507s][info][gc,cpu      ] GC(105) User=0.00s Sys=0.00s Real=0.00s
[2026-09-03T12:35:04.472+0800][7.507s][info][safepoint   ] Safepoint "G1PauseRemark", Time since last: 7706583 ns, Reaching safepoint: 3667 ns, At safepoint: 447166 ns, Leaving safepoint: 19417 ns, Total: 470250 ns, Threads: 0 runnable, 42 total
[2026-09-03T12:35:04.472+0800][7.508s][info][gc,marking  ] GC(105) Concurrent Mark 5.951ms
[2026-09-03T12:35:04.472+0800][7.508s][info][gc,marking  ] GC(105) Concurrent Rebuild Remembered Sets and Scrub Regions
[2026-09-03T12:35:04.477+0800][7.512s][info][gc,marking  ] GC(105) Concurrent Rebuild Remembered Sets and Scrub Regions 4.941ms
[2026-09-03T12:35:04.477+0800][7.513s][info][gc,start    ] GC(105) Pause Cleanup
[2026-09-03T12:35:04.477+0800][7.513s][info][gc          ] GC(105) Pause Cleanup 121M->121M(256M) 0.037ms
[2026-09-03T12:35:04.477+0800][7.513s][info][gc,cpu      ] GC(105) User=0.00s Sys=0.00s Real=0.00s
[2026-09-03T12:35:04.477+0800][7.513s][info][safepoint   ] Safepoint "G1PauseCleanup", Time since last: 5040333 ns, Reaching safepoint: 46375 ns, At safepoint: 72875 ns, Leaving safepoint: 30500 ns, Total: 149750 ns, Threads: 1 runnable, 42 total
[2026-09-03T12:35:04.477+0800][7.513s][info][gc,marking  ] GC(105) Concurrent Clear Claimed Marks
[2026-09-03T12:35:04.477+0800][7.513s][info][gc,marking  ] GC(105) Concurrent Clear Claimed Marks 0.031ms
[2026-09-03T12:35:04.477+0800][7.513s][info][gc,marking  ] GC(105) Concurrent Cleanup for Next Mark
[2026-09-03T12:35:04.477+0800][7.513s][info][gc,marking  ] GC(105) Concurrent Cleanup for Next Mark 0.190ms
[2026-09-03T12:35:04.477+0800][7.513s][info][gc          ] GC(105) Concurrent Mark Cycle 13.754ms
[2026-09-03T12:35:04.539+0800][7.575s][info][gc,start    ] GC(106) Pause Young (Prepare Mixed) (G1 Evacuation Pause)
[2026-09-03T12:35:04.539+0800][7.575s][info][gc,task     ] GC(106) Using 9 workers of 9 for evacuation
[2026-09-03T12:35:04.541+0800][7.577s][info][gc,phases   ] GC(106)   Pre Evacuate Collection Set: 0.07ms
[2026-09-03T12:35:04.541+0800][7.577s][info][gc,phases   ] GC(106)   Merge Heap Roots: 0.03ms
[2026-09-03T12:35:04.541+0800][7.577s][info][gc,phases   ] GC(106)   Evacuate Collection Set: 2.29ms
[2026-09-03T12:35:04.541+0800][7.577s][info][gc,phases   ] GC(106)   Post Evacuate Collection Set: 0.09ms
[2026-09-03T12:35:04.541+0800][7.577s][info][gc,phases   ] GC(106)   Other: 0.07ms
[2026-09-03T12:35:04.541+0800][7.577s][info][gc,heap     ] GC(106) Eden regions: 78->0(93)
[2026-09-03T12:35:04.541+0800][7.577s][info][gc,heap     ] GC(106) Survivor regions: 14->12(12)
[2026-09-03T12:35:04.541+0800][7.577s][info][gc,heap     ] GC(106) Old regions: 93->111
[2026-09-03T12:35:04.541+0800][7.577s][info][gc,heap     ] GC(106) Humongous regions: 1->1
[2026-09-03T12:35:04.541+0800][7.577s][info][gc,metaspace] GC(106) Metaspace: 1059K(1216K)->1059K(1216K) NonClass: 994K(1088K)->994K(1088K) Class: 64K(128K)->64K(128K)
[2026-09-03T12:35:04.541+0800][7.577s][info][gc          ] GC(106) Pause Young (Prepare Mixed) (G1 Evacuation Pause) 186M->123M(256M) 2.683ms
[2026-09-03T12:35:04.541+0800][7.577s][info][gc,cpu      ] GC(106) User=0.02s Sys=0.00s Real=0.01s
[2026-09-03T12:35:04.541+0800][7.577s][info][safepoint   ] Safepoint "G1CollectForAllocation", Time since last: 62000667 ns, Reaching safepoint: 4625 ns, At safepoint: 2712667 ns, Leaving safepoint: 22750 ns, Total: 2740042 ns, Threads: 0 runnable, 42 total
[2026-09-03T12:35:04.629+0800][7.665s][info][gc,start    ] GC(107) Pause Young (Mixed) (G1 Evacuation Pause)
[2026-09-03T12:35:04.629+0800][7.665s][info][gc,task     ] GC(107) Using 9 workers of 9 for evacuation
[2026-09-03T12:35:04.632+0800][7.668s][info][gc,phases   ] GC(107)   Pre Evacuate Collection Set: 0.09ms
[2026-09-03T12:35:04.632+0800][7.668s][info][gc,phases   ] GC(107)   Merge Heap Roots: 0.03ms
[2026-09-03T12:35:04.632+0800][7.668s][info][gc,phases   ] GC(107)   Evacuate Collection Set: 2.21ms
[2026-09-03T12:35:04.632+0800][7.668s][info][gc,phases   ] GC(107)   Post Evacuate Collection Set: 0.16ms
[2026-09-03T12:35:04.632+0800][7.668s][info][gc,phases   ] GC(107)   Other: 0.07ms
[2026-09-03T12:35:04.632+0800][7.668s][info][gc,heap     ] GC(107) Eden regions: 93->0(100)
[2026-09-03T12:35:04.632+0800][7.668s][info][gc,heap     ] GC(107) Survivor regions: 12->14(14)
[2026-09-03T12:35:04.632+0800][7.668s][info][gc,heap     ] GC(107) Old regions: 111->99
[2026-09-03T12:35:04.632+0800][7.668s][info][gc,heap     ] GC(107) Humongous regions: 1->1
[2026-09-03T12:35:04.632+0800][7.668s][info][gc,metaspace] GC(107) Metaspace: 1059K(1216K)->1059K(1216K) NonClass: 994K(1088K)->994K(1088K) Class: 64K(128K)->64K(128K)
[2026-09-03T12:35:04.632+0800][7.668s][info][gc          ] GC(107) Pause Young (Mixed) (G1 Evacuation Pause) 216M->113M(256M) 2.699ms
[2026-09-03T12:35:04.632+0800][7.668s][info][gc,cpu      ] GC(107) User=0.02s Sys=0.00s Real=0.01s
[2026-09-03T12:35:04.632+0800][7.668s][info][safepoint   ] Safepoint "G1CollectForAllocation", Time since last: 87884791 ns, Reaching safepoint: 2375 ns, At safepoint: 2729625 ns, Leaving safepoint: 39792 ns, Total: 2771792 ns, Threads: 0 runnable, 42 total
[2026-09-03T12:35:04.728+0800][7.764s][info][gc,start    ] GC(108) Pause Young (Mixed) (G1 Evacuation Pause)
[2026-09-03T12:35:04.728+0800][7.764s][info][gc,task     ] GC(108) Using 9 workers of 9 for evacuation
[2026-09-03T12:35:04.730+0800][7.766s][info][gc,phases   ] GC(108)   Pre Evacuate Collection Set: 0.05ms
[2026-09-03T12:35:04.730+0800][7.766s][info][gc,phases   ] GC(108)   Merge Heap Roots: 0.02ms
[2026-09-03T12:35:04.730+0800][7.766s][info][gc,phases   ] GC(108)   Evacuate Collection Set: 1.91ms
[2026-09-03T12:35:04.730+0800][7.766s][info][gc,phases   ] GC(108)   Post Evacuate Collection Set: 0.10ms
[2026-09-03T12:35:04.730+0800][7.766s][info][gc,phases   ] GC(108)   Other: 0.06ms
[2026-09-03T12:35:04.730+0800][7.766s][info][gc,heap     ] GC(108) Eden regions: 100->0(91)
[2026-09-03T12:35:04.730+0800][7.766s][info][gc,heap     ] GC(108) Survivor regions: 14->15(15)
[2026-09-03T12:35:04.730+0800][7.766s][info][gc,heap     ] GC(108) Old regions: 99->111
[2026-09-03T12:35:04.730+0800][7.766s][info][gc,heap     ] GC(108) Humongous regions: 1->1
[2026-09-03T12:35:04.730+0800][7.766s][info][gc,metaspace] GC(108) Metaspace: 1059K(1216K)->1059K(1216K) NonClass: 994K(1088K)->994K(1088K) Class: 64K(128K)->64K(128K)
[2026-09-03T12:35:04.730+0800][7.766s][info][gc          ] GC(108) Pause Young (Mixed) (G1 Evacuation Pause) 213M->126M(256M) 2.247ms
[2026-09-03T12:35:04.730+0800][7.766s][info][gc,cpu      ] GC(108) User=0.02s Sys=0.00s Real=0.01s
[2026-09-03T12:35:04.730+0800][7.766s][info][safepoint   ] Safepoint "G1CollectForAllocation", Time since last: 95763458 ns, Reaching safepoint: 29084 ns, At safepoint: 2271250 ns, Leaving safepoint: 41541 ns, Total: 2341875 ns, Threads: 4 runnable, 42 total
[2026-09-03T12:35:04.817+0800][7.853s][info][gc,start    ] GC(109) Pause Young (Concurrent Start) (G1 Evacuation Pause)
[2026-09-03T12:35:04.817+0800][7.853s][info][gc,task     ] GC(109) Using 9 workers of 9 for evacuation
[2026-09-03T12:35:04.820+0800][7.855s][info][gc,phases   ] GC(109)   Pre Evacuate Collection Set: 0.08ms
[2026-09-03T12:35:04.820+0800][7.856s][info][gc,phases   ] GC(109)   Merge Heap Roots: 0.03ms
[2026-09-03T12:35:04.820+0800][7.856s][info][gc,phases   ] GC(109)   Evacuate Collection Set: 1.81ms
[2026-09-03T12:35:04.820+0800][7.856s][info][gc,phases   ] GC(109)   Post Evacuate Collection Set: 0.08ms
[2026-09-03T12:35:04.820+0800][7.856s][info][gc,phases   ] GC(109)   Other: 0.06ms
[2026-09-03T12:35:04.820+0800][7.856s][info][gc,heap     ] GC(109) Eden regions: 91->0(78)
[2026-09-03T12:35:04.820+0800][7.856s][info][gc,heap     ] GC(109) Survivor regions: 15->14(14)
[2026-09-03T12:35:04.820+0800][7.856s][info][gc,heap     ] GC(109) Old regions: 111->131
[2026-09-03T12:35:04.820+0800][7.856s][info][gc,heap     ] GC(109) Humongous regions: 1->1
[2026-09-03T12:35:04.820+0800][7.856s][info][gc,metaspace] GC(109) Metaspace: 1059K(1216K)->1059K(1216K) NonClass: 994K(1088K)->994K(1088K) Class: 64K(128K)->64K(128K)
[2026-09-03T12:35:04.820+0800][7.856s][info][gc          ] GC(109) Pause Young (Concurrent Start) (G1 Evacuation Pause) 217M->146M(256M) 2.177ms
[2026-09-03T12:35:04.820+0800][7.856s][info][gc,cpu      ] GC(109) User=0.02s Sys=0.00s Real=0.01s
[2026-09-03T12:35:04.820+0800][7.856s][info][gc          ] GC(110) Concurrent Mark Cycle
[2026-09-03T12:35:04.820+0800][7.856s][info][gc,marking  ] GC(110) Concurrent Scan Root Regions
[2026-09-03T12:35:04.820+0800][7.856s][info][safepoint   ] Safepoint "G1CollectForAllocation", Time since last: 87155875 ns, Reaching safepoint: 49500 ns, At safepoint: 2208584 ns, Leaving safepoint: 42416 ns, Total: 2300500 ns, Threads: 1 runnable, 42 total
[2026-09-03T12:35:04.822+0800][7.858s][info][gc,marking  ] GC(110) Concurrent Scan Root Regions 2.019ms
[2026-09-03T12:35:04.822+0800][7.858s][info][gc,marking  ] GC(110) Concurrent Mark
[2026-09-03T12:35:04.822+0800][7.858s][info][gc,marking  ] GC(110) Concurrent Mark From Roots
[2026-09-03T12:35:04.822+0800][7.858s][info][gc,task     ] GC(110) Concurrent Mark Using 2 of 2 Workers
[2026-09-03T12:35:04.827+0800][7.863s][info][gc,marking  ] GC(110) Concurrent Mark From Roots 5.090ms
[2026-09-03T12:35:04.827+0800][7.863s][info][gc,marking  ] GC(110) Concurrent Preclean
[2026-09-03T12:35:04.827+0800][7.863s][info][gc,marking  ] GC(110) Concurrent Preclean 0.027ms
[2026-09-03T12:35:04.827+0800][7.863s][info][gc,start    ] GC(110) Pause Remark
[2026-09-03T12:35:04.827+0800][7.863s][info][gc          ] GC(110) Pause Remark 154M->115M(256M) 0.314ms
[2026-09-03T12:35:04.827+0800][7.863s][info][gc,cpu      ] GC(110) User=0.00s Sys=0.00s Real=0.00s
[2026-09-03T12:35:04.827+0800][7.863s][info][safepoint   ] Safepoint "G1PauseRemark", Time since last: 7270667 ns, Reaching safepoint: 54083 ns, At safepoint: 337959 ns, Leaving safepoint: 22916 ns, Total: 414958 ns, Threads: 4 runnable, 42 total
[2026-09-03T12:35:04.827+0800][7.863s][info][gc,marking  ] GC(110) Concurrent Mark 5.740ms
[2026-09-03T12:35:04.827+0800][7.863s][info][gc,marking  ] GC(110) Concurrent Rebuild Remembered Sets and Scrub Regions
[2026-09-03T12:35:04.833+0800][7.869s][info][gc,marking  ] GC(110) Concurrent Rebuild Remembered Sets and Scrub Regions 5.283ms
[2026-09-03T12:35:04.833+0800][7.869s][info][gc,start    ] GC(110) Pause Cleanup
[2026-09-03T12:35:04.833+0800][7.869s][info][gc          ] GC(110) Pause Cleanup 121M->121M(256M) 0.037ms
[2026-09-03T12:35:04.833+0800][7.869s][info][gc,cpu      ] GC(110) User=0.00s Sys=0.00s Real=0.00s
[2026-09-03T12:35:04.833+0800][7.869s][info][safepoint   ] Safepoint "G1PauseCleanup", Time since last: 5426459 ns, Reaching safepoint: 2291 ns, At safepoint: 55625 ns, Leaving safepoint: 22792 ns, Total: 80708 ns, Threads: 0 runnable, 42 total
[2026-09-03T12:35:04.833+0800][7.869s][info][gc,marking  ] GC(110) Concurrent Clear Claimed Marks
[2026-09-03T12:35:04.833+0800][7.869s][info][gc,marking  ] GC(110) Concurrent Clear Claimed Marks 0.008ms
[2026-09-03T12:35:04.833+0800][7.869s][info][gc,marking  ] GC(110) Concurrent Cleanup for Next Mark
[2026-09-03T12:35:04.833+0800][7.869s][info][gc,marking  ] GC(110) Concurrent Cleanup for Next Mark 0.121ms
[2026-09-03T12:35:04.833+0800][7.869s][info][gc          ] GC(110) Concurrent Mark Cycle 13.465ms
[2026-09-03T12:35:04.893+0800][7.929s][info][gc,start    ] GC(111) Pause Young (Prepare Mixed) (G1 Evacuation Pause)
[2026-09-03T12:35:04.893+0800][7.929s][info][gc,task     ] GC(111) Using 9 workers of 9 for evacuation
[2026-09-03T12:35:04.895+0800][7.931s][info][gc,phases   ] GC(111)   Pre Evacuate Collection Set: 0.09ms
[2026-09-03T12:35:04.895+0800][7.931s][info][gc,phases   ] GC(111)   Merge Heap Roots: 0.03ms
[2026-09-03T12:35:04.895+0800][7.931s][info][gc,phases   ] GC(111)   Evacuate Collection Set: 1.64ms
[2026-09-03T12:35:04.895+0800][7.931s][info][gc,phases   ] GC(111)   Post Evacuate Collection Set: 0.09ms
[2026-09-03T12:35:04.895+0800][7.931s][info][gc,phases   ] GC(111)   Other: 0.06ms
[2026-09-03T12:35:04.895+0800][7.931s][info][gc,heap     ] GC(111) Eden regions: 78->0(93)
[2026-09-03T12:35:04.895+0800][7.931s][info][gc,heap     ] GC(111) Survivor regions: 14->12(12)
[2026-09-03T12:35:04.895+0800][7.931s][info][gc,heap     ] GC(111) Old regions: 92->111
[2026-09-03T12:35:04.895+0800][7.931s][info][gc,heap     ] GC(111) Humongous regions: 1->1
[2026-09-03T12:35:04.895+0800][7.931s][info][gc,metaspace] GC(111) Metaspace: 1059K(1216K)->1059K(1216K) NonClass: 994K(1088K)->994K(1088K) Class: 64K(128K)->64K(128K)
[2026-09-03T12:35:04.895+0800][7.931s][info][gc          ] GC(111) Pause Young (Prepare Mixed) (G1 Evacuation Pause) 185M->123M(256M) 2.000ms
[2026-09-03T12:35:04.895+0800][7.931s][info][gc,cpu      ] GC(111) User=0.02s Sys=0.00s Real=0.00s
[2026-09-03T12:35:04.895+0800][7.931s][info][safepoint   ] Safepoint "G1CollectForAllocation", Time since last: 60378500 ns, Reaching safepoint: 2708 ns, At safepoint: 2023417 ns, Leaving safepoint: 36000 ns, Total: 2062125 ns, Threads: 0 runnable, 42 total
[2026-09-03T12:35:04.981+0800][8.017s][info][gc,start    ] GC(112) Pause Young (Mixed) (G1 Evacuation Pause)
[2026-09-03T12:35:04.981+0800][8.017s][info][gc,task     ] GC(112) Using 9 workers of 9 for evacuation
[2026-09-03T12:35:04.984+0800][8.020s][info][gc,phases   ] GC(112)   Pre Evacuate Collection Set: 0.06ms
[2026-09-03T12:35:04.984+0800][8.020s][info][gc,phases   ] GC(112)   Merge Heap Roots: 0.05ms
[2026-09-03T12:35:04.984+0800][8.020s][info][gc,phases   ] GC(112)   Evacuate Collection Set: 3.02ms
[2026-09-03T12:35:04.984+0800][8.020s][info][gc,phases   ] GC(112)   Post Evacuate Collection Set: 0.13ms
[2026-09-03T12:35:04.984+0800][8.020s][info][gc,phases   ] GC(112)   Other: 0.07ms
[2026-09-03T12:35:04.984+0800][8.020s][info][gc,heap     ] GC(112) Eden regions: 93->0(100)
[2026-09-03T12:35:04.984+0800][8.020s][info][gc,heap     ] GC(112) Survivor regions: 12->14(14)
[2026-09-03T12:35:04.984+0800][8.020s][info][gc,heap     ] GC(112) Old regions: 111->99
[2026-09-03T12:35:04.984+0800][8.020s][info][gc,heap     ] GC(112) Humongous regions: 1->1
[2026-09-03T12:35:04.984+0800][8.020s][info][gc,metaspace] GC(112) Metaspace: 1059K(1216K)->1059K(1216K) NonClass: 994K(1088K)->994K(1088K) Class: 64K(128K)->64K(128K)
[2026-09-03T12:35:04.984+0800][8.020s][info][gc          ] GC(112) Pause Young (Mixed) (G1 Evacuation Pause) 216M->113M(256M) 3.481ms
[2026-09-03T12:35:04.984+0800][8.020s][info][gc,cpu      ] GC(112) User=0.02s Sys=0.00s Real=0.00s
[2026-09-03T12:35:04.984+0800][8.020s][info][safepoint   ] Safepoint "G1CollectForAllocation", Time since last: 85483125 ns, Reaching safepoint: 29958 ns, At safepoint: 3582417 ns, Leaving safepoint: 25875 ns, Total: 3638250 ns, Threads: 4 runnable, 42 total
[2026-09-03T12:35:05.083+0800][8.118s][info][gc,start    ] GC(113) Pause Young (Mixed) (G1 Evacuation Pause)
[2026-09-03T12:35:05.083+0800][8.119s][info][gc,task     ] GC(113) Using 9 workers of 9 for evacuation
[2026-09-03T12:35:05.085+0800][8.121s][info][gc,phases   ] GC(113)   Pre Evacuate Collection Set: 0.04ms
[2026-09-03T12:35:05.085+0800][8.121s][info][gc,phases   ] GC(113)   Merge Heap Roots: 0.02ms
[2026-09-03T12:35:05.085+0800][8.121s][info][gc,phases   ] GC(113)   Evacuate Collection Set: 2.02ms
[2026-09-03T12:35:05.085+0800][8.121s][info][gc,phases   ] GC(113)   Post Evacuate Collection Set: 0.09ms
[2026-09-03T12:35:05.085+0800][8.121s][info][gc,phases   ] GC(113)   Other: 0.06ms
[2026-09-03T12:35:05.085+0800][8.121s][info][gc,heap     ] GC(113) Eden regions: 100->0(90)
[2026-09-03T12:35:05.085+0800][8.121s][info][gc,heap     ] GC(113) Survivor regions: 14->15(15)
[2026-09-03T12:35:05.085+0800][8.121s][info][gc,heap     ] GC(113) Old regions: 99->113
[2026-09-03T12:35:05.085+0800][8.121s][info][gc,heap     ] GC(113) Humongous regions: 1->1
[2026-09-03T12:35:05.085+0800][8.121s][info][gc,metaspace] GC(113) Metaspace: 1059K(1216K)->1059K(1216K) NonClass: 994K(1088K)->994K(1088K) Class: 64K(128K)->64K(128K)
[2026-09-03T12:35:05.085+0800][8.121s][info][gc          ] GC(113) Pause Young (Mixed) (G1 Evacuation Pause) 213M->129M(256M) 2.595ms
[2026-09-03T12:35:05.085+0800][8.121s][info][gc,cpu      ] GC(113) User=0.02s Sys=0.00s Real=0.00s
[2026-09-03T12:35:05.085+0800][8.121s][info][safepoint   ] Safepoint "G1CollectForAllocation", Time since last: 98058000 ns, Reaching safepoint: 3083 ns, At safepoint: 2624334 ns, Leaving safepoint: 52958 ns, Total: 2680375 ns, Threads: 0 runnable, 42 total
[2026-09-03T12:35:05.171+0800][8.207s][info][gc,start    ] GC(114) Pause Young (Concurrent Start) (G1 Evacuation Pause)
[2026-09-03T12:35:05.171+0800][8.207s][info][gc,task     ] GC(114) Using 9 workers of 9 for evacuation
[2026-09-03T12:35:05.173+0800][8.209s][info][gc,phases   ] GC(114)   Pre Evacuate Collection Set: 0.07ms
[2026-09-03T12:35:05.173+0800][8.209s][info][gc,phases   ] GC(114)   Merge Heap Roots: 0.01ms
[2026-09-03T12:35:05.173+0800][8.209s][info][gc,phases   ] GC(114)   Evacuate Collection Set: 1.98ms
[2026-09-03T12:35:05.173+0800][8.209s][info][gc,phases   ] GC(114)   Post Evacuate Collection Set: 0.12ms
[2026-09-03T12:35:05.173+0800][8.209s][info][gc,phases   ] GC(114)   Other: 0.08ms
[2026-09-03T12:35:05.173+0800][8.209s][info][gc,heap     ] GC(114) Eden regions: 90->0(76)
[2026-09-03T12:35:05.173+0800][8.209s][info][gc,heap     ] GC(114) Survivor regions: 15->14(14)
[2026-09-03T12:35:05.173+0800][8.209s][info][gc,heap     ] GC(114) Old regions: 113->133
[2026-09-03T12:35:05.173+0800][8.209s][info][gc,heap     ] GC(114) Humongous regions: 1->1
[2026-09-03T12:35:05.173+0800][8.209s][info][gc,metaspace] GC(114) Metaspace: 1059K(1216K)->1059K(1216K) NonClass: 994K(1088K)->994K(1088K) Class: 64K(128K)->64K(128K)
[2026-09-03T12:35:05.173+0800][8.209s][info][gc          ] GC(114) Pause Young (Concurrent Start) (G1 Evacuation Pause) 219M->147M(256M) 2.432ms
[2026-09-03T12:35:05.173+0800][8.209s][info][gc          ] GC(115) Concurrent Mark Cycle
[2026-09-03T12:35:05.173+0800][8.209s][info][gc,cpu      ] GC(114) User=0.02s Sys=0.00s Real=0.00s
[2026-09-03T12:35:05.173+0800][8.209s][info][gc,marking  ] GC(115) Concurrent Scan Root Regions
[2026-09-03T12:35:05.174+0800][8.210s][info][safepoint   ] Safepoint "G1CollectForAllocation", Time since last: 85851958 ns, Reaching safepoint: 2834 ns, At safepoint: 2484583 ns, Leaving safepoint: 73125 ns, Total: 2560542 ns, Threads: 0 runnable, 42 total
[2026-09-03T12:35:05.176+0800][8.212s][info][gc,marking  ] GC(115) Concurrent Scan Root Regions 2.707ms
[2026-09-03T12:35:05.176+0800][8.212s][info][gc,marking  ] GC(115) Concurrent Mark
[2026-09-03T12:35:05.176+0800][8.212s][info][gc,marking  ] GC(115) Concurrent Mark From Roots
[2026-09-03T12:35:05.176+0800][8.212s][info][gc,task     ] GC(115) Concurrent Mark Using 2 of 2 Workers
[2026-09-03T12:35:05.181+0800][8.217s][info][gc,marking  ] GC(115) Concurrent Mark From Roots 4.730ms
[2026-09-03T12:35:05.181+0800][8.217s][info][gc,marking  ] GC(115) Concurrent Preclean
[2026-09-03T12:35:05.181+0800][8.217s][info][gc,marking  ] GC(115) Concurrent Preclean 0.013ms
[2026-09-03T12:35:05.181+0800][8.217s][info][gc,start    ] GC(115) Pause Remark
[2026-09-03T12:35:05.181+0800][8.217s][info][gc          ] GC(115) Pause Remark 156M->122M(256M) 0.381ms
[2026-09-03T12:35:05.181+0800][8.217s][info][gc,cpu      ] GC(115) User=0.00s Sys=0.00s Real=0.00s
[2026-09-03T12:35:05.182+0800][8.217s][info][safepoint   ] Safepoint "G1PauseRemark", Time since last: 7472208 ns, Reaching safepoint: 30417 ns, At safepoint: 404917 ns, Leaving safepoint: 22125 ns, Total: 457459 ns, Threads: 1 runnable, 42 total
[2026-09-03T12:35:05.182+0800][8.218s][info][gc,marking  ] GC(115) Concurrent Mark 5.350ms
[2026-09-03T12:35:05.182+0800][8.218s][info][gc,marking  ] GC(115) Concurrent Rebuild Remembered Sets and Scrub Regions
[2026-09-03T12:35:05.186+0800][8.222s][info][gc,marking  ] GC(115) Concurrent Rebuild Remembered Sets and Scrub Regions 4.273ms
[2026-09-03T12:35:05.186+0800][8.222s][info][gc,start    ] GC(115) Pause Cleanup
[2026-09-03T12:35:05.186+0800][8.222s][info][gc          ] GC(115) Pause Cleanup 126M->126M(256M) 0.040ms
[2026-09-03T12:35:05.186+0800][8.222s][info][gc,cpu      ] GC(115) User=0.00s Sys=0.00s Real=0.00s
[2026-09-03T12:35:05.186+0800][8.222s][info][safepoint   ] Safepoint "G1PauseCleanup", Time since last: 4392750 ns, Reaching safepoint: 44083 ns, At safepoint: 59917 ns, Leaving safepoint: 12083 ns, Total: 116083 ns, Threads: 1 runnable, 42 total
[2026-09-03T12:35:05.186+0800][8.222s][info][gc,marking  ] GC(115) Concurrent Clear Claimed Marks
[2026-09-03T12:35:05.186+0800][8.222s][info][gc,marking  ] GC(115) Concurrent Clear Claimed Marks 0.018ms
[2026-09-03T12:35:05.186+0800][8.222s][info][gc,marking  ] GC(115) Concurrent Cleanup for Next Mark
[2026-09-03T12:35:05.186+0800][8.222s][info][gc,marking  ] GC(115) Concurrent Cleanup for Next Mark 0.180ms
[2026-09-03T12:35:05.186+0800][8.222s][info][gc          ] GC(115) Concurrent Mark Cycle 12.810ms
[2026-09-03T12:35:05.246+0800][8.282s][info][gc,start    ] GC(116) Pause Young (Prepare Mixed) (G1 Evacuation Pause)
[2026-09-03T12:35:05.246+0800][8.282s][info][gc,task     ] GC(116) Using 9 workers of 9 for evacuation
[2026-09-03T12:35:05.248+0800][8.284s][info][gc,phases   ] GC(116)   Pre Evacuate Collection Set: 0.06ms
[2026-09-03T12:35:05.248+0800][8.284s][info][gc,phases   ] GC(116)   Merge Heap Roots: 0.03ms
[2026-09-03T12:35:05.248+0800][8.284s][info][gc,phases   ] GC(116)   Evacuate Collection Set: 1.92ms
[2026-09-03T12:35:05.248+0800][8.284s][info][gc,phases   ] GC(116)   Post Evacuate Collection Set: 0.10ms
[2026-09-03T12:35:05.248+0800][8.284s][info][gc,phases   ] GC(116)   Other: 0.07ms
[2026-09-03T12:35:05.248+0800][8.284s][info][gc,heap     ] GC(116) Eden regions: 76->0(89)
[2026-09-03T12:35:05.248+0800][8.284s][info][gc,heap     ] GC(116) Survivor regions: 14->12(12)
[2026-09-03T12:35:05.248+0800][8.284s][info][gc,heap     ] GC(116) Old regions: 99->117
[2026-09-03T12:35:05.248+0800][8.284s][info][gc,heap     ] GC(116) Humongous regions: 1->1
[2026-09-03T12:35:05.248+0800][8.284s][info][gc,metaspace] GC(116) Metaspace: 1059K(1216K)->1059K(1216K) NonClass: 994K(1088K)->994K(1088K) Class: 64K(128K)->64K(128K)
[2026-09-03T12:35:05.248+0800][8.284s][info][gc          ] GC(116) Pause Young (Prepare Mixed) (G1 Evacuation Pause) 189M->129M(256M) 2.316ms
[2026-09-03T12:35:05.248+0800][8.284s][info][gc,cpu      ] GC(116) User=0.01s Sys=0.00s Real=0.00s
[2026-09-03T12:35:05.248+0800][8.284s][info][safepoint   ] Safepoint "G1CollectForAllocation", Time since last: 59931833 ns, Reaching safepoint: 46084 ns, At safepoint: 2343041 ns, Leaving safepoint: 27834 ns, Total: 2416959 ns, Threads: 1 runnable, 42 total
[2026-09-03T12:35:05.329+0800][8.365s][info][gc,start    ] GC(117) Pause Young (Mixed) (G1 Evacuation Pause)
[2026-09-03T12:35:05.329+0800][8.365s][info][gc,task     ] GC(117) Using 9 workers of 9 for evacuation
[2026-09-03T12:35:05.332+0800][8.368s][info][gc,phases   ] GC(117)   Pre Evacuate Collection Set: 0.09ms
[2026-09-03T12:35:05.332+0800][8.368s][info][gc,phases   ] GC(117)   Merge Heap Roots: 0.03ms
[2026-09-03T12:35:05.332+0800][8.368s][info][gc,phases   ] GC(117)   Evacuate Collection Set: 1.86ms
[2026-09-03T12:35:05.332+0800][8.368s][info][gc,phases   ] GC(117)   Post Evacuate Collection Set: 0.11ms
[2026-09-03T12:35:05.332+0800][8.368s][info][gc,phases   ] GC(117)   Other: 0.06ms
[2026-09-03T12:35:05.332+0800][8.368s][info][gc,heap     ] GC(117) Eden regions: 89->0(95)
[2026-09-03T12:35:05.332+0800][8.368s][info][gc,heap     ] GC(117) Survivor regions: 12->13(13)
[2026-09-03T12:35:05.332+0800][8.368s][info][gc,heap     ] GC(117) Old regions: 117->108
[2026-09-03T12:35:05.332+0800][8.368s][info][gc,heap     ] GC(117) Humongous regions: 1->1
[2026-09-03T12:35:05.332+0800][8.368s][info][gc,metaspace] GC(117) Metaspace: 1059K(1216K)->1059K(1216K) NonClass: 994K(1088K)->994K(1088K) Class: 64K(128K)->64K(128K)
[2026-09-03T12:35:05.332+0800][8.368s][info][gc          ] GC(117) Pause Young (Mixed) (G1 Evacuation Pause) 218M->121M(256M) 2.289ms
[2026-09-03T12:35:05.332+0800][8.368s][info][gc,cpu      ] GC(117) User=0.01s Sys=0.00s Real=0.01s
[2026-09-03T12:35:05.332+0800][8.368s][info][safepoint   ] Safepoint "G1CollectForAllocation", Time since last: 80986541 ns, Reaching safepoint: 2417 ns, At safepoint: 2320958 ns, Leaving safepoint: 38584 ns, Total: 2361959 ns, Threads: 0 runnable, 42 total
[2026-09-03T12:35:05.417+0800][8.453s][info][gc,start    ] GC(118) Pause Young (Mixed) (G1 Evacuation Pause)
[2026-09-03T12:35:05.417+0800][8.453s][info][gc,task     ] GC(118) Using 9 workers of 9 for evacuation
[2026-09-03T12:35:05.419+0800][8.455s][info][gc,phases   ] GC(118)   Pre Evacuate Collection Set: 0.07ms
[2026-09-03T12:35:05.419+0800][8.455s][info][gc,phases   ] GC(118)   Merge Heap Roots: 0.03ms
[2026-09-03T12:35:05.419+0800][8.455s][info][gc,phases   ] GC(118)   Evacuate Collection Set: 1.99ms
[2026-09-03T12:35:05.419+0800][8.455s][info][gc,phases   ] GC(118)   Post Evacuate Collection Set: 0.11ms
[2026-09-03T12:35:05.419+0800][8.455s][info][gc,phases   ] GC(118)   Other: 0.06ms
[2026-09-03T12:35:05.419+0800][8.455s][info][gc,heap     ] GC(118) Eden regions: 95->0(92)
[2026-09-03T12:35:05.419+0800][8.455s][info][gc,heap     ] GC(118) Survivor regions: 13->14(14)
[2026-09-03T12:35:05.419+0800][8.455s][info][gc,heap     ] GC(118) Old regions: 108->111
[2026-09-03T12:35:05.419+0800][8.455s][info][gc,heap     ] GC(118) Humongous regions: 1->1
[2026-09-03T12:35:05.419+0800][8.455s][info][gc,metaspace] GC(118) Metaspace: 1059K(1216K)->1059K(1216K) NonClass: 994K(1088K)->994K(1088K) Class: 64K(128K)->64K(128K)
[2026-09-03T12:35:05.419+0800][8.455s][info][gc          ] GC(118) Pause Young (Mixed) (G1 Evacuation Pause) 216M->125M(256M) 2.382ms
[2026-09-03T12:35:05.419+0800][8.455s][info][gc,cpu      ] GC(118) User=0.02s Sys=0.00s Real=0.00s
[2026-09-03T12:35:05.419+0800][8.455s][info][safepoint   ] Safepoint "G1CollectForAllocation", Time since last: 85098083 ns, Reaching safepoint: 43083 ns, At safepoint: 2407000 ns, Leaving safepoint: 32375 ns, Total: 2482458 ns, Threads: 1 runnable, 42 total
[2026-09-03T12:35:05.504+0800][8.540s][info][gc,start    ] GC(119) Pause Young (Concurrent Start) (G1 Evacuation Pause)
[2026-09-03T12:35:05.504+0800][8.540s][info][gc,task     ] GC(119) Using 9 workers of 9 for evacuation
[2026-09-03T12:35:05.507+0800][8.542s][info][gc,phases   ] GC(119)   Pre Evacuate Collection Set: 0.07ms
[2026-09-03T12:35:05.507+0800][8.543s][info][gc,phases   ] GC(119)   Merge Heap Roots: 0.02ms
[2026-09-03T12:35:05.507+0800][8.543s][info][gc,phases   ] GC(119)   Evacuate Collection Set: 1.86ms
[2026-09-03T12:35:05.507+0800][8.543s][info][gc,phases   ] GC(119)   Post Evacuate Collection Set: 0.11ms
[2026-09-03T12:35:05.507+0800][8.543s][info][gc,phases   ] GC(119)   Other: 0.07ms
[2026-09-03T12:35:05.507+0800][8.543s][info][gc,heap     ] GC(119) Eden regions: 92->0(78)
[2026-09-03T12:35:05.507+0800][8.543s][info][gc,heap     ] GC(119) Survivor regions: 14->14(14)
[2026-09-03T12:35:05.507+0800][8.543s][info][gc,heap     ] GC(119) Old regions: 111->130
[2026-09-03T12:35:05.507+0800][8.543s][info][gc,heap     ] GC(119) Humongous regions: 1->1
[2026-09-03T12:35:05.507+0800][8.543s][info][gc,metaspace] GC(119) Metaspace: 1059K(1216K)->1059K(1216K) NonClass: 994K(1088K)->994K(1088K) Class: 64K(128K)->64K(128K)
[2026-09-03T12:35:05.507+0800][8.543s][info][gc          ] GC(119) Pause Young (Concurrent Start) (G1 Evacuation Pause) 217M->144M(256M) 2.265ms
[2026-09-03T12:35:05.507+0800][8.543s][info][gc,cpu      ] GC(119) User=0.02s Sys=0.00s Real=0.00s
[2026-09-03T12:35:05.507+0800][8.543s][info][gc          ] GC(120) Concurrent Mark Cycle
[2026-09-03T12:35:05.507+0800][8.543s][info][gc,marking  ] GC(120) Concurrent Scan Root Regions
[2026-09-03T12:35:05.507+0800][8.543s][info][safepoint   ] Safepoint "G1CollectForAllocation", Time since last: 85028042 ns, Reaching safepoint: 25083 ns, At safepoint: 2297667 ns, Leaving safepoint: 43833 ns, Total: 2366583 ns, Threads: 1 runnable, 42 total
[2026-09-03T12:35:05.509+0800][8.545s][info][gc,marking  ] GC(120) Concurrent Scan Root Regions 2.339ms
[2026-09-03T12:35:05.509+0800][8.545s][info][gc,marking  ] GC(120) Concurrent Mark
[2026-09-03T12:35:05.509+0800][8.545s][info][gc,marking  ] GC(120) Concurrent Mark From Roots
[2026-09-03T12:35:05.509+0800][8.545s][info][gc,task     ] GC(120) Concurrent Mark Using 2 of 2 Workers
[2026-09-03T12:35:05.513+0800][8.549s][info][gc,marking  ] GC(120) Concurrent Mark From Roots 4.415ms
[2026-09-03T12:35:05.513+0800][8.549s][info][gc,marking  ] GC(120) Concurrent Preclean
[2026-09-03T12:35:05.513+0800][8.549s][info][gc,marking  ] GC(120) Concurrent Preclean 0.009ms
[2026-09-03T12:35:05.514+0800][8.550s][info][gc,start    ] GC(120) Pause Remark
[2026-09-03T12:35:05.514+0800][8.550s][info][gc          ] GC(120) Pause Remark 152M->120M(256M) 0.372ms
[2026-09-03T12:35:05.514+0800][8.550s][info][gc,cpu      ] GC(120) User=0.00s Sys=0.01s Real=0.00s
[2026-09-03T12:35:05.514+0800][8.550s][info][safepoint   ] Safepoint "G1PauseRemark", Time since last: 6808000 ns, Reaching safepoint: 31459 ns, At safepoint: 408000 ns, Leaving safepoint: 19958 ns, Total: 459417 ns, Threads: 2 runnable, 42 total
[2026-09-03T12:35:05.514+0800][8.550s][info][gc,marking  ] GC(120) Concurrent Mark 5.020ms
[2026-09-03T12:35:05.514+0800][8.550s][info][gc,marking  ] GC(120) Concurrent Rebuild Remembered Sets and Scrub Regions
[2026-09-03T12:35:05.519+0800][8.555s][info][gc,marking  ] GC(120) Concurrent Rebuild Remembered Sets and Scrub Regions 4.744ms
[2026-09-03T12:35:05.519+0800][8.555s][info][gc,start    ] GC(120) Pause Cleanup
[2026-09-03T12:35:05.519+0800][8.555s][info][gc          ] GC(120) Pause Cleanup 125M->125M(256M) 0.064ms
[2026-09-03T12:35:05.519+0800][8.555s][info][gc,cpu      ] GC(120) User=0.00s Sys=0.00s Real=0.00s
[2026-09-03T12:35:05.519+0800][8.555s][info][safepoint   ] Safepoint "G1PauseCleanup", Time since last: 4913750 ns, Reaching safepoint: 13625 ns, At safepoint: 100500 ns, Leaving safepoint: 37000 ns, Total: 151125 ns, Threads: 1 runnable, 42 total
[2026-09-03T12:35:05.519+0800][8.555s][info][gc,marking  ] GC(120) Concurrent Clear Claimed Marks
[2026-09-03T12:35:05.519+0800][8.555s][info][gc,marking  ] GC(120) Concurrent Clear Claimed Marks 0.024ms
[2026-09-03T12:35:05.519+0800][8.555s][info][gc,marking  ] GC(120) Concurrent Cleanup for Next Mark
[2026-09-03T12:35:05.519+0800][8.555s][info][gc,marking  ] GC(120) Concurrent Cleanup for Next Mark 0.184ms
[2026-09-03T12:35:05.519+0800][8.555s][info][gc          ] GC(120) Concurrent Mark Cycle 12.666ms
[2026-09-03T12:35:05.580+0800][8.616s][info][gc,start    ] GC(121) Pause Young (Prepare Mixed) (G1 Evacuation Pause)
[2026-09-03T12:35:05.580+0800][8.616s][info][gc,task     ] GC(121) Using 9 workers of 9 for evacuation
[2026-09-03T12:35:05.583+0800][8.619s][info][gc,phases   ] GC(121)   Pre Evacuate Collection Set: 0.08ms
[2026-09-03T12:35:05.583+0800][8.619s][info][gc,phases   ] GC(121)   Merge Heap Roots: 0.02ms
[2026-09-03T12:35:05.583+0800][8.619s][info][gc,phases   ] GC(121)   Evacuate Collection Set: 2.38ms
[2026-09-03T12:35:05.583+0800][8.619s][info][gc,phases   ] GC(121)   Post Evacuate Collection Set: 0.11ms
[2026-09-03T12:35:05.583+0800][8.619s][info][gc,phases   ] GC(121)   Other: 0.06ms
[2026-09-03T12:35:05.583+0800][8.619s][info][gc,heap     ] GC(121) Eden regions: 78->0(90)
[2026-09-03T12:35:05.583+0800][8.619s][info][gc,heap     ] GC(121) Survivor regions: 14->12(12)
[2026-09-03T12:35:05.583+0800][8.619s][info][gc,heap     ] GC(121) Old regions: 98->116
[2026-09-03T12:35:05.583+0800][8.619s][info][gc,heap     ] GC(121) Humongous regions: 1->1
[2026-09-03T12:35:05.583+0800][8.619s][info][gc,metaspace] GC(121) Metaspace: 1059K(1216K)->1059K(1216K) NonClass: 994K(1088K)->994K(1088K) Class: 64K(128K)->64K(128K)
[2026-09-03T12:35:05.583+0800][8.619s][info][gc          ] GC(121) Pause Young (Prepare Mixed) (G1 Evacuation Pause) 190M->128M(256M) 2.768ms
[2026-09-03T12:35:05.583+0800][8.619s][info][gc,cpu      ] GC(121) User=0.02s Sys=0.01s Real=0.00s
[2026-09-03T12:35:05.583+0800][8.619s][info][safepoint   ] Safepoint "G1CollectForAllocation", Time since last: 61060500 ns, Reaching safepoint: 2208 ns, At safepoint: 2815667 ns, Leaving safepoint: 29000 ns, Total: 2846875 ns, Threads: 0 runnable, 42 total
[2026-09-03T12:35:05.668+0800][8.704s][info][gc,start    ] GC(122) Pause Young (Mixed) (G1 Evacuation Pause)
[2026-09-03T12:35:05.668+0800][8.704s][info][gc,task     ] GC(122) Using 9 workers of 9 for evacuation
[2026-09-03T12:35:05.670+0800][8.706s][info][gc,phases   ] GC(122)   Pre Evacuate Collection Set: 0.10ms
[2026-09-03T12:35:05.670+0800][8.706s][info][gc,phases   ] GC(122)   Merge Heap Roots: 0.02ms
[2026-09-03T12:35:05.670+0800][8.706s][info][gc,phases   ] GC(122)   Evacuate Collection Set: 1.66ms
[2026-09-03T12:35:05.670+0800][8.706s][info][gc,phases   ] GC(122)   Post Evacuate Collection Set: 0.11ms
[2026-09-03T12:35:05.670+0800][8.706s][info][gc,phases   ] GC(122)   Other: 0.06ms
[2026-09-03T12:35:05.670+0800][8.706s][info][gc,heap     ] GC(122) Eden regions: 90->0(96)
[2026-09-03T12:35:05.670+0800][8.706s][info][gc,heap     ] GC(122) Survivor regions: 12->13(13)
[2026-09-03T12:35:05.670+0800][8.706s][info][gc,heap     ] GC(122) Old regions: 116->106
[2026-09-03T12:35:05.670+0800][8.706s][info][gc,heap     ] GC(122) Humongous regions: 1->1
[2026-09-03T12:35:05.670+0800][8.706s][info][gc,metaspace] GC(122) Metaspace: 1059K(1216K)->1059K(1216K) NonClass: 994K(1088K)->994K(1088K) Class: 64K(128K)->64K(128K)
[2026-09-03T12:35:05.670+0800][8.706s][info][gc          ] GC(122) Pause Young (Mixed) (G1 Evacuation Pause) 218M->120M(256M) 2.067ms
[2026-09-03T12:35:05.670+0800][8.706s][info][gc,cpu      ] GC(122) User=0.02s Sys=0.00s Real=0.01s
[2026-09-03T12:35:05.670+0800][8.706s][info][safepoint   ] Safepoint "G1CollectForAllocation", Time since last: 85388458 ns, Reaching safepoint: 46792 ns, At safepoint: 2092500 ns, Leaving safepoint: 40083 ns, Total: 2179375 ns, Threads: 4 runnable, 42 total
[2026-09-03T12:35:05.762+0800][8.798s][info][gc,start    ] GC(123) Pause Young (Mixed) (G1 Evacuation Pause)
[2026-09-03T12:35:05.762+0800][8.798s][info][gc,task     ] GC(123) Using 9 workers of 9 for evacuation
[2026-09-03T12:35:05.764+0800][8.800s][info][gc,phases   ] GC(123)   Pre Evacuate Collection Set: 0.07ms
[2026-09-03T12:35:05.764+0800][8.800s][info][gc,phases   ] GC(123)   Merge Heap Roots: 0.03ms
[2026-09-03T12:35:05.764+0800][8.800s][info][gc,phases   ] GC(123)   Evacuate Collection Set: 1.79ms
[2026-09-03T12:35:05.764+0800][8.800s][info][gc,phases   ] GC(123)   Post Evacuate Collection Set: 0.10ms
[2026-09-03T12:35:05.764+0800][8.800s][info][gc,phases   ] GC(123)   Other: 0.07ms
[2026-09-03T12:35:05.764+0800][8.800s][info][gc,heap     ] GC(123) Eden regions: 96->0(93)
[2026-09-03T12:35:05.764+0800][8.800s][info][gc,heap     ] GC(123) Survivor regions: 13->14(14)
[2026-09-03T12:35:05.764+0800][8.800s][info][gc,heap     ] GC(123) Old regions: 106->109
[2026-09-03T12:35:05.764+0800][8.800s][info][gc,heap     ] GC(123) Humongous regions: 1->1
[2026-09-03T12:35:05.764+0800][8.800s][info][gc,metaspace] GC(123) Metaspace: 1059K(1216K)->1059K(1216K) NonClass: 994K(1088K)->994K(1088K) Class: 64K(128K)->64K(128K)
[2026-09-03T12:35:05.764+0800][8.800s][info][gc          ] GC(123) Pause Young (Mixed) (G1 Evacuation Pause) 216M->124M(256M) 2.220ms
[2026-09-03T12:35:05.764+0800][8.800s][info][gc,cpu      ] GC(123) User=0.02s Sys=0.00s Real=0.00s
[2026-09-03T12:35:05.764+0800][8.800s][info][safepoint   ] Safepoint "G1CollectForAllocation", Time since last: 91204459 ns, Reaching safepoint: 4833 ns, At safepoint: 2258792 ns, Leaving safepoint: 43916 ns, Total: 2307541 ns, Threads: 0 runnable, 42 total
[2026-09-03T12:35:05.853+0800][8.889s][info][gc,start    ] GC(124) Pause Young (Concurrent Start) (G1 Evacuation Pause)
[2026-09-03T12:35:05.853+0800][8.889s][info][gc,task     ] GC(124) Using 9 workers of 9 for evacuation
[2026-09-03T12:35:05.855+0800][8.891s][info][gc,phases   ] GC(124)   Pre Evacuate Collection Set: 0.05ms
[2026-09-03T12:35:05.855+0800][8.891s][info][gc,phases   ] GC(124)   Merge Heap Roots: 0.03ms
[2026-09-03T12:35:05.855+0800][8.891s][info][gc,phases   ] GC(124)   Evacuate Collection Set: 2.09ms
[2026-09-03T12:35:05.855+0800][8.891s][info][gc,phases   ] GC(124)   Post Evacuate Collection Set: 0.10ms
[2026-09-03T12:35:05.855+0800][8.891s][info][gc,phases   ] GC(124)   Other: 0.06ms
[2026-09-03T12:35:05.855+0800][8.891s][info][gc,heap     ] GC(124) Eden regions: 93->0(80)
[2026-09-03T12:35:05.855+0800][8.891s][info][gc,heap     ] GC(124) Survivor regions: 14->14(14)
[2026-09-03T12:35:05.855+0800][8.891s][info][gc,heap     ] GC(124) Old regions: 109->127
[2026-09-03T12:35:05.855+0800][8.891s][info][gc,heap     ] GC(124) Humongous regions: 1->1
[2026-09-03T12:35:05.855+0800][8.891s][info][gc,metaspace] GC(124) Metaspace: 1059K(1216K)->1059K(1216K) NonClass: 994K(1088K)->994K(1088K) Class: 64K(128K)->64K(128K)
[2026-09-03T12:35:05.855+0800][8.891s][info][gc          ] GC(124) Pause Young (Concurrent Start) (G1 Evacuation Pause) 217M->142M(256M) 2.475ms
[2026-09-03T12:35:05.855+0800][8.891s][info][gc,cpu      ] GC(124) User=0.02s Sys=0.00s Real=0.00s
[2026-09-03T12:35:05.855+0800][8.891s][info][gc          ] GC(125) Concurrent Mark Cycle
[2026-09-03T12:35:05.855+0800][8.891s][info][gc,marking  ] GC(125) Concurrent Scan Root Regions
[2026-09-03T12:35:05.855+0800][8.891s][info][safepoint   ] Safepoint "G1CollectForAllocation", Time since last: 88631167 ns, Reaching safepoint: 53375 ns, At safepoint: 2510208 ns, Leaving safepoint: 28250 ns, Total: 2591833 ns, Threads: 2 runnable, 42 total
[2026-09-03T12:35:05.858+0800][8.894s][info][gc,marking  ] GC(125) Concurrent Scan Root Regions 2.422ms
[2026-09-03T12:35:05.858+0800][8.894s][info][gc,marking  ] GC(125) Concurrent Mark
[2026-09-03T12:35:05.858+0800][8.894s][info][gc,marking  ] GC(125) Concurrent Mark From Roots
[2026-09-03T12:35:05.858+0800][8.894s][info][gc,task     ] GC(125) Concurrent Mark Using 2 of 2 Workers
[2026-09-03T12:35:05.862+0800][8.898s][info][gc,marking  ] GC(125) Concurrent Mark From Roots 4.081ms
[2026-09-03T12:35:05.862+0800][8.898s][info][gc,marking  ] GC(125) Concurrent Preclean
[2026-09-03T12:35:05.862+0800][8.898s][info][gc,marking  ] GC(125) Concurrent Preclean 0.021ms
[2026-09-03T12:35:05.862+0800][8.898s][info][gc,start    ] GC(125) Pause Remark
[2026-09-03T12:35:05.862+0800][8.898s][info][gc          ] GC(125) Pause Remark 149M->112M(256M) 0.313ms
[2026-09-03T12:35:05.862+0800][8.898s][info][gc,cpu      ] GC(125) User=0.00s Sys=0.00s Real=0.00s
[2026-09-03T12:35:05.862+0800][8.898s][info][safepoint   ] Safepoint "G1PauseRemark", Time since last: 6621417 ns, Reaching safepoint: 31708 ns, At safepoint: 340125 ns, Leaving safepoint: 21125 ns, Total: 392958 ns, Threads: 2 runnable, 42 total
[2026-09-03T12:35:05.862+0800][8.898s][info][gc,marking  ] GC(125) Concurrent Mark 4.641ms
[2026-09-03T12:35:05.862+0800][8.898s][info][gc,marking  ] GC(125) Concurrent Rebuild Remembered Sets and Scrub Regions
[2026-09-03T12:35:05.868+0800][8.904s][info][gc,marking  ] GC(125) Concurrent Rebuild Remembered Sets and Scrub Regions 5.328ms
[2026-09-03T12:35:05.868+0800][8.904s][info][gc,start    ] GC(125) Pause Cleanup
[2026-09-03T12:35:05.868+0800][8.904s][info][gc          ] GC(125) Pause Cleanup 117M->117M(256M) 0.044ms
[2026-09-03T12:35:05.868+0800][8.904s][info][gc,cpu      ] GC(125) User=0.00s Sys=0.00s Real=0.00s
[2026-09-03T12:35:05.868+0800][8.904s][info][safepoint   ] Safepoint "G1PauseCleanup", Time since last: 5428875 ns, Reaching safepoint: 30375 ns, At safepoint: 65334 ns, Leaving safepoint: 18916 ns, Total: 114625 ns, Threads: 0 runnable, 42 total
[2026-09-03T12:35:05.868+0800][8.904s][info][gc,marking  ] GC(125) Concurrent Clear Claimed Marks
[2026-09-03T12:35:05.868+0800][8.904s][info][gc,marking  ] GC(125) Concurrent Clear Claimed Marks 0.039ms
[2026-09-03T12:35:05.868+0800][8.904s][info][gc,marking  ] GC(125) Concurrent Cleanup for Next Mark
[2026-09-03T12:35:05.868+0800][8.904s][info][gc,marking  ] GC(125) Concurrent Cleanup for Next Mark 0.118ms
[2026-09-03T12:35:05.868+0800][8.904s][info][gc          ] GC(125) Concurrent Mark Cycle 12.814ms
[2026-09-03T12:35:05.932+0800][8.968s][info][gc,start    ] GC(126) Pause Young (Prepare Mixed) (G1 Evacuation Pause)
[2026-09-03T12:35:05.932+0800][8.968s][info][gc,task     ] GC(126) Using 9 workers of 9 for evacuation
[2026-09-03T12:35:05.934+0800][8.970s][info][gc,phases   ] GC(126)   Pre Evacuate Collection Set: 0.07ms
[2026-09-03T12:35:05.934+0800][8.970s][info][gc,phases   ] GC(126)   Merge Heap Roots: 0.04ms
[2026-09-03T12:35:05.934+0800][8.970s][info][gc,phases   ] GC(126)   Evacuate Collection Set: 1.97ms
[2026-09-03T12:35:05.934+0800][8.970s][info][gc,phases   ] GC(126)   Post Evacuate Collection Set: 0.10ms
[2026-09-03T12:35:05.934+0800][8.970s][info][gc,phases   ] GC(126)   Other: 0.09ms
[2026-09-03T12:35:05.934+0800][8.970s][info][gc,heap     ] GC(126) Eden regions: 80->0(95)
[2026-09-03T12:35:05.934+0800][8.970s][info][gc,heap     ] GC(126) Survivor regions: 14->12(12)
[2026-09-03T12:35:05.934+0800][8.970s][info][gc,heap     ] GC(126) Old regions: 90->109
[2026-09-03T12:35:05.934+0800][8.970s][info][gc,heap     ] GC(126) Humongous regions: 1->1
[2026-09-03T12:35:05.934+0800][8.970s][info][gc,metaspace] GC(126) Metaspace: 1059K(1216K)->1059K(1216K) NonClass: 994K(1088K)->994K(1088K) Class: 64K(128K)->64K(128K)
[2026-09-03T12:35:05.934+0800][8.970s][info][gc          ] GC(126) Pause Young (Prepare Mixed) (G1 Evacuation Pause) 185M->121M(256M) 2.451ms
[2026-09-03T12:35:05.934+0800][8.970s][info][gc,cpu      ] GC(126) User=0.02s Sys=0.00s Real=0.00s
[2026-09-03T12:35:05.935+0800][8.970s][info][safepoint   ] Safepoint "G1CollectForAllocation", Time since last: 64165542 ns, Reaching safepoint: 31750 ns, At safepoint: 2500792 ns, Leaving safepoint: 44500 ns, Total: 2577042 ns, Threads: 1 runnable, 42 total
[2026-09-03T12:35:06.025+0800][9.061s][info][gc,start    ] GC(127) Pause Young (Mixed) (G1 Evacuation Pause)
[2026-09-03T12:35:06.025+0800][9.061s][info][gc,task     ] GC(127) Using 9 workers of 9 for evacuation
[2026-09-03T12:35:06.027+0800][9.063s][info][gc,phases   ] GC(127)   Pre Evacuate Collection Set: 0.08ms
[2026-09-03T12:35:06.027+0800][9.063s][info][gc,phases   ] GC(127)   Merge Heap Roots: 0.04ms
[2026-09-03T12:35:06.027+0800][9.063s][info][gc,phases   ] GC(127)   Evacuate Collection Set: 1.91ms
[2026-09-03T12:35:06.027+0800][9.063s][info][gc,phases   ] GC(127)   Post Evacuate Collection Set: 0.12ms
[2026-09-03T12:35:06.027+0800][9.063s][info][gc,phases   ] GC(127)   Other: 0.07ms
[2026-09-03T12:35:06.027+0800][9.063s][info][gc,heap     ] GC(127) Eden regions: 95->0(102)
[2026-09-03T12:35:06.027+0800][9.063s][info][gc,heap     ] GC(127) Survivor regions: 12->14(14)
[2026-09-03T12:35:06.027+0800][9.063s][info][gc,heap     ] GC(127) Old regions: 109->97
[2026-09-03T12:35:06.027+0800][9.063s][info][gc,heap     ] GC(127) Humongous regions: 1->1
[2026-09-03T12:35:06.027+0800][9.063s][info][gc,metaspace] GC(127) Metaspace: 1059K(1216K)->1059K(1216K) NonClass: 994K(1088K)->994K(1088K) Class: 64K(128K)->64K(128K)
[2026-09-03T12:35:06.027+0800][9.063s][info][gc          ] GC(127) Pause Young (Mixed) (G1 Evacuation Pause) 216M->111M(256M) 2.340ms
[2026-09-03T12:35:06.027+0800][9.063s][info][gc,cpu      ] GC(127) User=0.02s Sys=0.00s Real=0.00s
[2026-09-03T12:35:06.027+0800][9.063s][info][safepoint   ] Safepoint "G1CollectForAllocation", Time since last: 90062125 ns, Reaching safepoint: 42666 ns, At safepoint: 2366500 ns, Leaving safepoint: 42792 ns, Total: 2451958 ns, Threads: 1 runnable, 42 total
[2026-09-03T12:35:06.125+0800][9.161s][info][gc,start    ] GC(128) Pause Young (Mixed) (G1 Evacuation Pause)
[2026-09-03T12:35:06.125+0800][9.161s][info][gc,task     ] GC(128) Using 9 workers of 9 for evacuation
[2026-09-03T12:35:06.127+0800][9.163s][info][gc,phases   ] GC(128)   Pre Evacuate Collection Set: 0.08ms
[2026-09-03T12:35:06.127+0800][9.163s][info][gc,phases   ] GC(128)   Merge Heap Roots: 0.02ms
[2026-09-03T12:35:06.127+0800][9.163s][info][gc,phases   ] GC(128)   Evacuate Collection Set: 1.80ms
[2026-09-03T12:35:06.127+0800][9.163s][info][gc,phases   ] GC(128)   Post Evacuate Collection Set: 0.10ms
[2026-09-03T12:35:06.127+0800][9.163s][info][gc,phases   ] GC(128)   Other: 0.06ms
[2026-09-03T12:35:06.127+0800][9.163s][info][gc,heap     ] GC(128) Eden regions: 102->0(90)
[2026-09-03T12:35:06.127+0800][9.163s][info][gc,heap     ] GC(128) Survivor regions: 14->15(15)
[2026-09-03T12:35:06.127+0800][9.163s][info][gc,heap     ] GC(128) Old regions: 97->113
[2026-09-03T12:35:06.127+0800][9.163s][info][gc,heap     ] GC(128) Humongous regions: 1->1
[2026-09-03T12:35:06.127+0800][9.163s][info][gc,metaspace] GC(128) Metaspace: 1059K(1216K)->1059K(1216K) NonClass: 994K(1088K)->994K(1088K) Class: 64K(128K)->64K(128K)
[2026-09-03T12:35:06.127+0800][9.163s][info][gc          ] GC(128) Pause Young (Mixed) (G1 Evacuation Pause) 213M->128M(256M) 2.177ms
[2026-09-03T12:35:06.127+0800][9.163s][info][gc,cpu      ] GC(128) User=0.02s Sys=0.00s Real=0.00s
[2026-09-03T12:35:06.127+0800][9.163s][info][safepoint   ] Safepoint "G1CollectForAllocation", Time since last: 97616875 ns, Reaching safepoint: 2750 ns, At safepoint: 2203708 ns, Leaving safepoint: 36000 ns, Total: 2242458 ns, Threads: 0 runnable, 42 total
[2026-09-03T12:35:06.212+0800][9.248s][info][gc,start    ] GC(129) Pause Young (Concurrent Start) (G1 Evacuation Pause)
[2026-09-03T12:35:06.212+0800][9.248s][info][gc,task     ] GC(129) Using 9 workers of 9 for evacuation
[2026-09-03T12:35:06.214+0800][9.250s][info][gc,phases   ] GC(129)   Pre Evacuate Collection Set: 0.08ms
[2026-09-03T12:35:06.214+0800][9.250s][info][gc,phases   ] GC(129)   Merge Heap Roots: 0.01ms
[2026-09-03T12:35:06.214+0800][9.250s][info][gc,phases   ] GC(129)   Evacuate Collection Set: 1.77ms
[2026-09-03T12:35:06.214+0800][9.250s][info][gc,phases   ] GC(129)   Post Evacuate Collection Set: 0.09ms
[2026-09-03T12:35:06.214+0800][9.250s][info][gc,phases   ] GC(129)   Other: 0.05ms
[2026-09-03T12:35:06.214+0800][9.250s][info][gc,heap     ] GC(129) Eden regions: 90->0(77)
[2026-09-03T12:35:06.214+0800][9.250s][info][gc,heap     ] GC(129) Survivor regions: 15->14(14)
[2026-09-03T12:35:06.214+0800][9.250s][info][gc,heap     ] GC(129) Old regions: 113->132
[2026-09-03T12:35:06.214+0800][9.250s][info][gc,heap     ] GC(129) Humongous regions: 1->1
[2026-09-03T12:35:06.214+0800][9.250s][info][gc,metaspace] GC(129) Metaspace: 1059K(1216K)->1059K(1216K) NonClass: 994K(1088K)->994K(1088K) Class: 64K(128K)->64K(128K)
[2026-09-03T12:35:06.214+0800][9.250s][info][gc          ] GC(129) Pause Young (Concurrent Start) (G1 Evacuation Pause) 218M->147M(256M) 2.123ms
[2026-09-03T12:35:06.214+0800][9.250s][info][gc,cpu      ] GC(129) User=0.01s Sys=0.00s Real=0.00s
[2026-09-03T12:35:06.214+0800][9.250s][info][gc          ] GC(130) Concurrent Mark Cycle
[2026-09-03T12:35:06.214+0800][9.250s][info][gc,marking  ] GC(130) Concurrent Scan Root Regions
[2026-09-03T12:35:06.214+0800][9.250s][info][safepoint   ] Safepoint "G1CollectForAllocation", Time since last: 84844334 ns, Reaching safepoint: 33208 ns, At safepoint: 2167042 ns, Leaving safepoint: 38541 ns, Total: 2238791 ns, Threads: 1 runnable, 42 total
[2026-09-03T12:35:06.216+0800][9.252s][info][gc,marking  ] GC(130) Concurrent Scan Root Regions 2.479ms
[2026-09-03T12:35:06.217+0800][9.253s][info][gc,marking  ] GC(130) Concurrent Mark
[2026-09-03T12:35:06.217+0800][9.253s][info][gc,marking  ] GC(130) Concurrent Mark From Roots
[2026-09-03T12:35:06.217+0800][9.253s][info][gc,task     ] GC(130) Concurrent Mark Using 2 of 2 Workers
[2026-09-03T12:35:06.220+0800][9.256s][info][gc,marking  ] GC(130) Concurrent Mark From Roots 3.935ms
[2026-09-03T12:35:06.221+0800][9.256s][info][gc,marking  ] GC(130) Concurrent Preclean
[2026-09-03T12:35:06.221+0800][9.256s][info][gc,marking  ] GC(130) Concurrent Preclean 0.009ms
[2026-09-03T12:35:06.221+0800][9.257s][info][gc,start    ] GC(130) Pause Remark
[2026-09-03T12:35:06.221+0800][9.257s][info][gc          ] GC(130) Pause Remark 154M->122M(256M) 0.313ms
[2026-09-03T12:35:06.221+0800][9.257s][info][gc,cpu      ] GC(130) User=0.00s Sys=0.00s Real=0.00s
[2026-09-03T12:35:06.221+0800][9.257s][info][safepoint   ] Safepoint "G1PauseRemark", Time since last: 6571959 ns, Reaching safepoint: 46500 ns, At safepoint: 346416 ns, Leaving safepoint: 21875 ns, Total: 414791 ns, Threads: 2 runnable, 42 total
[2026-09-03T12:35:06.221+0800][9.257s][info][gc,marking  ] GC(130) Concurrent Mark 4.473ms
[2026-09-03T12:35:06.221+0800][9.257s][info][gc,marking  ] GC(130) Concurrent Rebuild Remembered Sets and Scrub Regions
[2026-09-03T12:35:06.226+0800][9.262s][info][gc,marking  ] GC(130) Concurrent Rebuild Remembered Sets and Scrub Regions 4.862ms
[2026-09-03T12:35:06.226+0800][9.262s][info][gc,start    ] GC(130) Pause Cleanup
[2026-09-03T12:35:06.226+0800][9.262s][info][gc          ] GC(130) Pause Cleanup 127M->127M(256M) 0.037ms
[2026-09-03T12:35:06.226+0800][9.262s][info][gc,cpu      ] GC(130) User=0.00s Sys=0.00s Real=0.00s
[2026-09-03T12:35:06.226+0800][9.262s][info][safepoint   ] Safepoint "G1PauseCleanup", Time since last: 4947500 ns, Reaching safepoint: 80917 ns, At safepoint: 53458 ns, Leaving safepoint: 26084 ns, Total: 160459 ns, Threads: 1 runnable, 42 total
[2026-09-03T12:35:06.226+0800][9.262s][info][gc,marking  ] GC(130) Concurrent Clear Claimed Marks
[2026-09-03T12:35:06.226+0800][9.262s][info][gc,marking  ] GC(130) Concurrent Clear Claimed Marks 0.008ms
[2026-09-03T12:35:06.226+0800][9.262s][info][gc,marking  ] GC(130) Concurrent Cleanup for Next Mark
[2026-09-03T12:35:06.226+0800][9.262s][info][gc,marking  ] GC(130) Concurrent Cleanup for Next Mark 0.195ms
[2026-09-03T12:35:06.226+0800][9.262s][info][gc          ] GC(130) Concurrent Mark Cycle 12.461ms
[2026-09-03T12:35:06.285+0800][9.321s][info][gc,start    ] GC(131) Pause Young (Prepare Mixed) (G1 Evacuation Pause)
[2026-09-03T12:35:06.285+0800][9.321s][info][gc,task     ] GC(131) Using 9 workers of 9 for evacuation
[2026-09-03T12:35:06.287+0800][9.323s][info][gc,phases   ] GC(131)   Pre Evacuate Collection Set: 0.07ms
[2026-09-03T12:35:06.287+0800][9.323s][info][gc,phases   ] GC(131)   Merge Heap Roots: 0.04ms
[2026-09-03T12:35:06.287+0800][9.323s][info][gc,phases   ] GC(131)   Evacuate Collection Set: 1.72ms
[2026-09-03T12:35:06.287+0800][9.323s][info][gc,phases   ] GC(131)   Post Evacuate Collection Set: 0.08ms
[2026-09-03T12:35:06.287+0800][9.323s][info][gc,phases   ] GC(131)   Other: 0.06ms
[2026-09-03T12:35:06.287+0800][9.323s][info][gc,heap     ] GC(131) Eden regions: 77->0(88)
[2026-09-03T12:35:06.287+0800][9.323s][info][gc,heap     ] GC(131) Survivor regions: 14->12(12)
[2026-09-03T12:35:06.287+0800][9.323s][info][gc,heap     ] GC(131) Old regions: 100->118
[2026-09-03T12:35:06.287+0800][9.323s][info][gc,heap     ] GC(131) Humongous regions: 1->1
[2026-09-03T12:35:06.287+0800][9.323s][info][gc,metaspace] GC(131) Metaspace: 1059K(1216K)->1059K(1216K) NonClass: 994K(1088K)->994K(1088K) Class: 64K(128K)->64K(128K)
[2026-09-03T12:35:06.287+0800][9.323s][info][gc          ] GC(131) Pause Young (Prepare Mixed) (G1 Evacuation Pause) 192M->131M(256M) 2.084ms
[2026-09-03T12:35:06.287+0800][9.323s][info][gc,cpu      ] GC(131) User=0.02s Sys=0.00s Real=0.00s
[2026-09-03T12:35:06.287+0800][9.323s][info][safepoint   ] Safepoint "G1CollectForAllocation", Time since last: 58422791 ns, Reaching safepoint: 27209 ns, At safepoint: 2124750 ns, Leaving safepoint: 22041 ns, Total: 2174000 ns, Threads: 1 runnable, 42 total
[2026-09-03T12:35:06.366+0800][9.402s][info][gc,start    ] GC(132) Pause Young (Mixed) (G1 Evacuation Pause)
[2026-09-03T12:35:06.366+0800][9.402s][info][gc,task     ] GC(132) Using 9 workers of 9 for evacuation
[2026-09-03T12:35:06.369+0800][9.405s][info][gc,phases   ] GC(132)   Pre Evacuate Collection Set: 0.07ms
[2026-09-03T12:35:06.369+0800][9.405s][info][gc,phases   ] GC(132)   Merge Heap Roots: 0.03ms
[2026-09-03T12:35:06.369+0800][9.405s][info][gc,phases   ] GC(132)   Evacuate Collection Set: 1.76ms
[2026-09-03T12:35:06.369+0800][9.405s][info][gc,phases   ] GC(132)   Post Evacuate Collection Set: 0.12ms
[2026-09-03T12:35:06.369+0800][9.405s][info][gc,phases   ] GC(132)   Other: 0.07ms
[2026-09-03T12:35:06.369+0800][9.405s][info][gc,heap     ] GC(132) Eden regions: 88->0(94)
[2026-09-03T12:35:06.369+0800][9.405s][info][gc,heap     ] GC(132) Survivor regions: 12->13(13)
[2026-09-03T12:35:06.369+0800][9.405s][info][gc,heap     ] GC(132) Old regions: 118->109
[2026-09-03T12:35:06.369+0800][9.405s][info][gc,heap     ] GC(132) Humongous regions: 1->1
[2026-09-03T12:35:06.369+0800][9.405s][info][gc,metaspace] GC(132) Metaspace: 1059K(1216K)->1059K(1216K) NonClass: 994K(1088K)->994K(1088K) Class: 64K(128K)->64K(128K)
[2026-09-03T12:35:06.369+0800][9.405s][info][gc          ] GC(132) Pause Young (Mixed) (G1 Evacuation Pause) 219M->123M(256M) 2.184ms
[2026-09-03T12:35:06.369+0800][9.405s][info][gc,cpu      ] GC(132) User=0.02s Sys=0.00s Real=0.00s
[2026-09-03T12:35:06.369+0800][9.405s][info][safepoint   ] Safepoint "G1CollectForAllocation", Time since last: 79738709 ns, Reaching safepoint: 38166 ns, At safepoint: 2212792 ns, Leaving safepoint: 40583 ns, Total: 2291541 ns, Threads: 1 runnable, 42 total
[2026-09-03T12:35:06.457+0800][9.493s][info][gc,start    ] GC(133) Pause Young (Mixed) (G1 Evacuation Pause)
[2026-09-03T12:35:06.457+0800][9.493s][info][gc,task     ] GC(133) Using 9 workers of 9 for evacuation
[2026-09-03T12:35:06.459+0800][9.495s][info][gc,phases   ] GC(133)   Pre Evacuate Collection Set: 0.08ms
[2026-09-03T12:35:06.460+0800][9.495s][info][gc,phases   ] GC(133)   Merge Heap Roots: 0.03ms
[2026-09-03T12:35:06.460+0800][9.495s][info][gc,phases   ] GC(133)   Evacuate Collection Set: 1.95ms
[2026-09-03T12:35:06.460+0800][9.495s][info][gc,phases   ] GC(133)   Post Evacuate Collection Set: 0.11ms
[2026-09-03T12:35:06.460+0800][9.496s][info][gc,phases   ] GC(133)   Other: 0.07ms
[2026-09-03T12:35:06.460+0800][9.496s][info][gc,heap     ] GC(133) Eden regions: 94->0(92)
[2026-09-03T12:35:06.460+0800][9.496s][info][gc,heap     ] GC(133) Survivor regions: 13->14(14)
[2026-09-03T12:35:06.460+0800][9.496s][info][gc,heap     ] GC(133) Old regions: 109->111
[2026-09-03T12:35:06.460+0800][9.496s][info][gc,heap     ] GC(133) Humongous regions: 1->1
[2026-09-03T12:35:06.460+0800][9.496s][info][gc,metaspace] GC(133) Metaspace: 1059K(1216K)->1059K(1216K) NonClass: 994K(1088K)->994K(1088K) Class: 64K(128K)->64K(128K)
[2026-09-03T12:35:06.460+0800][9.496s][info][gc          ] GC(133) Pause Young (Mixed) (G1 Evacuation Pause) 217M->125M(256M) 2.414ms
[2026-09-03T12:35:06.460+0800][9.496s][info][gc,cpu      ] GC(133) User=0.02s Sys=0.00s Real=0.01s
[2026-09-03T12:35:06.460+0800][9.496s][info][safepoint   ] Safepoint "G1CollectForAllocation", Time since last: 88389584 ns, Reaching safepoint: 36458 ns, At safepoint: 2459917 ns, Leaving safepoint: 45083 ns, Total: 2541458 ns, Threads: 1 runnable, 42 total
[2026-09-03T12:35:06.547+0800][9.583s][info][gc,start    ] GC(134) Pause Young (Concurrent Start) (G1 Evacuation Pause)
[2026-09-03T12:35:06.547+0800][9.583s][info][gc,task     ] GC(134) Using 9 workers of 9 for evacuation
[2026-09-03T12:35:06.550+0800][9.586s][info][gc,phases   ] GC(134)   Pre Evacuate Collection Set: 0.11ms
[2026-09-03T12:35:06.550+0800][9.586s][info][gc,phases   ] GC(134)   Merge Heap Roots: 0.02ms
[2026-09-03T12:35:06.550+0800][9.586s][info][gc,phases   ] GC(134)   Evacuate Collection Set: 2.50ms
[2026-09-03T12:35:06.550+0800][9.586s][info][gc,phases   ] GC(134)   Post Evacuate Collection Set: 0.09ms
[2026-09-03T12:35:06.550+0800][9.586s][info][gc,phases   ] GC(134)   Other: 0.07ms
[2026-09-03T12:35:06.550+0800][9.586s][info][gc,heap     ] GC(134) Eden regions: 92->0(79)
[2026-09-03T12:35:06.550+0800][9.586s][info][gc,heap     ] GC(134) Survivor regions: 14->14(14)
[2026-09-03T12:35:06.550+0800][9.586s][info][gc,heap     ] GC(134) Old regions: 111->129
[2026-09-03T12:35:06.550+0800][9.586s][info][gc,heap     ] GC(134) Humongous regions: 1->1
[2026-09-03T12:35:06.550+0800][9.586s][info][gc,metaspace] GC(134) Metaspace: 1059K(1216K)->1059K(1216K) NonClass: 994K(1088K)->994K(1088K) Class: 64K(128K)->64K(128K)
[2026-09-03T12:35:06.550+0800][9.586s][info][gc          ] GC(134) Pause Young (Concurrent Start) (G1 Evacuation Pause) 217M->144M(256M) 2.935ms
[2026-09-03T12:35:06.550+0800][9.586s][info][gc          ] GC(135) Concurrent Mark Cycle
[2026-09-03T12:35:06.550+0800][9.586s][info][gc,cpu      ] GC(134) User=0.02s Sys=0.00s Real=0.01s
[2026-09-03T12:35:06.550+0800][9.586s][info][gc,marking  ] GC(135) Concurrent Scan Root Regions
[2026-09-03T12:35:06.550+0800][9.586s][info][safepoint   ] Safepoint "G1CollectForAllocation", Time since last: 87365250 ns, Reaching safepoint: 3667 ns, At safepoint: 2980875 ns, Leaving safepoint: 27458 ns, Total: 3012000 ns, Threads: 0 runnable, 42 total
[2026-09-03T12:35:06.552+0800][9.588s][info][gc,marking  ] GC(135) Concurrent Scan Root Regions 2.347ms
[2026-09-03T12:35:06.552+0800][9.588s][info][gc,marking  ] GC(135) Concurrent Mark
[2026-09-03T12:35:06.552+0800][9.588s][info][gc,marking  ] GC(135) Concurrent Mark From Roots
[2026-09-03T12:35:06.552+0800][9.588s][info][gc,task     ] GC(135) Concurrent Mark Using 2 of 2 Workers
[2026-09-03T12:35:06.557+0800][9.593s][info][gc,marking  ] GC(135) Concurrent Mark From Roots 4.729ms
[2026-09-03T12:35:06.557+0800][9.593s][info][gc,marking  ] GC(135) Concurrent Preclean
[2026-09-03T12:35:06.557+0800][9.593s][info][gc,marking  ] GC(135) Concurrent Preclean 0.012ms
[2026-09-03T12:35:06.557+0800][9.593s][info][gc,start    ] GC(135) Pause Remark
[2026-09-03T12:35:06.558+0800][9.594s][info][gc          ] GC(135) Pause Remark 151M->114M(256M) 0.361ms
[2026-09-03T12:35:06.558+0800][9.594s][info][gc,cpu      ] GC(135) User=0.00s Sys=0.00s Real=0.00s
[2026-09-03T12:35:06.558+0800][9.594s][info][safepoint   ] Safepoint "G1PauseRemark", Time since last: 7152708 ns, Reaching safepoint: 29125 ns, At safepoint: 389292 ns, Leaving safepoint: 23875 ns, Total: 442292 ns, Threads: 1 runnable, 42 total
[2026-09-03T12:35:06.558+0800][9.594s][info][gc,marking  ] GC(135) Concurrent Mark 5.317ms
[2026-09-03T12:35:06.558+0800][9.594s][info][gc,marking  ] GC(135) Concurrent Rebuild Remembered Sets and Scrub Regions
[2026-09-03T12:35:06.562+0800][9.598s][info][gc,marking  ] GC(135) Concurrent Rebuild Remembered Sets and Scrub Regions 4.107ms
[2026-09-03T12:35:06.562+0800][9.598s][info][gc,start    ] GC(135) Pause Cleanup
[2026-09-03T12:35:06.562+0800][9.598s][info][gc          ] GC(135) Pause Cleanup 119M->119M(256M) 0.034ms
[2026-09-03T12:35:06.562+0800][9.598s][info][gc,cpu      ] GC(135) User=0.00s Sys=0.00s Real=0.00s
[2026-09-03T12:35:06.562+0800][9.598s][info][safepoint   ] Safepoint "G1PauseCleanup", Time since last: 4232375 ns, Reaching safepoint: 1875 ns, At safepoint: 51875 ns, Leaving safepoint: 22958 ns, Total: 76708 ns, Threads: 0 runnable, 42 total
[2026-09-03T12:35:06.562+0800][9.598s][info][gc,marking  ] GC(135) Concurrent Clear Claimed Marks
[2026-09-03T12:35:06.562+0800][9.598s][info][gc,marking  ] GC(135) Concurrent Clear Claimed Marks 0.043ms
[2026-09-03T12:35:06.562+0800][9.598s][info][gc,marking  ] GC(135) Concurrent Cleanup for Next Mark
[2026-09-03T12:35:06.562+0800][9.598s][info][gc,marking  ] GC(135) Concurrent Cleanup for Next Mark 0.175ms
[2026-09-03T12:35:06.562+0800][9.598s][info][gc          ] GC(135) Concurrent Mark Cycle 12.269ms
[2026-09-03T12:35:06.626+0800][9.662s][info][gc,start    ] GC(136) Pause Young (Prepare Mixed) (G1 Evacuation Pause)
[2026-09-03T12:35:06.627+0800][9.662s][info][gc,task     ] GC(136) Using 9 workers of 9 for evacuation
[2026-09-03T12:35:06.628+0800][9.664s][info][gc,phases   ] GC(136)   Pre Evacuate Collection Set: 0.07ms
[2026-09-03T12:35:06.628+0800][9.664s][info][gc,phases   ] GC(136)   Merge Heap Roots: 0.03ms
[2026-09-03T12:35:06.628+0800][9.664s][info][gc,phases   ] GC(136)   Evacuate Collection Set: 1.63ms
[2026-09-03T12:35:06.628+0800][9.664s][info][gc,phases   ] GC(136)   Post Evacuate Collection Set: 0.09ms
[2026-09-03T12:35:06.628+0800][9.664s][info][gc,phases   ] GC(136)   Other: 0.06ms
[2026-09-03T12:35:06.628+0800][9.664s][info][gc,heap     ] GC(136) Eden regions: 79->0(93)
[2026-09-03T12:35:06.628+0800][9.664s][info][gc,heap     ] GC(136) Survivor regions: 14->12(12)
[2026-09-03T12:35:06.628+0800][9.664s][info][gc,heap     ] GC(136) Old regions: 92->111
[2026-09-03T12:35:06.628+0800][9.664s][info][gc,heap     ] GC(136) Humongous regions: 1->1
[2026-09-03T12:35:06.628+0800][9.664s][info][gc,metaspace] GC(136) Metaspace: 1059K(1216K)->1059K(1216K) NonClass: 994K(1088K)->994K(1088K) Class: 64K(128K)->64K(128K)
[2026-09-03T12:35:06.628+0800][9.664s][info][gc          ] GC(136) Pause Young (Prepare Mixed) (G1 Evacuation Pause) 186M->123M(256M) 2.007ms
[2026-09-03T12:35:06.628+0800][9.664s][info][gc,cpu      ] GC(136) User=0.02s Sys=0.01s Real=0.00s
[2026-09-03T12:35:06.629+0800][9.664s][info][safepoint   ] Safepoint "G1CollectForAllocation", Time since last: 64561000 ns, Reaching safepoint: 2709 ns, At safepoint: 2031375 ns, Leaving safepoint: 23541 ns, Total: 2057625 ns, Threads: 0 runnable, 42 total
[2026-09-03T12:35:06.717+0800][9.753s][info][gc,start    ] GC(137) Pause Young (Mixed) (G1 Evacuation Pause)
[2026-09-03T12:35:06.717+0800][9.753s][info][gc,task     ] GC(137) Using 9 workers of 9 for evacuation
[2026-09-03T12:35:06.719+0800][9.755s][info][gc,phases   ] GC(137)   Pre Evacuate Collection Set: 0.07ms
[2026-09-03T12:35:06.719+0800][9.755s][info][gc,phases   ] GC(137)   Merge Heap Roots: 0.02ms
[2026-09-03T12:35:06.719+0800][9.755s][info][gc,phases   ] GC(137)   Evacuate Collection Set: 1.71ms
[2026-09-03T12:35:06.719+0800][9.755s][info][gc,phases   ] GC(137)   Post Evacuate Collection Set: 0.10ms
[2026-09-03T12:35:06.719+0800][9.755s][info][gc,phases   ] GC(137)   Other: 0.12ms
[2026-09-03T12:35:06.719+0800][9.755s][info][gc,heap     ] GC(137) Eden regions: 93->0(101)
[2026-09-03T12:35:06.719+0800][9.755s][info][gc,heap     ] GC(137) Survivor regions: 12->14(14)
[2026-09-03T12:35:06.719+0800][9.755s][info][gc,heap     ] GC(137) Old regions: 111->98
[2026-09-03T12:35:06.719+0800][9.755s][info][gc,heap     ] GC(137) Humongous regions: 1->1
[2026-09-03T12:35:06.719+0800][9.755s][info][gc,metaspace] GC(137) Metaspace: 1059K(1216K)->1059K(1216K) NonClass: 994K(1088K)->994K(1088K) Class: 64K(128K)->64K(128K)
[2026-09-03T12:35:06.719+0800][9.755s][info][gc          ] GC(137) Pause Young (Mixed) (G1 Evacuation Pause) 216M->112M(256M) 2.148ms
[2026-09-03T12:35:06.719+0800][9.755s][info][gc,cpu      ] GC(137) User=0.02s Sys=0.00s Real=0.00s
[2026-09-03T12:35:06.719+0800][9.755s][info][safepoint   ] Safepoint "G1CollectForAllocation", Time since last: 88296959 ns, Reaching safepoint: 28541 ns, At safepoint: 2171875 ns, Leaving safepoint: 41167 ns, Total: 2241583 ns, Threads: 0 runnable, 42 total
[2026-09-03T12:35:06.815+0800][9.851s][info][gc,start    ] GC(138) Pause Young (Mixed) (G1 Evacuation Pause)
[2026-09-03T12:35:06.815+0800][9.851s][info][gc,task     ] GC(138) Using 9 workers of 9 for evacuation
[2026-09-03T12:35:06.818+0800][9.854s][info][gc,phases   ] GC(138)   Pre Evacuate Collection Set: 0.08ms
[2026-09-03T12:35:06.818+0800][9.854s][info][gc,phases   ] GC(138)   Merge Heap Roots: 0.03ms
[2026-09-03T12:35:06.818+0800][9.854s][info][gc,phases   ] GC(138)   Evacuate Collection Set: 2.14ms
[2026-09-03T12:35:06.818+0800][9.854s][info][gc,phases   ] GC(138)   Post Evacuate Collection Set: 0.12ms
[2026-09-03T12:35:06.818+0800][9.854s][info][gc,phases   ] GC(138)   Other: 0.07ms
[2026-09-03T12:35:06.818+0800][9.854s][info][gc,heap     ] GC(138) Eden regions: 101->0(90)
[2026-09-03T12:35:06.818+0800][9.854s][info][gc,heap     ] GC(138) Survivor regions: 14->15(15)
[2026-09-03T12:35:06.818+0800][9.854s][info][gc,heap     ] GC(138) Old regions: 98->112
[2026-09-03T12:35:06.818+0800][9.854s][info][gc,heap     ] GC(138) Humongous regions: 1->1
[2026-09-03T12:35:06.818+0800][9.854s][info][gc,metaspace] GC(138) Metaspace: 1059K(1216K)->1059K(1216K) NonClass: 994K(1088K)->994K(1088K) Class: 64K(128K)->64K(128K)
[2026-09-03T12:35:06.818+0800][9.854s][info][gc          ] GC(138) Pause Young (Mixed) (G1 Evacuation Pause) 213M->128M(256M) 2.548ms
[2026-09-03T12:35:06.818+0800][9.854s][info][gc,cpu      ] GC(138) User=0.02s Sys=0.00s Real=0.00s
[2026-09-03T12:35:06.818+0800][9.854s][info][safepoint   ] Safepoint "G1CollectForAllocation", Time since last: 95939250 ns, Reaching safepoint: 35125 ns, At safepoint: 2581708 ns, Leaving safepoint: 42334 ns, Total: 2659167 ns, Threads: 3 runnable, 42 total
[2026-09-03T12:35:06.903+0800][9.939s][info][gc,start    ] GC(139) Pause Young (Concurrent Start) (G1 Evacuation Pause)
[2026-09-03T12:35:06.903+0800][9.939s][info][gc,task     ] GC(139) Using 9 workers of 9 for evacuation
[2026-09-03T12:35:06.905+0800][9.941s][info][gc,phases   ] GC(139)   Pre Evacuate Collection Set: 0.08ms
[2026-09-03T12:35:06.905+0800][9.941s][info][gc,phases   ] GC(139)   Merge Heap Roots: 0.01ms
[2026-09-03T12:35:06.905+0800][9.941s][info][gc,phases   ] GC(139)   Evacuate Collection Set: 1.85ms
[2026-09-03T12:35:06.905+0800][9.941s][info][gc,phases   ] GC(139)   Post Evacuate Collection Set: 0.10ms
[2026-09-03T12:35:06.905+0800][9.941s][info][gc,phases   ] GC(139)   Other: 0.06ms
[2026-09-03T12:35:06.905+0800][9.941s][info][gc,heap     ] GC(139) Eden regions: 90->0(77)
[2026-09-03T12:35:06.905+0800][9.941s][info][gc,heap     ] GC(139) Survivor regions: 15->14(14)
[2026-09-03T12:35:06.905+0800][9.941s][info][gc,heap     ] GC(139) Old regions: 112->132
[2026-09-03T12:35:06.905+0800][9.941s][info][gc,heap     ] GC(139) Humongous regions: 1->1
[2026-09-03T12:35:06.905+0800][9.941s][info][gc,metaspace] GC(139) Metaspace: 1059K(1216K)->1059K(1216K) NonClass: 994K(1088K)->994K(1088K) Class: 64K(128K)->64K(128K)
[2026-09-03T12:35:06.905+0800][9.941s][info][gc          ] GC(139) Pause Young (Concurrent Start) (G1 Evacuation Pause) 218M->146M(256M) 2.199ms
[2026-09-03T12:35:06.905+0800][9.941s][info][gc,cpu      ] GC(139) User=0.01s Sys=0.00s Real=0.00s
[2026-09-03T12:35:06.905+0800][9.941s][info][gc          ] GC(140) Concurrent Mark Cycle
[2026-09-03T12:35:06.905+0800][9.941s][info][gc,marking  ] GC(140) Concurrent Scan Root Regions
[2026-09-03T12:35:06.905+0800][9.941s][info][safepoint   ] Safepoint "G1CollectForAllocation", Time since last: 85361750 ns, Reaching safepoint: 28916 ns, At safepoint: 2234125 ns, Leaving safepoint: 41542 ns, Total: 2304583 ns, Threads: 3 runnable, 42 total
[2026-09-03T12:35:06.908+0800][9.944s][info][gc,marking  ] GC(140) Concurrent Scan Root Regions 2.605ms
[2026-09-03T12:35:06.908+0800][9.944s][info][gc,marking  ] GC(140) Concurrent Mark
[2026-09-03T12:35:06.908+0800][9.944s][info][gc,marking  ] GC(140) Concurrent Mark From Roots
[2026-09-03T12:35:06.908+0800][9.944s][info][gc,task     ] GC(140) Concurrent Mark Using 2 of 2 Workers
[2026-09-03T12:35:06.912+0800][9.948s][info][gc,marking  ] GC(140) Concurrent Mark From Roots 4.267ms
[2026-09-03T12:35:06.912+0800][9.948s][info][gc,marking  ] GC(140) Concurrent Preclean
[2026-09-03T12:35:06.912+0800][9.948s][info][gc,marking  ] GC(140) Concurrent Preclean 0.010ms
[2026-09-03T12:35:06.912+0800][9.948s][info][gc,start    ] GC(140) Pause Remark
[2026-09-03T12:35:06.913+0800][9.949s][info][gc          ] GC(140) Pause Remark 154M->118M(256M) 0.391ms
[2026-09-03T12:35:06.913+0800][9.949s][info][gc,cpu      ] GC(140) User=0.00s Sys=0.00s Real=0.00s
[2026-09-03T12:35:06.913+0800][9.949s][info][safepoint   ] Safepoint "G1PauseRemark", Time since last: 6942083 ns, Reaching safepoint: 52917 ns, At safepoint: 416417 ns, Leaving safepoint: 20958 ns, Total: 490292 ns, Threads: 1 runnable, 42 total
[2026-09-03T12:35:06.913+0800][9.949s][info][gc,marking  ] GC(140) Concurrent Mark 4.878ms
[2026-09-03T12:35:06.913+0800][9.949s][info][gc,marking  ] GC(140) Concurrent Rebuild Remembered Sets and Scrub Regions
[2026-09-03T12:35:06.918+0800][9.954s][info][gc,marking  ] GC(140) Concurrent Rebuild Remembered Sets and Scrub Regions 4.864ms
[2026-09-03T12:35:06.918+0800][9.954s][info][gc,start    ] GC(140) Pause Cleanup
[2026-09-03T12:35:06.918+0800][9.954s][info][gc          ] GC(140) Pause Cleanup 123M->123M(256M) 0.043ms
[2026-09-03T12:35:06.918+0800][9.954s][info][gc,cpu      ] GC(140) User=0.00s Sys=0.00s Real=0.00s
[2026-09-03T12:35:06.918+0800][9.954s][info][safepoint   ] Safepoint "G1PauseCleanup", Time since last: 5021625 ns, Reaching safepoint: 80625 ns, At safepoint: 60625 ns, Leaving safepoint: 30875 ns, Total: 172125 ns, Threads: 1 runnable, 42 total
[2026-09-03T12:35:06.918+0800][9.954s][info][gc,marking  ] GC(140) Concurrent Clear Claimed Marks
[2026-09-03T12:35:06.918+0800][9.954s][info][gc,marking  ] GC(140) Concurrent Clear Claimed Marks 0.020ms
[2026-09-03T12:35:06.918+0800][9.954s][info][gc,marking  ] GC(140) Concurrent Cleanup for Next Mark
[2026-09-03T12:35:06.918+0800][9.954s][info][gc,marking  ] GC(140) Concurrent Cleanup for Next Mark 0.177ms
[2026-09-03T12:35:06.918+0800][9.954s][info][gc          ] GC(140) Concurrent Mark Cycle 12.996ms
[2026-09-03T12:35:06.980+0800][10.016s][info][gc,start    ] GC(141) Pause Young (Prepare Mixed) (G1 Evacuation Pause)
[2026-09-03T12:35:06.980+0800][10.016s][info][gc,task     ] GC(141) Using 9 workers of 9 for evacuation
[2026-09-03T12:35:06.983+0800][10.019s][info][gc,phases   ] GC(141)   Pre Evacuate Collection Set: 0.07ms
[2026-09-03T12:35:06.983+0800][10.019s][info][gc,phases   ] GC(141)   Merge Heap Roots: 0.02ms
[2026-09-03T12:35:06.983+0800][10.019s][info][gc,phases   ] GC(141)   Evacuate Collection Set: 2.49ms
[2026-09-03T12:35:06.983+0800][10.019s][info][gc,phases   ] GC(141)   Post Evacuate Collection Set: 0.09ms
[2026-09-03T12:35:06.983+0800][10.019s][info][gc,phases   ] GC(141)   Other: 0.06ms
[2026-09-03T12:35:06.983+0800][10.019s][info][gc,heap     ] GC(141) Eden regions: 77->0(90)
[2026-09-03T12:35:06.983+0800][10.019s][info][gc,heap     ] GC(141) Survivor regions: 14->12(12)
[2026-09-03T12:35:06.983+0800][10.019s][info][gc,heap     ] GC(141) Old regions: 96->115
[2026-09-03T12:35:06.983+0800][10.019s][info][gc,heap     ] GC(141) Humongous regions: 1->1
[2026-09-03T12:35:06.983+0800][10.019s][info][gc,metaspace] GC(141) Metaspace: 1059K(1216K)->1059K(1216K) NonClass: 994K(1088K)->994K(1088K) Class: 64K(128K)->64K(128K)
[2026-09-03T12:35:06.983+0800][10.019s][info][gc          ] GC(141) Pause Young (Prepare Mixed) (G1 Evacuation Pause) 187M->127M(256M) 2.852ms
[2026-09-03T12:35:06.983+0800][10.019s][info][gc,cpu      ] GC(141) User=0.02s Sys=0.00s Real=0.00s
[2026-09-03T12:35:06.983+0800][10.019s][info][safepoint   ] Safepoint "G1CollectForAllocation", Time since last: 61937792 ns, Reaching safepoint: 24666 ns, At safepoint: 2879125 ns, Leaving safepoint: 24542 ns, Total: 2928333 ns, Threads: 1 runnable, 42 total
[2026-09-03T12:35:07.069+0800][10.105s][info][gc,start    ] GC(142) Pause Young (Mixed) (G1 Evacuation Pause)
[2026-09-03T12:35:07.069+0800][10.105s][info][gc,task     ] GC(142) Using 9 workers of 9 for evacuation
[2026-09-03T12:35:07.071+0800][10.107s][info][gc,phases   ] GC(142)   Pre Evacuate Collection Set: 0.06ms
[2026-09-03T12:35:07.071+0800][10.107s][info][gc,phases   ] GC(142)   Merge Heap Roots: 0.03ms
[2026-09-03T12:35:07.071+0800][10.107s][info][gc,phases   ] GC(142)   Evacuate Collection Set: 1.96ms
[2026-09-03T12:35:07.071+0800][10.107s][info][gc,phases   ] GC(142)   Post Evacuate Collection Set: 0.09ms
[2026-09-03T12:35:07.071+0800][10.107s][info][gc,phases   ] GC(142)   Other: 0.06ms
[2026-09-03T12:35:07.071+0800][10.107s][info][gc,heap     ] GC(142) Eden regions: 90->0(97)
[2026-09-03T12:35:07.071+0800][10.107s][info][gc,heap     ] GC(142) Survivor regions: 12->13(13)
[2026-09-03T12:35:07.071+0800][10.107s][info][gc,heap     ] GC(142) Old regions: 115->104
[2026-09-03T12:35:07.071+0800][10.107s][info][gc,heap     ] GC(142) Humongous regions: 1->1
[2026-09-03T12:35:07.071+0800][10.107s][info][gc,metaspace] GC(142) Metaspace: 1059K(1216K)->1059K(1216K) NonClass: 994K(1088K)->994K(1088K) Class: 64K(128K)->64K(128K)
[2026-09-03T12:35:07.071+0800][10.107s][info][gc          ] GC(142) Pause Young (Mixed) (G1 Evacuation Pause) 217M->117M(256M) 2.322ms
[2026-09-03T12:35:07.071+0800][10.107s][info][gc,cpu      ] GC(142) User=0.02s Sys=0.00s Real=0.01s
[2026-09-03T12:35:07.071+0800][10.107s][info][safepoint   ] Safepoint "G1CollectForAllocation", Time since last: 85739125 ns, Reaching safepoint: 48833 ns, At safepoint: 2349167 ns, Leaving safepoint: 24542 ns, Total: 2422542 ns, Threads: 1 runnable, 42 total
[2026-09-03T12:35:07.165+0800][10.201s][info][gc,start    ] GC(143) Pause Young (Mixed) (G1 Evacuation Pause)
[2026-09-03T12:35:07.165+0800][10.201s][info][gc,task     ] GC(143) Using 9 workers of 9 for evacuation
[2026-09-03T12:35:07.167+0800][10.203s][info][gc,phases   ] GC(143)   Pre Evacuate Collection Set: 0.08ms
[2026-09-03T12:35:07.167+0800][10.203s][info][gc,phases   ] GC(143)   Merge Heap Roots: 0.02ms
[2026-09-03T12:35:07.167+0800][10.203s][info][gc,phases   ] GC(143)   Evacuate Collection Set: 2.41ms
[2026-09-03T12:35:07.167+0800][10.203s][info][gc,phases   ] GC(143)   Post Evacuate Collection Set: 0.12ms
[2026-09-03T12:35:07.167+0800][10.203s][info][gc,phases   ] GC(143)   Other: 0.06ms
[2026-09-03T12:35:07.167+0800][10.203s][info][gc,heap     ] GC(143) Eden regions: 97->0(90)
[2026-09-03T12:35:07.167+0800][10.203s][info][gc,heap     ] GC(143) Survivor regions: 13->14(14)
[2026-09-03T12:35:07.167+0800][10.203s][info][gc,heap     ] GC(143) Old regions: 104->114
[2026-09-03T12:35:07.167+0800][10.203s][info][gc,heap     ] GC(143) Humongous regions: 1->1
[2026-09-03T12:35:07.167+0800][10.203s][info][gc,metaspace] GC(143) Metaspace: 1059K(1216K)->1059K(1216K) NonClass: 994K(1088K)->994K(1088K) Class: 64K(128K)->64K(128K)
[2026-09-03T12:35:07.168+0800][10.204s][info][gc          ] GC(143) Pause Young (Mixed) (G1 Evacuation Pause) 214M->129M(256M) 2.818ms
[2026-09-03T12:35:07.168+0800][10.204s][info][gc,cpu      ] GC(143) User=0.02s Sys=0.00s Real=0.00s
[2026-09-03T12:35:07.168+0800][10.204s][info][safepoint   ] Safepoint "G1CollectForAllocation", Time since last: 93725583 ns, Reaching safepoint: 3125 ns, At safepoint: 2843750 ns, Leaving safepoint: 26875 ns, Total: 2873750 ns, Threads: 0 runnable, 42 total
[2026-09-03T12:35:07.253+0800][10.289s][info][gc,start    ] GC(144) Pause Young (Concurrent Start) (G1 Evacuation Pause)
[2026-09-03T12:35:07.253+0800][10.289s][info][gc,task     ] GC(144) Using 9 workers of 9 for evacuation
[2026-09-03T12:35:07.255+0800][10.291s][info][gc,phases   ] GC(144)   Pre Evacuate Collection Set: 0.09ms
[2026-09-03T12:35:07.255+0800][10.291s][info][gc,phases   ] GC(144)   Merge Heap Roots: 0.02ms
[2026-09-03T12:35:07.255+0800][10.291s][info][gc,phases   ] GC(144)   Evacuate Collection Set: 1.76ms
[2026-09-03T12:35:07.255+0800][10.291s][info][gc,phases   ] GC(144)   Post Evacuate Collection Set: 0.10ms
[2026-09-03T12:35:07.255+0800][10.291s][info][gc,phases   ] GC(144)   Other: 0.06ms
[2026-09-03T12:35:07.255+0800][10.291s][info][gc,heap     ] GC(144) Eden regions: 90->0(77)
[2026-09-03T12:35:07.255+0800][10.291s][info][gc,heap     ] GC(144) Survivor regions: 14->13(13)
[2026-09-03T12:35:07.255+0800][10.291s][info][gc,heap     ] GC(144) Old regions: 114->133
[2026-09-03T12:35:07.255+0800][10.291s][info][gc,heap     ] GC(144) Humongous regions: 1->1
[2026-09-03T12:35:07.255+0800][10.291s][info][gc,metaspace] GC(144) Metaspace: 1059K(1216K)->1059K(1216K) NonClass: 994K(1088K)->994K(1088K) Class: 64K(128K)->64K(128K)
[2026-09-03T12:35:07.255+0800][10.291s][info][gc          ] GC(144) Pause Young (Concurrent Start) (G1 Evacuation Pause) 219M->147M(256M) 2.149ms
[2026-09-03T12:35:07.255+0800][10.291s][info][gc,cpu      ] GC(144) User=0.02s Sys=0.00s Real=0.00s
[2026-09-03T12:35:07.255+0800][10.291s][info][gc          ] GC(145) Concurrent Mark Cycle
[2026-09-03T12:35:07.255+0800][10.291s][info][gc,marking  ] GC(145) Concurrent Scan Root Regions
[2026-09-03T12:35:07.255+0800][10.291s][info][safepoint   ] Safepoint "G1CollectForAllocation", Time since last: 85430583 ns, Reaching safepoint: 2542 ns, At safepoint: 2180292 ns, Leaving safepoint: 40083 ns, Total: 2222917 ns, Threads: 0 runnable, 42 total
[2026-09-03T12:35:07.258+0800][10.294s][info][gc,marking  ] GC(145) Concurrent Scan Root Regions 2.491ms
[2026-09-03T12:35:07.258+0800][10.294s][info][gc,marking  ] GC(145) Concurrent Mark
[2026-09-03T12:35:07.258+0800][10.294s][info][gc,marking  ] GC(145) Concurrent Mark From Roots
[2026-09-03T12:35:07.258+0800][10.294s][info][gc,task     ] GC(145) Concurrent Mark Using 2 of 2 Workers
[2026-09-03T12:35:07.263+0800][10.299s][info][gc,marking  ] GC(145) Concurrent Mark From Roots 5.409ms
[2026-09-03T12:35:07.263+0800][10.299s][info][gc,marking  ] GC(145) Concurrent Preclean
[2026-09-03T12:35:07.263+0800][10.299s][info][gc,marking  ] GC(145) Concurrent Preclean 0.043ms
[2026-09-03T12:35:07.263+0800][10.299s][info][gc,start    ] GC(145) Pause Remark
[2026-09-03T12:35:07.264+0800][10.300s][info][gc          ] GC(145) Pause Remark 155M->109M(256M) 0.413ms
[2026-09-03T12:35:07.264+0800][10.300s][info][gc,cpu      ] GC(145) User=0.01s Sys=0.00s Real=0.00s
[2026-09-03T12:35:07.264+0800][10.300s][info][safepoint   ] Safepoint "G1PauseRemark", Time since last: 8084792 ns, Reaching safepoint: 32958 ns, At safepoint: 448292 ns, Leaving safepoint: 25916 ns, Total: 507166 ns, Threads: 1 runnable, 42 total
[2026-09-03T12:35:07.264+0800][10.300s][info][gc,marking  ] GC(145) Concurrent Mark 6.168ms
[2026-09-03T12:35:07.264+0800][10.300s][info][gc,marking  ] GC(145) Concurrent Rebuild Remembered Sets and Scrub Regions
[2026-09-03T12:35:07.269+0800][10.305s][info][gc,marking  ] GC(145) Concurrent Rebuild Remembered Sets and Scrub Regions 4.644ms
[2026-09-03T12:35:07.269+0800][10.305s][info][gc,start    ] GC(145) Pause Cleanup
[2026-09-03T12:35:07.269+0800][10.305s][info][gc          ] GC(145) Pause Cleanup 114M->114M(256M) 0.110ms
[2026-09-03T12:35:07.269+0800][10.305s][info][gc,cpu      ] GC(145) User=0.00s Sys=0.00s Real=0.00s
[2026-09-03T12:35:07.269+0800][10.305s][info][safepoint   ] Safepoint "G1PauseCleanup", Time since last: 4748500 ns, Reaching safepoint: 22750 ns, At safepoint: 150167 ns, Leaving safepoint: 35083 ns, Total: 208000 ns, Threads: 1 runnable, 42 total
[2026-09-03T12:35:07.269+0800][10.305s][info][gc,marking  ] GC(145) Concurrent Clear Claimed Marks
[2026-09-03T12:35:07.269+0800][10.305s][info][gc,marking  ] GC(145) Concurrent Clear Claimed Marks 0.008ms
[2026-09-03T12:35:07.269+0800][10.305s][info][gc,marking  ] GC(145) Concurrent Cleanup for Next Mark
[2026-09-03T12:35:07.269+0800][10.305s][info][gc,marking  ] GC(145) Concurrent Cleanup for Next Mark 0.158ms
[2026-09-03T12:35:07.269+0800][10.305s][info][gc          ] GC(145) Concurrent Mark Cycle 13.881ms
[2026-09-03T12:35:07.330+0800][10.366s][info][gc,start    ] GC(146) Pause Young (Prepare Mixed) (G1 Evacuation Pause)
[2026-09-03T12:35:07.330+0800][10.366s][info][gc,task     ] GC(146) Using 9 workers of 9 for evacuation
[2026-09-03T12:35:07.332+0800][10.368s][info][gc,phases   ] GC(146)   Pre Evacuate Collection Set: 0.04ms
[2026-09-03T12:35:07.332+0800][10.368s][info][gc,phases   ] GC(146)   Merge Heap Roots: 0.02ms
[2026-09-03T12:35:07.332+0800][10.368s][info][gc,phases   ] GC(146)   Evacuate Collection Set: 2.06ms
[2026-09-03T12:35:07.332+0800][10.368s][info][gc,phases   ] GC(146)   Post Evacuate Collection Set: 0.16ms
[2026-09-03T12:35:07.332+0800][10.368s][info][gc,phases   ] GC(146)   Other: 0.07ms
[2026-09-03T12:35:07.332+0800][10.368s][info][gc,heap     ] GC(146) Eden regions: 77->0(98)
[2026-09-03T12:35:07.332+0800][10.368s][info][gc,heap     ] GC(146) Survivor regions: 13->12(12)
[2026-09-03T12:35:07.332+0800][10.368s][info][gc,heap     ] GC(146) Old regions: 87->104
[2026-09-03T12:35:07.332+0800][10.368s][info][gc,heap     ] GC(146) Humongous regions: 1->1
[2026-09-03T12:35:07.332+0800][10.368s][info][gc,metaspace] GC(146) Metaspace: 1059K(1216K)->1059K(1216K) NonClass: 994K(1088K)->994K(1088K) Class: 64K(128K)->64K(128K)
[2026-09-03T12:35:07.332+0800][10.368s][info][gc          ] GC(146) Pause Young (Prepare Mixed) (G1 Evacuation Pause) 178M->117M(256M) 2.542ms
[2026-09-03T12:35:07.332+0800][10.368s][info][gc,cpu      ] GC(146) User=0.02s Sys=0.00s Real=0.00s
[2026-09-03T12:35:07.332+0800][10.368s][info][safepoint   ] Safepoint "G1CollectForAllocation", Time since last: 60833875 ns, Reaching safepoint: 31334 ns, At safepoint: 2604541 ns, Leaving safepoint: 22125 ns, Total: 2658000 ns, Threads: 2 runnable, 42 total
[2026-09-03T12:35:07.425+0800][10.461s][info][gc,start    ] GC(147) Pause Young (Mixed) (G1 Evacuation Pause)
[2026-09-03T12:35:07.425+0800][10.461s][info][gc,task     ] GC(147) Using 9 workers of 9 for evacuation
[2026-09-03T12:35:07.427+0800][10.463s][info][gc,phases   ] GC(147)   Pre Evacuate Collection Set: 0.08ms
[2026-09-03T12:35:07.427+0800][10.463s][info][gc,phases   ] GC(147)   Merge Heap Roots: 0.03ms
[2026-09-03T12:35:07.427+0800][10.463s][info][gc,phases   ] GC(147)   Evacuate Collection Set: 1.91ms
[2026-09-03T12:35:07.427+0800][10.463s][info][gc,phases   ] GC(147)   Post Evacuate Collection Set: 0.11ms
[2026-09-03T12:35:07.427+0800][10.463s][info][gc,phases   ] GC(147)   Other: 0.07ms
[2026-09-03T12:35:07.427+0800][10.463s][info][gc,heap     ] GC(147) Eden regions: 98->0(105)
[2026-09-03T12:35:07.427+0800][10.463s][info][gc,heap     ] GC(147) Survivor regions: 12->14(14)
[2026-09-03T12:35:07.427+0800][10.463s][info][gc,heap     ] GC(147) Old regions: 104->93
[2026-09-03T12:35:07.427+0800][10.464s][info][gc,heap     ] GC(147) Humongous regions: 1->1
[2026-09-03T12:35:07.427+0800][10.464s][info][gc,metaspace] GC(147) Metaspace: 1059K(1216K)->1059K(1216K) NonClass: 994K(1088K)->994K(1088K) Class: 64K(128K)->64K(128K)
[2026-09-03T12:35:07.428+0800][10.464s][info][gc          ] GC(147) Pause Young (Mixed) (G1 Evacuation Pause) 215M->107M(256M) 2.304ms
[2026-09-03T12:35:07.428+0800][10.464s][info][gc,cpu      ] GC(147) User=0.02s Sys=0.00s Real=0.00s
[2026-09-03T12:35:07.428+0800][10.464s][info][safepoint   ] Safepoint "G1CollectForAllocation", Time since last: 92954125 ns, Reaching safepoint: 2750 ns, At safepoint: 2328500 ns, Leaving safepoint: 22459 ns, Total: 2353709 ns, Threads: 0 runnable, 42 total
[2026-09-03T12:35:07.720+0800][10.756s][info][gc,start    ] GC(148) Pause Young (Concurrent Start) (G1 Evacuation Pause)
[2026-09-03T12:35:07.720+0800][10.756s][info][gc,task     ] GC(148) Using 9 workers of 9 for evacuation
[2026-09-03T12:35:07.723+0800][10.759s][info][gc,phases   ] GC(148)   Pre Evacuate Collection Set: 0.05ms
[2026-09-03T12:35:07.723+0800][10.759s][info][gc,phases   ] GC(148)   Merge Heap Roots: 0.02ms
[2026-09-03T12:35:07.723+0800][10.759s][info][gc,phases   ] GC(148)   Evacuate Collection Set: 1.99ms
[2026-09-03T12:35:07.723+0800][10.759s][info][gc,phases   ] GC(148)   Post Evacuate Collection Set: 0.10ms
[2026-09-03T12:35:07.723+0800][10.759s][info][gc,phases   ] GC(148)   Other: 0.06ms
[2026-09-03T12:35:07.723+0800][10.759s][info][gc,heap     ] GC(148) Eden regions: 105->0(90)
[2026-09-03T12:35:07.723+0800][10.759s][info][gc,heap     ] GC(148) Survivor regions: 14->15(15)
[2026-09-03T12:35:07.723+0800][10.759s][info][gc,heap     ] GC(148) Old regions: 93->113
[2026-09-03T12:35:07.723+0800][10.759s][info][gc,heap     ] GC(148) Humongous regions: 1->1
[2026-09-03T12:35:07.723+0800][10.759s][info][gc,metaspace] GC(148) Metaspace: 1059K(1216K)->1059K(1216K) NonClass: 994K(1088K)->994K(1088K) Class: 64K(128K)->64K(128K)
[2026-09-03T12:35:07.723+0800][10.759s][info][gc          ] GC(148) Pause Young (Concurrent Start) (G1 Evacuation Pause) 212M->129M(256M) 2.328ms
[2026-09-03T12:35:07.723+0800][10.759s][info][gc,cpu      ] GC(148) User=0.01s Sys=0.00s Real=0.00s
[2026-09-03T12:35:07.723+0800][10.759s][info][gc          ] GC(149) Concurrent Mark Cycle
[2026-09-03T12:35:07.723+0800][10.759s][info][safepoint   ] Safepoint "G1CollectForAllocation", Time since last: 292830625 ns, Reaching safepoint: 2333 ns, At safepoint: 2357333 ns, Leaving safepoint: 35292 ns, Total: 2394958 ns, Threads: 0 runnable, 42 total
[2026-09-03T12:35:07.723+0800][10.759s][info][gc,marking  ] GC(149) Concurrent Scan Root Regions
[2026-09-03T12:35:07.726+0800][10.762s][info][gc,marking  ] GC(149) Concurrent Scan Root Regions 2.894ms
[2026-09-03T12:35:07.726+0800][10.762s][info][gc,marking  ] GC(149) Concurrent Mark
[2026-09-03T12:35:07.726+0800][10.762s][info][gc,marking  ] GC(149) Concurrent Mark From Roots
[2026-09-03T12:35:07.726+0800][10.762s][info][gc,task     ] GC(149) Concurrent Mark Using 2 of 2 Workers
[2026-09-03T12:35:07.729+0800][10.765s][info][gc,marking  ] GC(149) Concurrent Mark From Roots 3.321ms
[2026-09-03T12:35:07.729+0800][10.765s][info][gc,marking  ] GC(149) Concurrent Preclean
[2026-09-03T12:35:07.729+0800][10.765s][info][gc,marking  ] GC(149) Concurrent Preclean 0.009ms
[2026-09-03T12:35:07.729+0800][10.765s][info][gc,start    ] GC(149) Pause Remark
[2026-09-03T12:35:07.729+0800][10.765s][info][gc          ] GC(149) Pause Remark 133M->120M(256M) 0.330ms
[2026-09-03T12:35:07.729+0800][10.765s][info][gc,cpu      ] GC(149) User=0.00s Sys=0.00s Real=0.00s
[2026-09-03T12:35:07.729+0800][10.765s][info][safepoint   ] Safepoint "G1PauseRemark", Time since last: 6309042 ns, Reaching safepoint: 2666 ns, At safepoint: 349792 ns, Leaving safepoint: 14500 ns, Total: 366958 ns, Threads: 0 runnable, 42 total
[2026-09-03T12:35:07.729+0800][10.765s][info][gc,marking  ] GC(149) Concurrent Mark 3.767ms
[2026-09-03T12:35:07.729+0800][10.765s][info][gc,marking  ] GC(149) Concurrent Rebuild Remembered Sets and Scrub Regions
[2026-09-03T12:35:07.734+0800][10.770s][info][gc,marking  ] GC(149) Concurrent Rebuild Remembered Sets and Scrub Regions 4.460ms
[2026-09-03T12:35:07.734+0800][10.770s][info][gc,start    ] GC(149) Pause Cleanup
[2026-09-03T12:35:07.734+0800][10.770s][info][gc          ] GC(149) Pause Cleanup 122M->122M(256M) 0.043ms
[2026-09-03T12:35:07.734+0800][10.770s][info][gc,cpu      ] GC(149) User=0.00s Sys=0.00s Real=0.00s
[2026-09-03T12:35:07.734+0800][10.770s][info][safepoint   ] Safepoint "G1PauseCleanup", Time since last: 4536042 ns, Reaching safepoint: 2458 ns, At safepoint: 63250 ns, Leaving safepoint: 4625 ns, Total: 70333 ns, Threads: 0 runnable, 42 total
[2026-09-03T12:35:07.734+0800][10.770s][info][gc,marking  ] GC(149) Concurrent Clear Claimed Marks
[2026-09-03T12:35:07.734+0800][10.770s][info][gc,marking  ] GC(149) Concurrent Clear Claimed Marks 0.007ms
[2026-09-03T12:35:07.734+0800][10.770s][info][gc,marking  ] GC(149) Concurrent Cleanup for Next Mark
[2026-09-03T12:35:07.734+0800][10.770s][info][gc,marking  ] GC(149) Concurrent Cleanup for Next Mark 0.099ms
[2026-09-03T12:35:07.734+0800][10.770s][info][gc          ] GC(149) Concurrent Mark Cycle 11.456ms
[2026-09-03T12:35:07.993+0800][11.029s][info][gc,start    ] GC(150) Pause Young (Prepare Mixed) (G1 Evacuation Pause)
[2026-09-03T12:35:07.993+0800][11.029s][info][gc,task     ] GC(150) Using 9 workers of 9 for evacuation
[2026-09-03T12:35:07.995+0800][11.031s][info][gc,phases   ] GC(150)   Pre Evacuate Collection Set: 0.05ms
[2026-09-03T12:35:07.995+0800][11.031s][info][gc,phases   ] GC(150)   Merge Heap Roots: 0.02ms
[2026-09-03T12:35:07.995+0800][11.031s][info][gc,phases   ] GC(150)   Evacuate Collection Set: 1.94ms
[2026-09-03T12:35:07.995+0800][11.031s][info][gc,phases   ] GC(150)   Post Evacuate Collection Set: 0.07ms
[2026-09-03T12:35:07.995+0800][11.031s][info][gc,phases   ] GC(150)   Other: 0.06ms
[2026-09-03T12:35:07.995+0800][11.031s][info][gc,heap     ] GC(150) Eden regions: 90->0(85)
[2026-09-03T12:35:07.995+0800][11.031s][info][gc,heap     ] GC(150) Survivor regions: 15->14(14)
[2026-09-03T12:35:07.995+0800][11.031s][info][gc,heap     ] GC(150) Old regions: 100->120
[2026-09-03T12:35:07.995+0800][11.031s][info][gc,heap     ] GC(150) Humongous regions: 1->1
[2026-09-03T12:35:07.995+0800][11.031s][info][gc,metaspace] GC(150) Metaspace: 1059K(1216K)->1059K(1216K) NonClass: 994K(1088K)->994K(1088K) Class: 64K(128K)->64K(128K)
[2026-09-03T12:35:07.995+0800][11.031s][info][gc          ] GC(150) Pause Young (Prepare Mixed) (G1 Evacuation Pause) 206M->134M(256M) 2.249ms
[2026-09-03T12:35:07.995+0800][11.031s][info][gc,cpu      ] GC(150) User=0.01s Sys=0.00s Real=0.00s
[2026-09-03T12:35:07.995+0800][11.031s][info][safepoint   ] Safepoint "G1CollectForAllocation", Time since last: 259055500 ns, Reaching safepoint: 2708 ns, At safepoint: 2271000 ns, Leaving safepoint: 22334 ns, Total: 2296042 ns, Threads: 0 runnable, 42 total
[2026-09-03T12:35:08.253+0800][11.289s][info][gc,start    ] GC(151) Pause Young (Mixed) (G1 Evacuation Pause)
[2026-09-03T12:35:08.253+0800][11.289s][info][gc,task     ] GC(151) Using 9 workers of 9 for evacuation
[2026-09-03T12:35:08.255+0800][11.291s][info][gc,phases   ] GC(151)   Pre Evacuate Collection Set: 0.07ms
[2026-09-03T12:35:08.255+0800][11.291s][info][gc,phases   ] GC(151)   Merge Heap Roots: 0.03ms
[2026-09-03T12:35:08.255+0800][11.291s][info][gc,phases   ] GC(151)   Evacuate Collection Set: 1.75ms
[2026-09-03T12:35:08.255+0800][11.291s][info][gc,phases   ] GC(151)   Post Evacuate Collection Set: 0.10ms
[2026-09-03T12:35:08.255+0800][11.291s][info][gc,phases   ] GC(151)   Other: 0.06ms
[2026-09-03T12:35:08.255+0800][11.291s][info][gc,heap     ] GC(151) Eden regions: 85->0(92)
[2026-09-03T12:35:08.255+0800][11.291s][info][gc,heap     ] GC(151) Survivor regions: 14->13(13)
[2026-09-03T12:35:08.255+0800][11.291s][info][gc,heap     ] GC(151) Old regions: 120->112
[2026-09-03T12:35:08.255+0800][11.291s][info][gc,heap     ] GC(151) Humongous regions: 1->1
[2026-09-03T12:35:08.255+0800][11.291s][info][gc,metaspace] GC(151) Metaspace: 1059K(1216K)->1059K(1216K) NonClass: 994K(1088K)->994K(1088K) Class: 64K(128K)->64K(128K)
[2026-09-03T12:35:08.255+0800][11.291s][info][gc          ] GC(151) Pause Young (Mixed) (G1 Evacuation Pause) 219M->125M(256M) 2.102ms
[2026-09-03T12:35:08.255+0800][11.291s][info][gc,cpu      ] GC(151) User=0.02s Sys=0.00s Real=0.00s
[2026-09-03T12:35:08.255+0800][11.291s][info][safepoint   ] Safepoint "G1CollectForAllocation", Time since last: 257385291 ns, Reaching safepoint: 2500 ns, At safepoint: 2125334 ns, Leaving safepoint: 41333 ns, Total: 2169167 ns, Threads: 0 runnable, 42 total
[2026-09-03T12:35:08.533+0800][11.569s][info][gc,start    ] GC(152) Pause Young (Mixed) (G1 Evacuation Pause)
[2026-09-03T12:35:08.533+0800][11.569s][info][gc,task     ] GC(152) Using 9 workers of 9 for evacuation
[2026-09-03T12:35:08.535+0800][11.571s][info][gc,phases   ] GC(152)   Pre Evacuate Collection Set: 0.04ms
[2026-09-03T12:35:08.535+0800][11.571s][info][gc,phases   ] GC(152)   Merge Heap Roots: 0.03ms
[2026-09-03T12:35:08.535+0800][11.571s][info][gc,phases   ] GC(152)   Evacuate Collection Set: 1.74ms
[2026-09-03T12:35:08.535+0800][11.571s][info][gc,phases   ] GC(152)   Post Evacuate Collection Set: 0.10ms
[2026-09-03T12:35:08.535+0800][11.571s][info][gc,phases   ] GC(152)   Other: 0.06ms
[2026-09-03T12:35:08.535+0800][11.571s][info][gc,heap     ] GC(152) Eden regions: 92->0(92)
[2026-09-03T12:35:08.535+0800][11.571s][info][gc,heap     ] GC(152) Survivor regions: 13->14(14)
[2026-09-03T12:35:08.535+0800][11.571s][info][gc,heap     ] GC(152) Old regions: 112->111
[2026-09-03T12:35:08.535+0800][11.571s][info][gc,heap     ] GC(152) Humongous regions: 1->1
[2026-09-03T12:35:08.535+0800][11.571s][info][gc,metaspace] GC(152) Metaspace: 1059K(1216K)->1059K(1216K) NonClass: 994K(1088K)->994K(1088K) Class: 64K(128K)->64K(128K)
[2026-09-03T12:35:08.535+0800][11.571s][info][gc          ] GC(152) Pause Young (Mixed) (G1 Evacuation Pause) 217M->125M(256M) 2.082ms
[2026-09-03T12:35:08.535+0800][11.572s][info][gc,cpu      ] GC(152) User=0.01s Sys=0.00s Real=0.00s
[2026-09-03T12:35:08.536+0800][11.572s][info][safepoint   ] Safepoint "G1CollectForAllocation", Time since last: 278433792 ns, Reaching safepoint: 1958 ns, At safepoint: 2103708 ns, Leaving safepoint: 45417 ns, Total: 2151083 ns, Threads: 0 runnable, 42 total
[2026-09-03T12:35:08.814+0800][11.850s][info][gc,start    ] GC(153) Pause Young (Concurrent Start) (G1 Evacuation Pause)
[2026-09-03T12:35:08.814+0800][11.850s][info][gc,task     ] GC(153) Using 9 workers of 9 for evacuation
[2026-09-03T12:35:08.817+0800][11.853s][info][gc,phases   ] GC(153)   Pre Evacuate Collection Set: 0.06ms
[2026-09-03T12:35:08.817+0800][11.853s][info][gc,phases   ] GC(153)   Merge Heap Roots: 0.02ms
[2026-09-03T12:35:08.817+0800][11.853s][info][gc,phases   ] GC(153)   Evacuate Collection Set: 2.31ms
[2026-09-03T12:35:08.817+0800][11.853s][info][gc,phases   ] GC(153)   Post Evacuate Collection Set: 0.11ms
[2026-09-03T12:35:08.817+0800][11.853s][info][gc,phases   ] GC(153)   Other: 0.06ms
[2026-09-03T12:35:08.817+0800][11.853s][info][gc,heap     ] GC(153) Eden regions: 92->0(78)
[2026-09-03T12:35:08.817+0800][11.853s][info][gc,heap     ] GC(153) Survivor regions: 14->14(14)
[2026-09-03T12:35:08.817+0800][11.853s][info][gc,heap     ] GC(153) Old regions: 111->130
[2026-09-03T12:35:08.817+0800][11.853s][info][gc,heap     ] GC(153) Humongous regions: 1->1
[2026-09-03T12:35:08.817+0800][11.853s][info][gc,metaspace] GC(153) Metaspace: 1059K(1216K)->1059K(1216K) NonClass: 994K(1088K)->994K(1088K) Class: 64K(128K)->64K(128K)
[2026-09-03T12:35:08.817+0800][11.853s][info][gc          ] GC(153) Pause Young (Concurrent Start) (G1 Evacuation Pause) 217M->144M(256M) 2.692ms
[2026-09-03T12:35:08.817+0800][11.853s][info][gc,cpu      ] GC(153) User=0.01s Sys=0.00s Real=0.00s
[2026-09-03T12:35:08.817+0800][11.853s][info][gc          ] GC(154) Concurrent Mark Cycle
[2026-09-03T12:35:08.817+0800][11.853s][info][gc,marking  ] GC(154) Concurrent Scan Root Regions
[2026-09-03T12:35:08.817+0800][11.853s][info][safepoint   ] Safepoint "G1CollectForAllocation", Time since last: 278799000 ns, Reaching safepoint: 3208 ns, At safepoint: 2724709 ns, Leaving safepoint: 26750 ns, Total: 2754667 ns, Threads: 0 runnable, 42 total
[2026-09-03T12:35:08.819+0800][11.855s][info][gc,marking  ] GC(154) Concurrent Scan Root Regions 2.181ms
[2026-09-03T12:35:08.819+0800][11.855s][info][gc,marking  ] GC(154) Concurrent Mark
[2026-09-03T12:35:08.819+0800][11.855s][info][gc,marking  ] GC(154) Concurrent Mark From Roots
[2026-09-03T12:35:08.819+0800][11.855s][info][gc,task     ] GC(154) Concurrent Mark Using 2 of 2 Workers
[2026-09-03T12:35:08.823+0800][11.859s][info][gc,marking  ] GC(154) Concurrent Mark From Roots 3.845ms
[2026-09-03T12:35:08.823+0800][11.859s][info][gc,marking  ] GC(154) Concurrent Preclean
[2026-09-03T12:35:08.823+0800][11.859s][info][gc,marking  ] GC(154) Concurrent Preclean 0.010ms
[2026-09-03T12:35:08.823+0800][11.859s][info][gc,start    ] GC(154) Pause Remark
[2026-09-03T12:35:08.824+0800][11.860s][info][gc          ] GC(154) Pause Remark 147M->116M(256M) 0.392ms
[2026-09-03T12:35:08.824+0800][11.860s][info][gc,cpu      ] GC(154) User=0.00s Sys=0.00s Real=0.00s
[2026-09-03T12:35:08.824+0800][11.860s][info][safepoint   ] Safepoint "G1PauseRemark", Time since last: 6071000 ns, Reaching safepoint: 2416 ns, At safepoint: 414834 ns, Leaving safepoint: 35041 ns, Total: 452291 ns, Threads: 0 runnable, 42 total
[2026-09-03T12:35:08.824+0800][11.860s][info][gc,marking  ] GC(154) Concurrent Mark 4.446ms
[2026-09-03T12:35:08.824+0800][11.860s][info][gc,marking  ] GC(154) Concurrent Rebuild Remembered Sets and Scrub Regions
[2026-09-03T12:35:08.828+0800][11.864s][info][gc,marking  ] GC(154) Concurrent Rebuild Remembered Sets and Scrub Regions 4.004ms
[2026-09-03T12:35:08.828+0800][11.864s][info][gc,start    ] GC(154) Pause Cleanup
[2026-09-03T12:35:08.828+0800][11.864s][info][gc          ] GC(154) Pause Cleanup 118M->118M(256M) 0.039ms
[2026-09-03T12:35:08.828+0800][11.864s][info][gc,cpu      ] GC(154) User=0.00s Sys=0.00s Real=0.00s
[2026-09-03T12:35:08.828+0800][11.864s][info][safepoint   ] Safepoint "G1PauseCleanup", Time since last: 4200709 ns, Reaching safepoint: 1833 ns, At safepoint: 58625 ns, Leaving safepoint: 583 ns, Total: 61041 ns, Threads: 0 runnable, 42 total
[2026-09-03T12:35:08.828+0800][11.864s][info][gc,marking  ] GC(154) Concurrent Clear Claimed Marks
[2026-09-03T12:35:08.828+0800][11.864s][info][gc,marking  ] GC(154) Concurrent Clear Claimed Marks 0.005ms
[2026-09-03T12:35:08.828+0800][11.864s][info][gc,marking  ] GC(154) Concurrent Cleanup for Next Mark
[2026-09-03T12:35:08.828+0800][11.864s][info][gc,marking  ] GC(154) Concurrent Cleanup for Next Mark 0.097ms
[2026-09-03T12:35:08.828+0800][11.864s][info][gc          ] GC(154) Concurrent Mark Cycle 10.948ms
[2026-09-03T12:35:09.051+0800][12.087s][info][gc,start    ] GC(155) Pause Young (Prepare Mixed) (G1 Evacuation Pause)
[2026-09-03T12:35:09.051+0800][12.087s][info][gc,task     ] GC(155) Using 9 workers of 9 for evacuation
[2026-09-03T12:35:09.053+0800][12.089s][info][gc,phases   ] GC(155)   Pre Evacuate Collection Set: 0.06ms
[2026-09-03T12:35:09.053+0800][12.089s][info][gc,phases   ] GC(155)   Merge Heap Roots: 0.02ms
[2026-09-03T12:35:09.053+0800][12.089s][info][gc,phases   ] GC(155)   Evacuate Collection Set: 1.74ms
[2026-09-03T12:35:09.053+0800][12.089s][info][gc,phases   ] GC(155)   Post Evacuate Collection Set: 0.09ms
[2026-09-03T12:35:09.053+0800][12.089s][info][gc,phases   ] GC(155)   Other: 0.06ms
[2026-09-03T12:35:09.053+0800][12.089s][info][gc,heap     ] GC(155) Eden regions: 78->0(90)
[2026-09-03T12:35:09.053+0800][12.089s][info][gc,heap     ] GC(155) Survivor regions: 14->12(12)
[2026-09-03T12:35:09.053+0800][12.089s][info][gc,heap     ] GC(155) Old regions: 99->116
[2026-09-03T12:35:09.053+0800][12.089s][info][gc,heap     ] GC(155) Humongous regions: 1->1
[2026-09-03T12:35:09.053+0800][12.089s][info][gc,metaspace] GC(155) Metaspace: 1059K(1216K)->1059K(1216K) NonClass: 994K(1088K)->994K(1088K) Class: 64K(128K)->64K(128K)
[2026-09-03T12:35:09.053+0800][12.089s][info][gc          ] GC(155) Pause Young (Prepare Mixed) (G1 Evacuation Pause) 191M->129M(256M) 2.090ms
[2026-09-03T12:35:09.053+0800][12.089s][info][gc,cpu      ] GC(155) User=0.02s Sys=0.00s Real=0.00s
[2026-09-03T12:35:09.053+0800][12.089s][info][safepoint   ] Safepoint "G1CollectForAllocation", Time since last: 222680125 ns, Reaching safepoint: 2917 ns, At safepoint: 2116042 ns, Leaving safepoint: 23666 ns, Total: 2142625 ns, Threads: 0 runnable, 42 total
[2026-09-03T12:35:09.322+0800][12.358s][info][gc,start    ] GC(156) Pause Young (Mixed) (G1 Evacuation Pause)
[2026-09-03T12:35:09.322+0800][12.358s][info][gc,task     ] GC(156) Using 9 workers of 9 for evacuation
[2026-09-03T12:35:09.325+0800][12.361s][info][gc,phases   ] GC(156)   Pre Evacuate Collection Set: 0.05ms
[2026-09-03T12:35:09.325+0800][12.361s][info][gc,phases   ] GC(156)   Merge Heap Roots: 0.03ms
[2026-09-03T12:35:09.325+0800][12.361s][info][gc,phases   ] GC(156)   Evacuate Collection Set: 2.19ms
[2026-09-03T12:35:09.325+0800][12.361s][info][gc,phases   ] GC(156)   Post Evacuate Collection Set: 0.10ms
[2026-09-03T12:35:09.325+0800][12.361s][info][gc,phases   ] GC(156)   Other: 0.07ms
[2026-09-03T12:35:09.325+0800][12.361s][info][gc,heap     ] GC(156) Eden regions: 90->0(95)
[2026-09-03T12:35:09.325+0800][12.361s][info][gc,heap     ] GC(156) Survivor regions: 12->13(13)
[2026-09-03T12:35:09.325+0800][12.361s][info][gc,heap     ] GC(156) Old regions: 116->108
[2026-09-03T12:35:09.325+0800][12.361s][info][gc,heap     ] GC(156) Humongous regions: 1->1
[2026-09-03T12:35:09.325+0800][12.361s][info][gc,metaspace] GC(156) Metaspace: 1059K(1216K)->1059K(1216K) NonClass: 994K(1088K)->994K(1088K) Class: 64K(128K)->64K(128K)
[2026-09-03T12:35:09.325+0800][12.361s][info][gc          ] GC(156) Pause Young (Mixed) (G1 Evacuation Pause) 219M->121M(256M) 2.574ms
[2026-09-03T12:35:09.325+0800][12.361s][info][gc,cpu      ] GC(156) User=0.02s Sys=0.00s Real=0.00s
[2026-09-03T12:35:09.325+0800][12.361s][info][safepoint   ] Safepoint "G1CollectForAllocation", Time since last: 269483000 ns, Reaching safepoint: 3875 ns, At safepoint: 2603792 ns, Leaving safepoint: 25667 ns, Total: 2633334 ns, Threads: 0 runnable, 42 total
[2026-09-03T12:35:09.610+0800][12.646s][info][gc,start    ] GC(157) Pause Young (Mixed) (G1 Evacuation Pause)
[2026-09-03T12:35:09.610+0800][12.646s][info][gc,task     ] GC(157) Using 9 workers of 9 for evacuation
[2026-09-03T12:35:09.612+0800][12.648s][info][gc,phases   ] GC(157)   Pre Evacuate Collection Set: 0.06ms
[2026-09-03T12:35:09.612+0800][12.648s][info][gc,phases   ] GC(157)   Merge Heap Roots: 0.04ms
[2026-09-03T12:35:09.612+0800][12.648s][info][gc,phases   ] GC(157)   Evacuate Collection Set: 1.81ms
[2026-09-03T12:35:09.612+0800][12.648s][info][gc,phases   ] GC(157)   Post Evacuate Collection Set: 0.11ms
[2026-09-03T12:35:09.612+0800][12.648s][info][gc,phases   ] GC(157)   Other: 0.05ms
[2026-09-03T12:35:09.612+0800][12.648s][info][gc,heap     ] GC(157) Eden regions: 95->0(92)
[2026-09-03T12:35:09.612+0800][12.648s][info][gc,heap     ] GC(157) Survivor regions: 13->14(14)
[2026-09-03T12:35:09.612+0800][12.648s][info][gc,heap     ] GC(157) Old regions: 108->110
[2026-09-03T12:35:09.612+0800][12.648s][info][gc,heap     ] GC(157) Humongous regions: 1->1
[2026-09-03T12:35:09.612+0800][12.648s][info][gc,metaspace] GC(157) Metaspace: 1059K(1216K)->1059K(1216K) NonClass: 994K(1088K)->994K(1088K) Class: 64K(128K)->64K(128K)
[2026-09-03T12:35:09.612+0800][12.648s][info][gc          ] GC(157) Pause Young (Mixed) (G1 Evacuation Pause) 216M->124M(256M) 2.191ms
[2026-09-03T12:35:09.612+0800][12.648s][info][gc,cpu      ] GC(157) User=0.01s Sys=0.00s Real=0.00s
[2026-09-03T12:35:09.612+0800][12.648s][info][safepoint   ] Safepoint "G1CollectForAllocation", Time since last: 285064625 ns, Reaching safepoint: 2333 ns, At safepoint: 2213958 ns, Leaving safepoint: 39000 ns, Total: 2255291 ns, Threads: 0 runnable, 42 total
[2026-09-03T12:35:09.889+0800][12.925s][info][gc,start    ] GC(158) Pause Young (Concurrent Start) (G1 Evacuation Pause)
[2026-09-03T12:35:09.889+0800][12.926s][info][gc,task     ] GC(158) Using 9 workers of 9 for evacuation
[2026-09-03T12:35:09.892+0800][12.928s][info][gc,phases   ] GC(158)   Pre Evacuate Collection Set: 0.08ms
[2026-09-03T12:35:09.892+0800][12.928s][info][gc,phases   ] GC(158)   Merge Heap Roots: 0.03ms
[2026-09-03T12:35:09.892+0800][12.928s][info][gc,phases   ] GC(158)   Evacuate Collection Set: 2.22ms
[2026-09-03T12:35:09.892+0800][12.928s][info][gc,phases   ] GC(158)   Post Evacuate Collection Set: 0.09ms
[2026-09-03T12:35:09.892+0800][12.928s][info][gc,phases   ] GC(158)   Other: 0.06ms
[2026-09-03T12:35:09.892+0800][12.928s][info][gc,heap     ] GC(158) Eden regions: 92->0(79)
[2026-09-03T12:35:09.892+0800][12.928s][info][gc,heap     ] GC(158) Survivor regions: 14->14(14)
[2026-09-03T12:35:09.892+0800][12.928s][info][gc,heap     ] GC(158) Old regions: 110->129
[2026-09-03T12:35:09.892+0800][12.928s][info][gc,heap     ] GC(158) Humongous regions: 1->1
[2026-09-03T12:35:09.892+0800][12.928s][info][gc,metaspace] GC(158) Metaspace: 1059K(1216K)->1059K(1216K) NonClass: 994K(1088K)->994K(1088K) Class: 64K(128K)->64K(128K)
[2026-09-03T12:35:09.892+0800][12.928s][info][gc          ] GC(158) Pause Young (Concurrent Start) (G1 Evacuation Pause) 216M->143M(256M) 2.613ms
[2026-09-03T12:35:09.892+0800][12.928s][info][gc,cpu      ] GC(158) User=0.01s Sys=0.01s Real=0.01s
[2026-09-03T12:35:09.892+0800][12.928s][info][gc          ] GC(159) Concurrent Mark Cycle
[2026-09-03T12:35:09.892+0800][12.928s][info][gc,marking  ] GC(159) Concurrent Scan Root Regions
[2026-09-03T12:35:09.892+0800][12.928s][info][safepoint   ] Safepoint "G1CollectForAllocation", Time since last: 277304500 ns, Reaching safepoint: 3000 ns, At safepoint: 2643875 ns, Leaving safepoint: 29292 ns, Total: 2676167 ns, Threads: 0 runnable, 42 total
[2026-09-03T12:35:09.894+0800][12.930s][info][gc,marking  ] GC(159) Concurrent Scan Root Regions 2.091ms
[2026-09-03T12:35:09.894+0800][12.930s][info][gc,marking  ] GC(159) Concurrent Mark
[2026-09-03T12:35:09.894+0800][12.930s][info][gc,marking  ] GC(159) Concurrent Mark From Roots
[2026-09-03T12:35:09.894+0800][12.930s][info][gc,task     ] GC(159) Concurrent Mark Using 2 of 2 Workers
[2026-09-03T12:35:09.898+0800][12.934s][info][gc,marking  ] GC(159) Concurrent Mark From Roots 3.530ms
[2026-09-03T12:35:09.898+0800][12.934s][info][gc,marking  ] GC(159) Concurrent Preclean
[2026-09-03T12:35:09.898+0800][12.934s][info][gc,marking  ] GC(159) Concurrent Preclean 0.011ms
[2026-09-03T12:35:09.898+0800][12.934s][info][gc,start    ] GC(159) Pause Remark
[2026-09-03T12:35:09.898+0800][12.934s][info][gc          ] GC(159) Pause Remark 146M->108M(256M) 0.404ms
[2026-09-03T12:35:09.898+0800][12.934s][info][gc,cpu      ] GC(159) User=0.00s Sys=0.00s Real=0.00s
[2026-09-03T12:35:09.898+0800][12.934s][info][safepoint   ] Safepoint "G1PauseRemark", Time since last: 5687042 ns, Reaching safepoint: 4458 ns, At safepoint: 428083 ns, Leaving safepoint: 15917 ns, Total: 448458 ns, Threads: 0 runnable, 42 total
[2026-09-03T12:35:09.898+0800][12.934s][info][gc,marking  ] GC(159) Concurrent Mark 4.125ms
[2026-09-03T12:35:09.898+0800][12.934s][info][gc,marking  ] GC(159) Concurrent Rebuild Remembered Sets and Scrub Regions
[2026-09-03T12:35:09.902+0800][12.938s][info][gc,marking  ] GC(159) Concurrent Rebuild Remembered Sets and Scrub Regions 4.003ms
[2026-09-03T12:35:09.902+0800][12.938s][info][gc,start    ] GC(159) Pause Cleanup
[2026-09-03T12:35:09.902+0800][12.938s][info][gc          ] GC(159) Pause Cleanup 110M->110M(256M) 0.039ms
[2026-09-03T12:35:09.902+0800][12.938s][info][gc,cpu      ] GC(159) User=0.00s Sys=0.00s Real=0.00s
[2026-09-03T12:35:09.902+0800][12.938s][info][safepoint   ] Safepoint "G1PauseCleanup", Time since last: 4132458 ns, Reaching safepoint: 18709 ns, At safepoint: 56625 ns, Leaving safepoint: 1583 ns, Total: 76917 ns, Threads: 1 runnable, 42 total
[2026-09-03T12:35:09.902+0800][12.938s][info][gc,marking  ] GC(159) Concurrent Clear Claimed Marks
[2026-09-03T12:35:09.902+0800][12.938s][info][gc,marking  ] GC(159) Concurrent Clear Claimed Marks 0.005ms
[2026-09-03T12:35:09.902+0800][12.938s][info][gc,marking  ] GC(159) Concurrent Cleanup for Next Mark
[2026-09-03T12:35:09.903+0800][12.939s][info][gc,marking  ] GC(159) Concurrent Cleanup for Next Mark 0.095ms
[2026-09-03T12:35:09.903+0800][12.939s][info][gc          ] GC(159) Concurrent Mark Cycle 10.508ms
[2026-09-03T12:35:10.130+0800][13.166s][info][gc,start    ] GC(160) Pause Young (Prepare Mixed) (G1 Evacuation Pause)
[2026-09-03T12:35:10.130+0800][13.166s][info][gc,task     ] GC(160) Using 9 workers of 9 for evacuation
[2026-09-03T12:35:10.133+0800][13.169s][info][gc,phases   ] GC(160)   Pre Evacuate Collection Set: 0.06ms
[2026-09-03T12:35:10.133+0800][13.169s][info][gc,phases   ] GC(160)   Merge Heap Roots: 0.03ms
[2026-09-03T12:35:10.133+0800][13.169s][info][gc,phases   ] GC(160)   Evacuate Collection Set: 2.58ms
[2026-09-03T12:35:10.133+0800][13.169s][info][gc,phases   ] GC(160)   Post Evacuate Collection Set: 0.10ms
[2026-09-03T12:35:10.133+0800][13.169s][info][gc,phases   ] GC(160)   Other: 0.06ms
[2026-09-03T12:35:10.133+0800][13.169s][info][gc,heap     ] GC(160) Eden regions: 79->0(94)
[2026-09-03T12:35:10.133+0800][13.169s][info][gc,heap     ] GC(160) Survivor regions: 14->12(12)
[2026-09-03T12:35:10.133+0800][13.169s][info][gc,heap     ] GC(160) Old regions: 91->109
[2026-09-03T12:35:10.133+0800][13.169s][info][gc,heap     ] GC(160) Humongous regions: 1->1
[2026-09-03T12:35:10.133+0800][13.169s][info][gc,metaspace] GC(160) Metaspace: 1059K(1216K)->1059K(1216K) NonClass: 994K(1088K)->994K(1088K) Class: 64K(128K)->64K(128K)
[2026-09-03T12:35:10.133+0800][13.169s][info][gc          ] GC(160) Pause Young (Prepare Mixed) (G1 Evacuation Pause) 184M->122M(256M) 2.944ms
[2026-09-03T12:35:10.133+0800][13.169s][info][gc,cpu      ] GC(160) User=0.02s Sys=0.01s Real=0.00s
[2026-09-03T12:35:10.133+0800][13.169s][info][safepoint   ] Safepoint "G1CollectForAllocation", Time since last: 227727750 ns, Reaching safepoint: 2042 ns, At safepoint: 2968458 ns, Leaving safepoint: 29625 ns, Total: 3000125 ns, Threads: 0 runnable, 42 total
[2026-09-03T12:35:10.416+0800][13.452s][info][gc,start    ] GC(161) Pause Young (Mixed) (G1 Evacuation Pause)
[2026-09-03T12:35:10.416+0800][13.452s][info][gc,task     ] GC(161) Using 9 workers of 9 for evacuation
[2026-09-03T12:35:10.418+0800][13.454s][info][gc,phases   ] GC(161)   Pre Evacuate Collection Set: 0.04ms
[2026-09-03T12:35:10.418+0800][13.454s][info][gc,phases   ] GC(161)   Merge Heap Roots: 0.05ms
[2026-09-03T12:35:10.418+0800][13.454s][info][gc,phases   ] GC(161)   Evacuate Collection Set: 1.81ms
[2026-09-03T12:35:10.418+0800][13.454s][info][gc,phases   ] GC(161)   Post Evacuate Collection Set: 0.10ms
[2026-09-03T12:35:10.418+0800][13.454s][info][gc,phases   ] GC(161)   Other: 0.06ms
[2026-09-03T12:35:10.418+0800][13.454s][info][gc,heap     ] GC(161) Eden regions: 94->0(102)
[2026-09-03T12:35:10.418+0800][13.454s][info][gc,heap     ] GC(161) Survivor regions: 12->14(14)
[2026-09-03T12:35:10.418+0800][13.454s][info][gc,heap     ] GC(161) Old regions: 109->97
[2026-09-03T12:35:10.418+0800][13.454s][info][gc,heap     ] GC(161) Humongous regions: 1->1
[2026-09-03T12:35:10.418+0800][13.454s][info][gc,metaspace] GC(161) Metaspace: 1059K(1216K)->1059K(1216K) NonClass: 994K(1088K)->994K(1088K) Class: 64K(128K)->64K(128K)
[2026-09-03T12:35:10.418+0800][13.454s][info][gc          ] GC(161) Pause Young (Mixed) (G1 Evacuation Pause) 216M->111M(256M) 2.187ms
[2026-09-03T12:35:10.418+0800][13.454s][info][gc,cpu      ] GC(161) User=0.01s Sys=0.00s Real=0.00s
[2026-09-03T12:35:10.418+0800][13.454s][info][safepoint   ] Safepoint "G1CollectForAllocation", Time since last: 282660500 ns, Reaching safepoint: 3083 ns, At safepoint: 2213625 ns, Leaving safepoint: 26709 ns, Total: 2243417 ns, Threads: 0 runnable, 42 total
[2026-09-03T12:35:10.727+0800][13.763s][info][gc,start    ] GC(162) Pause Young (Mixed) (G1 Evacuation Pause)
[2026-09-03T12:35:10.727+0800][13.763s][info][gc,task     ] GC(162) Using 9 workers of 9 for evacuation
[2026-09-03T12:35:10.729+0800][13.765s][info][gc,phases   ] GC(162)   Pre Evacuate Collection Set: 0.05ms
[2026-09-03T12:35:10.729+0800][13.765s][info][gc,phases   ] GC(162)   Merge Heap Roots: 0.03ms
[2026-09-03T12:35:10.729+0800][13.765s][info][gc,phases   ] GC(162)   Evacuate Collection Set: 1.96ms
[2026-09-03T12:35:10.729+0800][13.765s][info][gc,phases   ] GC(162)   Post Evacuate Collection Set: 0.10ms
[2026-09-03T12:35:10.729+0800][13.765s][info][gc,phases   ] GC(162)   Other: 0.06ms
[2026-09-03T12:35:10.729+0800][13.765s][info][gc,heap     ] GC(162) Eden regions: 102->0(90)
[2026-09-03T12:35:10.729+0800][13.765s][info][gc,heap     ] GC(162) Survivor regions: 14->15(15)
[2026-09-03T12:35:10.729+0800][13.765s][info][gc,heap     ] GC(162) Old regions: 97->112
[2026-09-03T12:35:10.729+0800][13.765s][info][gc,heap     ] GC(162) Humongous regions: 1->1
[2026-09-03T12:35:10.729+0800][13.765s][info][gc,metaspace] GC(162) Metaspace: 1059K(1216K)->1059K(1216K) NonClass: 994K(1088K)->994K(1088K) Class: 64K(128K)->64K(128K)
[2026-09-03T12:35:10.729+0800][13.765s][info][gc          ] GC(162) Pause Young (Mixed) (G1 Evacuation Pause) 213M->128M(256M) 2.309ms
[2026-09-03T12:35:10.729+0800][13.765s][info][gc,cpu      ] GC(162) User=0.01s Sys=0.00s Real=0.00s
[2026-09-03T12:35:10.729+0800][13.765s][info][safepoint   ] Safepoint "G1CollectForAllocation", Time since last: 308813458 ns, Reaching safepoint: 2083 ns, At safepoint: 2331417 ns, Leaving safepoint: 68417 ns, Total: 2401917 ns, Threads: 0 runnable, 42 total
[2026-09-03T12:35:11.002+0800][14.038s][info][gc,start    ] GC(163) Pause Young (Concurrent Start) (G1 Evacuation Pause)
[2026-09-03T12:35:11.002+0800][14.038s][info][gc,task     ] GC(163) Using 9 workers of 9 for evacuation
[2026-09-03T12:35:11.004+0800][14.040s][info][gc,phases   ] GC(163)   Pre Evacuate Collection Set: 0.07ms
[2026-09-03T12:35:11.004+0800][14.040s][info][gc,phases   ] GC(163)   Merge Heap Roots: 0.03ms
[2026-09-03T12:35:11.004+0800][14.040s][info][gc,phases   ] GC(163)   Evacuate Collection Set: 1.86ms
[2026-09-03T12:35:11.004+0800][14.040s][info][gc,phases   ] GC(163)   Post Evacuate Collection Set: 0.10ms
[2026-09-03T12:35:11.004+0800][14.040s][info][gc,phases   ] GC(163)   Other: 0.06ms
[2026-09-03T12:35:11.004+0800][14.040s][info][gc,heap     ] GC(163) Eden regions: 90->0(77)
[2026-09-03T12:35:11.004+0800][14.040s][info][gc,heap     ] GC(163) Survivor regions: 15->14(14)
[2026-09-03T12:35:11.004+0800][14.040s][info][gc,heap     ] GC(163) Old regions: 112->132
[2026-09-03T12:35:11.004+0800][14.040s][info][gc,heap     ] GC(163) Humongous regions: 1->1
[2026-09-03T12:35:11.004+0800][14.040s][info][gc,metaspace] GC(163) Metaspace: 1059K(1216K)->1059K(1216K) NonClass: 994K(1088K)->994K(1088K) Class: 64K(128K)->64K(128K)
[2026-09-03T12:35:11.004+0800][14.040s][info][gc          ] GC(163) Pause Young (Concurrent Start) (G1 Evacuation Pause) 218M->146M(256M) 2.234ms
[2026-09-03T12:35:11.004+0800][14.040s][info][gc,cpu      ] GC(163) User=0.01s Sys=0.00s Real=0.00s
[2026-09-03T12:35:11.004+0800][14.040s][info][gc          ] GC(164) Concurrent Mark Cycle
[2026-09-03T12:35:11.004+0800][14.040s][info][gc,marking  ] GC(164) Concurrent Scan Root Regions
[2026-09-03T12:35:11.004+0800][14.040s][info][safepoint   ] Safepoint "G1CollectForAllocation", Time since last: 272524458 ns, Reaching safepoint: 2500 ns, At safepoint: 2261167 ns, Leaving safepoint: 37583 ns, Total: 2301250 ns, Threads: 0 runnable, 42 total
[2026-09-03T12:35:11.006+0800][14.042s][info][gc,marking  ] GC(164) Concurrent Scan Root Regions 2.021ms
[2026-09-03T12:35:11.006+0800][14.042s][info][gc,marking  ] GC(164) Concurrent Mark
[2026-09-03T12:35:11.006+0800][14.042s][info][gc,marking  ] GC(164) Concurrent Mark From Roots
[2026-09-03T12:35:11.006+0800][14.042s][info][gc,task     ] GC(164) Concurrent Mark Using 2 of 2 Workers
[2026-09-03T12:35:11.011+0800][14.047s][info][gc,marking  ] GC(164) Concurrent Mark From Roots 4.429ms
[2026-09-03T12:35:11.011+0800][14.047s][info][gc,marking  ] GC(164) Concurrent Preclean
[2026-09-03T12:35:11.011+0800][14.047s][info][gc,marking  ] GC(164) Concurrent Preclean 0.008ms
[2026-09-03T12:35:11.011+0800][14.047s][info][gc,start    ] GC(164) Pause Remark
[2026-09-03T12:35:11.011+0800][14.047s][info][gc          ] GC(164) Pause Remark 150M->113M(256M) 0.308ms
[2026-09-03T12:35:11.011+0800][14.047s][info][gc,cpu      ] GC(164) User=0.00s Sys=0.00s Real=0.00s
[2026-09-03T12:35:11.011+0800][14.047s][info][safepoint   ] Safepoint "G1PauseRemark", Time since last: 6496375 ns, Reaching safepoint: 2250 ns, At safepoint: 329417 ns, Leaving safepoint: 15541 ns, Total: 347208 ns, Threads: 0 runnable, 42 total
[2026-09-03T12:35:11.011+0800][14.047s][info][gc,marking  ] GC(164) Concurrent Mark 4.872ms
[2026-09-03T12:35:11.011+0800][14.047s][info][gc,marking  ] GC(164) Concurrent Rebuild Remembered Sets and Scrub Regions
[2026-09-03T12:35:11.015+0800][14.051s][info][gc,marking  ] GC(164) Concurrent Rebuild Remembered Sets and Scrub Regions 3.648ms
[2026-09-03T12:35:11.015+0800][14.051s][info][gc,start    ] GC(164) Pause Cleanup
[2026-09-03T12:35:11.015+0800][14.051s][info][gc          ] GC(164) Pause Cleanup 115M->115M(256M) 0.083ms
[2026-09-03T12:35:11.015+0800][14.051s][info][gc,cpu      ] GC(164) User=0.00s Sys=0.00s Real=0.00s
[2026-09-03T12:35:11.015+0800][14.051s][info][safepoint   ] Safepoint "G1PauseCleanup", Time since last: 3824459 ns, Reaching safepoint: 37500 ns, At safepoint: 109458 ns, Leaving safepoint: 9042 ns, Total: 156000 ns, Threads: 2 runnable, 42 total
[2026-09-03T12:35:11.015+0800][14.051s][info][gc,marking  ] GC(164) Concurrent Clear Claimed Marks
[2026-09-03T12:35:11.015+0800][14.051s][info][gc,marking  ] GC(164) Concurrent Clear Claimed Marks 0.041ms
[2026-09-03T12:35:11.015+0800][14.051s][info][gc,marking  ] GC(164) Concurrent Cleanup for Next Mark
[2026-09-03T12:35:11.015+0800][14.051s][info][gc,marking  ] GC(164) Concurrent Cleanup for Next Mark 0.271ms
[2026-09-03T12:35:11.015+0800][14.051s][info][gc          ] GC(164) Concurrent Mark Cycle 11.335ms
[2026-09-03T12:35:11.237+0800][14.273s][info][gc,start    ] GC(165) Pause Young (Prepare Mixed) (G1 Evacuation Pause)
[2026-09-03T12:35:11.237+0800][14.273s][info][gc,task     ] GC(165) Using 9 workers of 9 for evacuation
[2026-09-03T12:35:11.239+0800][14.275s][info][gc,phases   ] GC(165)   Pre Evacuate Collection Set: 0.04ms
[2026-09-03T12:35:11.239+0800][14.275s][info][gc,phases   ] GC(165)   Merge Heap Roots: 0.02ms
[2026-09-03T12:35:11.239+0800][14.275s][info][gc,phases   ] GC(165)   Evacuate Collection Set: 1.71ms
[2026-09-03T12:35:11.239+0800][14.275s][info][gc,phases   ] GC(165)   Post Evacuate Collection Set: 0.10ms
[2026-09-03T12:35:11.239+0800][14.275s][info][gc,phases   ] GC(165)   Other: 0.05ms
[2026-09-03T12:35:11.239+0800][14.275s][info][gc,heap     ] GC(165) Eden regions: 77->0(92)
[2026-09-03T12:35:11.239+0800][14.275s][info][gc,heap     ] GC(165) Survivor regions: 14->12(12)
[2026-09-03T12:35:11.239+0800][14.275s][info][gc,heap     ] GC(165) Old regions: 95->113
[2026-09-03T12:35:11.239+0800][14.275s][info][gc,heap     ] GC(165) Humongous regions: 1->1
[2026-09-03T12:35:11.239+0800][14.275s][info][gc,metaspace] GC(165) Metaspace: 1059K(1216K)->1059K(1216K) NonClass: 994K(1088K)->994K(1088K) Class: 64K(128K)->64K(128K)
[2026-09-03T12:35:11.239+0800][14.275s][info][gc          ] GC(165) Pause Young (Prepare Mixed) (G1 Evacuation Pause) 186M->126M(256M) 2.046ms
[2026-09-03T12:35:11.239+0800][14.275s][info][gc,cpu      ] GC(165) User=0.01s Sys=0.00s Real=0.00s
[2026-09-03T12:35:11.239+0800][14.275s][info][safepoint   ] Safepoint "G1CollectForAllocation", Time since last: 221963000 ns, Reaching safepoint: 2041 ns, At safepoint: 2069167 ns, Leaving safepoint: 47083 ns, Total: 2118291 ns, Threads: 0 runnable, 42 total
[2026-09-03T12:35:11.517+0800][14.554s][info][gc,start    ] GC(166) Pause Young (Mixed) (G1 Evacuation Pause)
[2026-09-03T12:35:11.518+0800][14.554s][info][gc,task     ] GC(166) Using 9 workers of 9 for evacuation
[2026-09-03T12:35:11.520+0800][14.556s][info][gc,phases   ] GC(166)   Pre Evacuate Collection Set: 0.04ms
[2026-09-03T12:35:11.520+0800][14.556s][info][gc,phases   ] GC(166)   Merge Heap Roots: 0.02ms
[2026-09-03T12:35:11.520+0800][14.556s][info][gc,phases   ] GC(166)   Evacuate Collection Set: 1.95ms
[2026-09-03T12:35:11.520+0800][14.556s][info][gc,phases   ] GC(166)   Post Evacuate Collection Set: 0.08ms
[2026-09-03T12:35:11.520+0800][14.556s][info][gc,phases   ] GC(166)   Other: 0.06ms
[2026-09-03T12:35:11.520+0800][14.556s][info][gc,heap     ] GC(166) Eden regions: 92->0(99)
[2026-09-03T12:35:11.520+0800][14.556s][info][gc,heap     ] GC(166) Survivor regions: 12->13(13)
[2026-09-03T12:35:11.520+0800][14.556s][info][gc,heap     ] GC(166) Old regions: 113->102
[2026-09-03T12:35:11.520+0800][14.556s][info][gc,heap     ] GC(166) Humongous regions: 1->1
[2026-09-03T12:35:11.520+0800][14.556s][info][gc,metaspace] GC(166) Metaspace: 1059K(1216K)->1059K(1216K) NonClass: 994K(1088K)->994K(1088K) Class: 64K(128K)->64K(128K)
[2026-09-03T12:35:11.520+0800][14.556s][info][gc          ] GC(166) Pause Young (Mixed) (G1 Evacuation Pause) 218M->115M(256M) 2.261ms
[2026-09-03T12:35:11.520+0800][14.556s][info][gc,cpu      ] GC(166) User=0.01s Sys=0.00s Real=0.01s
[2026-09-03T12:35:11.520+0800][14.556s][info][safepoint   ] Safepoint "G1CollectForAllocation", Time since last: 278516709 ns, Reaching safepoint: 2458 ns, At safepoint: 2288042 ns, Leaving safepoint: 24208 ns, Total: 2314708 ns, Threads: 0 runnable, 42 total
[2026-09-03T12:35:11.821+0800][14.857s][info][gc,start    ] GC(167) Pause Young (Mixed) (G1 Evacuation Pause)
[2026-09-03T12:35:11.821+0800][14.857s][info][gc,task     ] GC(167) Using 9 workers of 9 for evacuation
[2026-09-03T12:35:11.823+0800][14.859s][info][gc,phases   ] GC(167)   Pre Evacuate Collection Set: 0.05ms
[2026-09-03T12:35:11.823+0800][14.859s][info][gc,phases   ] GC(167)   Merge Heap Roots: 0.03ms
[2026-09-03T12:35:11.823+0800][14.859s][info][gc,phases   ] GC(167)   Evacuate Collection Set: 2.09ms
[2026-09-03T12:35:11.823+0800][14.859s][info][gc,phases   ] GC(167)   Post Evacuate Collection Set: 0.12ms
[2026-09-03T12:35:11.823+0800][14.859s][info][gc,phases   ] GC(167)   Other: 0.06ms
[2026-09-03T12:35:11.823+0800][14.859s][info][gc,heap     ] GC(167) Eden regions: 99->0(89)
[2026-09-03T12:35:11.823+0800][14.859s][info][gc,heap     ] GC(167) Survivor regions: 13->14(14)
[2026-09-03T12:35:11.823+0800][14.859s][info][gc,heap     ] GC(167) Old regions: 102->115
[2026-09-03T12:35:11.823+0800][14.859s][info][gc,heap     ] GC(167) Humongous regions: 1->1
[2026-09-03T12:35:11.823+0800][14.859s][info][gc,metaspace] GC(167) Metaspace: 1059K(1216K)->1059K(1216K) NonClass: 994K(1088K)->994K(1088K) Class: 64K(128K)->64K(128K)
[2026-09-03T12:35:11.823+0800][14.859s][info][gc          ] GC(167) Pause Young (Mixed) (G1 Evacuation Pause) 214M->129M(256M) 2.488ms
[2026-09-03T12:35:11.823+0800][14.859s][info][gc,cpu      ] GC(167) User=0.02s Sys=0.00s Real=0.00s
[2026-09-03T12:35:11.823+0800][14.859s][info][safepoint   ] Safepoint "G1CollectForAllocation", Time since last: 300710792 ns, Reaching safepoint: 2541 ns, At safepoint: 2516792 ns, Leaving safepoint: 82875 ns, Total: 2602208 ns, Threads: 0 runnable, 42 total
[2026-09-03T12:35:12.093+0800][15.129s][info][gc,start    ] GC(168) Pause Young (Concurrent Start) (G1 Evacuation Pause)
[2026-09-03T12:35:12.093+0800][15.129s][info][gc,task     ] GC(168) Using 9 workers of 9 for evacuation
[2026-09-03T12:35:12.095+0800][15.131s][info][gc,phases   ] GC(168)   Pre Evacuate Collection Set: 0.09ms
[2026-09-03T12:35:12.095+0800][15.131s][info][gc,phases   ] GC(168)   Merge Heap Roots: 0.03ms
[2026-09-03T12:35:12.095+0800][15.131s][info][gc,phases   ] GC(168)   Evacuate Collection Set: 1.84ms
[2026-09-03T12:35:12.095+0800][15.131s][info][gc,phases   ] GC(168)   Post Evacuate Collection Set: 0.08ms
[2026-09-03T12:35:12.095+0800][15.131s][info][gc,phases   ] GC(168)   Other: 0.06ms
[2026-09-03T12:35:12.095+0800][15.131s][info][gc,heap     ] GC(168) Eden regions: 89->0(76)
[2026-09-03T12:35:12.095+0800][15.131s][info][gc,heap     ] GC(168) Survivor regions: 14->13(13)
[2026-09-03T12:35:12.095+0800][15.131s][info][gc,heap     ] GC(168) Old regions: 115->134
[2026-09-03T12:35:12.095+0800][15.131s][info][gc,heap     ] GC(168) Humongous regions: 1->1
[2026-09-03T12:35:12.095+0800][15.131s][info][gc,metaspace] GC(168) Metaspace: 1059K(1216K)->1059K(1216K) NonClass: 994K(1088K)->994K(1088K) Class: 64K(128K)->64K(128K)
[2026-09-03T12:35:12.095+0800][15.131s][info][gc          ] GC(168) Pause Young (Concurrent Start) (G1 Evacuation Pause) 218M->147M(256M) 2.212ms
[2026-09-03T12:35:12.095+0800][15.131s][info][gc,cpu      ] GC(168) User=0.01s Sys=0.00s Real=0.00s
[2026-09-03T12:35:12.095+0800][15.131s][info][gc          ] GC(169) Concurrent Mark Cycle
[2026-09-03T12:35:12.095+0800][15.131s][info][gc,marking  ] GC(169) Concurrent Scan Root Regions
[2026-09-03T12:35:12.095+0800][15.131s][info][safepoint   ] Safepoint "G1CollectForAllocation", Time since last: 269963208 ns, Reaching safepoint: 2625 ns, At safepoint: 2241459 ns, Leaving safepoint: 20875 ns, Total: 2264959 ns, Threads: 0 runnable, 42 total
[2026-09-03T12:35:12.097+0800][15.133s][info][gc,marking  ] GC(169) Concurrent Scan Root Regions 1.871ms
[2026-09-03T12:35:12.097+0800][15.133s][info][gc,marking  ] GC(169) Concurrent Mark
[2026-09-03T12:35:12.097+0800][15.133s][info][gc,marking  ] GC(169) Concurrent Mark From Roots
[2026-09-03T12:35:12.097+0800][15.133s][info][gc,task     ] GC(169) Concurrent Mark Using 2 of 2 Workers
[2026-09-03T12:35:12.101+0800][15.138s][info][gc,marking  ] GC(169) Concurrent Mark From Roots 4.258ms
[2026-09-03T12:35:12.101+0800][15.138s][info][gc,marking  ] GC(169) Concurrent Preclean
[2026-09-03T12:35:12.101+0800][15.138s][info][gc,marking  ] GC(169) Concurrent Preclean 0.008ms
[2026-09-03T12:35:12.102+0800][15.138s][info][gc,start    ] GC(169) Pause Remark
[2026-09-03T12:35:12.102+0800][15.138s][info][gc          ] GC(169) Pause Remark 151M->106M(256M) 0.330ms
[2026-09-03T12:35:12.102+0800][15.138s][info][gc,cpu      ] GC(169) User=0.00s Sys=0.00s Real=0.00s
[2026-09-03T12:35:12.102+0800][15.138s][info][safepoint   ] Safepoint "G1PauseRemark", Time since last: 6191958 ns, Reaching safepoint: 3042 ns, At safepoint: 359250 ns, Leaving safepoint: 24708 ns, Total: 387000 ns, Threads: 0 runnable, 42 total
[2026-09-03T12:35:12.102+0800][15.138s][info][gc,marking  ] GC(169) Concurrent Mark 4.751ms
[2026-09-03T12:35:12.102+0800][15.138s][info][gc,marking  ] GC(169) Concurrent Rebuild Remembered Sets and Scrub Regions
[2026-09-03T12:35:12.105+0800][15.142s][info][gc,marking  ] GC(169) Concurrent Rebuild Remembered Sets and Scrub Regions 3.525ms
[2026-09-03T12:35:12.106+0800][15.142s][info][gc,start    ] GC(169) Pause Cleanup
[2026-09-03T12:35:12.106+0800][15.142s][info][gc          ] GC(169) Pause Cleanup 107M->107M(256M) 0.041ms
[2026-09-03T12:35:12.106+0800][15.142s][info][gc,cpu      ] GC(169) User=0.00s Sys=0.00s Real=0.00s
[2026-09-03T12:35:12.106+0800][15.142s][info][safepoint   ] Safepoint "G1PauseCleanup", Time since last: 3625125 ns, Reaching safepoint: 19750 ns, At safepoint: 59708 ns, Leaving safepoint: 2000 ns, Total: 81458 ns, Threads: 1 runnable, 42 total
[2026-09-03T12:35:12.106+0800][15.142s][info][gc,marking  ] GC(169) Concurrent Clear Claimed Marks
[2026-09-03T12:35:12.106+0800][15.142s][info][gc,marking  ] GC(169) Concurrent Clear Claimed Marks 0.005ms
[2026-09-03T12:35:12.106+0800][15.142s][info][gc,marking  ] GC(169) Concurrent Cleanup for Next Mark
[2026-09-03T12:35:12.106+0800][15.142s][info][gc,marking  ] GC(169) Concurrent Cleanup for Next Mark 0.167ms
[2026-09-03T12:35:12.106+0800][15.142s][info][gc          ] GC(169) Concurrent Mark Cycle 10.515ms
[2026-09-03T12:35:12.322+0800][15.358s][info][gc,start    ] GC(170) Pause Young (Prepare Mixed) (G1 Evacuation Pause)
[2026-09-03T12:35:12.322+0800][15.358s][info][gc,task     ] GC(170) Using 9 workers of 9 for evacuation
[2026-09-03T12:35:12.325+0800][15.361s][info][gc,phases   ] GC(170)   Pre Evacuate Collection Set: 0.08ms
[2026-09-03T12:35:12.325+0800][15.361s][info][gc,phases   ] GC(170)   Merge Heap Roots: 0.02ms
[2026-09-03T12:35:12.325+0800][15.361s][info][gc,phases   ] GC(170)   Evacuate Collection Set: 2.37ms
[2026-09-03T12:35:12.325+0800][15.361s][info][gc,phases   ] GC(170)   Post Evacuate Collection Set: 0.11ms
[2026-09-03T12:35:12.325+0800][15.361s][info][gc,phases   ] GC(170)   Other: 0.07ms
[2026-09-03T12:35:12.325+0800][15.361s][info][gc,heap     ] GC(170) Eden regions: 76->0(97)
[2026-09-03T12:35:12.325+0800][15.361s][info][gc,heap     ] GC(170) Survivor regions: 13->12(12)
[2026-09-03T12:35:12.325+0800][15.361s][info][gc,heap     ] GC(170) Old regions: 89->106
[2026-09-03T12:35:12.325+0800][15.361s][info][gc,heap     ] GC(170) Humongous regions: 1->1
[2026-09-03T12:35:12.325+0800][15.361s][info][gc,metaspace] GC(170) Metaspace: 1059K(1216K)->1059K(1216K) NonClass: 994K(1088K)->994K(1088K) Class: 64K(128K)->64K(128K)
[2026-09-03T12:35:12.325+0800][15.361s][info][gc          ] GC(170) Pause Young (Prepare Mixed) (G1 Evacuation Pause) 178M->118M(256M) 2.793ms
[2026-09-03T12:35:12.325+0800][15.361s][info][gc,cpu      ] GC(170) User=0.02s Sys=0.00s Real=0.00s
[2026-09-03T12:35:12.325+0800][15.361s][info][safepoint   ] Safepoint "G1CollectForAllocation", Time since last: 216164750 ns, Reaching safepoint: 21334 ns, At safepoint: 2821208 ns, Leaving safepoint: 28458 ns, Total: 2871000 ns, Threads: 1 runnable, 42 total
[2026-09-03T12:35:12.616+0800][15.653s][info][gc,start    ] GC(171) Pause Young (Mixed) (G1 Evacuation Pause)
[2026-09-03T12:35:12.616+0800][15.653s][info][gc,task     ] GC(171) Using 9 workers of 9 for evacuation
[2026-09-03T12:35:12.619+0800][15.655s][info][gc,phases   ] GC(171)   Pre Evacuate Collection Set: 0.07ms
[2026-09-03T12:35:12.619+0800][15.655s][info][gc,phases   ] GC(171)   Merge Heap Roots: 0.04ms
[2026-09-03T12:35:12.619+0800][15.655s][info][gc,phases   ] GC(171)   Evacuate Collection Set: 1.89ms
[2026-09-03T12:35:12.619+0800][15.655s][info][gc,phases   ] GC(171)   Post Evacuate Collection Set: 0.11ms
[2026-09-03T12:35:12.619+0800][15.655s][info][gc,phases   ] GC(171)   Other: 0.06ms
[2026-09-03T12:35:12.619+0800][15.655s][info][gc,heap     ] GC(171) Eden regions: 97->0(102)
[2026-09-03T12:35:12.619+0800][15.655s][info][gc,heap     ] GC(171) Survivor regions: 12->14(14)
[2026-09-03T12:35:12.619+0800][15.655s][info][gc,heap     ] GC(171) Old regions: 106->96
[2026-09-03T12:35:12.619+0800][15.655s][info][gc,heap     ] GC(171) Humongous regions: 1->1
[2026-09-03T12:35:12.619+0800][15.655s][info][gc,metaspace] GC(171) Metaspace: 1059K(1216K)->1059K(1216K) NonClass: 994K(1088K)->994K(1088K) Class: 64K(128K)->64K(128K)
[2026-09-03T12:35:12.619+0800][15.655s][info][gc          ] GC(171) Pause Young (Mixed) (G1 Evacuation Pause) 215M->110M(256M) 2.288ms
[2026-09-03T12:35:12.619+0800][15.655s][info][gc,cpu      ] GC(171) User=0.02s Sys=0.00s Real=0.00s
[2026-09-03T12:35:12.619+0800][15.655s][info][safepoint   ] Safepoint "G1CollectForAllocation", Time since last: 291750417 ns, Reaching safepoint: 8083 ns, At safepoint: 2315209 ns, Leaving safepoint: 40916 ns, Total: 2364208 ns, Threads: 0 runnable, 42 total
[2026-09-03T12:35:12.929+0800][15.965s][info][gc,start    ] GC(172) Pause Young (Mixed) (G1 Evacuation Pause)
[2026-09-03T12:35:12.929+0800][15.965s][info][gc,task     ] GC(172) Using 9 workers of 9 for evacuation
[2026-09-03T12:35:12.932+0800][15.968s][info][gc,phases   ] GC(172)   Pre Evacuate Collection Set: 0.04ms
[2026-09-03T12:35:12.932+0800][15.968s][info][gc,phases   ] GC(172)   Merge Heap Roots: 0.02ms
[2026-09-03T12:35:12.932+0800][15.968s][info][gc,phases   ] GC(172)   Evacuate Collection Set: 2.29ms
[2026-09-03T12:35:12.932+0800][15.968s][info][gc,phases   ] GC(172)   Post Evacuate Collection Set: 0.12ms
[2026-09-03T12:35:12.932+0800][15.968s][info][gc,phases   ] GC(172)   Other: 0.06ms
[2026-09-03T12:35:12.932+0800][15.968s][info][gc,heap     ] GC(172) Eden regions: 102->0(90)
[2026-09-03T12:35:12.932+0800][15.968s][info][gc,heap     ] GC(172) Survivor regions: 14->15(15)
[2026-09-03T12:35:12.932+0800][15.968s][info][gc,heap     ] GC(172) Old regions: 96->112
[2026-09-03T12:35:12.932+0800][15.968s][info][gc,heap     ] GC(172) Humongous regions: 1->1
[2026-09-03T12:35:12.932+0800][15.968s][info][gc,metaspace] GC(172) Metaspace: 1059K(1216K)->1059K(1216K) NonClass: 994K(1088K)->994K(1088K) Class: 64K(128K)->64K(128K)
[2026-09-03T12:35:12.932+0800][15.968s][info][gc          ] GC(172) Pause Young (Mixed) (G1 Evacuation Pause) 212M->128M(256M) 2.698ms
[2026-09-03T12:35:12.932+0800][15.968s][info][gc,cpu      ] GC(172) User=0.02s Sys=0.00s Real=0.01s
[2026-09-03T12:35:12.932+0800][15.968s][info][safepoint   ] Safepoint "G1CollectForAllocation", Time since last: 310170292 ns, Reaching safepoint: 2500 ns, At safepoint: 2744333 ns, Leaving safepoint: 71042 ns, Total: 2817875 ns, Threads: 0 runnable, 42 total
[2026-09-03T12:35:13.203+0800][16.239s][info][gc,start    ] GC(173) Pause Young (Concurrent Start) (G1 Evacuation Pause)
[2026-09-03T12:35:13.203+0800][16.239s][info][gc,task     ] GC(173) Using 9 workers of 9 for evacuation
[2026-09-03T12:35:13.205+0800][16.242s][info][gc,phases   ] GC(173)   Pre Evacuate Collection Set: 0.05ms
[2026-09-03T12:35:13.205+0800][16.242s][info][gc,phases   ] GC(173)   Merge Heap Roots: 0.02ms
[2026-09-03T12:35:13.205+0800][16.242s][info][gc,phases   ] GC(173)   Evacuate Collection Set: 1.86ms
[2026-09-03T12:35:13.205+0800][16.242s][info][gc,phases   ] GC(173)   Post Evacuate Collection Set: 0.11ms
[2026-09-03T12:35:13.205+0800][16.242s][info][gc,phases   ] GC(173)   Other: 0.05ms
[2026-09-03T12:35:13.205+0800][16.242s][info][gc,heap     ] GC(173) Eden regions: 90->0(77)
[2026-09-03T12:35:13.205+0800][16.242s][info][gc,heap     ] GC(173) Survivor regions: 15->14(14)
[2026-09-03T12:35:13.205+0800][16.242s][info][gc,heap     ] GC(173) Old regions: 112->132
[2026-09-03T12:35:13.205+0800][16.242s][info][gc,heap     ] GC(173) Humongous regions: 1->1
[2026-09-03T12:35:13.205+0800][16.242s][info][gc,metaspace] GC(173) Metaspace: 1059K(1216K)->1059K(1216K) NonClass: 994K(1088K)->994K(1088K) Class: 64K(128K)->64K(128K)
[2026-09-03T12:35:13.205+0800][16.242s][info][gc          ] GC(173) Pause Young (Concurrent Start) (G1 Evacuation Pause) 218M->147M(256M) 2.213ms
[2026-09-03T12:35:13.205+0800][16.242s][info][gc,cpu      ] GC(173) User=0.02s Sys=0.00s Real=0.00s
[2026-09-03T12:35:13.205+0800][16.242s][info][gc          ] GC(174) Concurrent Mark Cycle
[2026-09-03T12:35:13.206+0800][16.242s][info][gc,marking  ] GC(174) Concurrent Scan Root Regions
[2026-09-03T12:35:13.206+0800][16.242s][info][safepoint   ] Safepoint "G1CollectForAllocation", Time since last: 271529125 ns, Reaching safepoint: 2458 ns, At safepoint: 2240084 ns, Leaving safepoint: 37875 ns, Total: 2280417 ns, Threads: 0 runnable, 42 total
[2026-09-03T12:35:13.208+0800][16.244s][info][gc,marking  ] GC(174) Concurrent Scan Root Regions 2.456ms
[2026-09-03T12:35:13.208+0800][16.244s][info][gc,marking  ] GC(174) Concurrent Mark
[2026-09-03T12:35:13.208+0800][16.244s][info][gc,marking  ] GC(174) Concurrent Mark From Roots
[2026-09-03T12:35:13.208+0800][16.244s][info][gc,task     ] GC(174) Concurrent Mark Using 2 of 2 Workers
[2026-09-03T12:35:13.212+0800][16.248s][info][gc,marking  ] GC(174) Concurrent Mark From Roots 3.699ms
[2026-09-03T12:35:13.212+0800][16.248s][info][gc,marking  ] GC(174) Concurrent Preclean
[2026-09-03T12:35:13.212+0800][16.248s][info][gc,marking  ] GC(174) Concurrent Preclean 0.011ms
[2026-09-03T12:35:13.212+0800][16.248s][info][gc,start    ] GC(174) Pause Remark
[2026-09-03T12:35:13.212+0800][16.248s][info][gc          ] GC(174) Pause Remark 150M->111M(256M) 0.311ms
[2026-09-03T12:35:13.212+0800][16.248s][info][gc,cpu      ] GC(174) User=0.00s Sys=0.00s Real=0.00s
[2026-09-03T12:35:13.212+0800][16.248s][info][safepoint   ] Safepoint "G1PauseRemark", Time since last: 6221625 ns, Reaching safepoint: 20375 ns, At safepoint: 338166 ns, Leaving safepoint: 13667 ns, Total: 372208 ns, Threads: 2 runnable, 42 total
[2026-09-03T12:35:13.212+0800][16.248s][info][gc,marking  ] GC(174) Concurrent Mark 4.181ms
[2026-09-03T12:35:13.212+0800][16.248s][info][gc,marking  ] GC(174) Concurrent Rebuild Remembered Sets and Scrub Regions
[2026-09-03T12:35:13.217+0800][16.253s][info][gc,marking  ] GC(174) Concurrent Rebuild Remembered Sets and Scrub Regions 4.443ms
[2026-09-03T12:35:13.217+0800][16.253s][info][gc,start    ] GC(174) Pause Cleanup
[2026-09-03T12:35:13.217+0800][16.253s][info][gc          ] GC(174) Pause Cleanup 113M->113M(256M) 0.044ms
[2026-09-03T12:35:13.217+0800][16.253s][info][gc,cpu      ] GC(174) User=0.00s Sys=0.00s Real=0.00s
[2026-09-03T12:35:13.217+0800][16.253s][info][safepoint   ] Safepoint "G1PauseCleanup", Time since last: 4530500 ns, Reaching safepoint: 1917 ns, At safepoint: 73125 ns, Leaving safepoint: 8416 ns, Total: 83458 ns, Threads: 0 runnable, 42 total
[2026-09-03T12:35:13.217+0800][16.253s][info][gc,marking  ] GC(174) Concurrent Clear Claimed Marks
[2026-09-03T12:35:13.217+0800][16.253s][info][gc,marking  ] GC(174) Concurrent Clear Claimed Marks 0.006ms
[2026-09-03T12:35:13.217+0800][16.253s][info][gc,marking  ] GC(174) Concurrent Cleanup for Next Mark
[2026-09-03T12:35:13.217+0800][16.253s][info][gc,marking  ] GC(174) Concurrent Cleanup for Next Mark 0.091ms
[2026-09-03T12:35:13.217+0800][16.253s][info][gc          ] GC(174) Concurrent Mark Cycle 11.375ms
[2026-09-03T12:35:13.439+0800][16.475s][info][gc,start    ] GC(175) Pause Young (Prepare Mixed) (G1 Evacuation Pause)
[2026-09-03T12:35:13.439+0800][16.475s][info][gc,task     ] GC(175) Using 9 workers of 9 for evacuation
[2026-09-03T12:35:13.441+0800][16.478s][info][gc,phases   ] GC(175)   Pre Evacuate Collection Set: 0.08ms
[2026-09-03T12:35:13.441+0800][16.478s][info][gc,phases   ] GC(175)   Merge Heap Roots: 0.04ms
[2026-09-03T12:35:13.441+0800][16.478s][info][gc,phases   ] GC(175)   Evacuate Collection Set: 2.29ms
[2026-09-03T12:35:13.441+0800][16.478s][info][gc,phases   ] GC(175)   Post Evacuate Collection Set: 0.09ms
[2026-09-03T12:35:13.441+0800][16.478s][info][gc,phases   ] GC(175)   Other: 0.07ms
[2026-09-03T12:35:13.441+0800][16.478s][info][gc,heap     ] GC(175) Eden regions: 77->0(93)
[2026-09-03T12:35:13.441+0800][16.478s][info][gc,heap     ] GC(175) Survivor regions: 14->12(12)
[2026-09-03T12:35:13.441+0800][16.478s][info][gc,heap     ] GC(175) Old regions: 93->111
[2026-09-03T12:35:13.441+0800][16.478s][info][gc,heap     ] GC(175) Humongous regions: 1->1
[2026-09-03T12:35:13.441+0800][16.478s][info][gc,metaspace] GC(175) Metaspace: 1059K(1216K)->1059K(1216K) NonClass: 994K(1088K)->994K(1088K) Class: 64K(128K)->64K(128K)
[2026-09-03T12:35:13.441+0800][16.478s][info][gc          ] GC(175) Pause Young (Prepare Mixed) (G1 Evacuation Pause) 185M->123M(256M) 2.731ms
[2026-09-03T12:35:13.441+0800][16.478s][info][gc,cpu      ] GC(175) User=0.02s Sys=0.00s Real=0.01s
[2026-09-03T12:35:13.442+0800][16.478s][info][safepoint   ] Safepoint "G1CollectForAllocation", Time since last: 221984042 ns, Reaching safepoint: 3125 ns, At safepoint: 2759875 ns, Leaving safepoint: 25708 ns, Total: 2788708 ns, Threads: 0 runnable, 42 total
[2026-09-03T12:35:13.722+0800][16.758s][info][gc,start    ] GC(176) Pause Young (Mixed) (G1 Evacuation Pause)
[2026-09-03T12:35:13.722+0800][16.758s][info][gc,task     ] GC(176) Using 9 workers of 9 for evacuation
[2026-09-03T12:35:13.725+0800][16.761s][info][gc,phases   ] GC(176)   Pre Evacuate Collection Set: 0.08ms
[2026-09-03T12:35:13.725+0800][16.761s][info][gc,phases   ] GC(176)   Merge Heap Roots: 0.04ms
[2026-09-03T12:35:13.725+0800][16.761s][info][gc,phases   ] GC(176)   Evacuate Collection Set: 2.41ms
[2026-09-03T12:35:13.725+0800][16.761s][info][gc,phases   ] GC(176)   Post Evacuate Collection Set: 0.11ms
[2026-09-03T12:35:13.725+0800][16.761s][info][gc,phases   ] GC(176)   Other: 0.06ms
[2026-09-03T12:35:13.725+0800][16.761s][info][gc,heap     ] GC(176) Eden regions: 93->0(100)
[2026-09-03T12:35:13.725+0800][16.761s][info][gc,heap     ] GC(176) Survivor regions: 12->14(14)
[2026-09-03T12:35:13.725+0800][16.761s][info][gc,heap     ] GC(176) Old regions: 111->99
[2026-09-03T12:35:13.725+0800][16.761s][info][gc,heap     ] GC(176) Humongous regions: 1->1
[2026-09-03T12:35:13.725+0800][16.761s][info][gc,metaspace] GC(176) Metaspace: 1059K(1216K)->1059K(1216K) NonClass: 994K(1088K)->994K(1088K) Class: 64K(128K)->64K(128K)
[2026-09-03T12:35:13.725+0800][16.761s][info][gc          ] GC(176) Pause Young (Mixed) (G1 Evacuation Pause) 216M->113M(256M) 2.843ms
[2026-09-03T12:35:13.725+0800][16.761s][info][gc,cpu      ] GC(176) User=0.02s Sys=0.00s Real=0.00s
[2026-09-03T12:35:13.725+0800][16.761s][info][safepoint   ] Safepoint "G1CollectForAllocation", Time since last: 280272667 ns, Reaching safepoint: 20500 ns, At safepoint: 2871042 ns, Leaving safepoint: 23250 ns, Total: 2914792 ns, Threads: 1 runnable, 42 total
[2026-09-03T12:35:14.029+0800][17.065s][info][gc,start    ] GC(177) Pause Young (Mixed) (G1 Evacuation Pause)
[2026-09-03T12:35:14.029+0800][17.065s][info][gc,task     ] GC(177) Using 9 workers of 9 for evacuation
[2026-09-03T12:35:14.031+0800][17.067s][info][gc,phases   ] GC(177)   Pre Evacuate Collection Set: 0.04ms
[2026-09-03T12:35:14.031+0800][17.067s][info][gc,phases   ] GC(177)   Merge Heap Roots: 0.03ms
[2026-09-03T12:35:14.031+0800][17.067s][info][gc,phases   ] GC(177)   Evacuate Collection Set: 2.14ms
[2026-09-03T12:35:14.031+0800][17.067s][info][gc,phases   ] GC(177)   Post Evacuate Collection Set: 0.12ms
[2026-09-03T12:35:14.031+0800][17.067s][info][gc,phases   ] GC(177)   Other: 0.06ms
[2026-09-03T12:35:14.031+0800][17.067s][info][gc,heap     ] GC(177) Eden regions: 100->0(89)
[2026-09-03T12:35:14.031+0800][17.067s][info][gc,heap     ] GC(177) Survivor regions: 14->15(15)
[2026-09-03T12:35:14.031+0800][17.067s][info][gc,heap     ] GC(177) Old regions: 99->113
[2026-09-03T12:35:14.031+0800][17.067s][info][gc,heap     ] GC(177) Humongous regions: 1->1
[2026-09-03T12:35:14.031+0800][17.067s][info][gc,metaspace] GC(177) Metaspace: 1059K(1216K)->1059K(1216K) NonClass: 994K(1088K)->994K(1088K) Class: 64K(128K)->64K(128K)
[2026-09-03T12:35:14.031+0800][17.067s][info][gc          ] GC(177) Pause Young (Mixed) (G1 Evacuation Pause) 213M->129M(256M) 2.780ms
[2026-09-03T12:35:14.031+0800][17.068s][info][gc,cpu      ] GC(177) User=0.02s Sys=0.00s Real=0.01s
[2026-09-03T12:35:14.031+0800][17.068s][info][safepoint   ] Safepoint "G1CollectForAllocation", Time since last: 303873625 ns, Reaching safepoint: 2375 ns, At safepoint: 2808208 ns, Leaving safepoint: 76417 ns, Total: 2887000 ns, Threads: 0 runnable, 42 total
[2026-09-03T12:35:14.298+0800][17.334s][info][gc,start    ] GC(178) Pause Young (Concurrent Start) (G1 Evacuation Pause)
[2026-09-03T12:35:14.298+0800][17.334s][info][gc,task     ] GC(178) Using 9 workers of 9 for evacuation
[2026-09-03T12:35:14.301+0800][17.337s][info][gc,phases   ] GC(178)   Pre Evacuate Collection Set: 0.08ms
[2026-09-03T12:35:14.301+0800][17.337s][info][gc,phases   ] GC(178)   Merge Heap Roots: 0.03ms
[2026-09-03T12:35:14.301+0800][17.337s][info][gc,phases   ] GC(178)   Evacuate Collection Set: 2.16ms
[2026-09-03T12:35:14.301+0800][17.337s][info][gc,phases   ] GC(178)   Post Evacuate Collection Set: 0.08ms
[2026-09-03T12:35:14.301+0800][17.337s][info][gc,phases   ] GC(178)   Other: 0.07ms
[2026-09-03T12:35:14.301+0800][17.337s][info][gc,heap     ] GC(178) Eden regions: 89->0(76)
[2026-09-03T12:35:14.301+0800][17.337s][info][gc,heap     ] GC(178) Survivor regions: 15->13(13)
[2026-09-03T12:35:14.301+0800][17.337s][info][gc,heap     ] GC(178) Old regions: 113->134
[2026-09-03T12:35:14.301+0800][17.337s][info][gc,heap     ] GC(178) Humongous regions: 1->1
[2026-09-03T12:35:14.301+0800][17.337s][info][gc,metaspace] GC(178) Metaspace: 1059K(1216K)->1059K(1216K) NonClass: 994K(1088K)->994K(1088K) Class: 64K(128K)->64K(128K)
[2026-09-03T12:35:14.301+0800][17.337s][info][gc          ] GC(178) Pause Young (Concurrent Start) (G1 Evacuation Pause) 218M->147M(256M) 2.562ms
[2026-09-03T12:35:14.301+0800][17.337s][info][gc,cpu      ] GC(178) User=0.02s Sys=0.00s Real=0.01s
[2026-09-03T12:35:14.301+0800][17.337s][info][gc          ] GC(179) Concurrent Mark Cycle
[2026-09-03T12:35:14.301+0800][17.337s][info][gc,marking  ] GC(179) Concurrent Scan Root Regions
[2026-09-03T12:35:14.301+0800][17.337s][info][safepoint   ] Safepoint "G1CollectForAllocation", Time since last: 266815916 ns, Reaching safepoint: 21375 ns, At safepoint: 2596250 ns, Leaving safepoint: 21542 ns, Total: 2639167 ns, Threads: 0 runnable, 42 total
[2026-09-03T12:35:14.303+0800][17.339s][info][gc,marking  ] GC(179) Concurrent Scan Root Regions 2.178ms
[2026-09-03T12:35:14.303+0800][17.339s][info][gc,marking  ] GC(179) Concurrent Mark
[2026-09-03T12:35:14.303+0800][17.339s][info][gc,marking  ] GC(179) Concurrent Mark From Roots
[2026-09-03T12:35:14.303+0800][17.339s][info][gc,task     ] GC(179) Concurrent Mark Using 2 of 2 Workers
[2026-09-03T12:35:14.307+0800][17.343s][info][gc,marking  ] GC(179) Concurrent Mark From Roots 3.984ms
[2026-09-03T12:35:14.307+0800][17.343s][info][gc,marking  ] GC(179) Concurrent Preclean
[2026-09-03T12:35:14.307+0800][17.343s][info][gc,marking  ] GC(179) Concurrent Preclean 0.024ms
[2026-09-03T12:35:14.307+0800][17.343s][info][gc,start    ] GC(179) Pause Remark
[2026-09-03T12:35:14.308+0800][17.344s][info][gc          ] GC(179) Pause Remark 150M->107M(256M) 0.370ms
[2026-09-03T12:35:14.308+0800][17.344s][info][gc,cpu      ] GC(179) User=0.00s Sys=0.00s Real=0.00s
[2026-09-03T12:35:14.308+0800][17.344s][info][safepoint   ] Safepoint "G1PauseRemark", Time since last: 6239208 ns, Reaching safepoint: 2584 ns, At safepoint: 400250 ns, Leaving safepoint: 18000 ns, Total: 420834 ns, Threads: 0 runnable, 42 total
[2026-09-03T12:35:14.308+0800][17.344s][info][gc,marking  ] GC(179) Concurrent Mark 4.535ms
[2026-09-03T12:35:14.308+0800][17.344s][info][gc,marking  ] GC(179) Concurrent Rebuild Remembered Sets and Scrub Regions
[2026-09-03T12:35:14.312+0800][17.348s][info][gc,marking  ] GC(179) Concurrent Rebuild Remembered Sets and Scrub Regions 4.103ms
[2026-09-03T12:35:14.312+0800][17.348s][info][gc,start    ] GC(179) Pause Cleanup
[2026-09-03T12:35:14.312+0800][17.348s][info][gc          ] GC(179) Pause Cleanup 109M->109M(256M) 0.039ms
[2026-09-03T12:35:14.312+0800][17.348s][info][gc,cpu      ] GC(179) User=0.00s Sys=0.00s Real=0.00s
[2026-09-03T12:35:14.312+0800][17.348s][info][safepoint   ] Safepoint "G1PauseCleanup", Time since last: 4221541 ns, Reaching safepoint: 27292 ns, At safepoint: 59750 ns, Leaving safepoint: 7000 ns, Total: 94042 ns, Threads: 1 runnable, 42 total
[2026-09-03T12:35:14.312+0800][17.348s][info][gc,marking  ] GC(179) Concurrent Clear Claimed Marks
[2026-09-03T12:35:14.312+0800][17.348s][info][gc,marking  ] GC(179) Concurrent Clear Claimed Marks 0.009ms
[2026-09-03T12:35:14.312+0800][17.348s][info][gc,marking  ] GC(179) Concurrent Cleanup for Next Mark
[2026-09-03T12:35:14.312+0800][17.348s][info][gc,marking  ] GC(179) Concurrent Cleanup for Next Mark 0.106ms
[2026-09-03T12:35:14.312+0800][17.348s][info][gc          ] GC(179) Concurrent Mark Cycle 11.148ms
[2026-09-03T12:35:14.530+0800][17.566s][info][gc,start    ] GC(180) Pause Young (Prepare Mixed) (G1 Evacuation Pause)
[2026-09-03T12:35:14.530+0800][17.566s][info][gc,task     ] GC(180) Using 9 workers of 9 for evacuation
[2026-09-03T12:35:14.532+0800][17.568s][info][gc,phases   ] GC(180)   Pre Evacuate Collection Set: 0.06ms
[2026-09-03T12:35:14.532+0800][17.568s][info][gc,phases   ] GC(180)   Merge Heap Roots: 0.02ms
[2026-09-03T12:35:14.532+0800][17.568s][info][gc,phases   ] GC(180)   Evacuate Collection Set: 2.29ms
[2026-09-03T12:35:14.532+0800][17.568s][info][gc,phases   ] GC(180)   Post Evacuate Collection Set: 0.10ms
[2026-09-03T12:35:14.532+0800][17.569s][info][gc,phases   ] GC(180)   Other: 0.06ms
[2026-09-03T12:35:14.532+0800][17.569s][info][gc,heap     ] GC(180) Eden regions: 76->0(96)
[2026-09-03T12:35:14.532+0800][17.569s][info][gc,heap     ] GC(180) Survivor regions: 13->12(12)
[2026-09-03T12:35:14.532+0800][17.569s][info][gc,heap     ] GC(180) Old regions: 91->107
[2026-09-03T12:35:14.532+0800][17.569s][info][gc,heap     ] GC(180) Humongous regions: 1->1
[2026-09-03T12:35:14.532+0800][17.569s][info][gc,metaspace] GC(180) Metaspace: 1059K(1216K)->1059K(1216K) NonClass: 994K(1088K)->994K(1088K) Class: 64K(128K)->64K(128K)
[2026-09-03T12:35:14.532+0800][17.569s][info][gc          ] GC(180) Pause Young (Prepare Mixed) (G1 Evacuation Pause) 180M->119M(256M) 2.664ms
[2026-09-03T12:35:14.532+0800][17.569s][info][gc,cpu      ] GC(180) User=0.02s Sys=0.00s Real=0.00s
[2026-09-03T12:35:14.532+0800][17.569s][info][safepoint   ] Safepoint "G1CollectForAllocation", Time since last: 217846083 ns, Reaching safepoint: 2209 ns, At safepoint: 2690625 ns, Leaving safepoint: 25833 ns, Total: 2718667 ns, Threads: 0 runnable, 42 total
[2026-09-03T12:35:14.823+0800][17.859s][info][gc,start    ] GC(181) Pause Young (Mixed) (G1 Evacuation Pause)
[2026-09-03T12:35:14.823+0800][17.859s][info][gc,task     ] GC(181) Using 9 workers of 9 for evacuation
[2026-09-03T12:35:14.825+0800][17.861s][info][gc,phases   ] GC(181)   Pre Evacuate Collection Set: 0.06ms
[2026-09-03T12:35:14.825+0800][17.861s][info][gc,phases   ] GC(181)   Merge Heap Roots: 0.04ms
[2026-09-03T12:35:14.825+0800][17.861s][info][gc,phases   ] GC(181)   Evacuate Collection Set: 2.21ms
[2026-09-03T12:35:14.825+0800][17.861s][info][gc,phases   ] GC(181)   Post Evacuate Collection Set: 0.11ms
[2026-09-03T12:35:14.825+0800][17.861s][info][gc,phases   ] GC(181)   Other: 0.07ms
[2026-09-03T12:35:14.825+0800][17.861s][info][gc,heap     ] GC(181) Eden regions: 96->0(102)
[2026-09-03T12:35:14.825+0800][17.861s][info][gc,heap     ] GC(181) Survivor regions: 12->14(14)
[2026-09-03T12:35:14.825+0800][17.861s][info][gc,heap     ] GC(181) Old regions: 107->96
[2026-09-03T12:35:14.825+0800][17.861s][info][gc,heap     ] GC(181) Humongous regions: 1->1
[2026-09-03T12:35:14.825+0800][17.861s][info][gc,metaspace] GC(181) Metaspace: 1059K(1216K)->1059K(1216K) NonClass: 994K(1088K)->994K(1088K) Class: 64K(128K)->64K(128K)
[2026-09-03T12:35:14.825+0800][17.861s][info][gc          ] GC(181) Pause Young (Mixed) (G1 Evacuation Pause) 215M->111M(256M) 2.633ms
[2026-09-03T12:35:14.825+0800][17.861s][info][gc,cpu      ] GC(181) User=0.02s Sys=0.00s Real=0.00s
[2026-09-03T12:35:14.825+0800][17.862s][info][safepoint   ] Safepoint "G1CollectForAllocation", Time since last: 290258417 ns, Reaching safepoint: 3000 ns, At safepoint: 2660166 ns, Leaving safepoint: 25625 ns, Total: 2688791 ns, Threads: 0 runnable, 42 total
[2026-09-03T12:35:15.131+0800][18.168s][info][gc,start    ] GC(182) Pause Young (Mixed) (G1 Evacuation Pause)
[2026-09-03T12:35:15.131+0800][18.168s][info][gc,task     ] GC(182) Using 9 workers of 9 for evacuation
[2026-09-03T12:35:15.134+0800][18.170s][info][gc,phases   ] GC(182)   Pre Evacuate Collection Set: 0.10ms
[2026-09-03T12:35:15.134+0800][18.170s][info][gc,phases   ] GC(182)   Merge Heap Roots: 0.06ms
[2026-09-03T12:35:15.134+0800][18.170s][info][gc,phases   ] GC(182)   Evacuate Collection Set: 2.25ms
[2026-09-03T12:35:15.134+0800][18.170s][info][gc,phases   ] GC(182)   Post Evacuate Collection Set: 0.12ms
[2026-09-03T12:35:15.134+0800][18.170s][info][gc,phases   ] GC(182)   Other: 0.07ms
[2026-09-03T12:35:15.134+0800][18.170s][info][gc,heap     ] GC(182) Eden regions: 102->0(90)
[2026-09-03T12:35:15.134+0800][18.170s][info][gc,heap     ] GC(182) Survivor regions: 14->15(15)
[2026-09-03T12:35:15.134+0800][18.170s][info][gc,heap     ] GC(182) Old regions: 96->113
[2026-09-03T12:35:15.134+0800][18.170s][info][gc,heap     ] GC(182) Humongous regions: 1->1
[2026-09-03T12:35:15.134+0800][18.170s][info][gc,metaspace] GC(182) Metaspace: 1059K(1216K)->1059K(1216K) NonClass: 994K(1088K)->994K(1088K) Class: 64K(128K)->64K(128K)
[2026-09-03T12:35:15.134+0800][18.170s][info][gc          ] GC(182) Pause Young (Mixed) (G1 Evacuation Pause) 213M->128M(256M) 2.746ms
[2026-09-03T12:35:15.134+0800][18.170s][info][gc,cpu      ] GC(182) User=0.02s Sys=0.00s Real=0.00s
[2026-09-03T12:35:15.134+0800][18.170s][info][safepoint   ] Safepoint "G1CollectForAllocation", Time since last: 306032542 ns, Reaching safepoint: 3167 ns, At safepoint: 2773208 ns, Leaving safepoint: 42875 ns, Total: 2819250 ns, Threads: 0 runnable, 42 total
[2026-09-03T12:35:15.406+0800][18.442s][info][gc,start    ] GC(183) Pause Young (Concurrent Start) (G1 Evacuation Pause)
[2026-09-03T12:35:15.406+0800][18.442s][info][gc,task     ] GC(183) Using 9 workers of 9 for evacuation
[2026-09-03T12:35:15.409+0800][18.445s][info][gc,phases   ] GC(183)   Pre Evacuate Collection Set: 0.07ms
[2026-09-03T12:35:15.409+0800][18.445s][info][gc,phases   ] GC(183)   Merge Heap Roots: 0.02ms
[2026-09-03T12:35:15.409+0800][18.445s][info][gc,phases   ] GC(183)   Evacuate Collection Set: 2.20ms
[2026-09-03T12:35:15.409+0800][18.445s][info][gc,phases   ] GC(183)   Post Evacuate Collection Set: 0.11ms
[2026-09-03T12:35:15.409+0800][18.445s][info][gc,phases   ] GC(183)   Other: 0.07ms
[2026-09-03T12:35:15.409+0800][18.445s][info][gc,heap     ] GC(183) Eden regions: 90->0(76)
[2026-09-03T12:35:15.409+0800][18.445s][info][gc,heap     ] GC(183) Survivor regions: 15->14(14)
[2026-09-03T12:35:15.409+0800][18.445s][info][gc,heap     ] GC(183) Old regions: 113->133
[2026-09-03T12:35:15.409+0800][18.445s][info][gc,heap     ] GC(183) Humongous regions: 1->1
[2026-09-03T12:35:15.409+0800][18.445s][info][gc,metaspace] GC(183) Metaspace: 1059K(1216K)->1059K(1216K) NonClass: 994K(1088K)->994K(1088K) Class: 64K(128K)->64K(128K)
[2026-09-03T12:35:15.409+0800][18.445s][info][gc          ] GC(183) Pause Young (Concurrent Start) (G1 Evacuation Pause) 218M->147M(256M) 2.604ms
[2026-09-03T12:35:15.409+0800][18.445s][info][gc,cpu      ] GC(183) User=0.02s Sys=0.00s Real=0.00s
[2026-09-03T12:35:15.409+0800][18.445s][info][gc          ] GC(184) Concurrent Mark Cycle
[2026-09-03T12:35:15.409+0800][18.445s][info][gc,marking  ] GC(184) Concurrent Scan Root Regions
[2026-09-03T12:35:15.409+0800][18.445s][info][safepoint   ] Safepoint "G1CollectForAllocation", Time since last: 272034917 ns, Reaching safepoint: 2500 ns, At safepoint: 2640916 ns, Leaving safepoint: 25917 ns, Total: 2669333 ns, Threads: 0 runnable, 42 total
[2026-09-03T12:35:15.411+0800][18.447s][info][gc,marking  ] GC(184) Concurrent Scan Root Regions 2.163ms
[2026-09-03T12:35:15.411+0800][18.447s][info][gc,marking  ] GC(184) Concurrent Mark
[2026-09-03T12:35:15.411+0800][18.447s][info][gc,marking  ] GC(184) Concurrent Mark From Roots
[2026-09-03T12:35:15.411+0800][18.447s][info][gc,task     ] GC(184) Concurrent Mark Using 2 of 2 Workers
[2026-09-03T12:35:15.415+0800][18.451s][info][gc,marking  ] GC(184) Concurrent Mark From Roots 3.676ms
[2026-09-03T12:35:15.415+0800][18.451s][info][gc,marking  ] GC(184) Concurrent Preclean
[2026-09-03T12:35:15.415+0800][18.451s][info][gc,marking  ] GC(184) Concurrent Preclean 0.032ms
[2026-09-03T12:35:15.415+0800][18.451s][info][gc,start    ] GC(184) Pause Remark
[2026-09-03T12:35:15.415+0800][18.452s][info][gc          ] GC(184) Pause Remark 150M->111M(256M) 0.589ms
[2026-09-03T12:35:15.415+0800][18.452s][info][gc,cpu      ] GC(184) User=0.01s Sys=0.00s Real=0.00s
[2026-09-03T12:35:15.416+0800][18.452s][info][safepoint   ] Safepoint "G1PauseRemark", Time since last: 5941333 ns, Reaching safepoint: 5375 ns, At safepoint: 614750 ns, Leaving safepoint: 24959 ns, Total: 645084 ns, Threads: 0 runnable, 42 total
[2026-09-03T12:35:15.416+0800][18.452s][info][gc,marking  ] GC(184) Concurrent Mark 4.483ms
[2026-09-03T12:35:15.416+0800][18.452s][info][gc,marking  ] GC(184) Concurrent Rebuild Remembered Sets and Scrub Regions
[2026-09-03T12:35:15.420+0800][18.456s][info][gc,marking  ] GC(184) Concurrent Rebuild Remembered Sets and Scrub Regions 4.041ms
[2026-09-03T12:35:15.420+0800][18.456s][info][gc,start    ] GC(184) Pause Cleanup
[2026-09-03T12:35:15.420+0800][18.456s][info][gc          ] GC(184) Pause Cleanup 113M->113M(256M) 0.035ms
[2026-09-03T12:35:15.420+0800][18.456s][info][gc,cpu      ] GC(184) User=0.00s Sys=0.00s Real=0.00s
[2026-09-03T12:35:15.420+0800][18.456s][info][safepoint   ] Safepoint "G1PauseCleanup", Time since last: 4171500 ns, Reaching safepoint: 1833 ns, At safepoint: 54958 ns, Leaving safepoint: 2750 ns, Total: 59541 ns, Threads: 0 runnable, 42 total
[2026-09-03T12:35:15.420+0800][18.456s][info][gc,marking  ] GC(184) Concurrent Clear Claimed Marks
[2026-09-03T12:35:15.420+0800][18.456s][info][gc,marking  ] GC(184) Concurrent Clear Claimed Marks 0.013ms
[2026-09-03T12:35:15.420+0800][18.456s][info][gc,marking  ] GC(184) Concurrent Cleanup for Next Mark
[2026-09-03T12:35:15.420+0800][18.456s][info][gc,marking  ] GC(184) Concurrent Cleanup for Next Mark 0.098ms
[2026-09-03T12:35:15.420+0800][18.456s][info][gc          ] GC(184) Concurrent Mark Cycle 10.989ms
[2026-09-03T12:35:15.638+0800][18.674s][info][gc,start    ] GC(185) Pause Young (Prepare Mixed) (G1 Evacuation Pause)
[2026-09-03T12:35:15.638+0800][18.674s][info][gc,task     ] GC(185) Using 9 workers of 9 for evacuation
[2026-09-03T12:35:15.640+0800][18.677s][info][gc,phases   ] GC(185)   Pre Evacuate Collection Set: 0.05ms
[2026-09-03T12:35:15.640+0800][18.677s][info][gc,phases   ] GC(185)   Merge Heap Roots: 0.02ms
[2026-09-03T12:35:15.640+0800][18.677s][info][gc,phases   ] GC(185)   Evacuate Collection Set: 2.20ms
[2026-09-03T12:35:15.640+0800][18.677s][info][gc,phases   ] GC(185)   Post Evacuate Collection Set: 0.13ms
[2026-09-03T12:35:15.640+0800][18.677s][info][gc,phases   ] GC(185)   Other: 0.08ms
[2026-09-03T12:35:15.640+0800][18.677s][info][gc,heap     ] GC(185) Eden regions: 76->0(93)
[2026-09-03T12:35:15.640+0800][18.677s][info][gc,heap     ] GC(185) Survivor regions: 14->12(12)
[2026-09-03T12:35:15.640+0800][18.677s][info][gc,heap     ] GC(185) Old regions: 94->111
[2026-09-03T12:35:15.640+0800][18.677s][info][gc,heap     ] GC(185) Humongous regions: 1->1
[2026-09-03T12:35:15.640+0800][18.677s][info][gc,metaspace] GC(185) Metaspace: 1059K(1216K)->1059K(1216K) NonClass: 994K(1088K)->994K(1088K) Class: 64K(128K)->64K(128K)
[2026-09-03T12:35:15.640+0800][18.677s][info][gc          ] GC(185) Pause Young (Prepare Mixed) (G1 Evacuation Pause) 184M->123M(256M) 2.645ms
[2026-09-03T12:35:15.640+0800][18.677s][info][gc,cpu      ] GC(185) User=0.02s Sys=0.00s Real=0.01s
[2026-09-03T12:35:15.640+0800][18.677s][info][safepoint   ] Safepoint "G1CollectForAllocation", Time since last: 218007709 ns, Reaching safepoint: 36125 ns, At safepoint: 2671708 ns, Leaving safepoint: 38000 ns, Total: 2745833 ns, Threads: 1 runnable, 42 total
[2026-09-03T12:35:15.919+0800][18.955s][info][gc,start    ] GC(186) Pause Young (Mixed) (G1 Evacuation Pause)
[2026-09-03T12:35:15.919+0800][18.955s][info][gc,task     ] GC(186) Using 9 workers of 9 for evacuation
[2026-09-03T12:35:15.921+0800][18.957s][info][gc,phases   ] GC(186)   Pre Evacuate Collection Set: 0.05ms
[2026-09-03T12:35:15.921+0800][18.957s][info][gc,phases   ] GC(186)   Merge Heap Roots: 0.03ms
[2026-09-03T12:35:15.921+0800][18.957s][info][gc,phases   ] GC(186)   Evacuate Collection Set: 1.88ms
[2026-09-03T12:35:15.921+0800][18.957s][info][gc,phases   ] GC(186)   Post Evacuate Collection Set: 0.09ms
[2026-09-03T12:35:15.921+0800][18.957s][info][gc,phases   ] GC(186)   Other: 0.06ms
[2026-09-03T12:35:15.921+0800][18.957s][info][gc,heap     ] GC(186) Eden regions: 93->0(100)
[2026-09-03T12:35:15.921+0800][18.957s][info][gc,heap     ] GC(186) Survivor regions: 12->14(14)
[2026-09-03T12:35:15.921+0800][18.957s][info][gc,heap     ] GC(186) Old regions: 111->99
[2026-09-03T12:35:15.921+0800][18.957s][info][gc,heap     ] GC(186) Humongous regions: 1->1
[2026-09-03T12:35:15.921+0800][18.957s][info][gc,metaspace] GC(186) Metaspace: 1059K(1216K)->1059K(1216K) NonClass: 994K(1088K)->994K(1088K) Class: 64K(128K)->64K(128K)
[2026-09-03T12:35:15.921+0800][18.957s][info][gc          ] GC(186) Pause Young (Mixed) (G1 Evacuation Pause) 216M->113M(256M) 2.235ms
[2026-09-03T12:35:15.921+0800][18.957s][info][gc,cpu      ] GC(186) User=0.02s Sys=0.00s Real=0.01s
[2026-09-03T12:35:15.921+0800][18.957s][info][safepoint   ] Safepoint "G1CollectForAllocation", Time since last: 278354208 ns, Reaching safepoint: 3000 ns, At safepoint: 2260167 ns, Leaving safepoint: 26917 ns, Total: 2290084 ns, Threads: 0 runnable, 42 total
[2026-09-03T12:35:16.221+0800][19.257s][info][gc,start    ] GC(187) Pause Young (Mixed) (G1 Evacuation Pause)
[2026-09-03T12:35:16.221+0800][19.257s][info][gc,task     ] GC(187) Using 9 workers of 9 for evacuation
[2026-09-03T12:35:16.224+0800][19.260s][info][gc,phases   ] GC(187)   Pre Evacuate Collection Set: 0.05ms
[2026-09-03T12:35:16.224+0800][19.260s][info][gc,phases   ] GC(187)   Merge Heap Roots: 0.04ms
[2026-09-03T12:35:16.224+0800][19.260s][info][gc,phases   ] GC(187)   Evacuate Collection Set: 2.65ms
[2026-09-03T12:35:16.224+0800][19.260s][info][gc,phases   ] GC(187)   Post Evacuate Collection Set: 0.12ms
[2026-09-03T12:35:16.224+0800][19.260s][info][gc,phases   ] GC(187)   Other: 0.06ms
[2026-09-03T12:35:16.224+0800][19.260s][info][gc,heap     ] GC(187) Eden regions: 100->0(90)
[2026-09-03T12:35:16.224+0800][19.260s][info][gc,heap     ] GC(187) Survivor regions: 14->15(15)
[2026-09-03T12:35:16.224+0800][19.260s][info][gc,heap     ] GC(187) Old regions: 99->113
[2026-09-03T12:35:16.224+0800][19.260s][info][gc,heap     ] GC(187) Humongous regions: 1->1
[2026-09-03T12:35:16.224+0800][19.260s][info][gc,metaspace] GC(187) Metaspace: 1059K(1216K)->1059K(1216K) NonClass: 994K(1088K)->994K(1088K) Class: 64K(128K)->64K(128K)
[2026-09-03T12:35:16.224+0800][19.260s][info][gc          ] GC(187) Pause Young (Mixed) (G1 Evacuation Pause) 213M->128M(256M) 3.046ms
[2026-09-03T12:35:16.224+0800][19.260s][info][gc,cpu      ] GC(187) User=0.02s Sys=0.00s Real=0.00s
[2026-09-03T12:35:16.224+0800][19.260s][info][safepoint   ] Safepoint "G1CollectForAllocation", Time since last: 300053916 ns, Reaching safepoint: 2667 ns, At safepoint: 3074417 ns, Leaving safepoint: 21083 ns, Total: 3098167 ns, Threads: 0 runnable, 42 total
[2026-09-03T12:35:16.496+0800][19.532s][info][gc,start    ] GC(188) Pause Young (Concurrent Start) (G1 Evacuation Pause)
[2026-09-03T12:35:16.496+0800][19.532s][info][gc,task     ] GC(188) Using 9 workers of 9 for evacuation
[2026-09-03T12:35:16.499+0800][19.536s][info][gc,phases   ] GC(188)   Pre Evacuate Collection Set: 0.16ms
[2026-09-03T12:35:16.499+0800][19.536s][info][gc,phases   ] GC(188)   Merge Heap Roots: 0.05ms
[2026-09-03T12:35:16.499+0800][19.536s][info][gc,phases   ] GC(188)   Evacuate Collection Set: 2.76ms
[2026-09-03T12:35:16.499+0800][19.536s][info][gc,phases   ] GC(188)   Post Evacuate Collection Set: 0.11ms
[2026-09-03T12:35:16.499+0800][19.536s][info][gc,phases   ] GC(188)   Other: 0.08ms
[2026-09-03T12:35:16.499+0800][19.536s][info][gc,heap     ] GC(188) Eden regions: 90->0(77)
[2026-09-03T12:35:16.500+0800][19.536s][info][gc,heap     ] GC(188) Survivor regions: 15->14(14)
[2026-09-03T12:35:16.500+0800][19.536s][info][gc,heap     ] GC(188) Old regions: 113->132
[2026-09-03T12:35:16.500+0800][19.536s][info][gc,heap     ] GC(188) Humongous regions: 1->1
[2026-09-03T12:35:16.500+0800][19.536s][info][gc,metaspace] GC(188) Metaspace: 1059K(1216K)->1059K(1216K) NonClass: 994K(1088K)->994K(1088K) Class: 64K(128K)->64K(128K)
[2026-09-03T12:35:16.500+0800][19.536s][info][gc          ] GC(188) Pause Young (Concurrent Start) (G1 Evacuation Pause) 218M->146M(256M) 3.322ms
[2026-09-03T12:35:16.500+0800][19.536s][info][gc,cpu      ] GC(188) User=0.03s Sys=0.00s Real=0.01s
[2026-09-03T12:35:16.500+0800][19.536s][info][gc          ] GC(189) Concurrent Mark Cycle
[2026-09-03T12:35:16.500+0800][19.536s][info][safepoint   ] Safepoint "G1CollectForAllocation", Time since last: 271906500 ns, Reaching safepoint: 3625 ns, At safepoint: 3359083 ns, Leaving safepoint: 21042 ns, Total: 3383750 ns, Threads: 0 runnable, 42 total
[2026-09-03T12:35:16.500+0800][19.536s][info][gc,marking  ] GC(189) Concurrent Scan Root Regions
[2026-09-03T12:35:16.502+0800][19.538s][info][gc,marking  ] GC(189) Concurrent Scan Root Regions 2.635ms
[2026-09-03T12:35:16.502+0800][19.538s][info][gc,marking  ] GC(189) Concurrent Mark
[2026-09-03T12:35:16.502+0800][19.538s][info][gc,marking  ] GC(189) Concurrent Mark From Roots
[2026-09-03T12:35:16.502+0800][19.538s][info][gc,task     ] GC(189) Concurrent Mark Using 2 of 2 Workers
[2026-09-03T12:35:16.508+0800][19.544s][info][gc,marking  ] GC(189) Concurrent Mark From Roots 5.496ms
[2026-09-03T12:35:16.508+0800][19.544s][info][gc,marking  ] GC(189) Concurrent Preclean
[2026-09-03T12:35:16.508+0800][19.544s][info][gc,marking  ] GC(189) Concurrent Preclean 0.015ms
[2026-09-03T12:35:16.508+0800][19.544s][info][gc,start    ] GC(189) Pause Remark
[2026-09-03T12:35:16.508+0800][19.544s][info][gc          ] GC(189) Pause Remark 151M->107M(256M) 0.367ms
[2026-09-03T12:35:16.508+0800][19.544s][info][gc,cpu      ] GC(189) User=0.00s Sys=0.00s Real=0.00s
[2026-09-03T12:35:16.508+0800][19.544s][info][safepoint   ] Safepoint "G1PauseRemark", Time since last: 8276417 ns, Reaching safepoint: 21041 ns, At safepoint: 396917 ns, Leaving safepoint: 13917 ns, Total: 431875 ns, Threads: 1 runnable, 42 total
[2026-09-03T12:35:16.508+0800][19.545s][info][gc,marking  ] GC(189) Concurrent Mark 6.105ms
[2026-09-03T12:35:16.508+0800][19.545s][info][gc,marking  ] GC(189) Concurrent Rebuild Remembered Sets and Scrub Regions
[2026-09-03T12:35:16.514+0800][19.550s][info][gc,marking  ] GC(189) Concurrent Rebuild Remembered Sets and Scrub Regions 5.133ms
[2026-09-03T12:35:16.514+0800][19.550s][info][gc,start    ] GC(189) Pause Cleanup
[2026-09-03T12:35:16.514+0800][19.550s][info][gc          ] GC(189) Pause Cleanup 109M->109M(256M) 0.120ms
[2026-09-03T12:35:16.514+0800][19.550s][info][gc,cpu      ] GC(189) User=0.00s Sys=0.00s Real=0.00s
[2026-09-03T12:35:16.514+0800][19.550s][info][safepoint   ] Safepoint "G1PauseCleanup", Time since last: 5318750 ns, Reaching safepoint: 5125 ns, At safepoint: 173458 ns, Leaving safepoint: 13208 ns, Total: 191791 ns, Threads: 0 runnable, 42 total
[2026-09-03T12:35:16.514+0800][19.550s][info][gc,marking  ] GC(189) Concurrent Clear Claimed Marks
[2026-09-03T12:35:16.514+0800][19.550s][info][gc,marking  ] GC(189) Concurrent Clear Claimed Marks 0.022ms
[2026-09-03T12:35:16.514+0800][19.550s][info][gc,marking  ] GC(189) Concurrent Cleanup for Next Mark
[2026-09-03T12:35:16.514+0800][19.551s][info][gc,marking  ] GC(189) Concurrent Cleanup for Next Mark 0.381ms
[2026-09-03T12:35:16.514+0800][19.551s][info][gc          ] GC(189) Concurrent Mark Cycle 14.832ms
[2026-09-03T12:35:16.794+0800][19.830s][info][gc,start    ] GC(190) Pause Young (Prepare Mixed) (G1 Evacuation Pause)
[2026-09-03T12:35:16.794+0800][19.831s][info][gc,task     ] GC(190) Using 9 workers of 9 for evacuation
[2026-09-03T12:35:16.800+0800][19.837s][info][gc,phases   ] GC(190)   Pre Evacuate Collection Set: 0.17ms
[2026-09-03T12:35:16.801+0800][19.837s][info][gc,phases   ] GC(190)   Merge Heap Roots: 0.40ms
[2026-09-03T12:35:16.801+0800][19.837s][info][gc,phases   ] GC(190)   Evacuate Collection Set: 5.15ms
[2026-09-03T12:35:16.801+0800][19.837s][info][gc,phases   ] GC(190)   Post Evacuate Collection Set: 0.25ms
[2026-09-03T12:35:16.801+0800][19.837s][info][gc,phases   ] GC(190)   Other: 0.17ms
[2026-09-03T12:35:16.801+0800][19.837s][info][gc,heap     ] GC(190) Eden regions: 77->0(97)
[2026-09-03T12:35:16.801+0800][19.837s][info][gc,heap     ] GC(190) Survivor regions: 14->12(12)
[2026-09-03T12:35:16.801+0800][19.837s][info][gc,heap     ] GC(190) Old regions: 88->106
[2026-09-03T12:35:16.801+0800][19.837s][info][gc,heap     ] GC(190) Humongous regions: 1->1
[2026-09-03T12:35:16.801+0800][19.837s][info][gc,metaspace] GC(190) Metaspace: 1059K(1216K)->1059K(1216K) NonClass: 994K(1088K)->994K(1088K) Class: 64K(128K)->64K(128K)
[2026-09-03T12:35:16.801+0800][19.837s][info][gc          ] GC(190) Pause Young (Prepare Mixed) (G1 Evacuation Pause) 179M->118M(256M) 6.460ms
[2026-09-03T12:35:16.801+0800][19.837s][info][gc,cpu      ] GC(190) User=0.01s Sys=0.00s Real=0.01s
[2026-09-03T12:35:16.801+0800][19.837s][info][safepoint   ] Safepoint "G1CollectForAllocation", Time since last: 280369625 ns, Reaching safepoint: 55334 ns, At safepoint: 6545875 ns, Leaving safepoint: 21291 ns, Total: 6622500 ns, Threads: 1 runnable, 42 total
[2026-09-03T12:35:17.025+0800][20.062s][info][gc,start    ] GC(191) Pause Young (Mixed) (G1 Evacuation Pause)
[2026-09-03T12:35:17.025+0800][20.062s][info][gc,task     ] GC(191) Using 9 workers of 9 for evacuation
[2026-09-03T12:35:17.028+0800][20.064s][info][gc,phases   ] GC(191)   Pre Evacuate Collection Set: 0.06ms
[2026-09-03T12:35:17.028+0800][20.064s][info][gc,phases   ] GC(191)   Merge Heap Roots: 0.04ms
[2026-09-03T12:35:17.028+0800][20.064s][info][gc,phases   ] GC(191)   Evacuate Collection Set: 1.91ms
[2026-09-03T12:35:17.028+0800][20.064s][info][gc,phases   ] GC(191)   Post Evacuate Collection Set: 0.10ms
[2026-09-03T12:35:17.028+0800][20.064s][info][gc,phases   ] GC(191)   Other: 0.06ms
[2026-09-03T12:35:17.028+0800][20.064s][info][gc,heap     ] GC(191) Eden regions: 97->0(103)
[2026-09-03T12:35:17.028+0800][20.064s][info][gc,heap     ] GC(191) Survivor regions: 12->14(14)
[2026-09-03T12:35:17.028+0800][20.064s][info][gc,heap     ] GC(191) Old regions: 106->95
[2026-09-03T12:35:17.028+0800][20.064s][info][gc,heap     ] GC(191) Humongous regions: 1->1
[2026-09-03T12:35:17.028+0800][20.064s][info][gc,metaspace] GC(191) Metaspace: 1059K(1216K)->1059K(1216K) NonClass: 994K(1088K)->994K(1088K) Class: 64K(128K)->64K(128K)
[2026-09-03T12:35:17.028+0800][20.064s][info][gc          ] GC(191) Pause Young (Mixed) (G1 Evacuation Pause) 215M->109M(256M) 2.294ms
[2026-09-03T12:35:17.028+0800][20.064s][info][gc,cpu      ] GC(191) User=0.01s Sys=0.00s Real=0.00s
[2026-09-03T12:35:17.028+0800][20.064s][info][safepoint   ] Safepoint "G1CollectForAllocation", Time since last: 224628042 ns, Reaching safepoint: 2292 ns, At safepoint: 2318000 ns, Leaving safepoint: 23708 ns, Total: 2344000 ns, Threads: 0 runnable, 42 total
[2026-09-03T12:35:17.340+0800][20.376s][info][gc,start    ] GC(192) Pause Young (Mixed) (G1 Evacuation Pause)
[2026-09-03T12:35:17.340+0800][20.376s][info][gc,task     ] GC(192) Using 9 workers of 9 for evacuation
[2026-09-03T12:35:17.342+0800][20.378s][info][gc,phases   ] GC(192)   Pre Evacuate Collection Set: 0.07ms
[2026-09-03T12:35:17.342+0800][20.378s][info][gc,phases   ] GC(192)   Merge Heap Roots: 0.04ms
[2026-09-03T12:35:17.342+0800][20.378s][info][gc,phases   ] GC(192)   Evacuate Collection Set: 2.29ms
[2026-09-03T12:35:17.342+0800][20.378s][info][gc,phases   ] GC(192)   Post Evacuate Collection Set: 0.10ms
[2026-09-03T12:35:17.342+0800][20.378s][info][gc,phases   ] GC(192)   Other: 0.07ms
[2026-09-03T12:35:17.342+0800][20.379s][info][gc,heap     ] GC(192) Eden regions: 103->0(89)
[2026-09-03T12:35:17.342+0800][20.379s][info][gc,heap     ] GC(192) Survivor regions: 14->15(15)
[2026-09-03T12:35:17.342+0800][20.379s][info][gc,heap     ] GC(192) Old regions: 95->113
[2026-09-03T12:35:17.342+0800][20.379s][info][gc,heap     ] GC(192) Humongous regions: 1->1
[2026-09-03T12:35:17.342+0800][20.379s][info][gc,metaspace] GC(192) Metaspace: 1059K(1216K)->1059K(1216K) NonClass: 994K(1088K)->994K(1088K) Class: 64K(128K)->64K(128K)
[2026-09-03T12:35:17.342+0800][20.379s][info][gc          ] GC(192) Pause Young (Mixed) (G1 Evacuation Pause) 212M->128M(256M) 2.708ms
[2026-09-03T12:35:17.342+0800][20.379s][info][gc,cpu      ] GC(192) User=0.02s Sys=0.01s Real=0.00s
[2026-09-03T12:35:17.342+0800][20.379s][info][safepoint   ] Safepoint "G1CollectForAllocation", Time since last: 311875208 ns, Reaching safepoint: 3709 ns, At safepoint: 2738666 ns, Leaving safepoint: 28375 ns, Total: 2770750 ns, Threads: 0 runnable, 42 total
[2026-09-03T12:35:17.611+0800][20.647s][info][gc,start    ] GC(193) Pause Young (Concurrent Start) (G1 Evacuation Pause)
[2026-09-03T12:35:17.611+0800][20.648s][info][gc,task     ] GC(193) Using 9 workers of 9 for evacuation
[2026-09-03T12:35:17.613+0800][20.650s][info][gc,phases   ] GC(193)   Pre Evacuate Collection Set: 0.06ms
[2026-09-03T12:35:17.613+0800][20.650s][info][gc,phases   ] GC(193)   Merge Heap Roots: 0.05ms
[2026-09-03T12:35:17.613+0800][20.650s][info][gc,phases   ] GC(193)   Evacuate Collection Set: 1.83ms
[2026-09-03T12:35:17.613+0800][20.650s][info][gc,phases   ] GC(193)   Post Evacuate Collection Set: 0.10ms
[2026-09-03T12:35:17.613+0800][20.650s][info][gc,phases   ] GC(193)   Other: 0.06ms
[2026-09-03T12:35:17.613+0800][20.650s][info][gc,heap     ] GC(193) Eden regions: 89->0(77)
[2026-09-03T12:35:17.613+0800][20.650s][info][gc,heap     ] GC(193) Survivor regions: 15->13(13)
[2026-09-03T12:35:17.613+0800][20.650s][info][gc,heap     ] GC(193) Old regions: 113->133
[2026-09-03T12:35:17.614+0800][20.650s][info][gc,heap     ] GC(193) Humongous regions: 1->1
[2026-09-03T12:35:17.614+0800][20.650s][info][gc,metaspace] GC(193) Metaspace: 1059K(1216K)->1059K(1216K) NonClass: 994K(1088K)->994K(1088K) Class: 64K(128K)->64K(128K)
[2026-09-03T12:35:17.614+0800][20.650s][info][gc          ] GC(193) Pause Young (Concurrent Start) (G1 Evacuation Pause) 217M->147M(256M) 2.218ms
[2026-09-03T12:35:17.614+0800][20.650s][info][gc,cpu      ] GC(193) User=0.01s Sys=0.00s Real=0.00s
[2026-09-03T12:35:17.614+0800][20.650s][info][gc          ] GC(194) Concurrent Mark Cycle
[2026-09-03T12:35:17.614+0800][20.650s][info][gc,marking  ] GC(194) Concurrent Scan Root Regions
[2026-09-03T12:35:17.614+0800][20.650s][info][safepoint   ] Safepoint "G1CollectForAllocation", Time since last: 268901125 ns, Reaching safepoint: 2709 ns, At safepoint: 2247041 ns, Leaving safepoint: 37292 ns, Total: 2287042 ns, Threads: 0 runnable, 42 total
[2026-09-03T12:35:17.616+0800][20.652s][info][gc,marking  ] GC(194) Concurrent Scan Root Regions 2.538ms
[2026-09-03T12:35:17.616+0800][20.652s][info][gc,marking  ] GC(194) Concurrent Mark
[2026-09-03T12:35:17.616+0800][20.652s][info][gc,marking  ] GC(194) Concurrent Mark From Roots
[2026-09-03T12:35:17.616+0800][20.652s][info][gc,task     ] GC(194) Concurrent Mark Using 2 of 2 Workers
[2026-09-03T12:35:17.620+0800][20.656s][info][gc,marking  ] GC(194) Concurrent Mark From Roots 3.781ms
[2026-09-03T12:35:17.620+0800][20.656s][info][gc,marking  ] GC(194) Concurrent Preclean
[2026-09-03T12:35:17.620+0800][20.656s][info][gc,marking  ] GC(194) Concurrent Preclean 0.012ms
[2026-09-03T12:35:17.620+0800][20.656s][info][gc,start    ] GC(194) Pause Remark
[2026-09-03T12:35:17.620+0800][20.657s][info][gc          ] GC(194) Pause Remark 150M->109M(256M) 0.381ms
[2026-09-03T12:35:17.620+0800][20.657s][info][gc,cpu      ] GC(194) User=0.00s Sys=0.00s Real=0.00s
[2026-09-03T12:35:17.620+0800][20.657s][info][safepoint   ] Safepoint "G1PauseRemark", Time since last: 6379792 ns, Reaching safepoint: 17375 ns, At safepoint: 405250 ns, Leaving safepoint: 33083 ns, Total: 455708 ns, Threads: 1 runnable, 42 total
[2026-09-03T12:35:17.620+0800][20.657s][info][gc,marking  ] GC(194) Concurrent Mark 4.367ms
[2026-09-03T12:35:17.620+0800][20.657s][info][gc,marking  ] GC(194) Concurrent Rebuild Remembered Sets and Scrub Regions
[2026-09-03T12:35:17.625+0800][20.661s][info][gc,marking  ] GC(194) Concurrent Rebuild Remembered Sets and Scrub Regions 4.685ms
[2026-09-03T12:35:17.625+0800][20.661s][info][gc,start    ] GC(194) Pause Cleanup
[2026-09-03T12:35:17.625+0800][20.661s][info][gc          ] GC(194) Pause Cleanup 111M->111M(256M) 0.039ms
[2026-09-03T12:35:17.625+0800][20.661s][info][gc,cpu      ] GC(194) User=0.00s Sys=0.00s Real=0.00s
[2026-09-03T12:35:17.625+0800][20.661s][info][safepoint   ] Safepoint "G1PauseCleanup", Time since last: 4795583 ns, Reaching safepoint: 2125 ns, At safepoint: 57500 ns, Leaving safepoint: 1667 ns, Total: 61292 ns, Threads: 0 runnable, 42 total
[2026-09-03T12:35:17.625+0800][20.661s][info][gc,marking  ] GC(194) Concurrent Clear Claimed Marks
[2026-09-03T12:35:17.625+0800][20.661s][info][gc,marking  ] GC(194) Concurrent Clear Claimed Marks 0.014ms
[2026-09-03T12:35:17.625+0800][20.661s][info][gc,marking  ] GC(194) Concurrent Cleanup for Next Mark
[2026-09-03T12:35:17.625+0800][20.662s][info][gc,marking  ] GC(194) Concurrent Cleanup for Next Mark 0.099ms
[2026-09-03T12:35:17.625+0800][20.662s][info][gc          ] GC(194) Concurrent Mark Cycle 11.878ms
[2026-09-03T12:35:17.847+0800][20.883s][info][gc,start    ] GC(195) Pause Young (Prepare Mixed) (G1 Evacuation Pause)
[2026-09-03T12:35:17.847+0800][20.883s][info][gc,task     ] GC(195) Using 9 workers of 9 for evacuation
[2026-09-03T12:35:17.849+0800][20.886s][info][gc,phases   ] GC(195)   Pre Evacuate Collection Set: 0.07ms
[2026-09-03T12:35:17.850+0800][20.886s][info][gc,phases   ] GC(195)   Merge Heap Roots: 0.04ms
[2026-09-03T12:35:17.850+0800][20.886s][info][gc,phases   ] GC(195)   Evacuate Collection Set: 2.10ms
[2026-09-03T12:35:17.850+0800][20.886s][info][gc,phases   ] GC(195)   Post Evacuate Collection Set: 0.08ms
[2026-09-03T12:35:17.850+0800][20.886s][info][gc,phases   ] GC(195)   Other: 0.08ms
[2026-09-03T12:35:17.850+0800][20.886s][info][gc,heap     ] GC(195) Eden regions: 77->0(94)
[2026-09-03T12:35:17.850+0800][20.886s][info][gc,heap     ] GC(195) Survivor regions: 13->12(12)
[2026-09-03T12:35:17.850+0800][20.886s][info][gc,heap     ] GC(195) Old regions: 92->110
[2026-09-03T12:35:17.850+0800][20.886s][info][gc,heap     ] GC(195) Humongous regions: 1->1
[2026-09-03T12:35:17.850+0800][20.886s][info][gc,metaspace] GC(195) Metaspace: 1059K(1216K)->1059K(1216K) NonClass: 994K(1088K)->994K(1088K) Class: 64K(128K)->64K(128K)
[2026-09-03T12:35:17.850+0800][20.886s][info][gc          ] GC(195) Pause Young (Prepare Mixed) (G1 Evacuation Pause) 183M->122M(256M) 2.507ms
[2026-09-03T12:35:17.850+0800][20.886s][info][gc,cpu      ] GC(195) User=0.02s Sys=0.00s Real=0.01s
[2026-09-03T12:35:17.850+0800][20.886s][info][safepoint   ] Safepoint "G1CollectForAllocation", Time since last: 221771250 ns, Reaching safepoint: 3417 ns, At safepoint: 2534458 ns, Leaving safepoint: 38167 ns, Total: 2576042 ns, Threads: 0 runnable, 42 total
[2026-09-03T12:35:18.131+0800][21.167s][info][gc,start    ] GC(196) Pause Young (Mixed) (G1 Evacuation Pause)
[2026-09-03T12:35:18.131+0800][21.167s][info][gc,task     ] GC(196) Using 9 workers of 9 for evacuation
[2026-09-03T12:35:18.134+0800][21.170s][info][gc,phases   ] GC(196)   Pre Evacuate Collection Set: 0.08ms
[2026-09-03T12:35:18.134+0800][21.170s][info][gc,phases   ] GC(196)   Merge Heap Roots: 0.03ms
[2026-09-03T12:35:18.134+0800][21.170s][info][gc,phases   ] GC(196)   Evacuate Collection Set: 2.26ms
[2026-09-03T12:35:18.134+0800][21.170s][info][gc,phases   ] GC(196)   Post Evacuate Collection Set: 0.12ms
[2026-09-03T12:35:18.134+0800][21.170s][info][gc,phases   ] GC(196)   Other: 0.07ms
[2026-09-03T12:35:18.134+0800][21.170s][info][gc,heap     ] GC(196) Eden regions: 94->0(101)
[2026-09-03T12:35:18.134+0800][21.170s][info][gc,heap     ] GC(196) Survivor regions: 12->14(14)
[2026-09-03T12:35:18.134+0800][21.170s][info][gc,heap     ] GC(196) Old regions: 110->98
[2026-09-03T12:35:18.134+0800][21.170s][info][gc,heap     ] GC(196) Humongous regions: 1->1
[2026-09-03T12:35:18.134+0800][21.170s][info][gc,metaspace] GC(196) Metaspace: 1059K(1216K)->1059K(1216K) NonClass: 994K(1088K)->994K(1088K) Class: 64K(128K)->64K(128K)
[2026-09-03T12:35:18.134+0800][21.170s][info][gc          ] GC(196) Pause Young (Mixed) (G1 Evacuation Pause) 216M->112M(256M) 2.687ms
[2026-09-03T12:35:18.134+0800][21.170s][info][gc,cpu      ] GC(196) User=0.02s Sys=0.00s Real=0.00s
[2026-09-03T12:35:18.134+0800][21.170s][info][safepoint   ] Safepoint "G1CollectForAllocation", Time since last: 281275458 ns, Reaching safepoint: 2750 ns, At safepoint: 2713000 ns, Leaving safepoint: 27583 ns, Total: 2743333 ns, Threads: 0 runnable, 42 total
[2026-09-03T12:35:18.438+0800][21.474s][info][gc,start    ] GC(197) Pause Young (Mixed) (G1 Evacuation Pause)
[2026-09-03T12:35:18.438+0800][21.474s][info][gc,task     ] GC(197) Using 9 workers of 9 for evacuation
[2026-09-03T12:35:18.441+0800][21.477s][info][gc,phases   ] GC(197)   Pre Evacuate Collection Set: 0.07ms
[2026-09-03T12:35:18.441+0800][21.477s][info][gc,phases   ] GC(197)   Merge Heap Roots: 0.03ms
[2026-09-03T12:35:18.441+0800][21.477s][info][gc,phases   ] GC(197)   Evacuate Collection Set: 2.56ms
[2026-09-03T12:35:18.441+0800][21.477s][info][gc,phases   ] GC(197)   Post Evacuate Collection Set: 0.10ms
[2026-09-03T12:35:18.441+0800][21.477s][info][gc,phases   ] GC(197)   Other: 0.06ms
[2026-09-03T12:35:18.441+0800][21.477s][info][gc,heap     ] GC(197) Eden regions: 101->0(92)
[2026-09-03T12:35:18.441+0800][21.477s][info][gc,heap     ] GC(197) Survivor regions: 14->15(15)
[2026-09-03T12:35:18.441+0800][21.477s][info][gc,heap     ] GC(197) Old regions: 98->110
[2026-09-03T12:35:18.441+0800][21.477s][info][gc,heap     ] GC(197) Humongous regions: 1->1
[2026-09-03T12:35:18.441+0800][21.477s][info][gc,metaspace] GC(197) Metaspace: 1059K(1216K)->1059K(1216K) NonClass: 994K(1088K)->994K(1088K) Class: 64K(128K)->64K(128K)
[2026-09-03T12:35:18.441+0800][21.477s][info][gc          ] GC(197) Pause Young (Mixed) (G1 Evacuation Pause) 213M->126M(256M) 2.936ms
[2026-09-03T12:35:18.441+0800][21.477s][info][gc,cpu      ] GC(197) User=0.02s Sys=0.00s Real=0.01s
[2026-09-03T12:35:18.441+0800][21.477s][info][safepoint   ] Safepoint "G1CollectForAllocation", Time since last: 304334417 ns, Reaching safepoint: 2042 ns, At safepoint: 2964333 ns, Leaving safepoint: 27208 ns, Total: 2993583 ns, Threads: 0 runnable, 42 total
[2026-09-03T12:35:18.720+0800][21.757s][info][gc,start    ] GC(198) Pause Young (Concurrent Start) (G1 Evacuation Pause)
[2026-09-03T12:35:18.720+0800][21.757s][info][gc,task     ] GC(198) Using 9 workers of 9 for evacuation
[2026-09-03T12:35:18.723+0800][21.759s][info][gc,phases   ] GC(198)   Pre Evacuate Collection Set: 0.08ms
[2026-09-03T12:35:18.723+0800][21.759s][info][gc,phases   ] GC(198)   Merge Heap Roots: 0.02ms
[2026-09-03T12:35:18.723+0800][21.759s][info][gc,phases   ] GC(198)   Evacuate Collection Set: 2.03ms
[2026-09-03T12:35:18.723+0800][21.759s][info][gc,phases   ] GC(198)   Post Evacuate Collection Set: 0.13ms
[2026-09-03T12:35:18.723+0800][21.759s][info][gc,phases   ] GC(198)   Other: 0.07ms
[2026-09-03T12:35:18.723+0800][21.759s][info][gc,heap     ] GC(198) Eden regions: 92->0(78)
[2026-09-03T12:35:18.723+0800][21.759s][info][gc,heap     ] GC(198) Survivor regions: 15->14(14)
[2026-09-03T12:35:18.723+0800][21.759s][info][gc,heap     ] GC(198) Old regions: 110->130
[2026-09-03T12:35:18.723+0800][21.759s][info][gc,heap     ] GC(198) Humongous regions: 1->1
[2026-09-03T12:35:18.723+0800][21.759s][info][gc,metaspace] GC(198) Metaspace: 1059K(1216K)->1059K(1216K) NonClass: 994K(1088K)->994K(1088K) Class: 64K(128K)->64K(128K)
[2026-09-03T12:35:18.723+0800][21.759s][info][gc          ] GC(198) Pause Young (Concurrent Start) (G1 Evacuation Pause) 218M->145M(256M) 2.493ms
[2026-09-03T12:35:18.723+0800][21.759s][info][gc,cpu      ] GC(198) User=0.02s Sys=0.00s Real=0.00s
[2026-09-03T12:35:18.723+0800][21.759s][info][gc          ] GC(199) Concurrent Mark Cycle
[2026-09-03T12:35:18.723+0800][21.759s][info][gc,marking  ] GC(199) Concurrent Scan Root Regions
[2026-09-03T12:35:18.723+0800][21.759s][info][safepoint   ] Safepoint "G1CollectForAllocation", Time since last: 279457417 ns, Reaching safepoint: 2542 ns, At safepoint: 2524875 ns, Leaving safepoint: 43166 ns, Total: 2570583 ns, Threads: 0 runnable, 42 total
[2026-09-03T12:35:18.725+0800][21.762s][info][gc,marking  ] GC(199) Concurrent Scan Root Regions 2.437ms
[2026-09-03T12:35:18.725+0800][21.762s][info][gc,marking  ] GC(199) Concurrent Mark
[2026-09-03T12:35:18.725+0800][21.762s][info][gc,marking  ] GC(199) Concurrent Mark From Roots
[2026-09-03T12:35:18.725+0800][21.762s][info][gc,task     ] GC(199) Concurrent Mark Using 2 of 2 Workers
[2026-09-03T12:35:18.729+0800][21.765s][info][gc,marking  ] GC(199) Concurrent Mark From Roots 3.408ms
[2026-09-03T12:35:18.729+0800][21.765s][info][gc,marking  ] GC(199) Concurrent Preclean
[2026-09-03T12:35:18.729+0800][21.765s][info][gc,marking  ] GC(199) Concurrent Preclean 0.009ms
[2026-09-03T12:35:18.729+0800][21.765s][info][gc,start    ] GC(199) Pause Remark
[2026-09-03T12:35:18.729+0800][21.765s][info][gc          ] GC(199) Pause Remark 148M->102M(256M) 0.325ms
[2026-09-03T12:35:18.729+0800][21.765s][info][gc,cpu      ] GC(199) User=0.00s Sys=0.00s Real=0.00s
[2026-09-03T12:35:18.729+0800][21.765s][info][safepoint   ] Safepoint "G1PauseRemark", Time since last: 5882292 ns, Reaching safepoint: 2542 ns, At safepoint: 347416 ns, Leaving safepoint: 12375 ns, Total: 362333 ns, Threads: 0 runnable, 42 total
[2026-09-03T12:35:18.729+0800][21.765s][info][gc,marking  ] GC(199) Concurrent Mark 3.854ms
[2026-09-03T12:35:18.729+0800][21.765s][info][gc,marking  ] GC(199) Concurrent Rebuild Remembered Sets and Scrub Regions
[2026-09-03T12:35:18.734+0800][21.770s][info][gc,marking  ] GC(199) Concurrent Rebuild Remembered Sets and Scrub Regions 4.301ms
[2026-09-03T12:35:18.734+0800][21.770s][info][gc,start    ] GC(199) Pause Cleanup
[2026-09-03T12:35:18.734+0800][21.770s][info][gc          ] GC(199) Pause Cleanup 104M->104M(256M) 0.062ms
[2026-09-03T12:35:18.734+0800][21.770s][info][gc,cpu      ] GC(199) User=0.00s Sys=0.00s Real=0.00s
[2026-09-03T12:35:18.734+0800][21.770s][info][safepoint   ] Safepoint "G1PauseCleanup", Time since last: 4386584 ns, Reaching safepoint: 2291 ns, At safepoint: 84375 ns, Leaving safepoint: 5334 ns, Total: 92000 ns, Threads: 0 runnable, 42 total
[2026-09-03T12:35:18.734+0800][21.770s][info][gc,marking  ] GC(199) Concurrent Clear Claimed Marks
[2026-09-03T12:35:18.734+0800][21.770s][info][gc,marking  ] GC(199) Concurrent Clear Claimed Marks 0.006ms
[2026-09-03T12:35:18.734+0800][21.770s][info][gc,marking  ] GC(199) Concurrent Cleanup for Next Mark
[2026-09-03T12:35:18.734+0800][21.770s][info][gc,marking  ] GC(199) Concurrent Cleanup for Next Mark 0.089ms
[2026-09-03T12:35:18.734+0800][21.770s][info][gc          ] GC(199) Concurrent Mark Cycle 10.896ms
[2026-09-03T12:35:18.958+0800][21.994s][info][gc,start    ] GC(200) Pause Young (Prepare Mixed) (G1 Evacuation Pause)
[2026-09-03T12:35:18.958+0800][21.994s][info][gc,task     ] GC(200) Using 9 workers of 9 for evacuation
[2026-09-03T12:35:18.960+0800][21.996s][info][gc,phases   ] GC(200)   Pre Evacuate Collection Set: 0.05ms
[2026-09-03T12:35:18.960+0800][21.996s][info][gc,phases   ] GC(200)   Merge Heap Roots: 0.02ms
[2026-09-03T12:35:18.960+0800][21.996s][info][gc,phases   ] GC(200)   Evacuate Collection Set: 1.59ms
[2026-09-03T12:35:18.960+0800][21.996s][info][gc,phases   ] GC(200)   Post Evacuate Collection Set: 0.09ms
[2026-09-03T12:35:18.960+0800][21.996s][info][gc,phases   ] GC(200)   Other: 0.06ms
[2026-09-03T12:35:18.960+0800][21.996s][info][gc,heap     ] GC(200) Eden regions: 78->0(99)
[2026-09-03T12:35:18.960+0800][21.996s][info][gc,heap     ] GC(200) Survivor regions: 14->12(12)
[2026-09-03T12:35:18.960+0800][21.996s][info][gc,heap     ] GC(200) Old regions: 84->102
[2026-09-03T12:35:18.960+0800][21.996s][info][gc,heap     ] GC(200) Humongous regions: 1->1
[2026-09-03T12:35:18.960+0800][21.996s][info][gc,metaspace] GC(200) Metaspace: 1059K(1216K)->1059K(1216K) NonClass: 994K(1088K)->994K(1088K) Class: 64K(128K)->64K(128K)
[2026-09-03T12:35:18.960+0800][21.996s][info][gc          ] GC(200) Pause Young (Prepare Mixed) (G1 Evacuation Pause) 177M->114M(256M) 1.915ms
[2026-09-03T12:35:18.960+0800][21.996s][info][gc,cpu      ] GC(200) User=0.01s Sys=0.00s Real=0.01s
[2026-09-03T12:35:18.960+0800][21.996s][info][safepoint   ] Safepoint "G1CollectForAllocation", Time since last: 224323916 ns, Reaching safepoint: 19292 ns, At safepoint: 1940292 ns, Leaving safepoint: 31791 ns, Total: 1991375 ns, Threads: 1 runnable, 42 total
[2026-09-03T12:35:19.257+0800][22.293s][info][gc,start    ] GC(201) Pause Young (Mixed) (G1 Evacuation Pause)
[2026-09-03T12:35:19.257+0800][22.293s][info][gc,task     ] GC(201) Using 9 workers of 9 for evacuation
[2026-09-03T12:35:19.259+0800][22.296s][info][gc,phases   ] GC(201)   Pre Evacuate Collection Set: 0.04ms
[2026-09-03T12:35:19.259+0800][22.296s][info][gc,phases   ] GC(201)   Merge Heap Roots: 0.04ms
[2026-09-03T12:35:19.259+0800][22.296s][info][gc,phases   ] GC(201)   Evacuate Collection Set: 2.07ms
[2026-09-03T12:35:19.259+0800][22.296s][info][gc,phases   ] GC(201)   Post Evacuate Collection Set: 0.11ms
[2026-09-03T12:35:19.259+0800][22.296s][info][gc,phases   ] GC(201)   Other: 0.06ms
[2026-09-03T12:35:19.259+0800][22.296s][info][gc,heap     ] GC(201) Eden regions: 99->0(104)
[2026-09-03T12:35:19.259+0800][22.296s][info][gc,heap     ] GC(201) Survivor regions: 12->14(14)
[2026-09-03T12:35:19.259+0800][22.296s][info][gc,heap     ] GC(201) Old regions: 102->93
[2026-09-03T12:35:19.259+0800][22.296s][info][gc,heap     ] GC(201) Humongous regions: 1->1
[2026-09-03T12:35:19.259+0800][22.296s][info][gc,metaspace] GC(201) Metaspace: 1059K(1216K)->1059K(1216K) NonClass: 994K(1088K)->994K(1088K) Class: 64K(128K)->64K(128K)
[2026-09-03T12:35:19.260+0800][22.296s][info][gc          ] GC(201) Pause Young (Mixed) (G1 Evacuation Pause) 213M->107M(256M) 2.460ms
[2026-09-03T12:35:19.260+0800][22.296s][info][gc,cpu      ] GC(201) User=0.02s Sys=0.00s Real=0.01s
[2026-09-03T12:35:19.260+0800][22.296s][info][safepoint   ] Safepoint "G1CollectForAllocation", Time since last: 297013792 ns, Reaching safepoint: 2750 ns, At safepoint: 2486708 ns, Leaving safepoint: 29000 ns, Total: 2518458 ns, Threads: 0 runnable, 42 total
[2026-09-03T12:35:19.575+0800][22.611s][info][gc,start    ] GC(202) Pause Young (Concurrent Start) (G1 Evacuation Pause)
[2026-09-03T12:35:19.575+0800][22.611s][info][gc,task     ] GC(202) Using 9 workers of 9 for evacuation
[2026-09-03T12:35:19.577+0800][22.614s][info][gc,phases   ] GC(202)   Pre Evacuate Collection Set: 0.08ms
[2026-09-03T12:35:19.577+0800][22.614s][info][gc,phases   ] GC(202)   Merge Heap Roots: 0.03ms
[2026-09-03T12:35:19.577+0800][22.614s][info][gc,phases   ] GC(202)   Evacuate Collection Set: 1.94ms
[2026-09-03T12:35:19.577+0800][22.614s][info][gc,phases   ] GC(202)   Post Evacuate Collection Set: 0.10ms
[2026-09-03T12:35:19.577+0800][22.614s][info][gc,phases   ] GC(202)   Other: 0.06ms
[2026-09-03T12:35:19.577+0800][22.614s][info][gc,heap     ] GC(202) Eden regions: 104->0(89)
[2026-09-03T12:35:19.577+0800][22.614s][info][gc,heap     ] GC(202) Survivor regions: 14->15(15)
[2026-09-03T12:35:19.577+0800][22.614s][info][gc,heap     ] GC(202) Old regions: 93->114
[2026-09-03T12:35:19.577+0800][22.614s][info][gc,heap     ] GC(202) Humongous regions: 1->1
[2026-09-03T12:35:19.577+0800][22.614s][info][gc,metaspace] GC(202) Metaspace: 1059K(1216K)->1059K(1216K) NonClass: 994K(1088K)->994K(1088K) Class: 64K(128K)->64K(128K)
[2026-09-03T12:35:19.577+0800][22.614s][info][gc          ] GC(202) Pause Young (Concurrent Start) (G1 Evacuation Pause) 211M->129M(256M) 2.329ms
[2026-09-03T12:35:19.577+0800][22.614s][info][gc,cpu      ] GC(202) User=0.02s Sys=0.00s Real=0.00s
[2026-09-03T12:35:19.577+0800][22.614s][info][gc          ] GC(203) Concurrent Mark Cycle
[2026-09-03T12:35:19.577+0800][22.614s][info][gc,marking  ] GC(203) Concurrent Scan Root Regions
[2026-09-03T12:35:19.577+0800][22.614s][info][safepoint   ] Safepoint "G1CollectForAllocation", Time since last: 315530792 ns, Reaching safepoint: 2417 ns, At safepoint: 2356916 ns, Leaving safepoint: 22334 ns, Total: 2381667 ns, Threads: 0 runnable, 42 total
[2026-09-03T12:35:19.580+0800][22.616s][info][gc,marking  ] GC(203) Concurrent Scan Root Regions 2.156ms
[2026-09-03T12:35:19.580+0800][22.616s][info][gc,marking  ] GC(203) Concurrent Mark
[2026-09-03T12:35:19.580+0800][22.616s][info][gc,marking  ] GC(203) Concurrent Mark From Roots
[2026-09-03T12:35:19.580+0800][22.616s][info][gc,task     ] GC(203) Concurrent Mark Using 2 of 2 Workers
[2026-09-03T12:35:19.584+0800][22.620s][info][gc,marking  ] GC(203) Concurrent Mark From Roots 3.980ms
[2026-09-03T12:35:19.584+0800][22.620s][info][gc,marking  ] GC(203) Concurrent Preclean
[2026-09-03T12:35:19.584+0800][22.620s][info][gc,marking  ] GC(203) Concurrent Preclean 0.011ms
[2026-09-03T12:35:19.584+0800][22.620s][info][gc,start    ] GC(203) Pause Remark
[2026-09-03T12:35:19.584+0800][22.620s][info][gc          ] GC(203) Pause Remark 133M->98M(256M) 0.357ms
[2026-09-03T12:35:19.584+0800][22.620s][info][gc,cpu      ] GC(203) User=0.00s Sys=0.00s Real=0.00s
[2026-09-03T12:35:19.584+0800][22.620s][info][safepoint   ] Safepoint "G1PauseRemark", Time since last: 6214916 ns, Reaching safepoint: 3334 ns, At safepoint: 384166 ns, Leaving safepoint: 12834 ns, Total: 400334 ns, Threads: 0 runnable, 42 total
[2026-09-03T12:35:19.584+0800][22.620s][info][gc,marking  ] GC(203) Concurrent Mark 4.483ms
[2026-09-03T12:35:19.584+0800][22.620s][info][gc,marking  ] GC(203) Concurrent Rebuild Remembered Sets and Scrub Regions
[2026-09-03T12:35:19.587+0800][22.623s][info][gc,marking  ] GC(203) Concurrent Rebuild Remembered Sets and Scrub Regions 3.149ms
[2026-09-03T12:35:19.587+0800][22.624s][info][gc,start    ] GC(203) Pause Cleanup
[2026-09-03T12:35:19.587+0800][22.624s][info][gc          ] GC(203) Pause Cleanup 98M->98M(256M) 0.034ms
[2026-09-03T12:35:19.587+0800][22.624s][info][gc,cpu      ] GC(203) User=0.00s Sys=0.00s Real=0.00s
[2026-09-03T12:35:19.587+0800][22.624s][info][safepoint   ] Safepoint "G1PauseCleanup", Time since last: 3221625 ns, Reaching safepoint: 2291 ns, At safepoint: 53917 ns, Leaving safepoint: 7917 ns, Total: 64125 ns, Threads: 0 runnable, 42 total
[2026-09-03T12:35:19.587+0800][22.624s][info][gc,marking  ] GC(203) Concurrent Clear Claimed Marks
[2026-09-03T12:35:19.587+0800][22.624s][info][gc,marking  ] GC(203) Concurrent Clear Claimed Marks 0.005ms
[2026-09-03T12:35:19.587+0800][22.624s][info][gc,marking  ] GC(203) Concurrent Cleanup for Next Mark
[2026-09-03T12:35:19.587+0800][22.624s][info][gc,marking  ] GC(203) Concurrent Cleanup for Next Mark 0.089ms
[2026-09-03T12:35:19.587+0800][22.624s][info][gc          ] GC(203) Concurrent Mark Cycle 10.054ms
[2026-09-03T12:35:19.844+0800][22.880s][info][gc,start    ] GC(204) Pause Young (Prepare Mixed) (G1 Evacuation Pause)
[2026-09-03T12:35:19.844+0800][22.880s][info][gc,task     ] GC(204) Using 9 workers of 9 for evacuation
[2026-09-03T12:35:19.846+0800][22.883s][info][gc,phases   ] GC(204)   Pre Evacuate Collection Set: 0.04ms
[2026-09-03T12:35:19.846+0800][22.883s][info][gc,phases   ] GC(204)   Merge Heap Roots: 0.02ms
[2026-09-03T12:35:19.846+0800][22.883s][info][gc,phases   ] GC(204)   Evacuate Collection Set: 1.85ms
[2026-09-03T12:35:19.846+0800][22.883s][info][gc,phases   ] GC(204)   Post Evacuate Collection Set: 0.10ms
[2026-09-03T12:35:19.846+0800][22.883s][info][gc,phases   ] GC(204)   Other: 0.07ms
[2026-09-03T12:35:19.846+0800][22.883s][info][gc,heap     ] GC(204) Eden regions: 89->0(101)
[2026-09-03T12:35:19.846+0800][22.883s][info][gc,heap     ] GC(204) Survivor regions: 15->13(13)
[2026-09-03T12:35:19.846+0800][22.883s][info][gc,heap     ] GC(204) Old regions: 79->99
[2026-09-03T12:35:19.846+0800][22.883s][info][gc,heap     ] GC(204) Humongous regions: 1->1
[2026-09-03T12:35:19.846+0800][22.883s][info][gc,metaspace] GC(204) Metaspace: 1059K(1216K)->1059K(1216K) NonClass: 994K(1088K)->994K(1088K) Class: 64K(128K)->64K(128K)
[2026-09-03T12:35:19.846+0800][22.883s][info][gc          ] GC(204) Pause Young (Prepare Mixed) (G1 Evacuation Pause) 183M->112M(256M) 2.183ms
[2026-09-03T12:35:19.846+0800][22.883s][info][gc,cpu      ] GC(204) User=0.01s Sys=0.00s Real=0.00s
[2026-09-03T12:35:19.846+0800][22.883s][info][safepoint   ] Safepoint "G1CollectForAllocation", Time since last: 256808083 ns, Reaching safepoint: 19917 ns, At safepoint: 2204875 ns, Leaving safepoint: 42458 ns, Total: 2267250 ns, Threads: 1 runnable, 42 total
[2026-09-03T12:35:20.150+0800][23.186s][info][gc,start    ] GC(205) Pause Young (Mixed) (G1 Evacuation Pause)
[2026-09-03T12:35:20.150+0800][23.186s][info][gc,task     ] GC(205) Using 9 workers of 9 for evacuation
[2026-09-03T12:35:20.152+0800][23.188s][info][gc,phases   ] GC(205)   Pre Evacuate Collection Set: 0.07ms
[2026-09-03T12:35:20.152+0800][23.188s][info][gc,phases   ] GC(205)   Merge Heap Roots: 0.04ms
[2026-09-03T12:35:20.152+0800][23.188s][info][gc,phases   ] GC(205)   Evacuate Collection Set: 1.84ms
[2026-09-03T12:35:20.152+0800][23.188s][info][gc,phases   ] GC(205)   Post Evacuate Collection Set: 0.11ms
[2026-09-03T12:35:20.152+0800][23.188s][info][gc,phases   ] GC(205)   Other: 0.06ms
[2026-09-03T12:35:20.152+0800][23.188s][info][gc,heap     ] GC(205) Eden regions: 101->0(102)
[2026-09-03T12:35:20.152+0800][23.188s][info][gc,heap     ] GC(205) Survivor regions: 13->15(15)
[2026-09-03T12:35:20.152+0800][23.188s][info][gc,heap     ] GC(205) Old regions: 99->96
[2026-09-03T12:35:20.152+0800][23.188s][info][gc,heap     ] GC(205) Humongous regions: 1->1
[2026-09-03T12:35:20.152+0800][23.188s][info][gc,metaspace] GC(205) Metaspace: 1059K(1216K)->1059K(1216K) NonClass: 994K(1088K)->994K(1088K) Class: 64K(128K)->64K(128K)
[2026-09-03T12:35:20.152+0800][23.188s][info][gc          ] GC(205) Pause Young (Mixed) (G1 Evacuation Pause) 213M->111M(256M) 2.219ms
[2026-09-03T12:35:20.152+0800][23.188s][info][gc,cpu      ] GC(205) User=0.01s Sys=0.00s Real=0.00s
[2026-09-03T12:35:20.152+0800][23.188s][info][safepoint   ] Safepoint "G1CollectForAllocation", Time since last: 303438833 ns, Reaching safepoint: 2917 ns, At safepoint: 2243375 ns, Leaving safepoint: 45792 ns, Total: 2292084 ns, Threads: 0 runnable, 42 total
[2026-09-03T12:35:20.461+0800][23.497s][info][gc,start    ] GC(206) Pause Young (Concurrent Start) (G1 Evacuation Pause)
[2026-09-03T12:35:20.461+0800][23.497s][info][gc,task     ] GC(206) Using 9 workers of 9 for evacuation
[2026-09-03T12:35:20.463+0800][23.500s][info][gc,phases   ] GC(206)   Pre Evacuate Collection Set: 0.06ms
[2026-09-03T12:35:20.463+0800][23.500s][info][gc,phases   ] GC(206)   Merge Heap Roots: 0.02ms
[2026-09-03T12:35:20.463+0800][23.500s][info][gc,phases   ] GC(206)   Evacuate Collection Set: 2.36ms
[2026-09-03T12:35:20.463+0800][23.500s][info][gc,phases   ] GC(206)   Post Evacuate Collection Set: 0.11ms
[2026-09-03T12:35:20.463+0800][23.500s][info][gc,phases   ] GC(206)   Other: 0.07ms
[2026-09-03T12:35:20.463+0800][23.500s][info][gc,heap     ] GC(206) Eden regions: 102->0(87)
[2026-09-03T12:35:20.463+0800][23.500s][info][gc,heap     ] GC(206) Survivor regions: 15->15(15)
[2026-09-03T12:35:20.463+0800][23.500s][info][gc,heap     ] GC(206) Old regions: 96->117
[2026-09-03T12:35:20.463+0800][23.500s][info][gc,heap     ] GC(206) Humongous regions: 1->1
[2026-09-03T12:35:20.463+0800][23.500s][info][gc,metaspace] GC(206) Metaspace: 1059K(1216K)->1059K(1216K) NonClass: 994K(1088K)->994K(1088K) Class: 64K(128K)->64K(128K)
[2026-09-03T12:35:20.463+0800][23.500s][info][gc          ] GC(206) Pause Young (Concurrent Start) (G1 Evacuation Pause) 213M->132M(256M) 2.732ms
[2026-09-03T12:35:20.463+0800][23.500s][info][gc,cpu      ] GC(206) User=0.01s Sys=0.00s Real=0.00s
[2026-09-03T12:35:20.463+0800][23.500s][info][gc          ] GC(207) Concurrent Mark Cycle
[2026-09-03T12:35:20.463+0800][23.500s][info][gc,marking  ] GC(207) Concurrent Scan Root Regions
[2026-09-03T12:35:20.464+0800][23.500s][info][safepoint   ] Safepoint "G1CollectForAllocation", Time since last: 308563000 ns, Reaching safepoint: 2708 ns, At safepoint: 2760042 ns, Leaving safepoint: 65791 ns, Total: 2828541 ns, Threads: 0 runnable, 42 total
[2026-09-03T12:35:20.466+0800][23.503s][info][gc,marking  ] GC(207) Concurrent Scan Root Regions 3.006ms
[2026-09-03T12:35:20.467+0800][23.503s][info][gc,marking  ] GC(207) Concurrent Mark
[2026-09-03T12:35:20.467+0800][23.503s][info][gc,marking  ] GC(207) Concurrent Mark From Roots
[2026-09-03T12:35:20.467+0800][23.503s][info][gc,task     ] GC(207) Concurrent Mark Using 2 of 2 Workers
[2026-09-03T12:35:20.470+0800][23.506s][info][gc,marking  ] GC(207) Concurrent Mark From Roots 3.337ms
[2026-09-03T12:35:20.470+0800][23.506s][info][gc,marking  ] GC(207) Concurrent Preclean
[2026-09-03T12:35:20.470+0800][23.506s][info][gc,marking  ] GC(207) Concurrent Preclean 0.007ms
[2026-09-03T12:35:20.470+0800][23.506s][info][gc,start    ] GC(207) Pause Remark
[2026-09-03T12:35:20.470+0800][23.506s][info][gc          ] GC(207) Pause Remark 136M->105M(256M) 0.332ms
[2026-09-03T12:35:20.470+0800][23.506s][info][gc,cpu      ] GC(207) User=0.00s Sys=0.00s Real=0.00s
[2026-09-03T12:35:20.470+0800][23.506s][info][safepoint   ] Safepoint "G1PauseRemark", Time since last: 6343500 ns, Reaching safepoint: 2167 ns, At safepoint: 349542 ns, Leaving safepoint: 24833 ns, Total: 376542 ns, Threads: 0 runnable, 42 total
[2026-09-03T12:35:20.470+0800][23.507s][info][gc,marking  ] GC(207) Concurrent Mark 3.795ms
[2026-09-03T12:35:20.470+0800][23.507s][info][gc,marking  ] GC(207) Concurrent Rebuild Remembered Sets and Scrub Regions
[2026-09-03T12:35:20.475+0800][23.511s][info][gc,marking  ] GC(207) Concurrent Rebuild Remembered Sets and Scrub Regions 4.643ms
[2026-09-03T12:35:20.475+0800][23.511s][info][gc,start    ] GC(207) Pause Cleanup
[2026-09-03T12:35:20.475+0800][23.511s][info][gc          ] GC(207) Pause Cleanup 107M->107M(256M) 0.037ms
[2026-09-03T12:35:20.475+0800][23.511s][info][gc,cpu      ] GC(207) User=0.00s Sys=0.00s Real=0.00s
[2026-09-03T12:35:20.475+0800][23.511s][info][safepoint   ] Safepoint "G1PauseCleanup", Time since last: 4770458 ns, Reaching safepoint: 1917 ns, At safepoint: 57958 ns, Leaving safepoint: 3625 ns, Total: 63500 ns, Threads: 0 runnable, 42 total
[2026-09-03T12:35:20.475+0800][23.511s][info][gc,marking  ] GC(207) Concurrent Clear Claimed Marks
[2026-09-03T12:35:20.475+0800][23.511s][info][gc,marking  ] GC(207) Concurrent Clear Claimed Marks 0.011ms
[2026-09-03T12:35:20.475+0800][23.511s][info][gc,marking  ] GC(207) Concurrent Cleanup for Next Mark
[2026-09-03T12:35:20.475+0800][23.511s][info][gc,marking  ] GC(207) Concurrent Cleanup for Next Mark 0.107ms
[2026-09-03T12:35:20.475+0800][23.511s][info][gc          ] GC(207) Concurrent Mark Cycle 11.772ms
[2026-09-03T12:35:20.727+0800][23.763s][info][gc,start    ] GC(208) Pause Young (Prepare Mixed) (G1 Evacuation Pause)
[2026-09-03T12:35:20.727+0800][23.763s][info][gc,task     ] GC(208) Using 9 workers of 9 for evacuation
[2026-09-03T12:35:20.729+0800][23.765s][info][gc,phases   ] GC(208)   Pre Evacuate Collection Set: 0.04ms
[2026-09-03T12:35:20.729+0800][23.765s][info][gc,phases   ] GC(208)   Merge Heap Roots: 0.03ms
[2026-09-03T12:35:20.729+0800][23.765s][info][gc,phases   ] GC(208)   Evacuate Collection Set: 1.81ms
[2026-09-03T12:35:20.729+0800][23.765s][info][gc,phases   ] GC(208)   Post Evacuate Collection Set: 0.09ms
[2026-09-03T12:35:20.729+0800][23.765s][info][gc,phases   ] GC(208)   Other: 0.06ms
[2026-09-03T12:35:20.729+0800][23.765s][info][gc,heap     ] GC(208) Eden regions: 87->0(97)
[2026-09-03T12:35:20.729+0800][23.765s][info][gc,heap     ] GC(208) Survivor regions: 15->13(13)
[2026-09-03T12:35:20.729+0800][23.765s][info][gc,heap     ] GC(208) Old regions: 86->105
[2026-09-03T12:35:20.729+0800][23.765s][info][gc,heap     ] GC(208) Humongous regions: 1->1
[2026-09-03T12:35:20.729+0800][23.765s][info][gc,metaspace] GC(208) Metaspace: 1059K(1216K)->1059K(1216K) NonClass: 994K(1088K)->994K(1088K) Class: 64K(128K)->64K(128K)
[2026-09-03T12:35:20.729+0800][23.765s][info][gc          ] GC(208) Pause Young (Prepare Mixed) (G1 Evacuation Pause) 188M->119M(256M) 2.140ms
[2026-09-03T12:35:20.729+0800][23.765s][info][gc,cpu      ] GC(208) User=0.02s Sys=0.00s Real=0.00s
[2026-09-03T12:35:20.729+0800][23.765s][info][safepoint   ] Safepoint "G1CollectForAllocation", Time since last: 251514209 ns, Reaching safepoint: 1875 ns, At safepoint: 2163125 ns, Leaving safepoint: 20583 ns, Total: 2185583 ns, Threads: 0 runnable, 42 total
[2026-09-03T12:35:21.020+0800][24.056s][info][gc,start    ] GC(209) Pause Young (Mixed) (G1 Evacuation Pause)
[2026-09-03T12:35:21.020+0800][24.056s][info][gc,task     ] GC(209) Using 9 workers of 9 for evacuation
[2026-09-03T12:35:21.023+0800][24.059s][info][gc,phases   ] GC(209)   Pre Evacuate Collection Set: 0.07ms
[2026-09-03T12:35:21.023+0800][24.059s][info][gc,phases   ] GC(209)   Merge Heap Roots: 0.03ms
[2026-09-03T12:35:21.023+0800][24.059s][info][gc,phases   ] GC(209)   Evacuate Collection Set: 2.30ms
[2026-09-03T12:35:21.023+0800][24.059s][info][gc,phases   ] GC(209)   Post Evacuate Collection Set: 0.10ms
[2026-09-03T12:35:21.023+0800][24.059s][info][gc,phases   ] GC(209)   Other: 0.07ms
[2026-09-03T12:35:21.023+0800][24.059s][info][gc,heap     ] GC(209) Eden regions: 97->0(101)
[2026-09-03T12:35:21.023+0800][24.059s][info][gc,heap     ] GC(209) Survivor regions: 13->14(14)
[2026-09-03T12:35:21.023+0800][24.059s][info][gc,heap     ] GC(209) Old regions: 105->98
[2026-09-03T12:35:21.023+0800][24.059s][info][gc,heap     ] GC(209) Humongous regions: 1->1
[2026-09-03T12:35:21.023+0800][24.059s][info][gc,metaspace] GC(209) Metaspace: 1059K(1216K)->1059K(1216K) NonClass: 994K(1088K)->994K(1088K) Class: 64K(128K)->64K(128K)
[2026-09-03T12:35:21.023+0800][24.059s][info][gc          ] GC(209) Pause Young (Mixed) (G1 Evacuation Pause) 216M->113M(256M) 2.723ms
[2026-09-03T12:35:21.023+0800][24.059s][info][gc,cpu      ] GC(209) User=0.02s Sys=0.00s Real=0.00s
[2026-09-03T12:35:21.023+0800][24.059s][info][safepoint   ] Safepoint "G1CollectForAllocation", Time since last: 291361458 ns, Reaching safepoint: 2417 ns, At safepoint: 2751875 ns, Leaving safepoint: 28458 ns, Total: 2782750 ns, Threads: 0 runnable, 42 total
[2026-09-03T12:35:21.326+0800][24.362s][info][gc,start    ] GC(210) Pause Young (Mixed) (G1 Evacuation Pause)
[2026-09-03T12:35:21.326+0800][24.362s][info][gc,task     ] GC(210) Using 9 workers of 9 for evacuation
[2026-09-03T12:35:21.328+0800][24.364s][info][gc,phases   ] GC(210)   Pre Evacuate Collection Set: 0.07ms
[2026-09-03T12:35:21.328+0800][24.364s][info][gc,phases   ] GC(210)   Merge Heap Roots: 0.02ms
[2026-09-03T12:35:21.328+0800][24.364s][info][gc,phases   ] GC(210)   Evacuate Collection Set: 2.02ms
[2026-09-03T12:35:21.328+0800][24.364s][info][gc,phases   ] GC(210)   Post Evacuate Collection Set: 0.10ms
[2026-09-03T12:35:21.328+0800][24.364s][info][gc,phases   ] GC(210)   Other: 0.06ms
[2026-09-03T12:35:21.328+0800][24.364s][info][gc,heap     ] GC(210) Eden regions: 101->0(90)
[2026-09-03T12:35:21.328+0800][24.364s][info][gc,heap     ] GC(210) Survivor regions: 14->15(15)
[2026-09-03T12:35:21.328+0800][24.364s][info][gc,heap     ] GC(210) Old regions: 98->113
[2026-09-03T12:35:21.328+0800][24.364s][info][gc,heap     ] GC(210) Humongous regions: 1->1
[2026-09-03T12:35:21.328+0800][24.364s][info][gc,metaspace] GC(210) Metaspace: 1059K(1216K)->1059K(1216K) NonClass: 994K(1088K)->994K(1088K) Class: 64K(128K)->64K(128K)
[2026-09-03T12:35:21.328+0800][24.364s][info][gc          ] GC(210) Pause Young (Mixed) (G1 Evacuation Pause) 214M->128M(256M) 2.400ms
[2026-09-03T12:35:21.328+0800][24.364s][info][gc,cpu      ] GC(210) User=0.01s Sys=0.00s Real=0.00s
[2026-09-03T12:35:21.328+0800][24.364s][info][safepoint   ] Safepoint "G1CollectForAllocation", Time since last: 302642209 ns, Reaching safepoint: 2416 ns, At safepoint: 2425500 ns, Leaving safepoint: 38667 ns, Total: 2466583 ns, Threads: 0 runnable, 42 total
[2026-09-03T12:35:21.599+0800][24.635s][info][gc,start    ] GC(211) Pause Young (Concurrent Start) (G1 Evacuation Pause)
[2026-09-03T12:35:21.599+0800][24.635s][info][gc,task     ] GC(211) Using 9 workers of 9 for evacuation
[2026-09-03T12:35:21.601+0800][24.637s][info][gc,phases   ] GC(211)   Pre Evacuate Collection Set: 0.08ms
[2026-09-03T12:35:21.601+0800][24.637s][info][gc,phases   ] GC(211)   Merge Heap Roots: 0.02ms
[2026-09-03T12:35:21.601+0800][24.637s][info][gc,phases   ] GC(211)   Evacuate Collection Set: 1.76ms
[2026-09-03T12:35:21.601+0800][24.637s][info][gc,phases   ] GC(211)   Post Evacuate Collection Set: 0.10ms
[2026-09-03T12:35:21.601+0800][24.637s][info][gc,phases   ] GC(211)   Other: 0.06ms
[2026-09-03T12:35:21.601+0800][24.637s][info][gc,heap     ] GC(211) Eden regions: 90->0(77)
[2026-09-03T12:35:21.601+0800][24.637s][info][gc,heap     ] GC(211) Survivor regions: 15->14(14)
[2026-09-03T12:35:21.601+0800][24.637s][info][gc,heap     ] GC(211) Old regions: 113->132
[2026-09-03T12:35:21.601+0800][24.637s][info][gc,heap     ] GC(211) Humongous regions: 1->1
[2026-09-03T12:35:21.601+0800][24.637s][info][gc,metaspace] GC(211) Metaspace: 1059K(1216K)->1059K(1216K) NonClass: 994K(1088K)->994K(1088K) Class: 64K(128K)->64K(128K)
[2026-09-03T12:35:21.601+0800][24.637s][info][gc          ] GC(211) Pause Young (Concurrent Start) (G1 Evacuation Pause) 218M->147M(256M) 2.144ms
[2026-09-03T12:35:21.601+0800][24.637s][info][gc,cpu      ] GC(211) User=0.01s Sys=0.00s Real=0.01s
[2026-09-03T12:35:21.601+0800][24.637s][info][gc          ] GC(212) Concurrent Mark Cycle
[2026-09-03T12:35:21.601+0800][24.637s][info][gc,marking  ] GC(212) Concurrent Scan Root Regions
[2026-09-03T12:35:21.601+0800][24.637s][info][safepoint   ] Safepoint "G1CollectForAllocation", Time since last: 270954542 ns, Reaching safepoint: 21208 ns, At safepoint: 2175042 ns, Leaving safepoint: 42041 ns, Total: 2238291 ns, Threads: 2 runnable, 42 total
[2026-09-03T12:35:21.603+0800][24.639s][info][gc,marking  ] GC(212) Concurrent Scan Root Regions 1.974ms
[2026-09-03T12:35:21.603+0800][24.639s][info][gc,marking  ] GC(212) Concurrent Mark
[2026-09-03T12:35:21.603+0800][24.639s][info][gc,marking  ] GC(212) Concurrent Mark From Roots
[2026-09-03T12:35:21.603+0800][24.639s][info][gc,task     ] GC(212) Concurrent Mark Using 2 of 2 Workers
[2026-09-03T12:35:21.607+0800][24.644s][info][gc,marking  ] GC(212) Concurrent Mark From Roots 4.261ms
[2026-09-03T12:35:21.607+0800][24.644s][info][gc,marking  ] GC(212) Concurrent Preclean
[2026-09-03T12:35:21.608+0800][24.644s][info][gc,marking  ] GC(212) Concurrent Preclean 0.011ms
[2026-09-03T12:35:21.608+0800][24.644s][info][gc,start    ] GC(212) Pause Remark
[2026-09-03T12:35:21.608+0800][24.644s][info][gc          ] GC(212) Pause Remark 150M->102M(256M) 0.344ms
[2026-09-03T12:35:21.608+0800][24.644s][info][gc,cpu      ] GC(212) User=0.00s Sys=0.00s Real=0.00s
[2026-09-03T12:35:21.608+0800][24.644s][info][safepoint   ] Safepoint "G1PauseRemark", Time since last: 6284792 ns, Reaching safepoint: 2583 ns, At safepoint: 371834 ns, Leaving safepoint: 15958 ns, Total: 390375 ns, Threads: 0 runnable, 42 total
[2026-09-03T12:35:21.608+0800][24.644s][info][gc,marking  ] GC(212) Concurrent Mark 4.749ms
[2026-09-03T12:35:21.608+0800][24.644s][info][gc,marking  ] GC(212) Concurrent Rebuild Remembered Sets and Scrub Regions
[2026-09-03T12:35:21.611+0800][24.647s][info][gc,marking  ] GC(212) Concurrent Rebuild Remembered Sets and Scrub Regions 3.317ms
[2026-09-03T12:35:21.611+0800][24.648s][info][gc,start    ] GC(212) Pause Cleanup
[2026-09-03T12:35:21.611+0800][24.648s][info][gc          ] GC(212) Pause Cleanup 104M->104M(256M) 0.030ms
[2026-09-03T12:35:21.611+0800][24.648s][info][gc,cpu      ] GC(212) User=0.00s Sys=0.00s Real=0.00s
[2026-09-03T12:35:21.611+0800][24.648s][info][safepoint   ] Safepoint "G1PauseCleanup", Time since last: 3387958 ns, Reaching safepoint: 1834 ns, At safepoint: 46625 ns, Leaving safepoint: 2833 ns, Total: 51292 ns, Threads: 0 runnable, 42 total
[2026-09-03T12:35:21.611+0800][24.648s][info][gc,marking  ] GC(212) Concurrent Clear Claimed Marks
[2026-09-03T12:35:21.611+0800][24.648s][info][gc,marking  ] GC(212) Concurrent Clear Claimed Marks 0.009ms
[2026-09-03T12:35:21.611+0800][24.648s][info][gc,marking  ] GC(212) Concurrent Cleanup for Next Mark
[2026-09-03T12:35:21.611+0800][24.648s][info][gc,marking  ] GC(212) Concurrent Cleanup for Next Mark 0.091ms
[2026-09-03T12:35:21.611+0800][24.648s][info][gc          ] GC(212) Concurrent Mark Cycle 10.293ms
[2026-09-03T12:35:21.831+0800][24.868s][info][gc,start    ] GC(213) Pause Young (Prepare Mixed) (G1 Evacuation Pause)
[2026-09-03T12:35:21.831+0800][24.868s][info][gc,task     ] GC(213) Using 9 workers of 9 for evacuation
[2026-09-03T12:35:21.834+0800][24.870s][info][gc,phases   ] GC(213)   Pre Evacuate Collection Set: 0.09ms
[2026-09-03T12:35:21.834+0800][24.870s][info][gc,phases   ] GC(213)   Merge Heap Roots: 0.02ms
[2026-09-03T12:35:21.834+0800][24.870s][info][gc,phases   ] GC(213)   Evacuate Collection Set: 1.95ms
[2026-09-03T12:35:21.834+0800][24.870s][info][gc,phases   ] GC(213)   Post Evacuate Collection Set: 0.12ms
[2026-09-03T12:35:21.834+0800][24.870s][info][gc,phases   ] GC(213)   Other: 0.13ms
[2026-09-03T12:35:21.834+0800][24.870s][info][gc,heap     ] GC(213) Eden regions: 77->0(100)
[2026-09-03T12:35:21.834+0800][24.870s][info][gc,heap     ] GC(213) Survivor regions: 14->12(12)
[2026-09-03T12:35:21.834+0800][24.870s][info][gc,heap     ] GC(213) Old regions: 84->102
[2026-09-03T12:35:21.834+0800][24.870s][info][gc,heap     ] GC(213) Humongous regions: 1->1
[2026-09-03T12:35:21.834+0800][24.870s][info][gc,metaspace] GC(213) Metaspace: 1059K(1216K)->1059K(1216K) NonClass: 994K(1088K)->994K(1088K) Class: 64K(128K)->64K(128K)
[2026-09-03T12:35:21.834+0800][24.870s][info][gc          ] GC(213) Pause Young (Prepare Mixed) (G1 Evacuation Pause) 176M->114M(256M) 2.442ms
[2026-09-03T12:35:21.834+0800][24.870s][info][gc,cpu      ] GC(213) User=0.01s Sys=0.00s Real=0.00s
[2026-09-03T12:35:21.834+0800][24.870s][info][safepoint   ] Safepoint "G1CollectForAllocation", Time since last: 220059208 ns, Reaching safepoint: 2917 ns, At safepoint: 2469083 ns, Leaving safepoint: 41125 ns, Total: 2513125 ns, Threads: 0 runnable, 42 total
[2026-09-03T12:35:22.135+0800][25.171s][info][gc,start    ] GC(214) Pause Young (Mixed) (G1 Evacuation Pause)
[2026-09-03T12:35:22.135+0800][25.171s][info][gc,task     ] GC(214) Using 9 workers of 9 for evacuation
[2026-09-03T12:35:22.137+0800][25.173s][info][gc,phases   ] GC(214)   Pre Evacuate Collection Set: 0.03ms
[2026-09-03T12:35:22.137+0800][25.173s][info][gc,phases   ] GC(214)   Merge Heap Roots: 0.03ms
[2026-09-03T12:35:22.137+0800][25.173s][info][gc,phases   ] GC(214)   Evacuate Collection Set: 1.93ms
[2026-09-03T12:35:22.137+0800][25.173s][info][gc,phases   ] GC(214)   Post Evacuate Collection Set: 0.09ms
[2026-09-03T12:35:22.137+0800][25.173s][info][gc,phases   ] GC(214)   Other: 0.05ms
[2026-09-03T12:35:22.137+0800][25.173s][info][gc,heap     ] GC(214) Eden regions: 100->0(103)
[2026-09-03T12:35:22.137+0800][25.173s][info][gc,heap     ] GC(214) Survivor regions: 12->14(14)
[2026-09-03T12:35:22.137+0800][25.173s][info][gc,heap     ] GC(214) Old regions: 102->95
[2026-09-03T12:35:22.137+0800][25.173s][info][gc,heap     ] GC(214) Humongous regions: 1->1
[2026-09-03T12:35:22.137+0800][25.173s][info][gc,metaspace] GC(214) Metaspace: 1059K(1216K)->1059K(1216K) NonClass: 994K(1088K)->994K(1088K) Class: 64K(128K)->64K(128K)
[2026-09-03T12:35:22.137+0800][25.173s][info][gc          ] GC(214) Pause Young (Mixed) (G1 Evacuation Pause) 214M->109M(256M) 2.273ms
[2026-09-03T12:35:22.137+0800][25.173s][info][gc,cpu      ] GC(214) User=0.01s Sys=0.00s Real=0.00s
[2026-09-03T12:35:22.137+0800][25.173s][info][safepoint   ] Safepoint "G1CollectForAllocation", Time since last: 300840292 ns, Reaching safepoint: 2333 ns, At safepoint: 2302500 ns, Leaving safepoint: 25834 ns, Total: 2330667 ns, Threads: 0 runnable, 42 total
[2026-09-03T12:35:22.448+0800][25.484s][info][gc,start    ] GC(215) Pause Young (Concurrent Start) (G1 Evacuation Pause)
[2026-09-03T12:35:22.448+0800][25.484s][info][gc,task     ] GC(215) Using 9 workers of 9 for evacuation
[2026-09-03T12:35:22.450+0800][25.487s][info][gc,phases   ] GC(215)   Pre Evacuate Collection Set: 0.08ms
[2026-09-03T12:35:22.450+0800][25.487s][info][gc,phases   ] GC(215)   Merge Heap Roots: 0.04ms
[2026-09-03T12:35:22.450+0800][25.487s][info][gc,phases   ] GC(215)   Evacuate Collection Set: 2.11ms
[2026-09-03T12:35:22.450+0800][25.487s][info][gc,phases   ] GC(215)   Post Evacuate Collection Set: 0.13ms
[2026-09-03T12:35:22.450+0800][25.487s][info][gc,phases   ] GC(215)   Other: 0.06ms
[2026-09-03T12:35:22.450+0800][25.487s][info][gc,heap     ] GC(215) Eden regions: 103->0(88)
[2026-09-03T12:35:22.450+0800][25.487s][info][gc,heap     ] GC(215) Survivor regions: 14->15(15)
[2026-09-03T12:35:22.450+0800][25.487s][info][gc,heap     ] GC(215) Old regions: 95->115
[2026-09-03T12:35:22.450+0800][25.487s][info][gc,heap     ] GC(215) Humongous regions: 1->1
[2026-09-03T12:35:22.450+0800][25.487s][info][gc,metaspace] GC(215) Metaspace: 1059K(1216K)->1059K(1216K) NonClass: 994K(1088K)->994K(1088K) Class: 64K(128K)->64K(128K)
[2026-09-03T12:35:22.450+0800][25.487s][info][gc          ] GC(215) Pause Young (Concurrent Start) (G1 Evacuation Pause) 212M->131M(256M) 2.575ms
[2026-09-03T12:35:22.450+0800][25.487s][info][gc,cpu      ] GC(215) User=0.02s Sys=0.00s Real=0.01s
[2026-09-03T12:35:22.450+0800][25.487s][info][gc          ] GC(216) Concurrent Mark Cycle
[2026-09-03T12:35:22.451+0800][25.487s][info][gc,marking  ] GC(216) Concurrent Scan Root Regions
[2026-09-03T12:35:22.451+0800][25.487s][info][safepoint   ] Safepoint "G1CollectForAllocation", Time since last: 310794208 ns, Reaching safepoint: 4125 ns, At safepoint: 2609292 ns, Leaving safepoint: 27541 ns, Total: 2640958 ns, Threads: 0 runnable, 42 total
[2026-09-03T12:35:22.453+0800][25.489s][info][gc,marking  ] GC(216) Concurrent Scan Root Regions 2.203ms
[2026-09-03T12:35:22.453+0800][25.489s][info][gc,marking  ] GC(216) Concurrent Mark
[2026-09-03T12:35:22.453+0800][25.489s][info][gc,marking  ] GC(216) Concurrent Mark From Roots
[2026-09-03T12:35:22.453+0800][25.489s][info][gc,task     ] GC(216) Concurrent Mark Using 2 of 2 Workers
[2026-09-03T12:35:22.457+0800][25.493s][info][gc,marking  ] GC(216) Concurrent Mark From Roots 4.035ms
[2026-09-03T12:35:22.457+0800][25.493s][info][gc,marking  ] GC(216) Concurrent Preclean
[2026-09-03T12:35:22.457+0800][25.493s][info][gc,marking  ] GC(216) Concurrent Preclean 0.015ms
[2026-09-03T12:35:22.457+0800][25.493s][info][gc,start    ] GC(216) Pause Remark
[2026-09-03T12:35:22.457+0800][25.493s][info][gc          ] GC(216) Pause Remark 134M->95M(256M) 0.393ms
[2026-09-03T12:35:22.457+0800][25.494s][info][gc,cpu      ] GC(216) User=0.00s Sys=0.00s Real=0.00s
[2026-09-03T12:35:22.457+0800][25.494s][info][safepoint   ] Safepoint "G1PauseRemark", Time since last: 6331542 ns, Reaching safepoint: 3458 ns, At safepoint: 423084 ns, Leaving safepoint: 21041 ns, Total: 447583 ns, Threads: 0 runnable, 42 total
[2026-09-03T12:35:22.457+0800][25.494s][info][gc,marking  ] GC(216) Concurrent Mark 4.600ms
[2026-09-03T12:35:22.457+0800][25.494s][info][gc,marking  ] GC(216) Concurrent Rebuild Remembered Sets and Scrub Regions
[2026-09-03T12:35:22.461+0800][25.497s][info][gc,marking  ] GC(216) Concurrent Rebuild Remembered Sets and Scrub Regions 3.414ms
[2026-09-03T12:35:22.461+0800][25.497s][info][gc,start    ] GC(216) Pause Cleanup
[2026-09-03T12:35:22.461+0800][25.497s][info][gc          ] GC(216) Pause Cleanup 97M->97M(256M) 0.030ms
[2026-09-03T12:35:22.461+0800][25.497s][info][gc,cpu      ] GC(216) User=0.00s Sys=0.00s Real=0.00s
[2026-09-03T12:35:22.461+0800][25.497s][info][safepoint   ] Safepoint "G1PauseCleanup", Time since last: 3487709 ns, Reaching safepoint: 1791 ns, At safepoint: 47459 ns, Leaving safepoint: 3500 ns, Total: 52750 ns, Threads: 0 runnable, 42 total
[2026-09-03T12:35:22.461+0800][25.497s][info][gc,marking  ] GC(216) Concurrent Clear Claimed Marks
[2026-09-03T12:35:22.461+0800][25.497s][info][gc,marking  ] GC(216) Concurrent Clear Claimed Marks 0.008ms
[2026-09-03T12:35:22.461+0800][25.497s][info][gc,marking  ] GC(216) Concurrent Cleanup for Next Mark
[2026-09-03T12:35:22.461+0800][25.497s][info][gc,marking  ] GC(216) Concurrent Cleanup for Next Mark 0.097ms
[2026-09-03T12:35:22.461+0800][25.497s][info][gc          ] GC(216) Concurrent Mark Cycle 10.486ms
[2026-09-03T12:35:22.719+0800][25.756s][info][gc,start    ] GC(217) Pause Young (Prepare Mixed) (G1 Evacuation Pause)
[2026-09-03T12:35:22.720+0800][25.756s][info][gc,task     ] GC(217) Using 9 workers of 9 for evacuation
[2026-09-03T12:35:22.722+0800][25.758s][info][gc,phases   ] GC(217)   Pre Evacuate Collection Set: 0.04ms
[2026-09-03T12:35:22.722+0800][25.758s][info][gc,phases   ] GC(217)   Merge Heap Roots: 0.01ms
[2026-09-03T12:35:22.722+0800][25.758s][info][gc,phases   ] GC(217)   Evacuate Collection Set: 1.82ms
[2026-09-03T12:35:22.722+0800][25.758s][info][gc,phases   ] GC(217)   Post Evacuate Collection Set: 0.08ms
[2026-09-03T12:35:22.722+0800][25.758s][info][gc,phases   ] GC(217)   Other: 0.06ms
[2026-09-03T12:35:22.722+0800][25.758s][info][gc,heap     ] GC(217) Eden regions: 88->0(102)
[2026-09-03T12:35:22.722+0800][25.758s][info][gc,heap     ] GC(217) Survivor regions: 15->13(13)
[2026-09-03T12:35:22.722+0800][25.758s][info][gc,heap     ] GC(217) Old regions: 76->97
[2026-09-03T12:35:22.722+0800][25.758s][info][gc,heap     ] GC(217) Humongous regions: 1->1
[2026-09-03T12:35:22.722+0800][25.758s][info][gc,metaspace] GC(217) Metaspace: 1059K(1216K)->1059K(1216K) NonClass: 994K(1088K)->994K(1088K) Class: 64K(128K)->64K(128K)
[2026-09-03T12:35:22.722+0800][25.758s][info][gc          ] GC(217) Pause Young (Prepare Mixed) (G1 Evacuation Pause) 180M->110M(256M) 2.125ms
[2026-09-03T12:35:22.722+0800][25.758s][info][gc,cpu      ] GC(217) User=0.01s Sys=0.00s Real=0.01s
[2026-09-03T12:35:22.722+0800][25.758s][info][safepoint   ] Safepoint "G1CollectForAllocation", Time since last: 258643791 ns, Reaching safepoint: 2084 ns, At safepoint: 2145833 ns, Leaving safepoint: 24583 ns, Total: 2172500 ns, Threads: 0 runnable, 42 total
[2026-09-03T12:35:23.030+0800][26.066s][info][gc,start    ] GC(218) Pause Young (Mixed) (G1 Evacuation Pause)
[2026-09-03T12:35:23.030+0800][26.066s][info][gc,task     ] GC(218) Using 9 workers of 9 for evacuation
[2026-09-03T12:35:23.033+0800][26.069s][info][gc,phases   ] GC(218)   Pre Evacuate Collection Set: 0.10ms
[2026-09-03T12:35:23.033+0800][26.069s][info][gc,phases   ] GC(218)   Merge Heap Roots: 0.02ms
[2026-09-03T12:35:23.033+0800][26.069s][info][gc,phases   ] GC(218)   Evacuate Collection Set: 2.77ms
[2026-09-03T12:35:23.033+0800][26.069s][info][gc,phases   ] GC(218)   Post Evacuate Collection Set: 0.11ms
[2026-09-03T12:35:23.033+0800][26.069s][info][gc,phases   ] GC(218)   Other: 0.07ms
[2026-09-03T12:35:23.033+0800][26.069s][info][gc,heap     ] GC(218) Eden regions: 102->0(101)
[2026-09-03T12:35:23.033+0800][26.069s][info][gc,heap     ] GC(218) Survivor regions: 13->15(15)
[2026-09-03T12:35:23.033+0800][26.069s][info][gc,heap     ] GC(218) Old regions: 97->97
[2026-09-03T12:35:23.033+0800][26.069s][info][gc,heap     ] GC(218) Humongous regions: 1->1
[2026-09-03T12:35:23.033+0800][26.069s][info][gc,metaspace] GC(218) Metaspace: 1059K(1216K)->1059K(1216K) NonClass: 994K(1088K)->994K(1088K) Class: 64K(128K)->64K(128K)
[2026-09-03T12:35:23.033+0800][26.069s][info][gc          ] GC(218) Pause Young (Mixed) (G1 Evacuation Pause) 212M->112M(256M) 3.192ms
[2026-09-03T12:35:23.033+0800][26.069s][info][gc,cpu      ] GC(218) User=0.02s Sys=0.00s Real=0.00s
[2026-09-03T12:35:23.033+0800][26.069s][info][safepoint   ] Safepoint "G1CollectForAllocation", Time since last: 307939292 ns, Reaching safepoint: 2292 ns, At safepoint: 3219708 ns, Leaving safepoint: 29167 ns, Total: 3251167 ns, Threads: 0 runnable, 42 total
[2026-09-03T12:35:23.338+0800][26.374s][info][gc,start    ] GC(219) Pause Young (Concurrent Start) (G1 Evacuation Pause)
[2026-09-03T12:35:23.338+0800][26.375s][info][gc,task     ] GC(219) Using 9 workers of 9 for evacuation
[2026-09-03T12:35:23.341+0800][26.377s][info][gc,phases   ] GC(219)   Pre Evacuate Collection Set: 0.07ms
[2026-09-03T12:35:23.341+0800][26.377s][info][gc,phases   ] GC(219)   Merge Heap Roots: 0.04ms
[2026-09-03T12:35:23.341+0800][26.377s][info][gc,phases   ] GC(219)   Evacuate Collection Set: 2.60ms
[2026-09-03T12:35:23.341+0800][26.377s][info][gc,phases   ] GC(219)   Post Evacuate Collection Set: 0.09ms
[2026-09-03T12:35:23.341+0800][26.377s][info][gc,phases   ] GC(219)   Other: 0.06ms
[2026-09-03T12:35:23.341+0800][26.377s][info][gc,heap     ] GC(219) Eden regions: 101->0(87)
[2026-09-03T12:35:23.341+0800][26.377s][info][gc,heap     ] GC(219) Survivor regions: 15->15(15)
[2026-09-03T12:35:23.341+0800][26.377s][info][gc,heap     ] GC(219) Old regions: 97->117
[2026-09-03T12:35:23.341+0800][26.377s][info][gc,heap     ] GC(219) Humongous regions: 1->1
[2026-09-03T12:35:23.341+0800][26.377s][info][gc,metaspace] GC(219) Metaspace: 1059K(1216K)->1059K(1216K) NonClass: 994K(1088K)->994K(1088K) Class: 64K(128K)->64K(128K)
[2026-09-03T12:35:23.341+0800][26.377s][info][gc          ] GC(219) Pause Young (Concurrent Start) (G1 Evacuation Pause) 213M->132M(256M) 3.011ms
[2026-09-03T12:35:23.341+0800][26.377s][info][gc,cpu      ] GC(219) User=0.02s Sys=0.00s Real=0.01s
[2026-09-03T12:35:23.341+0800][26.377s][info][gc          ] GC(220) Concurrent Mark Cycle
[2026-09-03T12:35:23.341+0800][26.378s][info][gc,marking  ] GC(220) Concurrent Scan Root Regions
[2026-09-03T12:35:23.341+0800][26.378s][info][safepoint   ] Safepoint "G1CollectForAllocation", Time since last: 305379625 ns, Reaching safepoint: 2625 ns, At safepoint: 3044750 ns, Leaving safepoint: 27625 ns, Total: 3075000 ns, Threads: 0 runnable, 42 total
[2026-09-03T12:35:23.344+0800][26.380s][info][gc,marking  ] GC(220) Concurrent Scan Root Regions 2.398ms
[2026-09-03T12:35:23.344+0800][26.380s][info][gc,marking  ] GC(220) Concurrent Mark
[2026-09-03T12:35:23.344+0800][26.380s][info][gc,marking  ] GC(220) Concurrent Mark From Roots
[2026-09-03T12:35:23.344+0800][26.380s][info][gc,task     ] GC(220) Concurrent Mark Using 2 of 2 Workers
[2026-09-03T12:35:23.348+0800][26.384s][info][gc,marking  ] GC(220) Concurrent Mark From Roots 3.794ms
[2026-09-03T12:35:23.348+0800][26.384s][info][gc,marking  ] GC(220) Concurrent Preclean
[2026-09-03T12:35:23.348+0800][26.384s][info][gc,marking  ] GC(220) Concurrent Preclean 0.012ms
[2026-09-03T12:35:23.348+0800][26.384s][info][gc,start    ] GC(220) Pause Remark
[2026-09-03T12:35:23.348+0800][26.384s][info][gc          ] GC(220) Pause Remark 136M->104M(256M) 0.563ms
[2026-09-03T12:35:23.348+0800][26.384s][info][gc,cpu      ] GC(220) User=0.00s Sys=0.00s Real=0.00s
[2026-09-03T12:35:23.348+0800][26.384s][info][safepoint   ] Safepoint "G1PauseRemark", Time since last: 6278250 ns, Reaching safepoint: 3416 ns, At safepoint: 595709 ns, Leaving safepoint: 29416 ns, Total: 628541 ns, Threads: 0 runnable, 42 total
[2026-09-03T12:35:23.348+0800][26.385s][info][gc,marking  ] GC(220) Concurrent Mark 4.583ms
[2026-09-03T12:35:23.348+0800][26.385s][info][gc,marking  ] GC(220) Concurrent Rebuild Remembered Sets and Scrub Regions
[2026-09-03T12:35:23.353+0800][26.389s][info][gc,marking  ] GC(220) Concurrent Rebuild Remembered Sets and Scrub Regions 4.196ms
[2026-09-03T12:35:23.353+0800][26.389s][info][gc,start    ] GC(220) Pause Cleanup
[2026-09-03T12:35:23.353+0800][26.389s][info][gc          ] GC(220) Pause Cleanup 106M->106M(256M) 0.037ms
[2026-09-03T12:35:23.353+0800][26.389s][info][gc,cpu      ] GC(220) User=0.00s Sys=0.00s Real=0.00s
[2026-09-03T12:35:23.353+0800][26.389s][info][safepoint   ] Safepoint "G1PauseCleanup", Time since last: 4339042 ns, Reaching safepoint: 38708 ns, At safepoint: 56542 ns, Leaving safepoint: 6750 ns, Total: 102000 ns, Threads: 2 runnable, 42 total
[2026-09-03T12:35:23.353+0800][26.389s][info][gc,marking  ] GC(220) Concurrent Clear Claimed Marks
[2026-09-03T12:35:23.353+0800][26.389s][info][gc,marking  ] GC(220) Concurrent Clear Claimed Marks 0.009ms
[2026-09-03T12:35:23.353+0800][26.389s][info][gc,marking  ] GC(220) Concurrent Cleanup for Next Mark
[2026-09-03T12:35:23.353+0800][26.389s][info][gc,marking  ] GC(220) Concurrent Cleanup for Next Mark 0.111ms
[2026-09-03T12:35:23.353+0800][26.389s][info][gc          ] GC(220) Concurrent Mark Cycle 11.531ms
[2026-09-03T12:35:23.601+0800][26.637s][info][gc,start    ] GC(221) Pause Young (Prepare Mixed) (G1 Evacuation Pause)
[2026-09-03T12:35:23.601+0800][26.637s][info][gc,task     ] GC(221) Using 9 workers of 9 for evacuation
[2026-09-03T12:35:23.603+0800][26.639s][info][gc,phases   ] GC(221)   Pre Evacuate Collection Set: 0.08ms
[2026-09-03T12:35:23.603+0800][26.639s][info][gc,phases   ] GC(221)   Merge Heap Roots: 0.02ms
[2026-09-03T12:35:23.603+0800][26.639s][info][gc,phases   ] GC(221)   Evacuate Collection Set: 1.80ms
[2026-09-03T12:35:23.603+0800][26.639s][info][gc,phases   ] GC(221)   Post Evacuate Collection Set: 0.09ms
[2026-09-03T12:35:23.603+0800][26.639s][info][gc,phases   ] GC(221)   Other: 0.06ms
[2026-09-03T12:35:23.603+0800][26.639s][info][gc,heap     ] GC(221) Eden regions: 87->0(97)
[2026-09-03T12:35:23.603+0800][26.639s][info][gc,heap     ] GC(221) Survivor regions: 15->13(13)
[2026-09-03T12:35:23.603+0800][26.639s][info][gc,heap     ] GC(221) Old regions: 85->105
[2026-09-03T12:35:23.603+0800][26.639s][info][gc,heap     ] GC(221) Humongous regions: 1->1
[2026-09-03T12:35:23.603+0800][26.639s][info][gc,metaspace] GC(221) Metaspace: 1059K(1216K)->1059K(1216K) NonClass: 994K(1088K)->994K(1088K) Class: 64K(128K)->64K(128K)
[2026-09-03T12:35:23.603+0800][26.639s][info][gc          ] GC(221) Pause Young (Prepare Mixed) (G1 Evacuation Pause) 187M->118M(256M) 2.192ms
[2026-09-03T12:35:23.603+0800][26.639s][info][gc,cpu      ] GC(221) User=0.01s Sys=0.00s Real=0.00s
[2026-09-03T12:35:23.603+0800][26.639s][info][safepoint   ] Safepoint "G1CollectForAllocation", Time since last: 248230292 ns, Reaching safepoint: 2166 ns, At safepoint: 2219334 ns, Leaving safepoint: 23625 ns, Total: 2245125 ns, Threads: 0 runnable, 42 total
[2026-09-03T12:35:23.894+0800][26.931s][info][gc,start    ] GC(222) Pause Young (Mixed) (G1 Evacuation Pause)
[2026-09-03T12:35:23.894+0800][26.931s][info][gc,task     ] GC(222) Using 9 workers of 9 for evacuation
[2026-09-03T12:35:23.897+0800][26.933s][info][gc,phases   ] GC(222)   Pre Evacuate Collection Set: 0.05ms
[2026-09-03T12:35:23.897+0800][26.933s][info][gc,phases   ] GC(222)   Merge Heap Roots: 0.04ms
[2026-09-03T12:35:23.897+0800][26.933s][info][gc,phases   ] GC(222)   Evacuate Collection Set: 1.98ms
[2026-09-03T12:35:23.897+0800][26.933s][info][gc,phases   ] GC(222)   Post Evacuate Collection Set: 0.11ms
[2026-09-03T12:35:23.897+0800][26.933s][info][gc,phases   ] GC(222)   Other: 0.07ms
[2026-09-03T12:35:23.897+0800][26.933s][info][gc,heap     ] GC(222) Eden regions: 97->0(101)
[2026-09-03T12:35:23.897+0800][26.933s][info][gc,heap     ] GC(222) Survivor regions: 13->14(14)
[2026-09-03T12:35:23.897+0800][26.933s][info][gc,heap     ] GC(222) Old regions: 105->98
[2026-09-03T12:35:23.897+0800][26.933s][info][gc,heap     ] GC(222) Humongous regions: 1->1
[2026-09-03T12:35:23.897+0800][26.933s][info][gc,metaspace] GC(222) Metaspace: 1059K(1216K)->1059K(1216K) NonClass: 994K(1088K)->994K(1088K) Class: 64K(128K)->64K(128K)
[2026-09-03T12:35:23.897+0800][26.933s][info][gc          ] GC(222) Pause Young (Mixed) (G1 Evacuation Pause) 215M->112M(256M) 2.389ms
[2026-09-03T12:35:23.897+0800][26.933s][info][gc,cpu      ] GC(222) User=0.02s Sys=0.00s Real=0.00s
[2026-09-03T12:35:23.897+0800][26.933s][info][safepoint   ] Safepoint "G1CollectForAllocation", Time since last: 291174333 ns, Reaching safepoint: 2750 ns, At safepoint: 2415875 ns, Leaving safepoint: 56000 ns, Total: 2474625 ns, Threads: 0 runnable, 42 total
[2026-09-03T12:35:24.200+0800][27.236s][info][gc,start    ] GC(223) Pause Young (Mixed) (G1 Evacuation Pause)
[2026-09-03T12:35:24.200+0800][27.236s][info][gc,task     ] GC(223) Using 9 workers of 9 for evacuation
[2026-09-03T12:35:24.202+0800][27.238s][info][gc,phases   ] GC(223)   Pre Evacuate Collection Set: 0.04ms
[2026-09-03T12:35:24.202+0800][27.238s][info][gc,phases   ] GC(223)   Merge Heap Roots: 0.04ms
[2026-09-03T12:35:24.202+0800][27.238s][info][gc,phases   ] GC(223)   Evacuate Collection Set: 1.80ms
[2026-09-03T12:35:24.202+0800][27.238s][info][gc,phases   ] GC(223)   Post Evacuate Collection Set: 0.10ms
[2026-09-03T12:35:24.202+0800][27.238s][info][gc,phases   ] GC(223)   Other: 0.06ms
[2026-09-03T12:35:24.202+0800][27.238s][info][gc,heap     ] GC(223) Eden regions: 101->0(90)
[2026-09-03T12:35:24.202+0800][27.238s][info][gc,heap     ] GC(223) Survivor regions: 14->15(15)
[2026-09-03T12:35:24.202+0800][27.238s][info][gc,heap     ] GC(223) Old regions: 98->112
[2026-09-03T12:35:24.202+0800][27.238s][info][gc,heap     ] GC(223) Humongous regions: 1->1
[2026-09-03T12:35:24.202+0800][27.238s][info][gc,metaspace] GC(223) Metaspace: 1059K(1216K)->1059K(1216K) NonClass: 994K(1088K)->994K(1088K) Class: 64K(128K)->64K(128K)
[2026-09-03T12:35:24.202+0800][27.238s][info][gc          ] GC(223) Pause Young (Mixed) (G1 Evacuation Pause) 213M->128M(256M) 2.169ms
[2026-09-03T12:35:24.202+0800][27.238s][info][gc,cpu      ] GC(223) User=0.02s Sys=0.00s Real=0.00s
[2026-09-03T12:35:24.202+0800][27.238s][info][safepoint   ] Safepoint "G1CollectForAllocation", Time since last: 302959833 ns, Reaching safepoint: 2417 ns, At safepoint: 2194250 ns, Leaving safepoint: 41208 ns, Total: 2237875 ns, Threads: 0 runnable, 42 total
[2026-09-03T12:35:24.473+0800][27.509s][info][gc,start    ] GC(224) Pause Young (Concurrent Start) (G1 Evacuation Pause)
[2026-09-03T12:35:24.473+0800][27.509s][info][gc,task     ] GC(224) Using 9 workers of 9 for evacuation
[2026-09-03T12:35:24.475+0800][27.511s][info][gc,phases   ] GC(224)   Pre Evacuate Collection Set: 0.10ms
[2026-09-03T12:35:24.475+0800][27.512s][info][gc,phases   ] GC(224)   Merge Heap Roots: 0.02ms
[2026-09-03T12:35:24.475+0800][27.512s][info][gc,phases   ] GC(224)   Evacuate Collection Set: 2.17ms
[2026-09-03T12:35:24.475+0800][27.512s][info][gc,phases   ] GC(224)   Post Evacuate Collection Set: 0.10ms
[2026-09-03T12:35:24.475+0800][27.512s][info][gc,phases   ] GC(224)   Other: 0.07ms
[2026-09-03T12:35:24.475+0800][27.512s][info][gc,heap     ] GC(224) Eden regions: 90->0(77)
[2026-09-03T12:35:24.475+0800][27.512s][info][gc,heap     ] GC(224) Survivor regions: 15->14(14)
[2026-09-03T12:35:24.475+0800][27.512s][info][gc,heap     ] GC(224) Old regions: 112->132
[2026-09-03T12:35:24.475+0800][27.512s][info][gc,heap     ] GC(224) Humongous regions: 1->1
[2026-09-03T12:35:24.475+0800][27.512s][info][gc,metaspace] GC(224) Metaspace: 1059K(1216K)->1059K(1216K) NonClass: 994K(1088K)->994K(1088K) Class: 64K(128K)->64K(128K)
[2026-09-03T12:35:24.475+0800][27.512s][info][gc          ] GC(224) Pause Young (Concurrent Start) (G1 Evacuation Pause) 218M->146M(256M) 2.605ms
[2026-09-03T12:35:24.475+0800][27.512s][info][gc,cpu      ] GC(224) User=0.02s Sys=0.00s Real=0.00s
[2026-09-03T12:35:24.475+0800][27.512s][info][gc          ] GC(225) Concurrent Mark Cycle
[2026-09-03T12:35:24.475+0800][27.512s][info][gc,marking  ] GC(225) Concurrent Scan Root Regions
[2026-09-03T12:35:24.475+0800][27.512s][info][safepoint   ] Safepoint "G1CollectForAllocation", Time since last: 270729417 ns, Reaching safepoint: 3167 ns, At safepoint: 2638125 ns, Leaving safepoint: 26791 ns, Total: 2668083 ns, Threads: 0 runnable, 42 total
[2026-09-03T12:35:24.477+0800][27.514s][info][gc,marking  ] GC(225) Concurrent Scan Root Regions 1.990ms
[2026-09-03T12:35:24.477+0800][27.514s][info][gc,marking  ] GC(225) Concurrent Mark
[2026-09-03T12:35:24.477+0800][27.514s][info][gc,marking  ] GC(225) Concurrent Mark From Roots
[2026-09-03T12:35:24.477+0800][27.514s][info][gc,task     ] GC(225) Concurrent Mark Using 2 of 2 Workers
[2026-09-03T12:35:24.481+0800][27.518s][info][gc,marking  ] GC(225) Concurrent Mark From Roots 4.104ms
[2026-09-03T12:35:24.482+0800][27.518s][info][gc,marking  ] GC(225) Concurrent Preclean
[2026-09-03T12:35:24.482+0800][27.518s][info][gc,marking  ] GC(225) Concurrent Preclean 0.018ms
[2026-09-03T12:35:24.482+0800][27.518s][info][gc,start    ] GC(225) Pause Remark
[2026-09-03T12:35:24.482+0800][27.518s][info][gc          ] GC(225) Pause Remark 149M->105M(256M) 0.411ms
[2026-09-03T12:35:24.482+0800][27.518s][info][gc,cpu      ] GC(225) User=0.00s Sys=0.00s Real=0.00s
[2026-09-03T12:35:24.482+0800][27.518s][info][safepoint   ] Safepoint "G1PauseRemark", Time since last: 6187250 ns, Reaching safepoint: 21000 ns, At safepoint: 443875 ns, Leaving safepoint: 20709 ns, Total: 485584 ns, Threads: 1 runnable, 42 total
[2026-09-03T12:35:24.482+0800][27.518s][info][gc,marking  ] GC(225) Concurrent Mark 4.754ms
[2026-09-03T12:35:24.482+0800][27.518s][info][gc,marking  ] GC(225) Concurrent Rebuild Remembered Sets and Scrub Regions
[2026-09-03T12:35:24.486+0800][27.522s][info][gc,marking  ] GC(225) Concurrent Rebuild Remembered Sets and Scrub Regions 3.756ms
[2026-09-03T12:35:24.486+0800][27.522s][info][gc,start    ] GC(225) Pause Cleanup
[2026-09-03T12:35:24.486+0800][27.522s][info][gc          ] GC(225) Pause Cleanup 107M->107M(256M) 0.034ms
[2026-09-03T12:35:24.486+0800][27.522s][info][gc,cpu      ] GC(225) User=0.00s Sys=0.00s Real=0.00s
[2026-09-03T12:35:24.486+0800][27.522s][info][safepoint   ] Safepoint "G1PauseCleanup", Time since last: 3888625 ns, Reaching safepoint: 1291 ns, At safepoint: 50084 ns, Leaving safepoint: 416 ns, Total: 51791 ns, Threads: 0 runnable, 42 total
[2026-09-03T12:35:24.486+0800][27.522s][info][gc,marking  ] GC(225) Concurrent Clear Claimed Marks
[2026-09-03T12:35:24.486+0800][27.522s][info][gc,marking  ] GC(225) Concurrent Clear Claimed Marks 0.009ms
[2026-09-03T12:35:24.486+0800][27.522s][info][gc,marking  ] GC(225) Concurrent Cleanup for Next Mark
[2026-09-03T12:35:24.486+0800][27.522s][info][gc,marking  ] GC(225) Concurrent Cleanup for Next Mark 0.091ms
[2026-09-03T12:35:24.486+0800][27.522s][info][gc          ] GC(225) Concurrent Mark Cycle 10.770ms
[2026-09-03T12:35:24.706+0800][27.742s][info][gc,start    ] GC(226) Pause Young (Prepare Mixed) (G1 Evacuation Pause)
[2026-09-03T12:35:24.706+0800][27.742s][info][gc,task     ] GC(226) Using 9 workers of 9 for evacuation
[2026-09-03T12:35:24.708+0800][27.745s][info][gc,phases   ] GC(226)   Pre Evacuate Collection Set: 0.07ms
[2026-09-03T12:35:24.708+0800][27.745s][info][gc,phases   ] GC(226)   Merge Heap Roots: 0.06ms
[2026-09-03T12:35:24.708+0800][27.745s][info][gc,phases   ] GC(226)   Evacuate Collection Set: 2.05ms
[2026-09-03T12:35:24.708+0800][27.745s][info][gc,phases   ] GC(226)   Post Evacuate Collection Set: 0.11ms
[2026-09-03T12:35:24.708+0800][27.745s][info][gc,phases   ] GC(226)   Other: 0.07ms
[2026-09-03T12:35:24.709+0800][27.745s][info][gc,heap     ] GC(226) Eden regions: 77->0(97)
[2026-09-03T12:35:24.709+0800][27.745s][info][gc,heap     ] GC(226) Survivor regions: 14->12(12)
[2026-09-03T12:35:24.709+0800][27.745s][info][gc,heap     ] GC(226) Old regions: 88->106
[2026-09-03T12:35:24.709+0800][27.745s][info][gc,heap     ] GC(226) Humongous regions: 1->1
[2026-09-03T12:35:24.709+0800][27.745s][info][gc,metaspace] GC(226) Metaspace: 1059K(1216K)->1059K(1216K) NonClass: 994K(1088K)->994K(1088K) Class: 64K(128K)->64K(128K)
[2026-09-03T12:35:24.709+0800][27.745s][info][gc          ] GC(226) Pause Young (Prepare Mixed) (G1 Evacuation Pause) 179M->118M(256M) 2.727ms
[2026-09-03T12:35:24.709+0800][27.745s][info][gc,cpu      ] GC(226) User=0.02s Sys=0.00s Real=0.00s
[2026-09-03T12:35:24.709+0800][27.745s][info][safepoint   ] Safepoint "G1CollectForAllocation", Time since last: 219821459 ns, Reaching safepoint: 2708 ns, At safepoint: 2756042 ns, Leaving safepoint: 44375 ns, Total: 2803125 ns, Threads: 0 runnable, 42 total
[2026-09-03T12:35:25.000+0800][28.036s][info][gc,start    ] GC(227) Pause Young (Mixed) (G1 Evacuation Pause)
[2026-09-03T12:35:25.000+0800][28.036s][info][gc,task     ] GC(227) Using 9 workers of 9 for evacuation
[2026-09-03T12:35:25.002+0800][28.038s][info][gc,phases   ] GC(227)   Pre Evacuate Collection Set: 0.05ms
[2026-09-03T12:35:25.002+0800][28.038s][info][gc,phases   ] GC(227)   Merge Heap Roots: 0.04ms
[2026-09-03T12:35:25.002+0800][28.038s][info][gc,phases   ] GC(227)   Evacuate Collection Set: 1.94ms
[2026-09-03T12:35:25.002+0800][28.038s][info][gc,phases   ] GC(227)   Post Evacuate Collection Set: 0.11ms
[2026-09-03T12:35:25.002+0800][28.038s][info][gc,phases   ] GC(227)   Other: 0.06ms
[2026-09-03T12:35:25.002+0800][28.038s][info][gc,heap     ] GC(227) Eden regions: 97->0(103)
[2026-09-03T12:35:25.002+0800][28.038s][info][gc,heap     ] GC(227) Survivor regions: 12->14(14)
[2026-09-03T12:35:25.002+0800][28.038s][info][gc,heap     ] GC(227) Old regions: 106->95
[2026-09-03T12:35:25.002+0800][28.038s][info][gc,heap     ] GC(227) Humongous regions: 1->1
[2026-09-03T12:35:25.002+0800][28.038s][info][gc,metaspace] GC(227) Metaspace: 1059K(1216K)->1059K(1216K) NonClass: 994K(1088K)->994K(1088K) Class: 64K(128K)->64K(128K)
[2026-09-03T12:35:25.002+0800][28.038s][info][gc          ] GC(227) Pause Young (Mixed) (G1 Evacuation Pause) 215M->110M(256M) 2.343ms
[2026-09-03T12:35:25.002+0800][28.038s][info][gc,cpu      ] GC(227) User=0.02s Sys=0.00s Real=0.00s
[2026-09-03T12:35:25.002+0800][28.038s][info][safepoint   ] Safepoint "G1CollectForAllocation", Time since last: 291156416 ns, Reaching safepoint: 2917 ns, At safepoint: 2367458 ns, Leaving safepoint: 40834 ns, Total: 2411209 ns, Threads: 0 runnable, 42 total
[2026-09-03T12:35:25.315+0800][28.351s][info][gc,start    ] GC(228) Pause Young (Mixed) (G1 Evacuation Pause)
[2026-09-03T12:35:25.315+0800][28.351s][info][gc,task     ] GC(228) Using 9 workers of 9 for evacuation
[2026-09-03T12:35:25.317+0800][28.354s][info][gc,phases   ] GC(228)   Pre Evacuate Collection Set: 0.08ms
[2026-09-03T12:35:25.317+0800][28.354s][info][gc,phases   ] GC(228)   Merge Heap Roots: 0.03ms
[2026-09-03T12:35:25.317+0800][28.354s][info][gc,phases   ] GC(228)   Evacuate Collection Set: 2.15ms
[2026-09-03T12:35:25.317+0800][28.354s][info][gc,phases   ] GC(228)   Post Evacuate Collection Set: 0.10ms
[2026-09-03T12:35:25.317+0800][28.354s][info][gc,phases   ] GC(228)   Other: 0.06ms
[2026-09-03T12:35:25.317+0800][28.354s][info][gc,heap     ] GC(228) Eden regions: 103->0(88)
[2026-09-03T12:35:25.317+0800][28.354s][info][gc,heap     ] GC(228) Survivor regions: 14->15(15)
[2026-09-03T12:35:25.317+0800][28.354s][info][gc,heap     ] GC(228) Old regions: 95->115
[2026-09-03T12:35:25.317+0800][28.354s][info][gc,heap     ] GC(228) Humongous regions: 1->1
[2026-09-03T12:35:25.317+0800][28.354s][info][gc,metaspace] GC(228) Metaspace: 1059K(1216K)->1059K(1216K) NonClass: 994K(1088K)->994K(1088K) Class: 64K(128K)->64K(128K)
[2026-09-03T12:35:25.317+0800][28.354s][info][gc          ] GC(228) Pause Young (Mixed) (G1 Evacuation Pause) 213M->130M(256M) 2.560ms
[2026-09-03T12:35:25.317+0800][28.354s][info][gc,cpu      ] GC(228) User=0.02s Sys=0.00s Real=0.00s
[2026-09-03T12:35:25.318+0800][28.354s][info][safepoint   ] Safepoint "G1CollectForAllocation", Time since last: 312719416 ns, Reaching safepoint: 19667 ns, At safepoint: 2586750 ns, Leaving safepoint: 23042 ns, Total: 2629459 ns, Threads: 1 runnable, 42 total
[2026-09-03T12:35:25.587+0800][28.623s][info][gc,start    ] GC(229) Pause Young (Concurrent Start) (G1 Evacuation Pause)
[2026-09-03T12:35:25.587+0800][28.623s][info][gc,task     ] GC(229) Using 9 workers of 9 for evacuation
[2026-09-03T12:35:25.589+0800][28.625s][info][gc,phases   ] GC(229)   Pre Evacuate Collection Set: 0.08ms
[2026-09-03T12:35:25.589+0800][28.625s][info][gc,phases   ] GC(229)   Merge Heap Roots: 0.02ms
[2026-09-03T12:35:25.589+0800][28.625s][info][gc,phases   ] GC(229)   Evacuate Collection Set: 1.96ms
[2026-09-03T12:35:25.589+0800][28.625s][info][gc,phases   ] GC(229)   Post Evacuate Collection Set: 0.10ms
[2026-09-03T12:35:25.589+0800][28.625s][info][gc,phases   ] GC(229)   Other: 0.06ms
[2026-09-03T12:35:25.589+0800][28.625s][info][gc,heap     ] GC(229) Eden regions: 88->0(75)
[2026-09-03T12:35:25.589+0800][28.625s][info][gc,heap     ] GC(229) Survivor regions: 15->13(13)
[2026-09-03T12:35:25.589+0800][28.625s][info][gc,heap     ] GC(229) Old regions: 115->135
[2026-09-03T12:35:25.589+0800][28.625s][info][gc,heap     ] GC(229) Humongous regions: 1->1
[2026-09-03T12:35:25.589+0800][28.625s][info][gc,metaspace] GC(229) Metaspace: 1059K(1216K)->1059K(1216K) NonClass: 994K(1088K)->994K(1088K) Class: 64K(128K)->64K(128K)
[2026-09-03T12:35:25.589+0800][28.625s][info][gc          ] GC(229) Pause Young (Concurrent Start) (G1 Evacuation Pause) 218M->148M(256M) 2.380ms
[2026-09-03T12:35:25.589+0800][28.625s][info][gc          ] GC(230) Concurrent Mark Cycle
[2026-09-03T12:35:25.589+0800][28.625s][info][gc,cpu      ] GC(229) User=0.01s Sys=0.00s Real=0.00s
[2026-09-03T12:35:25.589+0800][28.625s][info][gc,marking  ] GC(230) Concurrent Scan Root Regions
[2026-09-03T12:35:25.589+0800][28.625s][info][safepoint   ] Safepoint "G1CollectForAllocation", Time since last: 269017375 ns, Reaching safepoint: 2416 ns, At safepoint: 2425625 ns, Leaving safepoint: 23334 ns, Total: 2451375 ns, Threads: 0 runnable, 42 total
[2026-09-03T12:35:25.591+0800][28.628s][info][gc,marking  ] GC(230) Concurrent Scan Root Regions 2.341ms
[2026-09-03T12:35:25.591+0800][28.628s][info][gc,marking  ] GC(230) Concurrent Mark
[2026-09-03T12:35:25.591+0800][28.628s][info][gc,marking  ] GC(230) Concurrent Mark From Roots
[2026-09-03T12:35:25.591+0800][28.628s][info][gc,task     ] GC(230) Concurrent Mark Using 2 of 2 Workers
[2026-09-03T12:35:25.596+0800][28.632s][info][gc,marking  ] GC(230) Concurrent Mark From Roots 4.250ms
[2026-09-03T12:35:25.596+0800][28.632s][info][gc,marking  ] GC(230) Concurrent Preclean
[2026-09-03T12:35:25.596+0800][28.632s][info][gc,marking  ] GC(230) Concurrent Preclean 0.013ms
[2026-09-03T12:35:25.596+0800][28.632s][info][gc,start    ] GC(230) Pause Remark
[2026-09-03T12:35:25.596+0800][28.632s][info][gc          ] GC(230) Pause Remark 152M->108M(256M) 0.388ms
[2026-09-03T12:35:25.596+0800][28.632s][info][gc,cpu      ] GC(230) User=0.00s Sys=0.00s Real=0.00s
[2026-09-03T12:35:25.596+0800][28.632s][info][safepoint   ] Safepoint "G1PauseRemark", Time since last: 6659291 ns, Reaching safepoint: 3209 ns, At safepoint: 415125 ns, Leaving safepoint: 16250 ns, Total: 434584 ns, Threads: 0 runnable, 42 total
[2026-09-03T12:35:25.596+0800][28.632s][info][gc,marking  ] GC(230) Concurrent Mark 4.810ms
[2026-09-03T12:35:25.596+0800][28.632s][info][gc,marking  ] GC(230) Concurrent Rebuild Remembered Sets and Scrub Regions
[2026-09-03T12:35:25.601+0800][28.637s][info][gc,marking  ] GC(230) Concurrent Rebuild Remembered Sets and Scrub Regions 4.662ms
[2026-09-03T12:35:25.601+0800][28.637s][info][gc,start    ] GC(230) Pause Cleanup
[2026-09-03T12:35:25.601+0800][28.637s][info][gc          ] GC(230) Pause Cleanup 110M->110M(256M) 0.042ms
[2026-09-03T12:35:25.601+0800][28.637s][info][gc,cpu      ] GC(230) User=0.00s Sys=0.00s Real=0.00s
[2026-09-03T12:35:25.601+0800][28.637s][info][safepoint   ] Safepoint "G1PauseCleanup", Time since last: 4750500 ns, Reaching safepoint: 20333 ns, At safepoint: 68750 ns, Leaving safepoint: 5500 ns, Total: 94583 ns, Threads: 2 runnable, 42 total
[2026-09-03T12:35:25.601+0800][28.637s][info][gc,marking  ] GC(230) Concurrent Clear Claimed Marks
[2026-09-03T12:35:25.601+0800][28.637s][info][gc,marking  ] GC(230) Concurrent Clear Claimed Marks 0.008ms
[2026-09-03T12:35:25.601+0800][28.637s][info][gc,marking  ] GC(230) Concurrent Cleanup for Next Mark
[2026-09-03T12:35:25.601+0800][28.637s][info][gc,marking  ] GC(230) Concurrent Cleanup for Next Mark 0.093ms
[2026-09-03T12:35:25.601+0800][28.637s][info][gc          ] GC(230) Concurrent Mark Cycle 12.139ms
[2026-09-03T12:35:25.815+0800][28.851s][info][gc,start    ] GC(231) Pause Young (Prepare Mixed) (G1 Evacuation Pause)
[2026-09-03T12:35:25.815+0800][28.851s][info][gc,task     ] GC(231) Using 9 workers of 9 for evacuation
[2026-09-03T12:35:25.817+0800][28.853s][info][gc,phases   ] GC(231)   Pre Evacuate Collection Set: 0.07ms
[2026-09-03T12:35:25.817+0800][28.853s][info][gc,phases   ] GC(231)   Merge Heap Roots: 0.03ms
[2026-09-03T12:35:25.817+0800][28.853s][info][gc,phases   ] GC(231)   Evacuate Collection Set: 1.74ms
[2026-09-03T12:35:25.817+0800][28.853s][info][gc,phases   ] GC(231)   Post Evacuate Collection Set: 0.13ms
[2026-09-03T12:35:25.817+0800][28.853s][info][gc,phases   ] GC(231)   Other: 0.07ms
[2026-09-03T12:35:25.817+0800][28.853s][info][gc,heap     ] GC(231) Eden regions: 75->0(95)
[2026-09-03T12:35:25.817+0800][28.853s][info][gc,heap     ] GC(231) Survivor regions: 13->11(11)
[2026-09-03T12:35:25.817+0800][28.853s][info][gc,heap     ] GC(231) Old regions: 91->109
[2026-09-03T12:35:25.817+0800][28.853s][info][gc,heap     ] GC(231) Humongous regions: 1->1
[2026-09-03T12:35:25.817+0800][28.853s][info][gc,metaspace] GC(231) Metaspace: 1059K(1216K)->1059K(1216K) NonClass: 994K(1088K)->994K(1088K) Class: 64K(128K)->64K(128K)
[2026-09-03T12:35:25.817+0800][28.853s][info][gc          ] GC(231) Pause Young (Prepare Mixed) (G1 Evacuation Pause) 179M->120M(256M) 2.168ms
[2026-09-03T12:35:25.817+0800][28.853s][info][gc,cpu      ] GC(231) User=0.02s Sys=0.01s Real=0.00s
[2026-09-03T12:35:25.817+0800][28.853s][info][safepoint   ] Safepoint "G1CollectForAllocation", Time since last: 214051417 ns, Reaching safepoint: 3875 ns, At safepoint: 2194500 ns, Leaving safepoint: 47041 ns, Total: 2245416 ns, Threads: 0 runnable, 42 total
[2026-09-03T12:35:26.105+0800][29.142s][info][gc,start    ] GC(232) Pause Young (Mixed) (G1 Evacuation Pause)
[2026-09-03T12:35:26.105+0800][29.142s][info][gc,task     ] GC(232) Using 9 workers of 9 for evacuation
[2026-09-03T12:35:26.108+0800][29.144s][info][gc,phases   ] GC(232)   Pre Evacuate Collection Set: 0.06ms
[2026-09-03T12:35:26.108+0800][29.145s][info][gc,phases   ] GC(232)   Merge Heap Roots: 0.03ms
[2026-09-03T12:35:26.108+0800][29.145s][info][gc,phases   ] GC(232)   Evacuate Collection Set: 2.51ms
[2026-09-03T12:35:26.108+0800][29.145s][info][gc,phases   ] GC(232)   Post Evacuate Collection Set: 0.10ms
[2026-09-03T12:35:26.108+0800][29.145s][info][gc,phases   ] GC(232)   Other: 0.07ms
[2026-09-03T12:35:26.108+0800][29.145s][info][gc,heap     ] GC(232) Eden regions: 95->0(101)
[2026-09-03T12:35:26.108+0800][29.145s][info][gc,heap     ] GC(232) Survivor regions: 11->14(14)
[2026-09-03T12:35:26.108+0800][29.145s][info][gc,heap     ] GC(232) Old regions: 109->97
[2026-09-03T12:35:26.108+0800][29.145s][info][gc,heap     ] GC(232) Humongous regions: 1->1
[2026-09-03T12:35:26.108+0800][29.145s][info][gc,metaspace] GC(232) Metaspace: 1059K(1216K)->1059K(1216K) NonClass: 994K(1088K)->994K(1088K) Class: 64K(128K)->64K(128K)
[2026-09-03T12:35:26.108+0800][29.145s][info][gc          ] GC(232) Pause Young (Mixed) (G1 Evacuation Pause) 215M->111M(256M) 2.930ms
[2026-09-03T12:35:26.108+0800][29.145s][info][gc,cpu      ] GC(232) User=0.02s Sys=0.00s Real=0.00s
[2026-09-03T12:35:26.108+0800][29.145s][info][safepoint   ] Safepoint "G1CollectForAllocation", Time since last: 288183459 ns, Reaching safepoint: 4041 ns, At safepoint: 2962000 ns, Leaving safepoint: 21084 ns, Total: 2987125 ns, Threads: 0 runnable, 42 total
[2026-09-03T12:35:26.412+0800][29.448s][info][gc,start    ] GC(233) Pause Young (Mixed) (G1 Evacuation Pause)
[2026-09-03T12:35:26.412+0800][29.448s][info][gc,task     ] GC(233) Using 9 workers of 9 for evacuation
[2026-09-03T12:35:26.414+0800][29.450s][info][gc,phases   ] GC(233)   Pre Evacuate Collection Set: 0.08ms
[2026-09-03T12:35:26.414+0800][29.450s][info][gc,phases   ] GC(233)   Merge Heap Roots: 0.04ms
[2026-09-03T12:35:26.414+0800][29.450s][info][gc,phases   ] GC(233)   Evacuate Collection Set: 1.85ms
[2026-09-03T12:35:26.414+0800][29.450s][info][gc,phases   ] GC(233)   Post Evacuate Collection Set: 0.11ms
[2026-09-03T12:35:26.414+0800][29.450s][info][gc,phases   ] GC(233)   Other: 0.06ms
[2026-09-03T12:35:26.414+0800][29.450s][info][gc,heap     ] GC(233) Eden regions: 101->0(90)
[2026-09-03T12:35:26.414+0800][29.450s][info][gc,heap     ] GC(233) Survivor regions: 14->15(15)
[2026-09-03T12:35:26.414+0800][29.450s][info][gc,heap     ] GC(233) Old regions: 97->112
[2026-09-03T12:35:26.414+0800][29.450s][info][gc,heap     ] GC(233) Humongous regions: 1->1
[2026-09-03T12:35:26.414+0800][29.450s][info][gc,metaspace] GC(233) Metaspace: 1059K(1216K)->1059K(1216K) NonClass: 994K(1088K)->994K(1088K) Class: 64K(128K)->64K(128K)
[2026-09-03T12:35:26.414+0800][29.450s][info][gc          ] GC(233) Pause Young (Mixed) (G1 Evacuation Pause) 212M->128M(256M) 2.260ms
[2026-09-03T12:35:26.414+0800][29.450s][info][gc,cpu      ] GC(233) User=0.01s Sys=0.00s Real=0.00s
[2026-09-03T12:35:26.414+0800][29.450s][info][safepoint   ] Safepoint "G1CollectForAllocation", Time since last: 303181625 ns, Reaching safepoint: 3083 ns, At safepoint: 2285000 ns, Leaving safepoint: 44167 ns, Total: 2332250 ns, Threads: 0 runnable, 42 total
[2026-09-03T12:35:26.688+0800][29.724s][info][gc,start    ] GC(234) Pause Young (Concurrent Start) (G1 Evacuation Pause)
[2026-09-03T12:35:26.688+0800][29.724s][info][gc,task     ] GC(234) Using 9 workers of 9 for evacuation
[2026-09-03T12:35:26.691+0800][29.727s][info][gc,phases   ] GC(234)   Pre Evacuate Collection Set: 0.05ms
[2026-09-03T12:35:26.691+0800][29.727s][info][gc,phases   ] GC(234)   Merge Heap Roots: 0.02ms
[2026-09-03T12:35:26.691+0800][29.727s][info][gc,phases   ] GC(234)   Evacuate Collection Set: 2.57ms
[2026-09-03T12:35:26.691+0800][29.727s][info][gc,phases   ] GC(234)   Post Evacuate Collection Set: 0.10ms
[2026-09-03T12:35:26.691+0800][29.727s][info][gc,phases   ] GC(234)   Other: 0.06ms
[2026-09-03T12:35:26.691+0800][29.727s][info][gc,heap     ] GC(234) Eden regions: 90->0(77)
[2026-09-03T12:35:26.691+0800][29.727s][info][gc,heap     ] GC(234) Survivor regions: 15->14(14)
[2026-09-03T12:35:26.691+0800][29.727s][info][gc,heap     ] GC(234) Old regions: 112->132
[2026-09-03T12:35:26.691+0800][29.727s][info][gc,heap     ] GC(234) Humongous regions: 1->1
[2026-09-03T12:35:26.691+0800][29.727s][info][gc,metaspace] GC(234) Metaspace: 1059K(1216K)->1059K(1216K) NonClass: 994K(1088K)->994K(1088K) Class: 64K(128K)->64K(128K)
[2026-09-03T12:35:26.691+0800][29.727s][info][gc          ] GC(234) Pause Young (Concurrent Start) (G1 Evacuation Pause) 218M->146M(256M) 2.941ms
[2026-09-03T12:35:26.691+0800][29.727s][info][gc,cpu      ] GC(234) User=0.02s Sys=0.01s Real=0.01s
[2026-09-03T12:35:26.691+0800][29.727s][info][gc          ] GC(235) Concurrent Mark Cycle
[2026-09-03T12:35:26.691+0800][29.727s][info][gc,marking  ] GC(235) Concurrent Scan Root Regions
[2026-09-03T12:35:26.691+0800][29.727s][info][safepoint   ] Safepoint "G1CollectForAllocation", Time since last: 274103083 ns, Reaching safepoint: 2458 ns, At safepoint: 2971209 ns, Leaving safepoint: 28958 ns, Total: 3002625 ns, Threads: 0 runnable, 42 total
[2026-09-03T12:35:26.693+0800][29.730s][info][gc,marking  ] GC(235) Concurrent Scan Root Regions 2.299ms
[2026-09-03T12:35:26.693+0800][29.730s][info][gc,marking  ] GC(235) Concurrent Mark
[2026-09-03T12:35:26.693+0800][29.730s][info][gc,marking  ] GC(235) Concurrent Mark From Roots
[2026-09-03T12:35:26.693+0800][29.730s][info][gc,task     ] GC(235) Concurrent Mark Using 2 of 2 Workers
[2026-09-03T12:35:26.697+0800][29.733s][info][gc,marking  ] GC(235) Concurrent Mark From Roots 3.592ms
[2026-09-03T12:35:26.697+0800][29.733s][info][gc,marking  ] GC(235) Concurrent Preclean
[2026-09-03T12:35:26.697+0800][29.733s][info][gc,marking  ] GC(235) Concurrent Preclean 0.010ms
[2026-09-03T12:35:26.697+0800][29.733s][info][gc,start    ] GC(235) Pause Remark
[2026-09-03T12:35:26.698+0800][29.734s][info][gc          ] GC(235) Pause Remark 150M->96M(256M) 0.618ms
[2026-09-03T12:35:26.698+0800][29.734s][info][gc,cpu      ] GC(235) User=0.00s Sys=0.00s Real=0.00s
[2026-09-03T12:35:26.698+0800][29.734s][info][safepoint   ] Safepoint "G1PauseRemark", Time since last: 5992792 ns, Reaching safepoint: 4208 ns, At safepoint: 653167 ns, Leaving safepoint: 25583 ns, Total: 682958 ns, Threads: 0 runnable, 42 total
[2026-09-03T12:35:26.698+0800][29.734s][info][gc,marking  ] GC(235) Concurrent Mark 4.458ms
[2026-09-03T12:35:26.698+0800][29.734s][info][gc,marking  ] GC(235) Concurrent Rebuild Remembered Sets and Scrub Regions
[2026-09-03T12:35:26.702+0800][29.738s][info][gc,marking  ] GC(235) Concurrent Rebuild Remembered Sets and Scrub Regions 3.998ms
[2026-09-03T12:35:26.702+0800][29.738s][info][gc,start    ] GC(235) Pause Cleanup
[2026-09-03T12:35:26.702+0800][29.738s][info][gc          ] GC(235) Pause Cleanup 98M->98M(256M) 0.037ms
[2026-09-03T12:35:26.702+0800][29.738s][info][gc,cpu      ] GC(235) User=0.00s Sys=0.00s Real=0.00s
[2026-09-03T12:35:26.702+0800][29.738s][info][safepoint   ] Safepoint "G1PauseCleanup", Time since last: 4130125 ns, Reaching safepoint: 2083 ns, At safepoint: 56042 ns, Leaving safepoint: 458 ns, Total: 58583 ns, Threads: 0 runnable, 42 total
[2026-09-03T12:35:26.702+0800][29.738s][info][gc,marking  ] GC(235) Concurrent Clear Claimed Marks
[2026-09-03T12:35:26.702+0800][29.738s][info][gc,marking  ] GC(235) Concurrent Clear Claimed Marks 0.008ms
[2026-09-03T12:35:26.702+0800][29.738s][info][gc,marking  ] GC(235) Concurrent Cleanup for Next Mark
[2026-09-03T12:35:26.702+0800][29.738s][info][gc,marking  ] GC(235) Concurrent Cleanup for Next Mark 0.121ms
[2026-09-03T12:35:26.702+0800][29.738s][info][gc          ] GC(235) Concurrent Mark Cycle 11.068ms
[2026-09-03T12:35:26.923+0800][29.960s][info][gc,start    ] GC(236) Pause Young (Prepare Mixed) (G1 Evacuation Pause)
[2026-09-03T12:35:26.924+0800][29.960s][info][gc,task     ] GC(236) Using 9 workers of 9 for evacuation
[2026-09-03T12:35:26.926+0800][29.962s][info][gc,phases   ] GC(236)   Pre Evacuate Collection Set: 0.05ms
[2026-09-03T12:35:26.926+0800][29.962s][info][gc,phases   ] GC(236)   Merge Heap Roots: 0.02ms
[2026-09-03T12:35:26.926+0800][29.962s][info][gc,phases   ] GC(236)   Evacuate Collection Set: 1.94ms
[2026-09-03T12:35:26.926+0800][29.962s][info][gc,phases   ] GC(236)   Post Evacuate Collection Set: 0.09ms
[2026-09-03T12:35:26.926+0800][29.962s][info][gc,phases   ] GC(236)   Other: 0.07ms
[2026-09-03T12:35:26.926+0800][29.962s][info][gc,heap     ] GC(236) Eden regions: 77->0(103)
[2026-09-03T12:35:26.926+0800][29.962s][info][gc,heap     ] GC(236) Survivor regions: 14->12(12)
[2026-09-03T12:35:26.926+0800][29.962s][info][gc,heap     ] GC(236) Old regions: 78->97
[2026-09-03T12:35:26.926+0800][29.962s][info][gc,heap     ] GC(236) Humongous regions: 1->1
[2026-09-03T12:35:26.926+0800][29.962s][info][gc,metaspace] GC(236) Metaspace: 1059K(1216K)->1059K(1216K) NonClass: 994K(1088K)->994K(1088K) Class: 64K(128K)->64K(128K)
[2026-09-03T12:35:26.926+0800][29.962s][info][gc          ] GC(236) Pause Young (Prepare Mixed) (G1 Evacuation Pause) 169M->109M(256M) 2.301ms
[2026-09-03T12:35:26.926+0800][29.962s][info][gc,cpu      ] GC(236) User=0.02s Sys=0.00s Real=0.00s
[2026-09-03T12:35:26.926+0800][29.962s][info][safepoint   ] Safepoint "G1CollectForAllocation", Time since last: 221587334 ns, Reaching safepoint: 3125 ns, At safepoint: 2329375 ns, Leaving safepoint: 21708 ns, Total: 2354208 ns, Threads: 0 runnable, 42 total
[2026-09-03T12:35:27.237+0800][30.273s][info][gc,start    ] GC(237) Pause Young (Mixed) (G1 Evacuation Pause)
[2026-09-03T12:35:27.237+0800][30.273s][info][gc,task     ] GC(237) Using 9 workers of 9 for evacuation
[2026-09-03T12:35:27.239+0800][30.276s][info][gc,phases   ] GC(237)   Pre Evacuate Collection Set: 0.04ms
[2026-09-03T12:35:27.239+0800][30.276s][info][gc,phases   ] GC(237)   Merge Heap Roots: 0.04ms
[2026-09-03T12:35:27.239+0800][30.276s][info][gc,phases   ] GC(237)   Evacuate Collection Set: 2.06ms
[2026-09-03T12:35:27.239+0800][30.276s][info][gc,phases   ] GC(237)   Post Evacuate Collection Set: 0.23ms
[2026-09-03T12:35:27.239+0800][30.276s][info][gc,phases   ] GC(237)   Other: 0.09ms
[2026-09-03T12:35:27.239+0800][30.276s][info][gc,heap     ] GC(237) Eden regions: 103->0(102)
[2026-09-03T12:35:27.239+0800][30.276s][info][gc,heap     ] GC(237) Survivor regions: 12->15(15)
[2026-09-03T12:35:27.239+0800][30.276s][info][gc,heap     ] GC(237) Old regions: 97->95
[2026-09-03T12:35:27.239+0800][30.276s][info][gc,heap     ] GC(237) Humongous regions: 1->1
[2026-09-03T12:35:27.239+0800][30.276s][info][gc,metaspace] GC(237) Metaspace: 1059K(1216K)->1059K(1216K) NonClass: 994K(1088K)->994K(1088K) Class: 64K(128K)->64K(128K)
[2026-09-03T12:35:27.239+0800][30.276s][info][gc          ] GC(237) Pause Young (Mixed) (G1 Evacuation Pause) 212M->110M(256M) 2.622ms
[2026-09-03T12:35:27.240+0800][30.276s][info][gc,cpu      ] GC(237) User=0.02s Sys=0.00s Real=0.01s
[2026-09-03T12:35:27.240+0800][30.276s][info][safepoint   ] Safepoint "G1CollectForAllocation", Time since last: 311058417 ns, Reaching safepoint: 2541 ns, At safepoint: 2651542 ns, Leaving safepoint: 48958 ns, Total: 2703041 ns, Threads: 0 runnable, 42 total
[2026-09-03T12:35:27.550+0800][30.586s][info][gc,start    ] GC(238) Pause Young (Concurrent Start) (G1 Evacuation Pause)
[2026-09-03T12:35:27.550+0800][30.586s][info][gc,task     ] GC(238) Using 9 workers of 9 for evacuation
[2026-09-03T12:35:27.552+0800][30.588s][info][gc,phases   ] GC(238)   Pre Evacuate Collection Set: 0.06ms
[2026-09-03T12:35:27.552+0800][30.588s][info][gc,phases   ] GC(238)   Merge Heap Roots: 0.02ms
[2026-09-03T12:35:27.552+0800][30.588s][info][gc,phases   ] GC(238)   Evacuate Collection Set: 2.05ms
[2026-09-03T12:35:27.552+0800][30.588s][info][gc,phases   ] GC(238)   Post Evacuate Collection Set: 0.07ms
[2026-09-03T12:35:27.552+0800][30.588s][info][gc,phases   ] GC(238)   Other: 0.06ms
[2026-09-03T12:35:27.552+0800][30.588s][info][gc,heap     ] GC(238) Eden regions: 102->0(87)
[2026-09-03T12:35:27.552+0800][30.588s][info][gc,heap     ] GC(238) Survivor regions: 15->15(15)
[2026-09-03T12:35:27.552+0800][30.588s][info][gc,heap     ] GC(238) Old regions: 95->116
[2026-09-03T12:35:27.552+0800][30.588s][info][gc,heap     ] GC(238) Humongous regions: 1->1
[2026-09-03T12:35:27.552+0800][30.588s][info][gc,metaspace] GC(238) Metaspace: 1059K(1216K)->1059K(1216K) NonClass: 994K(1088K)->994K(1088K) Class: 64K(128K)->64K(128K)
[2026-09-03T12:35:27.552+0800][30.588s][info][gc          ] GC(238) Pause Young (Concurrent Start) (G1 Evacuation Pause) 212M->131M(256M) 2.390ms
[2026-09-03T12:35:27.552+0800][30.588s][info][gc          ] GC(239) Concurrent Mark Cycle
[2026-09-03T12:35:27.552+0800][30.588s][info][gc,cpu      ] GC(238) User=0.01s Sys=0.00s Real=0.00s
[2026-09-03T12:35:27.552+0800][30.588s][info][gc,marking  ] GC(239) Concurrent Scan Root Regions
[2026-09-03T12:35:27.552+0800][30.588s][info][safepoint   ] Safepoint "G1CollectForAllocation", Time since last: 310216500 ns, Reaching safepoint: 3000 ns, At safepoint: 2429750 ns, Leaving safepoint: 22167 ns, Total: 2454917 ns, Threads: 0 runnable, 42 total
[2026-09-03T12:35:27.554+0800][30.591s][info][gc,marking  ] GC(239) Concurrent Scan Root Regions 2.231ms
[2026-09-03T12:35:27.554+0800][30.591s][info][gc,marking  ] GC(239) Concurrent Mark
[2026-09-03T12:35:27.554+0800][30.591s][info][gc,marking  ] GC(239) Concurrent Mark From Roots
[2026-09-03T12:35:27.554+0800][30.591s][info][gc,task     ] GC(239) Concurrent Mark Using 2 of 2 Workers
[2026-09-03T12:35:27.558+0800][30.595s][info][gc,marking  ] GC(239) Concurrent Mark From Roots 3.949ms
[2026-09-03T12:35:27.558+0800][30.595s][info][gc,marking  ] GC(239) Concurrent Preclean
[2026-09-03T12:35:27.558+0800][30.595s][info][gc,marking  ] GC(239) Concurrent Preclean 0.016ms
[2026-09-03T12:35:27.558+0800][30.595s][info][gc,start    ] GC(239) Pause Remark
[2026-09-03T12:35:27.559+0800][30.595s][info][gc          ] GC(239) Pause Remark 135M->97M(256M) 0.355ms
[2026-09-03T12:35:27.559+0800][30.595s][info][gc,cpu      ] GC(239) User=0.00s Sys=0.00s Real=0.00s
[2026-09-03T12:35:27.559+0800][30.595s][info][safepoint   ] Safepoint "G1PauseRemark", Time since last: 6220958 ns, Reaching safepoint: 2750 ns, At safepoint: 375709 ns, Leaving safepoint: 14125 ns, Total: 392584 ns, Threads: 0 runnable, 42 total
[2026-09-03T12:35:27.559+0800][30.595s][info][gc,marking  ] GC(239) Concurrent Mark 4.442ms
[2026-09-03T12:35:27.559+0800][30.595s][info][gc,marking  ] GC(239) Concurrent Rebuild Remembered Sets and Scrub Regions
[2026-09-03T12:35:27.562+0800][30.599s][info][gc,marking  ] GC(239) Concurrent Rebuild Remembered Sets and Scrub Regions 3.580ms
[2026-09-03T12:35:27.563+0800][30.599s][info][gc,start    ] GC(239) Pause Cleanup
[2026-09-03T12:35:27.563+0800][30.599s][info][gc          ] GC(239) Pause Cleanup 98M->98M(256M) 0.034ms
[2026-09-03T12:35:27.563+0800][30.599s][info][gc,cpu      ] GC(239) User=0.00s Sys=0.00s Real=0.00s
[2026-09-03T12:35:27.563+0800][30.599s][info][safepoint   ] Safepoint "G1PauseCleanup", Time since last: 3648583 ns, Reaching safepoint: 1708 ns, At safepoint: 56834 ns, Leaving safepoint: 916 ns, Total: 59458 ns, Threads: 0 runnable, 42 total
[2026-09-03T12:35:27.563+0800][30.599s][info][gc,marking  ] GC(239) Concurrent Clear Claimed Marks
[2026-09-03T12:35:27.563+0800][30.599s][info][gc,marking  ] GC(239) Concurrent Clear Claimed Marks 0.007ms
[2026-09-03T12:35:27.563+0800][30.599s][info][gc,marking  ] GC(239) Concurrent Cleanup for Next Mark
[2026-09-03T12:35:27.563+0800][30.599s][info][gc,marking  ] GC(239) Concurrent Cleanup for Next Mark 0.089ms
[2026-09-03T12:35:27.563+0800][30.599s][info][gc          ] GC(239) Concurrent Mark Cycle 10.480ms
[2026-09-03T12:35:27.814+0800][30.851s][info][gc,start    ] GC(240) Pause Young (Prepare Mixed) (G1 Evacuation Pause)
[2026-09-03T12:35:27.814+0800][30.851s][info][gc,task     ] GC(240) Using 9 workers of 9 for evacuation
[2026-09-03T12:35:27.817+0800][30.853s][info][gc,phases   ] GC(240)   Pre Evacuate Collection Set: 0.07ms
[2026-09-03T12:35:27.817+0800][30.853s][info][gc,phases   ] GC(240)   Merge Heap Roots: 0.05ms
[2026-09-03T12:35:27.817+0800][30.853s][info][gc,phases   ] GC(240)   Evacuate Collection Set: 2.32ms
[2026-09-03T12:35:27.817+0800][30.853s][info][gc,phases   ] GC(240)   Post Evacuate Collection Set: 0.09ms
[2026-09-03T12:35:27.817+0800][30.853s][info][gc,phases   ] GC(240)   Other: 0.06ms
[2026-09-03T12:35:27.817+0800][30.853s][info][gc,heap     ] GC(240) Eden regions: 87->0(102)
[2026-09-03T12:35:27.817+0800][30.853s][info][gc,heap     ] GC(240) Survivor regions: 15->13(13)
[2026-09-03T12:35:27.817+0800][30.853s][info][gc,heap     ] GC(240) Old regions: 78->97
[2026-09-03T12:35:27.817+0800][30.853s][info][gc,heap     ] GC(240) Humongous regions: 1->1
[2026-09-03T12:35:27.817+0800][30.853s][info][gc,metaspace] GC(240) Metaspace: 1059K(1216K)->1059K(1216K) NonClass: 994K(1088K)->994K(1088K) Class: 64K(128K)->64K(128K)
[2026-09-03T12:35:27.817+0800][30.853s][info][gc          ] GC(240) Pause Young (Prepare Mixed) (G1 Evacuation Pause) 180M->110M(256M) 2.724ms
[2026-09-03T12:35:27.817+0800][30.853s][info][gc,cpu      ] GC(240) User=0.02s Sys=0.00s Real=0.00s
[2026-09-03T12:35:27.817+0800][30.853s][info][safepoint   ] Safepoint "G1CollectForAllocation", Time since last: 251818125 ns, Reaching safepoint: 2792 ns, At safepoint: 2751833 ns, Leaving safepoint: 27875 ns, Total: 2782500 ns, Threads: 0 runnable, 42 total
[2026-09-03T12:35:28.126+0800][31.162s][info][gc,start    ] GC(241) Pause Young (Mixed) (G1 Evacuation Pause)
[2026-09-03T12:35:28.126+0800][31.162s][info][gc,task     ] GC(241) Using 9 workers of 9 for evacuation
[2026-09-03T12:35:28.128+0800][31.164s][info][gc,phases   ] GC(241)   Pre Evacuate Collection Set: 0.07ms
[2026-09-03T12:35:28.128+0800][31.164s][info][gc,phases   ] GC(241)   Merge Heap Roots: 0.05ms
[2026-09-03T12:35:28.128+0800][31.164s][info][gc,phases   ] GC(241)   Evacuate Collection Set: 1.91ms
[2026-09-03T12:35:28.128+0800][31.164s][info][gc,phases   ] GC(241)   Post Evacuate Collection Set: 0.11ms
[2026-09-03T12:35:28.128+0800][31.164s][info][gc,phases   ] GC(241)   Other: 0.06ms
[2026-09-03T12:35:28.128+0800][31.164s][info][gc,heap     ] GC(241) Eden regions: 102->0(102)
[2026-09-03T12:35:28.128+0800][31.164s][info][gc,heap     ] GC(241) Survivor regions: 13->15(15)
[2026-09-03T12:35:28.128+0800][31.164s][info][gc,heap     ] GC(241) Old regions: 97->95
[2026-09-03T12:35:28.128+0800][31.164s][info][gc,heap     ] GC(241) Humongous regions: 1->1
[2026-09-03T12:35:28.128+0800][31.164s][info][gc,metaspace] GC(241) Metaspace: 1059K(1216K)->1059K(1216K) NonClass: 994K(1088K)->994K(1088K) Class: 64K(128K)->64K(128K)
[2026-09-03T12:35:28.128+0800][31.164s][info][gc          ] GC(241) Pause Young (Mixed) (G1 Evacuation Pause) 212M->110M(256M) 2.331ms
[2026-09-03T12:35:28.128+0800][31.164s][info][gc,cpu      ] GC(241) User=0.01s Sys=0.00s Real=0.00s
[2026-09-03T12:35:28.128+0800][31.164s][info][safepoint   ] Safepoint "G1CollectForAllocation", Time since last: 308371709 ns, Reaching safepoint: 2791 ns, At safepoint: 2356500 ns, Leaving safepoint: 20042 ns, Total: 2379333 ns, Threads: 0 runnable, 42 total
[2026-09-03T12:35:28.438+0800][31.475s][info][gc,start    ] GC(242) Pause Young (Concurrent Start) (G1 Evacuation Pause)
[2026-09-03T12:35:28.439+0800][31.475s][info][gc,task     ] GC(242) Using 9 workers of 9 for evacuation
[2026-09-03T12:35:28.441+0800][31.478s][info][gc,phases   ] GC(242)   Pre Evacuate Collection Set: 0.08ms
[2026-09-03T12:35:28.441+0800][31.478s][info][gc,phases   ] GC(242)   Merge Heap Roots: 0.04ms
[2026-09-03T12:35:28.441+0800][31.478s][info][gc,phases   ] GC(242)   Evacuate Collection Set: 2.45ms
[2026-09-03T12:35:28.441+0800][31.478s][info][gc,phases   ] GC(242)   Post Evacuate Collection Set: 0.11ms
[2026-09-03T12:35:28.441+0800][31.478s][info][gc,phases   ] GC(242)   Other: 0.07ms
[2026-09-03T12:35:28.441+0800][31.478s][info][gc,heap     ] GC(242) Eden regions: 102->0(88)
[2026-09-03T12:35:28.441+0800][31.478s][info][gc,heap     ] GC(242) Survivor regions: 15->15(15)
[2026-09-03T12:35:28.441+0800][31.478s][info][gc,heap     ] GC(242) Old regions: 95->115
[2026-09-03T12:35:28.441+0800][31.478s][info][gc,heap     ] GC(242) Humongous regions: 1->1
[2026-09-03T12:35:28.441+0800][31.478s][info][gc,metaspace] GC(242) Metaspace: 1059K(1216K)->1059K(1216K) NonClass: 994K(1088K)->994K(1088K) Class: 64K(128K)->64K(128K)
[2026-09-03T12:35:28.441+0800][31.478s][info][gc          ] GC(242) Pause Young (Concurrent Start) (G1 Evacuation Pause) 212M->131M(256M) 2.903ms
[2026-09-03T12:35:28.441+0800][31.478s][info][gc,cpu      ] GC(242) User=0.02s Sys=0.00s Real=0.01s
[2026-09-03T12:35:28.441+0800][31.478s][info][gc          ] GC(243) Concurrent Mark Cycle
[2026-09-03T12:35:28.441+0800][31.478s][info][gc,marking  ] GC(243) Concurrent Scan Root Regions
[2026-09-03T12:35:28.441+0800][31.478s][info][safepoint   ] Safepoint "G1CollectForAllocation", Time since last: 310541708 ns, Reaching safepoint: 21375 ns, At safepoint: 2940500 ns, Leaving safepoint: 27334 ns, Total: 2989209 ns, Threads: 1 runnable, 42 total
[2026-09-03T12:35:28.444+0800][31.480s][info][gc,marking  ] GC(243) Concurrent Scan Root Regions 2.373ms
[2026-09-03T12:35:28.444+0800][31.480s][info][gc,marking  ] GC(243) Concurrent Mark
[2026-09-03T12:35:28.444+0800][31.480s][info][gc,marking  ] GC(243) Concurrent Mark From Roots
[2026-09-03T12:35:28.444+0800][31.480s][info][gc,task     ] GC(243) Concurrent Mark Using 2 of 2 Workers
[2026-09-03T12:35:28.447+0800][31.484s][info][gc,marking  ] GC(243) Concurrent Mark From Roots 3.482ms
[2026-09-03T12:35:28.447+0800][31.484s][info][gc,marking  ] GC(243) Concurrent Preclean
[2026-09-03T12:35:28.447+0800][31.484s][info][gc,marking  ] GC(243) Concurrent Preclean 0.012ms
[2026-09-03T12:35:28.447+0800][31.484s][info][gc,start    ] GC(243) Pause Remark
[2026-09-03T12:35:28.448+0800][31.484s][info][gc          ] GC(243) Pause Remark 135M->99M(256M) 0.364ms
[2026-09-03T12:35:28.448+0800][31.484s][info][gc,cpu      ] GC(243) User=0.00s Sys=0.00s Real=0.00s
[2026-09-03T12:35:28.448+0800][31.484s][info][safepoint   ] Safepoint "G1PauseRemark", Time since last: 5930041 ns, Reaching safepoint: 4042 ns, At safepoint: 389917 ns, Leaving safepoint: 16375 ns, Total: 410334 ns, Threads: 0 runnable, 42 total
[2026-09-03T12:35:28.448+0800][31.484s][info][gc,marking  ] GC(243) Concurrent Mark 4.014ms
[2026-09-03T12:35:28.448+0800][31.484s][info][gc,marking  ] GC(243) Concurrent Rebuild Remembered Sets and Scrub Regions
[2026-09-03T12:35:28.452+0800][31.488s][info][gc,marking  ] GC(243) Concurrent Rebuild Remembered Sets and Scrub Regions 4.323ms
[2026-09-03T12:35:28.452+0800][31.488s][info][gc,start    ] GC(243) Pause Cleanup
[2026-09-03T12:35:28.452+0800][31.489s][info][gc          ] GC(243) Pause Cleanup 101M->101M(256M) 0.041ms
[2026-09-03T12:35:28.452+0800][31.489s][info][gc,cpu      ] GC(243) User=0.00s Sys=0.00s Real=0.00s
[2026-09-03T12:35:28.452+0800][31.489s][info][safepoint   ] Safepoint "G1PauseCleanup", Time since last: 4446708 ns, Reaching safepoint: 2458 ns, At safepoint: 59542 ns, Leaving safepoint: 3083 ns, Total: 65083 ns, Threads: 0 runnable, 42 total
[2026-09-03T12:35:28.452+0800][31.489s][info][gc,marking  ] GC(243) Concurrent Clear Claimed Marks
[2026-09-03T12:35:28.452+0800][31.489s][info][gc,marking  ] GC(243) Concurrent Clear Claimed Marks 0.008ms
[2026-09-03T12:35:28.452+0800][31.489s][info][gc,marking  ] GC(243) Concurrent Cleanup for Next Mark
[2026-09-03T12:35:28.452+0800][31.489s][info][gc,marking  ] GC(243) Concurrent Cleanup for Next Mark 0.123ms
[2026-09-03T12:35:28.452+0800][31.489s][info][gc          ] GC(243) Concurrent Mark Cycle 11.051ms
[2026-09-03T12:35:28.709+0800][31.745s][info][gc,start    ] GC(244) Pause Young (Prepare Mixed) (G1 Evacuation Pause)
[2026-09-03T12:35:28.709+0800][31.745s][info][gc,task     ] GC(244) Using 9 workers of 9 for evacuation
[2026-09-03T12:35:28.711+0800][31.747s][info][gc,phases   ] GC(244)   Pre Evacuate Collection Set: 0.07ms
[2026-09-03T12:35:28.711+0800][31.747s][info][gc,phases   ] GC(244)   Merge Heap Roots: 0.03ms
[2026-09-03T12:35:28.711+0800][31.747s][info][gc,phases   ] GC(244)   Evacuate Collection Set: 1.83ms
[2026-09-03T12:35:28.711+0800][31.747s][info][gc,phases   ] GC(244)   Post Evacuate Collection Set: 0.09ms
[2026-09-03T12:35:28.711+0800][31.747s][info][gc,phases   ] GC(244)   Other: 0.06ms
[2026-09-03T12:35:28.711+0800][31.747s][info][gc,heap     ] GC(244) Eden regions: 88->0(100)
[2026-09-03T12:35:28.711+0800][31.747s][info][gc,heap     ] GC(244) Survivor regions: 15->13(13)
[2026-09-03T12:35:28.711+0800][31.747s][info][gc,heap     ] GC(244) Old regions: 79->100
[2026-09-03T12:35:28.711+0800][31.747s][info][gc,heap     ] GC(244) Humongous regions: 1->1
[2026-09-03T12:35:28.711+0800][31.747s][info][gc,metaspace] GC(244) Metaspace: 1059K(1216K)->1059K(1216K) NonClass: 994K(1088K)->994K(1088K) Class: 64K(128K)->64K(128K)
[2026-09-03T12:35:28.711+0800][31.747s][info][gc          ] GC(244) Pause Young (Prepare Mixed) (G1 Evacuation Pause) 183M->113M(256M) 2.193ms
[2026-09-03T12:35:28.711+0800][31.747s][info][gc,cpu      ] GC(244) User=0.02s Sys=0.00s Real=0.01s
[2026-09-03T12:35:28.711+0800][31.747s][info][safepoint   ] Safepoint "G1CollectForAllocation", Time since last: 256492875 ns, Reaching safepoint: 2667 ns, At safepoint: 2215875 ns, Leaving safepoint: 22083 ns, Total: 2240625 ns, Threads: 0 runnable, 42 total
[2026-09-03T12:35:29.013+0800][32.049s][info][gc,start    ] GC(245) Pause Young (Mixed) (G1 Evacuation Pause)
[2026-09-03T12:35:29.013+0800][32.049s][info][gc,task     ] GC(245) Using 9 workers of 9 for evacuation
[2026-09-03T12:35:29.016+0800][32.052s][info][gc,phases   ] GC(245)   Pre Evacuate Collection Set: 0.05ms
[2026-09-03T12:35:29.016+0800][32.052s][info][gc,phases   ] GC(245)   Merge Heap Roots: 0.02ms
[2026-09-03T12:35:29.016+0800][32.052s][info][gc,phases   ] GC(245)   Evacuate Collection Set: 2.79ms
[2026-09-03T12:35:29.016+0800][32.052s][info][gc,phases   ] GC(245)   Post Evacuate Collection Set: 0.19ms
[2026-09-03T12:35:29.016+0800][32.052s][info][gc,phases   ] GC(245)   Other: 0.07ms
[2026-09-03T12:35:29.016+0800][32.052s][info][gc,heap     ] GC(245) Eden regions: 100->0(102)
[2026-09-03T12:35:29.016+0800][32.052s][info][gc,heap     ] GC(245) Survivor regions: 13->15(15)
[2026-09-03T12:35:29.016+0800][32.052s][info][gc,heap     ] GC(245) Old regions: 100->95
[2026-09-03T12:35:29.016+0800][32.052s][info][gc,heap     ] GC(245) Humongous regions: 1->1
[2026-09-03T12:35:29.016+0800][32.052s][info][gc,metaspace] GC(245) Metaspace: 1059K(1216K)->1059K(1216K) NonClass: 994K(1088K)->994K(1088K) Class: 64K(128K)->64K(128K)
[2026-09-03T12:35:29.016+0800][32.052s][info][gc          ] GC(245) Pause Young (Mixed) (G1 Evacuation Pause) 213M->110M(256M) 3.260ms
[2026-09-03T12:35:29.016+0800][32.052s][info][gc,cpu      ] GC(245) User=0.02s Sys=0.00s Real=0.00s
[2026-09-03T12:35:29.016+0800][32.052s][info][safepoint   ] Safepoint "G1CollectForAllocation", Time since last: 301493792 ns, Reaching safepoint: 2458 ns, At safepoint: 3288834 ns, Leaving safepoint: 32208 ns, Total: 3323500 ns, Threads: 0 runnable, 42 total
[2026-09-03T12:35:29.325+0800][32.361s][info][gc,start    ] GC(246) Pause Young (Concurrent Start) (G1 Evacuation Pause)
[2026-09-03T12:35:29.325+0800][32.361s][info][gc,task     ] GC(246) Using 9 workers of 9 for evacuation
[2026-09-03T12:35:29.327+0800][32.363s][info][gc,phases   ] GC(246)   Pre Evacuate Collection Set: 0.09ms
[2026-09-03T12:35:29.327+0800][32.363s][info][gc,phases   ] GC(246)   Merge Heap Roots: 0.02ms
[2026-09-03T12:35:29.327+0800][32.363s][info][gc,phases   ] GC(246)   Evacuate Collection Set: 2.06ms
[2026-09-03T12:35:29.327+0800][32.363s][info][gc,phases   ] GC(246)   Post Evacuate Collection Set: 0.11ms
[2026-09-03T12:35:29.327+0800][32.363s][info][gc,phases   ] GC(246)   Other: 0.06ms
[2026-09-03T12:35:29.327+0800][32.363s][info][gc,heap     ] GC(246) Eden regions: 102->0(88)
[2026-09-03T12:35:29.327+0800][32.363s][info][gc,heap     ] GC(246) Survivor regions: 15->15(15)
[2026-09-03T12:35:29.327+0800][32.363s][info][gc,heap     ] GC(246) Old regions: 95->115
[2026-09-03T12:35:29.327+0800][32.363s][info][gc,heap     ] GC(246) Humongous regions: 1->1
[2026-09-03T12:35:29.327+0800][32.363s][info][gc,metaspace] GC(246) Metaspace: 1059K(1216K)->1059K(1216K) NonClass: 994K(1088K)->994K(1088K) Class: 64K(128K)->64K(128K)
[2026-09-03T12:35:29.327+0800][32.363s][info][gc          ] GC(246) Pause Young (Concurrent Start) (G1 Evacuation Pause) 212M->131M(256M) 2.466ms
[2026-09-03T12:35:29.327+0800][32.363s][info][gc,cpu      ] GC(246) User=0.02s Sys=0.00s Real=0.00s
[2026-09-03T12:35:29.327+0800][32.363s][info][gc          ] GC(247) Concurrent Mark Cycle
[2026-09-03T12:35:29.327+0800][32.363s][info][gc,marking  ] GC(247) Concurrent Scan Root Regions
[2026-09-03T12:35:29.327+0800][32.363s][info][safepoint   ] Safepoint "G1CollectForAllocation", Time since last: 308694042 ns, Reaching safepoint: 2625 ns, At safepoint: 2495750 ns, Leaving safepoint: 40916 ns, Total: 2539291 ns, Threads: 0 runnable, 42 total
[2026-09-03T12:35:29.329+0800][32.365s][info][gc,marking  ] GC(247) Concurrent Scan Root Regions 2.130ms
[2026-09-03T12:35:29.329+0800][32.365s][info][gc,marking  ] GC(247) Concurrent Mark
[2026-09-03T12:35:29.329+0800][32.365s][info][gc,marking  ] GC(247) Concurrent Mark From Roots
[2026-09-03T12:35:29.329+0800][32.365s][info][gc,task     ] GC(247) Concurrent Mark Using 2 of 2 Workers
[2026-09-03T12:35:29.333+0800][32.369s][info][gc,marking  ] GC(247) Concurrent Mark From Roots 3.886ms
[2026-09-03T12:35:29.333+0800][32.369s][info][gc,marking  ] GC(247) Concurrent Preclean
[2026-09-03T12:35:29.333+0800][32.369s][info][gc,marking  ] GC(247) Concurrent Preclean 0.011ms
[2026-09-03T12:35:29.333+0800][32.369s][info][gc,start    ] GC(247) Pause Remark
[2026-09-03T12:35:29.334+0800][32.370s][info][gc          ] GC(247) Pause Remark 135M->101M(256M) 0.376ms
[2026-09-03T12:35:29.334+0800][32.370s][info][gc,cpu      ] GC(247) User=0.00s Sys=0.00s Real=0.00s
[2026-09-03T12:35:29.334+0800][32.370s][info][safepoint   ] Safepoint "G1PauseRemark", Time since last: 6058667 ns, Reaching safepoint: 3125 ns, At safepoint: 397333 ns, Leaving safepoint: 18667 ns, Total: 419125 ns, Threads: 0 runnable, 42 total
[2026-09-03T12:35:29.334+0800][32.370s][info][gc,marking  ] GC(247) Concurrent Mark 4.398ms
[2026-09-03T12:35:29.334+0800][32.370s][info][gc,marking  ] GC(247) Concurrent Rebuild Remembered Sets and Scrub Regions
[2026-09-03T12:35:29.337+0800][32.373s][info][gc,marking  ] GC(247) Concurrent Rebuild Remembered Sets and Scrub Regions 3.403ms
[2026-09-03T12:35:29.337+0800][32.373s][info][gc,start    ] GC(247) Pause Cleanup
[2026-09-03T12:35:29.337+0800][32.373s][info][gc          ] GC(247) Pause Cleanup 101M->101M(256M) 0.031ms
[2026-09-03T12:35:29.337+0800][32.373s][info][gc,cpu      ] GC(247) User=0.00s Sys=0.00s Real=0.00s
[2026-09-03T12:35:29.337+0800][32.373s][info][safepoint   ] Safepoint "G1PauseCleanup", Time since last: 3464667 ns, Reaching safepoint: 19208 ns, At safepoint: 46417 ns, Leaving safepoint: 3791 ns, Total: 69416 ns, Threads: 1 runnable, 42 total
[2026-09-03T12:35:29.337+0800][32.373s][info][gc,marking  ] GC(247) Concurrent Clear Claimed Marks
[2026-09-03T12:35:29.337+0800][32.373s][info][gc,marking  ] GC(247) Concurrent Clear Claimed Marks 0.007ms
[2026-09-03T12:35:29.337+0800][32.373s][info][gc,marking  ] GC(247) Concurrent Cleanup for Next Mark
[2026-09-03T12:35:29.337+0800][32.373s][info][gc,marking  ] GC(247) Concurrent Cleanup for Next Mark 0.087ms
[2026-09-03T12:35:29.337+0800][32.373s][info][gc          ] GC(247) Concurrent Mark Cycle 10.180ms
[2026-09-03T12:35:29.594+0800][32.631s][info][gc,start    ] GC(248) Pause Young (Prepare Mixed) (G1 Evacuation Pause)
[2026-09-03T12:35:29.595+0800][32.631s][info][gc,task     ] GC(248) Using 9 workers of 9 for evacuation
[2026-09-03T12:35:29.597+0800][32.633s][info][gc,phases   ] GC(248)   Pre Evacuate Collection Set: 0.05ms
[2026-09-03T12:35:29.597+0800][32.633s][info][gc,phases   ] GC(248)   Merge Heap Roots: 0.02ms
[2026-09-03T12:35:29.597+0800][32.633s][info][gc,phases   ] GC(248)   Evacuate Collection Set: 1.78ms
[2026-09-03T12:35:29.597+0800][32.633s][info][gc,phases   ] GC(248)   Post Evacuate Collection Set: 0.10ms
[2026-09-03T12:35:29.597+0800][32.633s][info][gc,phases   ] GC(248)   Other: 0.06ms
[2026-09-03T12:35:29.597+0800][32.633s][info][gc,heap     ] GC(248) Eden regions: 88->0(98)
[2026-09-03T12:35:29.597+0800][32.633s][info][gc,heap     ] GC(248) Survivor regions: 15->13(13)
[2026-09-03T12:35:29.597+0800][32.633s][info][gc,heap     ] GC(248) Old regions: 81->102
[2026-09-03T12:35:29.597+0800][32.633s][info][gc,heap     ] GC(248) Humongous regions: 1->1
[2026-09-03T12:35:29.597+0800][32.633s][info][gc,metaspace] GC(248) Metaspace: 1059K(1216K)->1059K(1216K) NonClass: 994K(1088K)->994K(1088K) Class: 64K(128K)->64K(128K)
[2026-09-03T12:35:29.597+0800][32.633s][info][gc          ] GC(248) Pause Young (Prepare Mixed) (G1 Evacuation Pause) 185M->115M(256M) 2.114ms
[2026-09-03T12:35:29.597+0800][32.633s][info][gc,cpu      ] GC(248) User=0.01s Sys=0.00s Real=0.00s
[2026-09-03T12:35:29.597+0800][32.633s][info][safepoint   ] Safepoint "G1CollectForAllocation", Time since last: 257382000 ns, Reaching safepoint: 2042 ns, At safepoint: 2136542 ns, Leaving safepoint: 38583 ns, Total: 2177167 ns, Threads: 0 runnable, 42 total
[2026-09-03T12:35:29.893+0800][32.929s][info][gc,start    ] GC(249) Pause Young (Mixed) (G1 Evacuation Pause)
[2026-09-03T12:35:29.893+0800][32.929s][info][gc,task     ] GC(249) Using 9 workers of 9 for evacuation
[2026-09-03T12:35:29.895+0800][32.932s][info][gc,phases   ] GC(249)   Pre Evacuate Collection Set: 0.05ms
[2026-09-03T12:35:29.895+0800][32.932s][info][gc,phases   ] GC(249)   Merge Heap Roots: 0.04ms
[2026-09-03T12:35:29.895+0800][32.932s][info][gc,phases   ] GC(249)   Evacuate Collection Set: 1.91ms
[2026-09-03T12:35:29.895+0800][32.932s][info][gc,phases   ] GC(249)   Post Evacuate Collection Set: 0.10ms
[2026-09-03T12:35:29.895+0800][32.932s][info][gc,phases   ] GC(249)   Other: 0.06ms
[2026-09-03T12:35:29.895+0800][32.932s][info][gc,heap     ] GC(249) Eden regions: 98->0(103)
[2026-09-03T12:35:29.895+0800][32.932s][info][gc,heap     ] GC(249) Survivor regions: 13->14(14)
[2026-09-03T12:35:29.895+0800][32.932s][info][gc,heap     ] GC(249) Old regions: 102->95
[2026-09-03T12:35:29.895+0800][32.932s][info][gc,heap     ] GC(249) Humongous regions: 1->1
[2026-09-03T12:35:29.895+0800][32.932s][info][gc,metaspace] GC(249) Metaspace: 1059K(1216K)->1059K(1216K) NonClass: 994K(1088K)->994K(1088K) Class: 64K(128K)->64K(128K)
[2026-09-03T12:35:29.895+0800][32.932s][info][gc          ] GC(249) Pause Young (Mixed) (G1 Evacuation Pause) 213M->109M(256M) 2.281ms
[2026-09-03T12:35:29.895+0800][32.932s][info][gc,cpu      ] GC(249) User=0.01s Sys=0.00s Real=0.00s
[2026-09-03T12:35:29.895+0800][32.932s][info][safepoint   ] Safepoint "G1CollectForAllocation", Time since last: 296490083 ns, Reaching safepoint: 2500 ns, At safepoint: 2303500 ns, Leaving safepoint: 20750 ns, Total: 2326750 ns, Threads: 0 runnable, 42 total
[2026-09-03T12:35:30.206+0800][33.243s][info][gc,start    ] GC(250) Pause Young (Concurrent Start) (G1 Evacuation Pause)
[2026-09-03T12:35:30.207+0800][33.243s][info][gc,task     ] GC(250) Using 9 workers of 9 for evacuation
[2026-09-03T12:35:30.209+0800][33.245s][info][gc,phases   ] GC(250)   Pre Evacuate Collection Set: 0.15ms
[2026-09-03T12:35:30.209+0800][33.245s][info][gc,phases   ] GC(250)   Merge Heap Roots: 0.02ms
[2026-09-03T12:35:30.209+0800][33.245s][info][gc,phases   ] GC(250)   Evacuate Collection Set: 2.05ms
[2026-09-03T12:35:30.209+0800][33.245s][info][gc,phases   ] GC(250)   Post Evacuate Collection Set: 0.10ms
[2026-09-03T12:35:30.209+0800][33.245s][info][gc,phases   ] GC(250)   Other: 0.14ms
[2026-09-03T12:35:30.209+0800][33.245s][info][gc,heap     ] GC(250) Eden regions: 103->0(89)
[2026-09-03T12:35:30.209+0800][33.245s][info][gc,heap     ] GC(250) Survivor regions: 14->15(15)
[2026-09-03T12:35:30.209+0800][33.245s][info][gc,heap     ] GC(250) Old regions: 95->114
[2026-09-03T12:35:30.209+0800][33.245s][info][gc,heap     ] GC(250) Humongous regions: 1->1
[2026-09-03T12:35:30.209+0800][33.245s][info][gc,metaspace] GC(250) Metaspace: 1059K(1216K)->1059K(1216K) NonClass: 994K(1088K)->994K(1088K) Class: 64K(128K)->64K(128K)
[2026-09-03T12:35:30.209+0800][33.245s][info][gc          ] GC(250) Pause Young (Concurrent Start) (G1 Evacuation Pause) 212M->130M(256M) 2.620ms
[2026-09-03T12:35:30.209+0800][33.245s][info][gc,cpu      ] GC(250) User=0.02s Sys=0.01s Real=0.00s
[2026-09-03T12:35:30.209+0800][33.245s][info][gc          ] GC(251) Concurrent Mark Cycle
[2026-09-03T12:35:30.209+0800][33.245s][info][gc,marking  ] GC(251) Concurrent Scan Root Regions
[2026-09-03T12:35:30.209+0800][33.245s][info][safepoint   ] Safepoint "G1CollectForAllocation", Time since last: 310932625 ns, Reaching safepoint: 2959 ns, At safepoint: 2651916 ns, Leaving safepoint: 66042 ns, Total: 2720917 ns, Threads: 0 runnable, 42 total
[2026-09-03T12:35:30.211+0800][33.247s][info][gc,marking  ] GC(251) Concurrent Scan Root Regions 2.134ms
[2026-09-03T12:35:30.211+0800][33.247s][info][gc,marking  ] GC(251) Concurrent Mark
[2026-09-03T12:35:30.211+0800][33.247s][info][gc,marking  ] GC(251) Concurrent Mark From Roots
[2026-09-03T12:35:30.211+0800][33.247s][info][gc,task     ] GC(251) Concurrent Mark Using 2 of 2 Workers
[2026-09-03T12:35:30.215+0800][33.251s][info][gc,marking  ] GC(251) Concurrent Mark From Roots 3.878ms
[2026-09-03T12:35:30.215+0800][33.251s][info][gc,marking  ] GC(251) Concurrent Preclean
[2026-09-03T12:35:30.215+0800][33.251s][info][gc,marking  ] GC(251) Concurrent Preclean 0.013ms
[2026-09-03T12:35:30.215+0800][33.251s][info][gc,start    ] GC(251) Pause Remark
[2026-09-03T12:35:30.216+0800][33.252s][info][gc          ] GC(251) Pause Remark 134M->102M(256M) 0.406ms
[2026-09-03T12:35:30.216+0800][33.252s][info][gc,cpu      ] GC(251) User=0.00s Sys=0.00s Real=0.00s
[2026-09-03T12:35:30.216+0800][33.252s][info][safepoint   ] Safepoint "G1PauseRemark", Time since last: 6078417 ns, Reaching safepoint: 4000 ns, At safepoint: 429041 ns, Leaving safepoint: 19709 ns, Total: 452750 ns, Threads: 0 runnable, 42 total
[2026-09-03T12:35:30.216+0800][33.252s][info][gc,marking  ] GC(251) Concurrent Mark 4.486ms
[2026-09-03T12:35:30.216+0800][33.252s][info][gc,marking  ] GC(251) Concurrent Rebuild Remembered Sets and Scrub Regions
[2026-09-03T12:35:30.220+0800][33.256s][info][gc,marking  ] GC(251) Concurrent Rebuild Remembered Sets and Scrub Regions 3.847ms
[2026-09-03T12:35:30.220+0800][33.256s][info][gc,start    ] GC(251) Pause Cleanup
[2026-09-03T12:35:30.220+0800][33.256s][info][gc          ] GC(251) Pause Cleanup 104M->104M(256M) 0.034ms
[2026-09-03T12:35:30.220+0800][33.256s][info][gc,cpu      ] GC(251) User=0.00s Sys=0.00s Real=0.00s
[2026-09-03T12:35:30.220+0800][33.256s][info][safepoint   ] Safepoint "G1PauseCleanup", Time since last: 3949041 ns, Reaching safepoint: 17084 ns, At safepoint: 51458 ns, Leaving safepoint: 2167 ns, Total: 70709 ns, Threads: 1 runnable, 42 total
[2026-09-03T12:35:30.220+0800][33.256s][info][gc,marking  ] GC(251) Concurrent Clear Claimed Marks
[2026-09-03T12:35:30.220+0800][33.256s][info][gc,marking  ] GC(251) Concurrent Clear Claimed Marks 0.005ms
[2026-09-03T12:35:30.220+0800][33.256s][info][gc,marking  ] GC(251) Concurrent Cleanup for Next Mark
[2026-09-03T12:35:30.220+0800][33.256s][info][gc,marking  ] GC(251) Concurrent Cleanup for Next Mark 0.090ms
[2026-09-03T12:35:30.220+0800][33.256s][info][gc          ] GC(251) Concurrent Mark Cycle 10.766ms
[2026-09-03T12:35:30.478+0800][33.514s][info][gc,start    ] GC(252) Pause Young (Prepare Mixed) (G1 Evacuation Pause)
[2026-09-03T12:35:30.478+0800][33.514s][info][gc,task     ] GC(252) Using 9 workers of 9 for evacuation
[2026-09-03T12:35:30.480+0800][33.516s][info][gc,phases   ] GC(252)   Pre Evacuate Collection Set: 0.05ms
[2026-09-03T12:35:30.480+0800][33.516s][info][gc,phases   ] GC(252)   Merge Heap Roots: 0.03ms
[2026-09-03T12:35:30.480+0800][33.516s][info][gc,phases   ] GC(252)   Evacuate Collection Set: 1.86ms
[2026-09-03T12:35:30.480+0800][33.516s][info][gc,phases   ] GC(252)   Post Evacuate Collection Set: 0.11ms
[2026-09-03T12:35:30.480+0800][33.516s][info][gc,phases   ] GC(252)   Other: 0.06ms
[2026-09-03T12:35:30.480+0800][33.516s][info][gc,heap     ] GC(252) Eden regions: 89->0(99)
[2026-09-03T12:35:30.480+0800][33.516s][info][gc,heap     ] GC(252) Survivor regions: 15->13(13)
[2026-09-03T12:35:30.480+0800][33.516s][info][gc,heap     ] GC(252) Old regions: 82->102
[2026-09-03T12:35:30.480+0800][33.516s][info][gc,heap     ] GC(252) Humongous regions: 1->1
[2026-09-03T12:35:30.480+0800][33.516s][info][gc,metaspace] GC(252) Metaspace: 1059K(1216K)->1059K(1216K) NonClass: 994K(1088K)->994K(1088K) Class: 64K(128K)->64K(128K)
[2026-09-03T12:35:30.480+0800][33.516s][info][gc          ] GC(252) Pause Young (Prepare Mixed) (G1 Evacuation Pause) 187M->115M(256M) 2.216ms
[2026-09-03T12:35:30.480+0800][33.516s][info][gc,cpu      ] GC(252) User=0.01s Sys=0.00s Real=0.01s
[2026-09-03T12:35:30.480+0800][33.516s][info][safepoint   ] Safepoint "G1CollectForAllocation", Time since last: 258101625 ns, Reaching safepoint: 2750 ns, At safepoint: 2239625 ns, Leaving safepoint: 29750 ns, Total: 2272125 ns, Threads: 0 runnable, 42 total
[2026-09-03T12:35:30.781+0800][33.817s][info][gc,start    ] GC(253) Pause Young (Mixed) (G1 Evacuation Pause)
[2026-09-03T12:35:30.781+0800][33.817s][info][gc,task     ] GC(253) Using 9 workers of 9 for evacuation
[2026-09-03T12:35:30.784+0800][33.820s][info][gc,phases   ] GC(253)   Pre Evacuate Collection Set: 0.08ms
[2026-09-03T12:35:30.784+0800][33.820s][info][gc,phases   ] GC(253)   Merge Heap Roots: 0.05ms
[2026-09-03T12:35:30.784+0800][33.820s][info][gc,phases   ] GC(253)   Evacuate Collection Set: 2.33ms
[2026-09-03T12:35:30.784+0800][33.820s][info][gc,phases   ] GC(253)   Post Evacuate Collection Set: 0.10ms
[2026-09-03T12:35:30.784+0800][33.820s][info][gc,phases   ] GC(253)   Other: 0.07ms
[2026-09-03T12:35:30.784+0800][33.820s][info][gc,heap     ] GC(253) Eden regions: 99->0(104)
[2026-09-03T12:35:30.784+0800][33.820s][info][gc,heap     ] GC(253) Survivor regions: 13->14(14)
[2026-09-03T12:35:30.784+0800][33.820s][info][gc,heap     ] GC(253) Old regions: 102->94
[2026-09-03T12:35:30.784+0800][33.820s][info][gc,heap     ] GC(253) Humongous regions: 1->1
[2026-09-03T12:35:30.784+0800][33.820s][info][gc,metaspace] GC(253) Metaspace: 1059K(1216K)->1059K(1216K) NonClass: 994K(1088K)->994K(1088K) Class: 64K(128K)->64K(128K)
[2026-09-03T12:35:30.784+0800][33.820s][info][gc          ] GC(253) Pause Young (Mixed) (G1 Evacuation Pause) 214M->109M(256M) 2.770ms
[2026-09-03T12:35:30.784+0800][33.820s][info][gc,cpu      ] GC(253) User=0.02s Sys=0.00s Real=0.00s
[2026-09-03T12:35:30.784+0800][33.820s][info][safepoint   ] Safepoint "G1CollectForAllocation", Time since last: 300918291 ns, Reaching safepoint: 3959 ns, At safepoint: 2797750 ns, Leaving safepoint: 27500 ns, Total: 2829209 ns, Threads: 0 runnable, 42 total
[2026-09-03T12:35:31.099+0800][34.136s][info][gc,start    ] GC(254) Pause Young (Concurrent Start) (G1 Evacuation Pause)
[2026-09-03T12:35:31.099+0800][34.136s][info][gc,task     ] GC(254) Using 9 workers of 9 for evacuation
[2026-09-03T12:35:31.102+0800][34.138s][info][gc,phases   ] GC(254)   Pre Evacuate Collection Set: 0.06ms
[2026-09-03T12:35:31.102+0800][34.138s][info][gc,phases   ] GC(254)   Merge Heap Roots: 0.03ms
[2026-09-03T12:35:31.102+0800][34.138s][info][gc,phases   ] GC(254)   Evacuate Collection Set: 1.83ms
[2026-09-03T12:35:31.102+0800][34.138s][info][gc,phases   ] GC(254)   Post Evacuate Collection Set: 0.11ms
[2026-09-03T12:35:31.102+0800][34.138s][info][gc,phases   ] GC(254)   Other: 0.05ms
[2026-09-03T12:35:31.102+0800][34.138s][info][gc,heap     ] GC(254) Eden regions: 104->0(89)
[2026-09-03T12:35:31.102+0800][34.138s][info][gc,heap     ] GC(254) Survivor regions: 14->15(15)
[2026-09-03T12:35:31.102+0800][34.138s][info][gc,heap     ] GC(254) Old regions: 94->114
[2026-09-03T12:35:31.102+0800][34.138s][info][gc,heap     ] GC(254) Humongous regions: 1->1
[2026-09-03T12:35:31.102+0800][34.138s][info][gc,metaspace] GC(254) Metaspace: 1059K(1216K)->1059K(1216K) NonClass: 994K(1088K)->994K(1088K) Class: 64K(128K)->64K(128K)
[2026-09-03T12:35:31.102+0800][34.138s][info][gc          ] GC(254) Pause Young (Concurrent Start) (G1 Evacuation Pause) 213M->129M(256M) 2.207ms
[2026-09-03T12:35:31.102+0800][34.138s][info][gc,cpu      ] GC(254) User=0.01s Sys=0.00s Real=0.01s
[2026-09-03T12:35:31.102+0800][34.138s][info][gc          ] GC(255) Concurrent Mark Cycle
[2026-09-03T12:35:31.102+0800][34.138s][info][gc,marking  ] GC(255) Concurrent Scan Root Regions
[2026-09-03T12:35:31.102+0800][34.138s][info][safepoint   ] Safepoint "G1CollectForAllocation", Time since last: 315592333 ns, Reaching safepoint: 2500 ns, At safepoint: 2235167 ns, Leaving safepoint: 42250 ns, Total: 2279917 ns, Threads: 0 runnable, 42 total
[2026-09-03T12:35:31.104+0800][34.140s][info][gc,marking  ] GC(255) Concurrent Scan Root Regions 2.070ms
[2026-09-03T12:35:31.104+0800][34.140s][info][gc,marking  ] GC(255) Concurrent Mark
[2026-09-03T12:35:31.104+0800][34.140s][info][gc,marking  ] GC(255) Concurrent Mark From Roots
[2026-09-03T12:35:31.104+0800][34.140s][info][gc,task     ] GC(255) Concurrent Mark Using 2 of 2 Workers
[2026-09-03T12:35:31.108+0800][34.144s][info][gc,marking  ] GC(255) Concurrent Mark From Roots 4.237ms
[2026-09-03T12:35:31.108+0800][34.144s][info][gc,marking  ] GC(255) Concurrent Preclean
[2026-09-03T12:35:31.108+0800][34.144s][info][gc,marking  ] GC(255) Concurrent Preclean 0.010ms
[2026-09-03T12:35:31.108+0800][34.144s][info][gc,start    ] GC(255) Pause Remark
[2026-09-03T12:35:31.108+0800][34.145s][info][gc          ] GC(255) Pause Remark 133M->100M(256M) 0.374ms
[2026-09-03T12:35:31.108+0800][34.145s][info][gc,cpu      ] GC(255) User=0.00s Sys=0.00s Real=0.00s
[2026-09-03T12:35:31.108+0800][34.145s][info][safepoint   ] Safepoint "G1PauseRemark", Time since last: 6348083 ns, Reaching safepoint: 5083 ns, At safepoint: 396000 ns, Leaving safepoint: 27375 ns, Total: 428458 ns, Threads: 1 runnable, 42 total
[2026-09-03T12:35:31.108+0800][34.145s][info][gc,marking  ] GC(255) Concurrent Mark 4.776ms
[2026-09-03T12:35:31.109+0800][34.145s][info][gc,marking  ] GC(255) Concurrent Rebuild Remembered Sets and Scrub Regions
[2026-09-03T12:35:31.112+0800][34.148s][info][gc,marking  ] GC(255) Concurrent Rebuild Remembered Sets and Scrub Regions 3.215ms
[2026-09-03T12:35:31.112+0800][34.148s][info][gc,start    ] GC(255) Pause Cleanup
[2026-09-03T12:35:31.112+0800][34.148s][info][gc          ] GC(255) Pause Cleanup 101M->101M(256M) 0.036ms
[2026-09-03T12:35:31.112+0800][34.148s][info][gc,cpu      ] GC(255) User=0.00s Sys=0.00s Real=0.00s
[2026-09-03T12:35:31.112+0800][34.148s][info][safepoint   ] Safepoint "G1PauseCleanup", Time since last: 3328667 ns, Reaching safepoint: 2208 ns, At safepoint: 55584 ns, Leaving safepoint: 1458 ns, Total: 59250 ns, Threads: 0 runnable, 42 total
[2026-09-03T12:35:31.112+0800][34.148s][info][gc,marking  ] GC(255) Concurrent Clear Claimed Marks
[2026-09-03T12:35:31.112+0800][34.148s][info][gc,marking  ] GC(255) Concurrent Clear Claimed Marks 0.005ms
[2026-09-03T12:35:31.112+0800][34.148s][info][gc,marking  ] GC(255) Concurrent Cleanup for Next Mark
[2026-09-03T12:35:31.112+0800][34.148s][info][gc,marking  ] GC(255) Concurrent Cleanup for Next Mark 0.092ms
[2026-09-03T12:35:31.112+0800][34.148s][info][gc          ] GC(255) Concurrent Mark Cycle 10.337ms
[2026-09-03T12:35:31.372+0800][34.408s][info][gc,start    ] GC(256) Pause Young (Prepare Mixed) (G1 Evacuation Pause)
[2026-09-03T12:35:31.372+0800][34.408s][info][gc,task     ] GC(256) Using 9 workers of 9 for evacuation
[2026-09-03T12:35:31.374+0800][34.411s][info][gc,phases   ] GC(256)   Pre Evacuate Collection Set: 0.06ms
[2026-09-03T12:35:31.374+0800][34.411s][info][gc,phases   ] GC(256)   Merge Heap Roots: 0.03ms
[2026-09-03T12:35:31.374+0800][34.411s][info][gc,phases   ] GC(256)   Evacuate Collection Set: 2.25ms
[2026-09-03T12:35:31.374+0800][34.411s][info][gc,phases   ] GC(256)   Post Evacuate Collection Set: 0.08ms
[2026-09-03T12:35:31.374+0800][34.411s][info][gc,phases   ] GC(256)   Other: 0.06ms
[2026-09-03T12:35:31.374+0800][34.411s][info][gc,heap     ] GC(256) Eden regions: 89->0(99)
[2026-09-03T12:35:31.374+0800][34.411s][info][gc,heap     ] GC(256) Survivor regions: 15->13(13)
[2026-09-03T12:35:31.374+0800][34.411s][info][gc,heap     ] GC(256) Old regions: 81->102
[2026-09-03T12:35:31.374+0800][34.411s][info][gc,heap     ] GC(256) Humongous regions: 1->1
[2026-09-03T12:35:31.374+0800][34.411s][info][gc,metaspace] GC(256) Metaspace: 1059K(1216K)->1059K(1216K) NonClass: 994K(1088K)->994K(1088K) Class: 64K(128K)->64K(128K)
[2026-09-03T12:35:31.374+0800][34.411s][info][gc          ] GC(256) Pause Young (Prepare Mixed) (G1 Evacuation Pause) 185M->115M(256M) 2.627ms
[2026-09-03T12:35:31.374+0800][34.411s][info][gc,cpu      ] GC(256) User=0.02s Sys=0.00s Real=0.00s
[2026-09-03T12:35:31.374+0800][34.411s][info][safepoint   ] Safepoint "G1CollectForAllocation", Time since last: 260002375 ns, Reaching safepoint: 2750 ns, At safepoint: 2651792 ns, Leaving safepoint: 27375 ns, Total: 2681917 ns, Threads: 0 runnable, 42 total
[2026-09-03T12:35:31.675+0800][34.711s][info][gc,start    ] GC(257) Pause Young (Mixed) (G1 Evacuation Pause)
[2026-09-03T12:35:31.675+0800][34.711s][info][gc,task     ] GC(257) Using 9 workers of 9 for evacuation
[2026-09-03T12:35:31.677+0800][34.713s][info][gc,phases   ] GC(257)   Pre Evacuate Collection Set: 0.08ms
[2026-09-03T12:35:31.677+0800][34.713s][info][gc,phases   ] GC(257)   Merge Heap Roots: 0.04ms
[2026-09-03T12:35:31.677+0800][34.713s][info][gc,phases   ] GC(257)   Evacuate Collection Set: 1.95ms
[2026-09-03T12:35:31.677+0800][34.713s][info][gc,phases   ] GC(257)   Post Evacuate Collection Set: 0.10ms
[2026-09-03T12:35:31.677+0800][34.713s][info][gc,phases   ] GC(257)   Other: 0.06ms
[2026-09-03T12:35:31.677+0800][34.713s][info][gc,heap     ] GC(257) Eden regions: 99->0(102)
[2026-09-03T12:35:31.677+0800][34.713s][info][gc,heap     ] GC(257) Survivor regions: 13->14(14)
[2026-09-03T12:35:31.677+0800][34.713s][info][gc,heap     ] GC(257) Old regions: 102->96
[2026-09-03T12:35:31.677+0800][34.713s][info][gc,heap     ] GC(257) Humongous regions: 1->1
[2026-09-03T12:35:31.677+0800][34.713s][info][gc,metaspace] GC(257) Metaspace: 1059K(1216K)->1059K(1216K) NonClass: 994K(1088K)->994K(1088K) Class: 64K(128K)->64K(128K)
[2026-09-03T12:35:31.677+0800][34.713s][info][gc          ] GC(257) Pause Young (Mixed) (G1 Evacuation Pause) 214M->110M(256M) 2.351ms
[2026-09-03T12:35:31.677+0800][34.713s][info][gc,cpu      ] GC(257) User=0.02s Sys=0.00s Real=0.00s
[2026-09-03T12:35:31.677+0800][34.713s][info][safepoint   ] Safepoint "G1CollectForAllocation", Time since last: 300106083 ns, Reaching safepoint: 2542 ns, At safepoint: 2376041 ns, Leaving safepoint: 42250 ns, Total: 2420833 ns, Threads: 0 runnable, 42 total
[2026-09-03T12:35:31.986+0800][35.022s][info][gc,start    ] GC(258) Pause Young (Concurrent Start) (G1 Evacuation Pause)
[2026-09-03T12:35:31.986+0800][35.022s][info][gc,task     ] GC(258) Using 9 workers of 9 for evacuation
[2026-09-03T12:35:31.988+0800][35.024s][info][gc,phases   ] GC(258)   Pre Evacuate Collection Set: 0.06ms
[2026-09-03T12:35:31.988+0800][35.024s][info][gc,phases   ] GC(258)   Merge Heap Roots: 0.02ms
[2026-09-03T12:35:31.988+0800][35.024s][info][gc,phases   ] GC(258)   Evacuate Collection Set: 1.79ms
[2026-09-03T12:35:31.988+0800][35.024s][info][gc,phases   ] GC(258)   Post Evacuate Collection Set: 0.08ms
[2026-09-03T12:35:31.988+0800][35.024s][info][gc,phases   ] GC(258)   Other: 0.06ms
[2026-09-03T12:35:31.988+0800][35.024s][info][gc,heap     ] GC(258) Eden regions: 102->0(87)
[2026-09-03T12:35:31.988+0800][35.024s][info][gc,heap     ] GC(258) Survivor regions: 14->15(15)
[2026-09-03T12:35:31.988+0800][35.024s][info][gc,heap     ] GC(258) Old regions: 96->116
[2026-09-03T12:35:31.988+0800][35.024s][info][gc,heap     ] GC(258) Humongous regions: 1->1
[2026-09-03T12:35:31.988+0800][35.024s][info][gc,metaspace] GC(258) Metaspace: 1059K(1216K)->1059K(1216K) NonClass: 994K(1088K)->994K(1088K) Class: 64K(128K)->64K(128K)
[2026-09-03T12:35:31.988+0800][35.024s][info][gc          ] GC(258) Pause Young (Concurrent Start) (G1 Evacuation Pause) 212M->131M(256M) 2.129ms
[2026-09-03T12:35:31.988+0800][35.025s][info][gc,cpu      ] GC(258) User=0.01s Sys=0.00s Real=0.00s
[2026-09-03T12:35:31.988+0800][35.025s][info][gc          ] GC(259) Concurrent Mark Cycle
[2026-09-03T12:35:31.988+0800][35.025s][info][gc,marking  ] GC(259) Concurrent Scan Root Regions
[2026-09-03T12:35:31.988+0800][35.025s][info][safepoint   ] Safepoint "G1CollectForAllocation", Time since last: 309059459 ns, Reaching safepoint: 2375 ns, At safepoint: 2160208 ns, Leaving safepoint: 21542 ns, Total: 2184125 ns, Threads: 0 runnable, 42 total
[2026-09-03T12:35:31.991+0800][35.027s][info][gc,marking  ] GC(259) Concurrent Scan Root Regions 2.691ms
[2026-09-03T12:35:31.991+0800][35.027s][info][gc,marking  ] GC(259) Concurrent Mark
[2026-09-03T12:35:31.991+0800][35.027s][info][gc,marking  ] GC(259) Concurrent Mark From Roots
[2026-09-03T12:35:31.991+0800][35.027s][info][gc,task     ] GC(259) Concurrent Mark Using 2 of 2 Workers
[2026-09-03T12:35:31.994+0800][35.031s][info][gc,marking  ] GC(259) Concurrent Mark From Roots 3.504ms
[2026-09-03T12:35:31.995+0800][35.031s][info][gc,marking  ] GC(259) Concurrent Preclean
[2026-09-03T12:35:31.995+0800][35.031s][info][gc,marking  ] GC(259) Concurrent Preclean 0.010ms
[2026-09-03T12:35:31.995+0800][35.031s][info][gc,start    ] GC(259) Pause Remark
[2026-09-03T12:35:31.995+0800][35.031s][info][gc          ] GC(259) Pause Remark 135M->105M(256M) 0.325ms
[2026-09-03T12:35:31.995+0800][35.031s][info][gc,cpu      ] GC(259) User=0.00s Sys=0.00s Real=0.00s
[2026-09-03T12:35:31.995+0800][35.031s][info][safepoint   ] Safepoint "G1PauseRemark", Time since last: 6266250 ns, Reaching safepoint: 2916 ns, At safepoint: 353709 ns, Leaving safepoint: 13791 ns, Total: 370416 ns, Threads: 0 runnable, 42 total
[2026-09-03T12:35:31.995+0800][35.031s][info][gc,marking  ] GC(259) Concurrent Mark 3.978ms
[2026-09-03T12:35:31.995+0800][35.031s][info][gc,marking  ] GC(259) Concurrent Rebuild Remembered Sets and Scrub Regions
[2026-09-03T12:35:31.999+0800][35.036s][info][gc,marking  ] GC(259) Concurrent Rebuild Remembered Sets and Scrub Regions 4.332ms
[2026-09-03T12:35:31.999+0800][35.036s][info][gc,start    ] GC(259) Pause Cleanup
[2026-09-03T12:35:31.999+0800][35.036s][info][gc          ] GC(259) Pause Cleanup 107M->107M(256M) 0.047ms
[2026-09-03T12:35:31.999+0800][35.036s][info][gc,cpu      ] GC(259) User=0.00s Sys=0.00s Real=0.00s
[2026-09-03T12:35:31.999+0800][35.036s][info][safepoint   ] Safepoint "G1PauseCleanup", Time since last: 4427042 ns, Reaching safepoint: 2958 ns, At safepoint: 68084 ns, Leaving safepoint: 1250 ns, Total: 72292 ns, Threads: 0 runnable, 42 total
[2026-09-03T12:35:31.999+0800][35.036s][info][gc,marking  ] GC(259) Concurrent Clear Claimed Marks
[2026-09-03T12:35:31.999+0800][35.036s][info][gc,marking  ] GC(259) Concurrent Clear Claimed Marks 0.021ms
[2026-09-03T12:35:31.999+0800][35.036s][info][gc,marking  ] GC(259) Concurrent Cleanup for Next Mark
[2026-09-03T12:35:32.000+0800][35.036s][info][gc,marking  ] GC(259) Concurrent Cleanup for Next Mark 0.196ms
[2026-09-03T12:35:32.000+0800][35.036s][info][gc          ] GC(259) Concurrent Mark Cycle 11.443ms
[2026-09-03T12:35:32.250+0800][35.287s][info][gc,start    ] GC(260) Pause Young (Prepare Mixed) (G1 Evacuation Pause)
[2026-09-03T12:35:32.251+0800][35.287s][info][gc,task     ] GC(260) Using 9 workers of 9 for evacuation
[2026-09-03T12:35:32.253+0800][35.289s][info][gc,phases   ] GC(260)   Pre Evacuate Collection Set: 0.06ms
[2026-09-03T12:35:32.253+0800][35.289s][info][gc,phases   ] GC(260)   Merge Heap Roots: 0.02ms
[2026-09-03T12:35:32.253+0800][35.289s][info][gc,phases   ] GC(260)   Evacuate Collection Set: 1.77ms
[2026-09-03T12:35:32.253+0800][35.289s][info][gc,phases   ] GC(260)   Post Evacuate Collection Set: 0.09ms
[2026-09-03T12:35:32.253+0800][35.289s][info][gc,phases   ] GC(260)   Other: 0.06ms
[2026-09-03T12:35:32.253+0800][35.289s][info][gc,heap     ] GC(260) Eden regions: 87->0(97)
[2026-09-03T12:35:32.253+0800][35.289s][info][gc,heap     ] GC(260) Survivor regions: 15->13(13)
[2026-09-03T12:35:32.253+0800][35.289s][info][gc,heap     ] GC(260) Old regions: 86->105
[2026-09-03T12:35:32.253+0800][35.289s][info][gc,heap     ] GC(260) Humongous regions: 1->1
[2026-09-03T12:35:32.253+0800][35.289s][info][gc,metaspace] GC(260) Metaspace: 1059K(1216K)->1059K(1216K) NonClass: 994K(1088K)->994K(1088K) Class: 64K(128K)->64K(128K)
[2026-09-03T12:35:32.253+0800][35.289s][info][gc          ] GC(260) Pause Young (Prepare Mixed) (G1 Evacuation Pause) 188M->119M(256M) 2.345ms
[2026-09-03T12:35:32.253+0800][35.289s][info][gc,cpu      ] GC(260) User=0.02s Sys=0.00s Real=0.00s
[2026-09-03T12:35:32.253+0800][35.289s][info][safepoint   ] Safepoint "G1CollectForAllocation", Time since last: 250912166 ns, Reaching safepoint: 3375 ns, At safepoint: 2367417 ns, Leaving safepoint: 21708 ns, Total: 2392500 ns, Threads: 0 runnable, 42 total
[2026-09-03T12:35:32.546+0800][35.582s][info][gc,start    ] GC(261) Pause Young (Mixed) (G1 Evacuation Pause)
[2026-09-03T12:35:32.546+0800][35.582s][info][gc,task     ] GC(261) Using 9 workers of 9 for evacuation
[2026-09-03T12:35:32.549+0800][35.585s][info][gc,phases   ] GC(261)   Pre Evacuate Collection Set: 0.05ms
[2026-09-03T12:35:32.549+0800][35.585s][info][gc,phases   ] GC(261)   Merge Heap Roots: 0.03ms
[2026-09-03T12:35:32.549+0800][35.585s][info][gc,phases   ] GC(261)   Evacuate Collection Set: 2.64ms
[2026-09-03T12:35:32.549+0800][35.585s][info][gc,phases   ] GC(261)   Post Evacuate Collection Set: 0.10ms
[2026-09-03T12:35:32.549+0800][35.585s][info][gc,phases   ] GC(261)   Other: 0.06ms
[2026-09-03T12:35:32.549+0800][35.585s][info][gc,heap     ] GC(261) Eden regions: 97->0(102)
[2026-09-03T12:35:32.549+0800][35.585s][info][gc,heap     ] GC(261) Survivor regions: 13->14(14)
[2026-09-03T12:35:32.549+0800][35.585s][info][gc,heap     ] GC(261) Old regions: 105->96
[2026-09-03T12:35:32.549+0800][35.585s][info][gc,heap     ] GC(261) Humongous regions: 1->1
[2026-09-03T12:35:32.549+0800][35.585s][info][gc,metaspace] GC(261) Metaspace: 1059K(1216K)->1059K(1216K) NonClass: 994K(1088K)->994K(1088K) Class: 64K(128K)->64K(128K)
[2026-09-03T12:35:32.549+0800][35.585s][info][gc          ] GC(261) Pause Young (Mixed) (G1 Evacuation Pause) 216M->110M(256M) 3.000ms
[2026-09-03T12:35:32.549+0800][35.585s][info][gc,cpu      ] GC(261) User=0.02s Sys=0.00s Real=0.00s
[2026-09-03T12:35:32.549+0800][35.585s][info][safepoint   ] Safepoint "G1CollectForAllocation", Time since last: 293333209 ns, Reaching safepoint: 20208 ns, At safepoint: 3023542 ns, Leaving safepoint: 22166 ns, Total: 3065916 ns, Threads: 1 runnable, 42 total
[2026-09-03T12:35:32.855+0800][35.891s][info][gc,start    ] GC(262) Pause Young (Mixed) (G1 Evacuation Pause)
[2026-09-03T12:35:32.855+0800][35.891s][info][gc,task     ] GC(262) Using 9 workers of 9 for evacuation
[2026-09-03T12:35:32.857+0800][35.894s][info][gc,phases   ] GC(262)   Pre Evacuate Collection Set: 0.06ms
[2026-09-03T12:35:32.857+0800][35.894s][info][gc,phases   ] GC(262)   Merge Heap Roots: 0.04ms
[2026-09-03T12:35:32.857+0800][35.894s][info][gc,phases   ] GC(262)   Evacuate Collection Set: 2.21ms
[2026-09-03T12:35:32.857+0800][35.894s][info][gc,phases   ] GC(262)   Post Evacuate Collection Set: 0.13ms
[2026-09-03T12:35:32.857+0800][35.894s][info][gc,phases   ] GC(262)   Other: 0.07ms
[2026-09-03T12:35:32.857+0800][35.894s][info][gc,heap     ] GC(262) Eden regions: 102->0(90)
[2026-09-03T12:35:32.857+0800][35.894s][info][gc,heap     ] GC(262) Survivor regions: 14->15(15)
[2026-09-03T12:35:32.857+0800][35.894s][info][gc,heap     ] GC(262) Old regions: 96->113
[2026-09-03T12:35:32.857+0800][35.894s][info][gc,heap     ] GC(262) Humongous regions: 1->1
[2026-09-03T12:35:32.857+0800][35.894s][info][gc,metaspace] GC(262) Metaspace: 1059K(1216K)->1059K(1216K) NonClass: 994K(1088K)->994K(1088K) Class: 64K(128K)->64K(128K)
[2026-09-03T12:35:32.857+0800][35.894s][info][gc          ] GC(262) Pause Young (Mixed) (G1 Evacuation Pause) 212M->128M(256M) 2.658ms
[2026-09-03T12:35:32.857+0800][35.894s][info][gc,cpu      ] GC(262) User=0.01s Sys=0.00s Real=0.00s
[2026-09-03T12:35:32.857+0800][35.894s][info][safepoint   ] Safepoint "G1CollectForAllocation", Time since last: 305610417 ns, Reaching safepoint: 2833 ns, At safepoint: 2685000 ns, Leaving safepoint: 22625 ns, Total: 2710458 ns, Threads: 0 runnable, 42 total
[2026-09-03T12:35:33.130+0800][36.166s][info][gc,start    ] GC(263) Pause Young (Concurrent Start) (G1 Evacuation Pause)
[2026-09-03T12:35:33.130+0800][36.166s][info][gc,task     ] GC(263) Using 9 workers of 9 for evacuation
[2026-09-03T12:35:33.133+0800][36.169s][info][gc,phases   ] GC(263)   Pre Evacuate Collection Set: 0.08ms
[2026-09-03T12:35:33.133+0800][36.169s][info][gc,phases   ] GC(263)   Merge Heap Roots: 0.03ms
[2026-09-03T12:35:33.133+0800][36.169s][info][gc,phases   ] GC(263)   Evacuate Collection Set: 2.71ms
[2026-09-03T12:35:33.133+0800][36.169s][info][gc,phases   ] GC(263)   Post Evacuate Collection Set: 0.10ms
[2026-09-03T12:35:33.133+0800][36.169s][info][gc,phases   ] GC(263)   Other: 0.07ms
[2026-09-03T12:35:33.133+0800][36.169s][info][gc,heap     ] GC(263) Eden regions: 90->0(76)
[2026-09-03T12:35:33.133+0800][36.169s][info][gc,heap     ] GC(263) Survivor regions: 15->14(14)
[2026-09-03T12:35:33.133+0800][36.169s][info][gc,heap     ] GC(263) Old regions: 113->133
[2026-09-03T12:35:33.133+0800][36.169s][info][gc,heap     ] GC(263) Humongous regions: 1->1
[2026-09-03T12:35:33.133+0800][36.169s][info][gc,metaspace] GC(263) Metaspace: 1059K(1216K)->1059K(1216K) NonClass: 994K(1088K)->994K(1088K) Class: 64K(128K)->64K(128K)
[2026-09-03T12:35:33.133+0800][36.169s][info][gc          ] GC(263) Pause Young (Concurrent Start) (G1 Evacuation Pause) 218M->147M(256M) 3.156ms
[2026-09-03T12:35:33.133+0800][36.169s][info][gc,cpu      ] GC(263) User=0.02s Sys=0.00s Real=0.00s
[2026-09-03T12:35:33.133+0800][36.169s][info][gc          ] GC(264) Concurrent Mark Cycle
[2026-09-03T12:35:33.133+0800][36.169s][info][gc,marking  ] GC(264) Concurrent Scan Root Regions
[2026-09-03T12:35:33.133+0800][36.169s][info][safepoint   ] Safepoint "G1CollectForAllocation", Time since last: 272245292 ns, Reaching safepoint: 3375 ns, At safepoint: 3192833 ns, Leaving safepoint: 22709 ns, Total: 3218917 ns, Threads: 0 runnable, 42 total
[2026-09-03T12:35:33.135+0800][36.171s][info][gc,marking  ] GC(264) Concurrent Scan Root Regions 1.995ms
[2026-09-03T12:35:33.135+0800][36.171s][info][gc,marking  ] GC(264) Concurrent Mark
[2026-09-03T12:35:33.135+0800][36.171s][info][gc,marking  ] GC(264) Concurrent Mark From Roots
[2026-09-03T12:35:33.135+0800][36.171s][info][gc,task     ] GC(264) Concurrent Mark Using 2 of 2 Workers
[2026-09-03T12:35:33.138+0800][36.175s][info][gc,marking  ] GC(264) Concurrent Mark From Roots 3.549ms
[2026-09-03T12:35:33.138+0800][36.175s][info][gc,marking  ] GC(264) Concurrent Preclean
[2026-09-03T12:35:33.138+0800][36.175s][info][gc,marking  ] GC(264) Concurrent Preclean 0.013ms
[2026-09-03T12:35:33.139+0800][36.175s][info][gc,start    ] GC(264) Pause Remark
[2026-09-03T12:35:33.139+0800][36.175s][info][gc          ] GC(264) Pause Remark 150M->109M(256M) 0.583ms
[2026-09-03T12:35:33.139+0800][36.175s][info][gc,cpu      ] GC(264) User=0.00s Sys=0.00s Real=0.00s
[2026-09-03T12:35:33.139+0800][36.175s][info][safepoint   ] Safepoint "G1PauseRemark", Time since last: 5633541 ns, Reaching safepoint: 3792 ns, At safepoint: 629000 ns, Leaving safepoint: 9875 ns, Total: 642667 ns, Threads: 0 runnable, 42 total
[2026-09-03T12:35:33.139+0800][36.176s][info][gc,marking  ] GC(264) Concurrent Mark 4.409ms
[2026-09-03T12:35:33.139+0800][36.176s][info][gc,marking  ] GC(264) Concurrent Rebuild Remembered Sets and Scrub Regions
[2026-09-03T12:35:33.143+0800][36.180s][info][gc,marking  ] GC(264) Concurrent Rebuild Remembered Sets and Scrub Regions 3.977ms
[2026-09-03T12:35:33.143+0800][36.180s][info][gc,start    ] GC(264) Pause Cleanup
[2026-09-03T12:35:33.143+0800][36.180s][info][gc          ] GC(264) Pause Cleanup 111M->111M(256M) 0.054ms
[2026-09-03T12:35:33.143+0800][36.180s][info][gc,cpu      ] GC(264) User=0.00s Sys=0.00s Real=0.00s
[2026-09-03T12:35:33.143+0800][36.180s][info][safepoint   ] Safepoint "G1PauseCleanup", Time since last: 4180667 ns, Reaching safepoint: 17750 ns, At safepoint: 76291 ns, Leaving safepoint: 4875 ns, Total: 98916 ns, Threads: 1 runnable, 42 total
[2026-09-03T12:35:33.143+0800][36.180s][info][gc,marking  ] GC(264) Concurrent Clear Claimed Marks
[2026-09-03T12:35:33.143+0800][36.180s][info][gc,marking  ] GC(264) Concurrent Clear Claimed Marks 0.010ms
[2026-09-03T12:35:33.143+0800][36.180s][info][gc,marking  ] GC(264) Concurrent Cleanup for Next Mark
[2026-09-03T12:35:33.144+0800][36.180s][info][gc,marking  ] GC(264) Concurrent Cleanup for Next Mark 0.093ms
[2026-09-03T12:35:33.144+0800][36.180s][info][gc          ] GC(264) Concurrent Mark Cycle 10.716ms
[2026-09-03T12:35:33.361+0800][36.398s][info][gc,start    ] GC(265) Pause Young (Prepare Mixed) (G1 Evacuation Pause)
[2026-09-03T12:35:33.361+0800][36.398s][info][gc,task     ] GC(265) Using 9 workers of 9 for evacuation
[2026-09-03T12:35:33.363+0800][36.400s][info][gc,phases   ] GC(265)   Pre Evacuate Collection Set: 0.08ms
[2026-09-03T12:35:33.363+0800][36.400s][info][gc,phases   ] GC(265)   Merge Heap Roots: 0.02ms
[2026-09-03T12:35:33.363+0800][36.400s][info][gc,phases   ] GC(265)   Evacuate Collection Set: 1.66ms
[2026-09-03T12:35:33.363+0800][36.400s][info][gc,phases   ] GC(265)   Post Evacuate Collection Set: 0.11ms
[2026-09-03T12:35:33.363+0800][36.400s][info][gc,phases   ] GC(265)   Other: 0.06ms
[2026-09-03T12:35:33.363+0800][36.400s][info][gc,heap     ] GC(265) Eden regions: 76->0(94)
[2026-09-03T12:35:33.363+0800][36.400s][info][gc,heap     ] GC(265) Survivor regions: 14->12(12)
[2026-09-03T12:35:33.363+0800][36.400s][info][gc,heap     ] GC(265) Old regions: 92->109
[2026-09-03T12:35:33.363+0800][36.400s][info][gc,heap     ] GC(265) Humongous regions: 1->1
[2026-09-03T12:35:33.363+0800][36.400s][info][gc,metaspace] GC(265) Metaspace: 1059K(1216K)->1059K(1216K) NonClass: 994K(1088K)->994K(1088K) Class: 64K(128K)->64K(128K)
[2026-09-03T12:35:33.363+0800][36.400s][info][gc          ] GC(265) Pause Young (Prepare Mixed) (G1 Evacuation Pause) 182M->122M(256M) 2.039ms
[2026-09-03T12:35:33.363+0800][36.400s][info][gc,cpu      ] GC(265) User=0.02s Sys=0.00s Real=0.00s
[2026-09-03T12:35:33.364+0800][36.400s][info][safepoint   ] Safepoint "G1CollectForAllocation", Time since last: 217978167 ns, Reaching safepoint: 2417 ns, At safepoint: 2061458 ns, Leaving safepoint: 29042 ns, Total: 2092917 ns, Threads: 0 runnable, 42 total
[2026-09-03T12:35:33.645+0800][36.682s][info][gc,start    ] GC(266) Pause Young (Mixed) (G1 Evacuation Pause)
[2026-09-03T12:35:33.645+0800][36.682s][info][gc,task     ] GC(266) Using 9 workers of 9 for evacuation
[2026-09-03T12:35:33.649+0800][36.685s][info][gc,phases   ] GC(266)   Pre Evacuate Collection Set: 0.07ms
[2026-09-03T12:35:33.649+0800][36.685s][info][gc,phases   ] GC(266)   Merge Heap Roots: 0.04ms
[2026-09-03T12:35:33.649+0800][36.685s][info][gc,phases   ] GC(266)   Evacuate Collection Set: 2.91ms
[2026-09-03T12:35:33.649+0800][36.685s][info][gc,phases   ] GC(266)   Post Evacuate Collection Set: 0.30ms
[2026-09-03T12:35:33.649+0800][36.685s][info][gc,phases   ] GC(266)   Other: 0.07ms
[2026-09-03T12:35:33.649+0800][36.685s][info][gc,heap     ] GC(266) Eden regions: 94->0(102)
[2026-09-03T12:35:33.649+0800][36.685s][info][gc,heap     ] GC(266) Survivor regions: 12->14(14)
[2026-09-03T12:35:33.649+0800][36.685s][info][gc,heap     ] GC(266) Old regions: 109->97
[2026-09-03T12:35:33.649+0800][36.685s][info][gc,heap     ] GC(266) Humongous regions: 1->1
[2026-09-03T12:35:33.649+0800][36.685s][info][gc,metaspace] GC(266) Metaspace: 1059K(1216K)->1059K(1216K) NonClass: 994K(1088K)->994K(1088K) Class: 64K(128K)->64K(128K)
[2026-09-03T12:35:33.649+0800][36.685s][info][gc          ] GC(266) Pause Young (Mixed) (G1 Evacuation Pause) 216M->111M(256M) 3.552ms
[2026-09-03T12:35:33.649+0800][36.685s][info][gc,cpu      ] GC(266) User=0.02s Sys=0.00s Real=0.00s
[2026-09-03T12:35:33.649+0800][36.685s][info][safepoint   ] Safepoint "G1CollectForAllocation", Time since last: 281875875 ns, Reaching safepoint: 3125 ns, At safepoint: 3584208 ns, Leaving safepoint: 26208 ns, Total: 3613541 ns, Threads: 0 runnable, 42 total
[2026-09-03T12:35:33.956+0800][36.993s][info][gc,start    ] GC(267) Pause Young (Mixed) (G1 Evacuation Pause)
[2026-09-03T12:35:33.956+0800][36.993s][info][gc,task     ] GC(267) Using 9 workers of 9 for evacuation
[2026-09-03T12:35:33.959+0800][36.995s][info][gc,phases   ] GC(267)   Pre Evacuate Collection Set: 0.05ms
[2026-09-03T12:35:33.959+0800][36.995s][info][gc,phases   ] GC(267)   Merge Heap Roots: 0.05ms
[2026-09-03T12:35:33.959+0800][36.995s][info][gc,phases   ] GC(267)   Evacuate Collection Set: 2.20ms
[2026-09-03T12:35:33.959+0800][36.995s][info][gc,phases   ] GC(267)   Post Evacuate Collection Set: 0.11ms
[2026-09-03T12:35:33.959+0800][36.995s][info][gc,phases   ] GC(267)   Other: 0.06ms
[2026-09-03T12:35:33.959+0800][36.995s][info][gc,heap     ] GC(267) Eden regions: 102->0(89)
[2026-09-03T12:35:33.959+0800][36.995s][info][gc,heap     ] GC(267) Survivor regions: 14->15(15)
[2026-09-03T12:35:33.959+0800][36.995s][info][gc,heap     ] GC(267) Old regions: 97->113
[2026-09-03T12:35:33.959+0800][36.995s][info][gc,heap     ] GC(267) Humongous regions: 1->1
[2026-09-03T12:35:33.959+0800][36.995s][info][gc,metaspace] GC(267) Metaspace: 1059K(1216K)->1059K(1216K) NonClass: 994K(1088K)->994K(1088K) Class: 64K(128K)->64K(128K)
[2026-09-03T12:35:33.959+0800][36.995s][info][gc          ] GC(267) Pause Young (Mixed) (G1 Evacuation Pause) 213M->128M(256M) 2.619ms
[2026-09-03T12:35:33.959+0800][36.995s][info][gc,cpu      ] GC(267) User=0.02s Sys=0.00s Real=0.00s
[2026-09-03T12:35:33.959+0800][36.995s][info][safepoint   ] Safepoint "G1CollectForAllocation", Time since last: 307402459 ns, Reaching safepoint: 21625 ns, At safepoint: 2654041 ns, Leaving safepoint: 40834 ns, Total: 2716500 ns, Threads: 1 runnable, 42 total
[2026-09-03T12:35:34.226+0800][37.262s][info][gc,start    ] GC(268) Pause Young (Concurrent Start) (G1 Evacuation Pause)
[2026-09-03T12:35:34.226+0800][37.262s][info][gc,task     ] GC(268) Using 9 workers of 9 for evacuation
[2026-09-03T12:35:34.228+0800][37.264s][info][gc,phases   ] GC(268)   Pre Evacuate Collection Set: 0.10ms
[2026-09-03T12:35:34.228+0800][37.265s][info][gc,phases   ] GC(268)   Merge Heap Roots: 0.04ms
[2026-09-03T12:35:34.228+0800][37.265s][info][gc,phases   ] GC(268)   Evacuate Collection Set: 1.89ms
[2026-09-03T12:35:34.228+0800][37.265s][info][gc,phases   ] GC(268)   Post Evacuate Collection Set: 0.09ms
[2026-09-03T12:35:34.228+0800][37.265s][info][gc,phases   ] GC(268)   Other: 0.06ms
[2026-09-03T12:35:34.228+0800][37.265s][info][gc,heap     ] GC(268) Eden regions: 89->0(77)
[2026-09-03T12:35:34.228+0800][37.265s][info][gc,heap     ] GC(268) Survivor regions: 15->13(13)
[2026-09-03T12:35:34.228+0800][37.265s][info][gc,heap     ] GC(268) Old regions: 113->132
[2026-09-03T12:35:34.228+0800][37.265s][info][gc,heap     ] GC(268) Humongous regions: 1->1
[2026-09-03T12:35:34.228+0800][37.265s][info][gc,metaspace] GC(268) Metaspace: 1059K(1216K)->1059K(1216K) NonClass: 994K(1088K)->994K(1088K) Class: 64K(128K)->64K(128K)
[2026-09-03T12:35:34.228+0800][37.265s][info][gc          ] GC(268) Pause Young (Concurrent Start) (G1 Evacuation Pause) 217M->146M(256M) 2.306ms
[2026-09-03T12:35:34.228+0800][37.265s][info][gc,cpu      ] GC(268) User=0.01s Sys=0.00s Real=0.00s
[2026-09-03T12:35:34.228+0800][37.265s][info][gc          ] GC(269) Concurrent Mark Cycle
[2026-09-03T12:35:34.228+0800][37.265s][info][gc,marking  ] GC(269) Concurrent Scan Root Regions
[2026-09-03T12:35:34.228+0800][37.265s][info][safepoint   ] Safepoint "G1CollectForAllocation", Time since last: 266856708 ns, Reaching safepoint: 3250 ns, At safepoint: 2337125 ns, Leaving safepoint: 27625 ns, Total: 2368000 ns, Threads: 0 runnable, 42 total
[2026-09-03T12:35:34.231+0800][37.267s][info][gc,marking  ] GC(269) Concurrent Scan Root Regions 2.444ms
[2026-09-03T12:35:34.231+0800][37.267s][info][gc,marking  ] GC(269) Concurrent Mark
[2026-09-03T12:35:34.231+0800][37.267s][info][gc,marking  ] GC(269) Concurrent Mark From Roots
[2026-09-03T12:35:34.231+0800][37.267s][info][gc,task     ] GC(269) Concurrent Mark Using 2 of 2 Workers
[2026-09-03T12:35:34.235+0800][37.271s][info][gc,marking  ] GC(269) Concurrent Mark From Roots 3.787ms
[2026-09-03T12:35:34.235+0800][37.271s][info][gc,marking  ] GC(269) Concurrent Preclean
[2026-09-03T12:35:34.235+0800][37.271s][info][gc,marking  ] GC(269) Concurrent Preclean 0.010ms
[2026-09-03T12:35:34.235+0800][37.271s][info][gc,start    ] GC(269) Pause Remark
[2026-09-03T12:35:34.235+0800][37.271s][info][gc          ] GC(269) Pause Remark 149M->103M(256M) 0.336ms
[2026-09-03T12:35:34.235+0800][37.271s][info][gc,cpu      ] GC(269) User=0.00s Sys=0.00s Real=0.00s
[2026-09-03T12:35:34.235+0800][37.271s][info][safepoint   ] Safepoint "G1PauseRemark", Time since last: 6378083 ns, Reaching safepoint: 21584 ns, At safepoint: 361750 ns, Leaving safepoint: 14750 ns, Total: 398084 ns, Threads: 1 runnable, 42 total
[2026-09-03T12:35:34.235+0800][37.271s][info][gc,marking  ] GC(269) Concurrent Mark 4.337ms
[2026-09-03T12:35:34.235+0800][37.271s][info][gc,marking  ] GC(269) Concurrent Rebuild Remembered Sets and Scrub Regions
[2026-09-03T12:35:34.240+0800][37.276s][info][gc,marking  ] GC(269) Concurrent Rebuild Remembered Sets and Scrub Regions 4.582ms
[2026-09-03T12:35:34.240+0800][37.276s][info][gc,start    ] GC(269) Pause Cleanup
[2026-09-03T12:35:34.240+0800][37.276s][info][gc          ] GC(269) Pause Cleanup 105M->105M(256M) 0.044ms
[2026-09-03T12:35:34.240+0800][37.276s][info][gc,cpu      ] GC(269) User=0.00s Sys=0.00s Real=0.00s
[2026-09-03T12:35:34.240+0800][37.276s][info][safepoint   ] Safepoint "G1PauseCleanup", Time since last: 4684458 ns, Reaching safepoint: 3292 ns, At safepoint: 65458 ns, Leaving safepoint: 1708 ns, Total: 70458 ns, Threads: 0 runnable, 42 total
[2026-09-03T12:35:34.240+0800][37.276s][info][gc,marking  ] GC(269) Concurrent Clear Claimed Marks
[2026-09-03T12:35:34.240+0800][37.276s][info][gc,marking  ] GC(269) Concurrent Clear Claimed Marks 0.008ms
[2026-09-03T12:35:34.240+0800][37.276s][info][gc,marking  ] GC(269) Concurrent Cleanup for Next Mark
[2026-09-03T12:35:34.240+0800][37.276s][info][gc,marking  ] GC(269) Concurrent Cleanup for Next Mark 0.123ms
[2026-09-03T12:35:34.240+0800][37.276s][info][gc          ] GC(269) Concurrent Mark Cycle 11.745ms
[2026-09-03T12:35:34.458+0800][37.495s][info][gc,start    ] GC(270) Pause Young (Prepare Mixed) (G1 Evacuation Pause)
[2026-09-03T12:35:34.458+0800][37.495s][info][gc,task     ] GC(270) Using 9 workers of 9 for evacuation
[2026-09-03T12:35:34.460+0800][37.496s][info][gc,phases   ] GC(270)   Pre Evacuate Collection Set: 0.05ms
[2026-09-03T12:35:34.460+0800][37.496s][info][gc,phases   ] GC(270)   Merge Heap Roots: 0.03ms
[2026-09-03T12:35:34.460+0800][37.496s][info][gc,phases   ] GC(270)   Evacuate Collection Set: 1.55ms
[2026-09-03T12:35:34.460+0800][37.496s][info][gc,phases   ] GC(270)   Post Evacuate Collection Set: 0.10ms
[2026-09-03T12:35:34.460+0800][37.496s][info][gc,phases   ] GC(270)   Other: 0.05ms
[2026-09-03T12:35:34.460+0800][37.496s][info][gc,heap     ] GC(270) Eden regions: 77->0(99)
[2026-09-03T12:35:34.460+0800][37.496s][info][gc,heap     ] GC(270) Survivor regions: 13->12(12)
[2026-09-03T12:35:34.460+0800][37.496s][info][gc,heap     ] GC(270) Old regions: 86->103
[2026-09-03T12:35:34.460+0800][37.496s][info][gc,heap     ] GC(270) Humongous regions: 1->1
[2026-09-03T12:35:34.460+0800][37.496s][info][gc,metaspace] GC(270) Metaspace: 1059K(1216K)->1059K(1216K) NonClass: 994K(1088K)->994K(1088K) Class: 64K(128K)->64K(128K)
[2026-09-03T12:35:34.460+0800][37.496s][info][gc          ] GC(270) Pause Young (Prepare Mixed) (G1 Evacuation Pause) 177M->115M(256M) 1.897ms
[2026-09-03T12:35:34.460+0800][37.496s][info][gc,cpu      ] GC(270) User=0.01s Sys=0.00s Real=0.01s
[2026-09-03T12:35:34.460+0800][37.497s][info][safepoint   ] Safepoint "G1CollectForAllocation", Time since last: 218402792 ns, Reaching safepoint: 2083 ns, At safepoint: 1922875 ns, Leaving safepoint: 24292 ns, Total: 1949250 ns, Threads: 0 runnable, 42 total
[2026-09-03T12:35:34.759+0800][37.795s][info][gc,start    ] GC(271) Pause Young (Mixed) (G1 Evacuation Pause)
[2026-09-03T12:35:34.759+0800][37.795s][info][gc,task     ] GC(271) Using 9 workers of 9 for evacuation
[2026-09-03T12:35:34.761+0800][37.798s][info][gc,phases   ] GC(271)   Pre Evacuate Collection Set: 0.06ms
[2026-09-03T12:35:34.761+0800][37.798s][info][gc,phases   ] GC(271)   Merge Heap Roots: 0.04ms
[2026-09-03T12:35:34.761+0800][37.798s][info][gc,phases   ] GC(271)   Evacuate Collection Set: 2.04ms
[2026-09-03T12:35:34.761+0800][37.798s][info][gc,phases   ] GC(271)   Post Evacuate Collection Set: 0.10ms
[2026-09-03T12:35:34.761+0800][37.798s][info][gc,phases   ] GC(271)   Other: 0.06ms
[2026-09-03T12:35:34.761+0800][37.798s][info][gc,heap     ] GC(271) Eden regions: 99->0(104)
[2026-09-03T12:35:34.761+0800][37.798s][info][gc,heap     ] GC(271) Survivor regions: 12->14(14)
[2026-09-03T12:35:34.761+0800][37.798s][info][gc,heap     ] GC(271) Old regions: 103->93
[2026-09-03T12:35:34.761+0800][37.798s][info][gc,heap     ] GC(271) Humongous regions: 1->1
[2026-09-03T12:35:34.761+0800][37.798s][info][gc,metaspace] GC(271) Metaspace: 1059K(1216K)->1059K(1216K) NonClass: 994K(1088K)->994K(1088K) Class: 64K(128K)->64K(128K)
[2026-09-03T12:35:34.761+0800][37.798s][info][gc          ] GC(271) Pause Young (Mixed) (G1 Evacuation Pause) 214M->107M(256M) 2.408ms
[2026-09-03T12:35:34.761+0800][37.798s][info][gc,cpu      ] GC(271) User=0.01s Sys=0.00s Real=0.01s
[2026-09-03T12:35:34.762+0800][37.798s][info][safepoint   ] Safepoint "G1CollectForAllocation", Time since last: 298804667 ns, Reaching safepoint: 18541 ns, At safepoint: 2430875 ns, Leaving safepoint: 34709 ns, Total: 2484125 ns, Threads: 2 runnable, 42 total
[2026-09-03T12:35:35.078+0800][38.114s][info][gc,start    ] GC(272) Pause Young (Concurrent Start) (G1 Evacuation Pause)
[2026-09-03T12:35:35.078+0800][38.114s][info][gc,task     ] GC(272) Using 9 workers of 9 for evacuation
[2026-09-03T12:35:35.080+0800][38.116s][info][gc,phases   ] GC(272)   Pre Evacuate Collection Set: 0.08ms
[2026-09-03T12:35:35.080+0800][38.116s][info][gc,phases   ] GC(272)   Merge Heap Roots: 0.03ms
[2026-09-03T12:35:35.080+0800][38.116s][info][gc,phases   ] GC(272)   Evacuate Collection Set: 1.88ms
[2026-09-03T12:35:35.080+0800][38.116s][info][gc,phases   ] GC(272)   Post Evacuate Collection Set: 0.11ms
[2026-09-03T12:35:35.080+0800][38.116s][info][gc,phases   ] GC(272)   Other: 0.06ms
[2026-09-03T12:35:35.080+0800][38.116s][info][gc,heap     ] GC(272) Eden regions: 104->0(89)
[2026-09-03T12:35:35.080+0800][38.116s][info][gc,heap     ] GC(272) Survivor regions: 14->15(15)
[2026-09-03T12:35:35.080+0800][38.116s][info][gc,heap     ] GC(272) Old regions: 93->113
[2026-09-03T12:35:35.080+0800][38.116s][info][gc,heap     ] GC(272) Humongous regions: 1->1
[2026-09-03T12:35:35.080+0800][38.116s][info][gc,metaspace] GC(272) Metaspace: 1059K(1216K)->1059K(1216K) NonClass: 994K(1088K)->994K(1088K) Class: 64K(128K)->64K(128K)
[2026-09-03T12:35:35.080+0800][38.116s][info][gc          ] GC(272) Pause Young (Concurrent Start) (G1 Evacuation Pause) 211M->128M(256M) 2.287ms
[2026-09-03T12:35:35.080+0800][38.116s][info][gc,cpu      ] GC(272) User=0.02s Sys=0.00s Real=0.01s
[2026-09-03T12:35:35.080+0800][38.116s][info][gc          ] GC(273) Concurrent Mark Cycle
[2026-09-03T12:35:35.080+0800][38.116s][info][gc,marking  ] GC(273) Concurrent Scan Root Regions
[2026-09-03T12:35:35.080+0800][38.116s][info][safepoint   ] Safepoint "G1CollectForAllocation", Time since last: 316227541 ns, Reaching safepoint: 2542 ns, At safepoint: 2315792 ns, Leaving safepoint: 38291 ns, Total: 2356625 ns, Threads: 0 runnable, 42 total
[2026-09-03T12:35:35.083+0800][38.119s][info][gc,marking  ] GC(273) Concurrent Scan Root Regions 2.674ms
[2026-09-03T12:35:35.083+0800][38.119s][info][gc,marking  ] GC(273) Concurrent Mark
[2026-09-03T12:35:35.083+0800][38.119s][info][gc,marking  ] GC(273) Concurrent Mark From Roots
[2026-09-03T12:35:35.083+0800][38.119s][info][gc,task     ] GC(273) Concurrent Mark Using 2 of 2 Workers
[2026-09-03T12:35:35.086+0800][38.122s][info][gc,marking  ] GC(273) Concurrent Mark From Roots 3.418ms
[2026-09-03T12:35:35.086+0800][38.122s][info][gc,marking  ] GC(273) Concurrent Preclean
[2026-09-03T12:35:35.086+0800][38.122s][info][gc,marking  ] GC(273) Concurrent Preclean 0.007ms
[2026-09-03T12:35:35.086+0800][38.123s][info][gc,start    ] GC(273) Pause Remark
[2026-09-03T12:35:35.087+0800][38.123s][info][gc          ] GC(273) Pause Remark 132M->99M(256M) 0.325ms
[2026-09-03T12:35:35.087+0800][38.123s][info][gc,cpu      ] GC(273) User=0.00s Sys=0.00s Real=0.00s
[2026-09-03T12:35:35.087+0800][38.123s][info][safepoint   ] Safepoint "G1PauseRemark", Time since last: 6128959 ns, Reaching safepoint: 20458 ns, At safepoint: 352667 ns, Leaving safepoint: 16583 ns, Total: 389708 ns, Threads: 2 runnable, 42 total
[2026-09-03T12:35:35.087+0800][38.123s][info][gc,marking  ] GC(273) Concurrent Mark 3.890ms
[2026-09-03T12:35:35.087+0800][38.123s][info][gc,marking  ] GC(273) Concurrent Rebuild Remembered Sets and Scrub Regions
[2026-09-03T12:35:35.091+0800][38.127s][info][gc,marking  ] GC(273) Concurrent Rebuild Remembered Sets and Scrub Regions 3.921ms
[2026-09-03T12:35:35.091+0800][38.127s][info][gc,start    ] GC(273) Pause Cleanup
[2026-09-03T12:35:35.091+0800][38.127s][info][gc          ] GC(273) Pause Cleanup 101M->101M(256M) 0.041ms
[2026-09-03T12:35:35.091+0800][38.127s][info][gc,cpu      ] GC(273) User=0.00s Sys=0.00s Real=0.00s
[2026-09-03T12:35:35.091+0800][38.127s][info][safepoint   ] Safepoint "G1PauseCleanup", Time since last: 4001292 ns, Reaching safepoint: 2041 ns, At safepoint: 60125 ns, Leaving safepoint: 1584 ns, Total: 63750 ns, Threads: 0 runnable, 42 total
[2026-09-03T12:35:35.091+0800][38.127s][info][gc,marking  ] GC(273) Concurrent Clear Claimed Marks
[2026-09-03T12:35:35.091+0800][38.127s][info][gc,marking  ] GC(273) Concurrent Clear Claimed Marks 0.008ms
[2026-09-03T12:35:35.091+0800][38.127s][info][gc,marking  ] GC(273) Concurrent Cleanup for Next Mark
[2026-09-03T12:35:35.091+0800][38.127s][info][gc,marking  ] GC(273) Concurrent Cleanup for Next Mark 0.136ms
[2026-09-03T12:35:35.091+0800][38.127s][info][gc          ] GC(273) Concurrent Mark Cycle 10.802ms
[2026-09-03T12:35:35.347+0800][38.383s][info][gc,start    ] GC(274) Pause Young (Prepare Mixed) (G1 Evacuation Pause)
[2026-09-03T12:35:35.347+0800][38.383s][info][gc,task     ] GC(274) Using 9 workers of 9 for evacuation
[2026-09-03T12:35:35.350+0800][38.386s][info][gc,phases   ] GC(274)   Pre Evacuate Collection Set: 0.08ms
[2026-09-03T12:35:35.350+0800][38.386s][info][gc,phases   ] GC(274)   Merge Heap Roots: 0.02ms
[2026-09-03T12:35:35.350+0800][38.386s][info][gc,phases   ] GC(274)   Evacuate Collection Set: 2.27ms
[2026-09-03T12:35:35.350+0800][38.386s][info][gc,phases   ] GC(274)   Post Evacuate Collection Set: 0.11ms
[2026-09-03T12:35:35.350+0800][38.386s][info][gc,phases   ] GC(274)   Other: 0.07ms
[2026-09-03T12:35:35.350+0800][38.386s][info][gc,heap     ] GC(274) Eden regions: 89->0(100)
[2026-09-03T12:35:35.350+0800][38.386s][info][gc,heap     ] GC(274) Survivor regions: 15->13(13)
[2026-09-03T12:35:35.350+0800][38.386s][info][gc,heap     ] GC(274) Old regions: 80->100
[2026-09-03T12:35:35.350+0800][38.386s][info][gc,heap     ] GC(274) Humongous regions: 1->1
[2026-09-03T12:35:35.350+0800][38.386s][info][gc,metaspace] GC(274) Metaspace: 1059K(1216K)->1059K(1216K) NonClass: 994K(1088K)->994K(1088K) Class: 64K(128K)->64K(128K)
[2026-09-03T12:35:35.350+0800][38.386s][info][gc          ] GC(274) Pause Young (Prepare Mixed) (G1 Evacuation Pause) 184M->113M(256M) 2.685ms
[2026-09-03T12:35:35.350+0800][38.386s][info][gc,cpu      ] GC(274) User=0.02s Sys=0.00s Real=0.01s
[2026-09-03T12:35:35.350+0800][38.386s][info][safepoint   ] Safepoint "G1CollectForAllocation", Time since last: 256339416 ns, Reaching safepoint: 2959 ns, At safepoint: 2713583 ns, Leaving safepoint: 27125 ns, Total: 2743667 ns, Threads: 0 runnable, 42 total
[2026-09-03T12:35:35.649+0800][38.686s][info][gc,start    ] GC(275) Pause Young (Mixed) (G1 Evacuation Pause)
[2026-09-03T12:35:35.650+0800][38.686s][info][gc,task     ] GC(275) Using 9 workers of 9 for evacuation
[2026-09-03T12:35:35.652+0800][38.688s][info][gc,phases   ] GC(275)   Pre Evacuate Collection Set: 0.06ms
[2026-09-03T12:35:35.652+0800][38.688s][info][gc,phases   ] GC(275)   Merge Heap Roots: 0.04ms
[2026-09-03T12:35:35.652+0800][38.688s][info][gc,phases   ] GC(275)   Evacuate Collection Set: 2.03ms
[2026-09-03T12:35:35.652+0800][38.688s][info][gc,phases   ] GC(275)   Post Evacuate Collection Set: 0.11ms
[2026-09-03T12:35:35.652+0800][38.688s][info][gc,phases   ] GC(275)   Other: 0.07ms
[2026-09-03T12:35:35.652+0800][38.688s][info][gc,heap     ] GC(275) Eden regions: 100->0(102)
[2026-09-03T12:35:35.652+0800][38.688s][info][gc,heap     ] GC(275) Survivor regions: 13->15(15)
[2026-09-03T12:35:35.652+0800][38.688s][info][gc,heap     ] GC(275) Old regions: 100->96
[2026-09-03T12:35:35.652+0800][38.688s][info][gc,heap     ] GC(275) Humongous regions: 1->1
[2026-09-03T12:35:35.652+0800][38.688s][info][gc,metaspace] GC(275) Metaspace: 1059K(1216K)->1059K(1216K) NonClass: 994K(1088K)->994K(1088K) Class: 64K(128K)->64K(128K)
[2026-09-03T12:35:35.652+0800][38.688s][info][gc          ] GC(275) Pause Young (Mixed) (G1 Evacuation Pause) 213M->111M(256M) 2.419ms
[2026-09-03T12:35:35.652+0800][38.688s][info][gc,cpu      ] GC(275) User=0.02s Sys=0.00s Real=0.01s
[2026-09-03T12:35:35.652+0800][38.688s][info][safepoint   ] Safepoint "G1CollectForAllocation", Time since last: 299665500 ns, Reaching safepoint: 21500 ns, At safepoint: 2443208 ns, Leaving safepoint: 44459 ns, Total: 2509167 ns, Threads: 1 runnable, 42 total
[2026-09-03T12:35:35.959+0800][38.995s][info][gc,start    ] GC(276) Pause Young (Concurrent Start) (G1 Evacuation Pause)
[2026-09-03T12:35:35.959+0800][38.995s][info][gc,task     ] GC(276) Using 9 workers of 9 for evacuation
[2026-09-03T12:35:35.961+0800][38.997s][info][gc,phases   ] GC(276)   Pre Evacuate Collection Set: 0.07ms
[2026-09-03T12:35:35.961+0800][38.997s][info][gc,phases   ] GC(276)   Merge Heap Roots: 0.03ms
[2026-09-03T12:35:35.961+0800][38.997s][info][gc,phases   ] GC(276)   Evacuate Collection Set: 2.02ms
[2026-09-03T12:35:35.961+0800][38.997s][info][gc,phases   ] GC(276)   Post Evacuate Collection Set: 0.09ms
[2026-09-03T12:35:35.961+0800][38.997s][info][gc,phases   ] GC(276)   Other: 0.06ms
[2026-09-03T12:35:35.961+0800][38.997s][info][gc,heap     ] GC(276) Eden regions: 102->0(87)
[2026-09-03T12:35:35.961+0800][38.997s][info][gc,heap     ] GC(276) Survivor regions: 15->15(15)
[2026-09-03T12:35:35.961+0800][38.997s][info][gc,heap     ] GC(276) Old regions: 96->117
[2026-09-03T12:35:35.961+0800][38.997s][info][gc,heap     ] GC(276) Humongous regions: 1->1
[2026-09-03T12:35:35.961+0800][38.997s][info][gc,metaspace] GC(276) Metaspace: 1059K(1216K)->1059K(1216K) NonClass: 994K(1088K)->994K(1088K) Class: 64K(128K)->64K(128K)
[2026-09-03T12:35:35.961+0800][38.997s][info][gc          ] GC(276) Pause Young (Concurrent Start) (G1 Evacuation Pause) 213M->132M(256M) 2.382ms
[2026-09-03T12:35:35.961+0800][38.997s][info][gc          ] GC(277) Concurrent Mark Cycle
[2026-09-03T12:35:35.961+0800][38.997s][info][gc,cpu      ] GC(276) User=0.01s Sys=0.00s Real=0.01s
[2026-09-03T12:35:35.961+0800][38.997s][info][gc,marking  ] GC(277) Concurrent Scan Root Regions
[2026-09-03T12:35:35.961+0800][38.997s][info][safepoint   ] Safepoint "G1CollectForAllocation", Time since last: 306666291 ns, Reaching safepoint: 20042 ns, At safepoint: 2432875 ns, Leaving safepoint: 28708 ns, Total: 2481625 ns, Threads: 1 runnable, 42 total
[2026-09-03T12:35:35.963+0800][39.000s][info][gc,marking  ] GC(277) Concurrent Scan Root Regions 2.178ms
[2026-09-03T12:35:35.963+0800][39.000s][info][gc,marking  ] GC(277) Concurrent Mark
[2026-09-03T12:35:35.963+0800][39.000s][info][gc,marking  ] GC(277) Concurrent Mark From Roots
[2026-09-03T12:35:35.963+0800][39.000s][info][gc,task     ] GC(277) Concurrent Mark Using 2 of 2 Workers
[2026-09-03T12:35:35.967+0800][39.004s][info][gc,marking  ] GC(277) Concurrent Mark From Roots 4.062ms
[2026-09-03T12:35:35.967+0800][39.004s][info][gc,marking  ] GC(277) Concurrent Preclean
[2026-09-03T12:35:35.967+0800][39.004s][info][gc,marking  ] GC(277) Concurrent Preclean 0.008ms
[2026-09-03T12:35:35.967+0800][39.004s][info][gc,start    ] GC(277) Pause Remark
[2026-09-03T12:35:35.968+0800][39.004s][info][gc          ] GC(277) Pause Remark 136M->104M(256M) 0.354ms
[2026-09-03T12:35:35.968+0800][39.004s][info][gc,cpu      ] GC(277) User=0.00s Sys=0.00s Real=0.00s
[2026-09-03T12:35:35.968+0800][39.004s][info][safepoint   ] Safepoint "G1PauseRemark", Time since last: 6267750 ns, Reaching safepoint: 23250 ns, At safepoint: 374584 ns, Leaving safepoint: 23000 ns, Total: 420834 ns, Threads: 1 runnable, 42 total
[2026-09-03T12:35:35.968+0800][39.004s][info][gc,marking  ] GC(277) Concurrent Mark 4.588ms
[2026-09-03T12:35:35.968+0800][39.004s][info][gc,marking  ] GC(277) Concurrent Rebuild Remembered Sets and Scrub Regions
[2026-09-03T12:35:35.971+0800][39.008s][info][gc,marking  ] GC(277) Concurrent Rebuild Remembered Sets and Scrub Regions 3.549ms
[2026-09-03T12:35:35.971+0800][39.008s][info][gc,start    ] GC(277) Pause Cleanup
[2026-09-03T12:35:35.972+0800][39.008s][info][gc          ] GC(277) Pause Cleanup 106M->106M(256M) 0.071ms
[2026-09-03T12:35:35.972+0800][39.008s][info][gc,cpu      ] GC(277) User=0.00s Sys=0.00s Real=0.00s
[2026-09-03T12:35:35.972+0800][39.008s][info][safepoint   ] Safepoint "G1PauseCleanup", Time since last: 3638000 ns, Reaching safepoint: 20625 ns, At safepoint: 101833 ns, Leaving safepoint: 5208 ns, Total: 127666 ns, Threads: 1 runnable, 42 total
[2026-09-03T12:35:35.972+0800][39.008s][info][gc,marking  ] GC(277) Concurrent Clear Claimed Marks
[2026-09-03T12:35:35.972+0800][39.008s][info][gc,marking  ] GC(277) Concurrent Clear Claimed Marks 0.008ms
[2026-09-03T12:35:35.972+0800][39.008s][info][gc,marking  ] GC(277) Concurrent Cleanup for Next Mark
[2026-09-03T12:35:35.972+0800][39.008s][info][gc,marking  ] GC(277) Concurrent Cleanup for Next Mark 0.167ms
[2026-09-03T12:35:35.972+0800][39.008s][info][gc          ] GC(277) Concurrent Mark Cycle 10.734ms
[2026-09-03T12:35:36.225+0800][39.261s][info][gc,start    ] GC(278) Pause Young (Prepare Mixed) (G1 Evacuation Pause)
[2026-09-03T12:35:36.225+0800][39.261s][info][gc,task     ] GC(278) Using 9 workers of 9 for evacuation
[2026-09-03T12:35:36.227+0800][39.263s][info][gc,phases   ] GC(278)   Pre Evacuate Collection Set: 0.08ms
[2026-09-03T12:35:36.227+0800][39.263s][info][gc,phases   ] GC(278)   Merge Heap Roots: 0.03ms
[2026-09-03T12:35:36.227+0800][39.263s][info][gc,phases   ] GC(278)   Evacuate Collection Set: 1.71ms
[2026-09-03T12:35:36.227+0800][39.263s][info][gc,phases   ] GC(278)   Post Evacuate Collection Set: 0.10ms
[2026-09-03T12:35:36.227+0800][39.263s][info][gc,phases   ] GC(278)   Other: 0.06ms
[2026-09-03T12:35:36.227+0800][39.263s][info][gc,heap     ] GC(278) Eden regions: 87->0(97)
[2026-09-03T12:35:36.227+0800][39.263s][info][gc,heap     ] GC(278) Survivor regions: 15->13(13)
[2026-09-03T12:35:36.227+0800][39.263s][info][gc,heap     ] GC(278) Old regions: 85->105
[2026-09-03T12:35:36.227+0800][39.263s][info][gc,heap     ] GC(278) Humongous regions: 1->1
[2026-09-03T12:35:36.227+0800][39.263s][info][gc,metaspace] GC(278) Metaspace: 1059K(1216K)->1059K(1216K) NonClass: 994K(1088K)->994K(1088K) Class: 64K(128K)->64K(128K)
[2026-09-03T12:35:36.227+0800][39.263s][info][gc          ] GC(278) Pause Young (Prepare Mixed) (G1 Evacuation Pause) 187M->118M(256M) 2.091ms
[2026-09-03T12:35:36.227+0800][39.263s][info][gc,cpu      ] GC(278) User=0.02s Sys=0.00s Real=0.00s
[2026-09-03T12:35:36.227+0800][39.263s][info][safepoint   ] Safepoint "G1CollectForAllocation", Time since last: 253061375 ns, Reaching safepoint: 2709 ns, At safepoint: 2114166 ns, Leaving safepoint: 43709 ns, Total: 2160584 ns, Threads: 0 runnable, 42 total
[2026-09-03T12:35:36.518+0800][39.554s][info][gc,start    ] GC(279) Pause Young (Mixed) (G1 Evacuation Pause)
[2026-09-03T12:35:36.518+0800][39.554s][info][gc,task     ] GC(279) Using 9 workers of 9 for evacuation
[2026-09-03T12:35:36.520+0800][39.556s][info][gc,phases   ] GC(279)   Pre Evacuate Collection Set: 0.04ms
[2026-09-03T12:35:36.520+0800][39.556s][info][gc,phases   ] GC(279)   Merge Heap Roots: 0.04ms
[2026-09-03T12:35:36.520+0800][39.556s][info][gc,phases   ] GC(279)   Evacuate Collection Set: 1.84ms
[2026-09-03T12:35:36.520+0800][39.556s][info][gc,phases   ] GC(279)   Post Evacuate Collection Set: 0.11ms
[2026-09-03T12:35:36.520+0800][39.556s][info][gc,phases   ] GC(279)   Other: 0.06ms
[2026-09-03T12:35:36.520+0800][39.556s][info][gc,heap     ] GC(279) Eden regions: 97->0(102)
[2026-09-03T12:35:36.520+0800][39.556s][info][gc,heap     ] GC(279) Survivor regions: 13->14(14)
[2026-09-03T12:35:36.520+0800][39.556s][info][gc,heap     ] GC(279) Old regions: 105->96
[2026-09-03T12:35:36.520+0800][39.556s][info][gc,heap     ] GC(279) Humongous regions: 1->1
[2026-09-03T12:35:36.520+0800][39.556s][info][gc,metaspace] GC(279) Metaspace: 1059K(1216K)->1059K(1216K) NonClass: 994K(1088K)->994K(1088K) Class: 64K(128K)->64K(128K)
[2026-09-03T12:35:36.520+0800][39.556s][info][gc          ] GC(279) Pause Young (Mixed) (G1 Evacuation Pause) 215M->110M(256M) 2.192ms
[2026-09-03T12:35:36.520+0800][39.556s][info][gc,cpu      ] GC(279) User=0.02s Sys=0.00s Real=0.01s
[2026-09-03T12:35:36.520+0800][39.556s][info][safepoint   ] Safepoint "G1CollectForAllocation", Time since last: 291035166 ns, Reaching safepoint: 20792 ns, At safepoint: 2215167 ns, Leaving safepoint: 30291 ns, Total: 2266250 ns, Threads: 1 runnable, 42 total
[2026-09-03T12:35:36.829+0800][39.865s][info][gc,start    ] GC(280) Pause Young (Mixed) (G1 Evacuation Pause)
[2026-09-03T12:35:36.829+0800][39.865s][info][gc,task     ] GC(280) Using 9 workers of 9 for evacuation
[2026-09-03T12:35:36.832+0800][39.868s][info][gc,phases   ] GC(280)   Pre Evacuate Collection Set: 0.07ms
[2026-09-03T12:35:36.832+0800][39.868s][info][gc,phases   ] GC(280)   Merge Heap Roots: 0.04ms
[2026-09-03T12:35:36.832+0800][39.868s][info][gc,phases   ] GC(280)   Evacuate Collection Set: 2.62ms
[2026-09-03T12:35:36.832+0800][39.868s][info][gc,phases   ] GC(280)   Post Evacuate Collection Set: 0.09ms
[2026-09-03T12:35:36.832+0800][39.868s][info][gc,phases   ] GC(280)   Other: 0.07ms
[2026-09-03T12:35:36.832+0800][39.868s][info][gc,heap     ] GC(280) Eden regions: 102->0(88)
[2026-09-03T12:35:36.832+0800][39.868s][info][gc,heap     ] GC(280) Survivor regions: 14->15(15)
[2026-09-03T12:35:36.832+0800][39.868s][info][gc,heap     ] GC(280) Old regions: 96->115
[2026-09-03T12:35:36.832+0800][39.868s][info][gc,heap     ] GC(280) Humongous regions: 1->1
[2026-09-03T12:35:36.832+0800][39.868s][info][gc,metaspace] GC(280) Metaspace: 1059K(1216K)->1059K(1216K) NonClass: 994K(1088K)->994K(1088K) Class: 64K(128K)->64K(128K)
[2026-09-03T12:35:36.832+0800][39.868s][info][gc          ] GC(280) Pause Young (Mixed) (G1 Evacuation Pause) 212M->130M(256M) 3.010ms
[2026-09-03T12:35:36.832+0800][39.868s][info][gc,cpu      ] GC(280) User=0.02s Sys=0.00s Real=0.01s
[2026-09-03T12:35:36.832+0800][39.868s][info][safepoint   ] Safepoint "G1CollectForAllocation", Time since last: 308815959 ns, Reaching safepoint: 17416 ns, At safepoint: 3035875 ns, Leaving safepoint: 24000 ns, Total: 3077291 ns, Threads: 1 runnable, 42 total
[2026-09-03T12:35:37.098+0800][40.134s][info][gc,start    ] GC(281) Pause Young (Concurrent Start) (G1 Evacuation Pause)
[2026-09-03T12:35:37.098+0800][40.134s][info][gc,task     ] GC(281) Using 9 workers of 9 for evacuation
[2026-09-03T12:35:37.100+0800][40.137s][info][gc,phases   ] GC(281)   Pre Evacuate Collection Set: 0.06ms
[2026-09-03T12:35:37.100+0800][40.137s][info][gc,phases   ] GC(281)   Merge Heap Roots: 0.02ms
[2026-09-03T12:35:37.100+0800][40.137s][info][gc,phases   ] GC(281)   Evacuate Collection Set: 2.07ms
[2026-09-03T12:35:37.100+0800][40.137s][info][gc,phases   ] GC(281)   Post Evacuate Collection Set: 0.10ms
[2026-09-03T12:35:37.100+0800][40.137s][info][gc,phases   ] GC(281)   Other: 0.06ms
[2026-09-03T12:35:37.100+0800][40.137s][info][gc,heap     ] GC(281) Eden regions: 88->0(75)
[2026-09-03T12:35:37.100+0800][40.137s][info][gc,heap     ] GC(281) Survivor regions: 15->13(13)
[2026-09-03T12:35:37.100+0800][40.137s][info][gc,heap     ] GC(281) Old regions: 115->135
[2026-09-03T12:35:37.100+0800][40.137s][info][gc,heap     ] GC(281) Humongous regions: 1->1
[2026-09-03T12:35:37.100+0800][40.137s][info][gc,metaspace] GC(281) Metaspace: 1059K(1216K)->1059K(1216K) NonClass: 994K(1088K)->994K(1088K) Class: 64K(128K)->64K(128K)
[2026-09-03T12:35:37.100+0800][40.137s][info][gc          ] GC(281) Pause Young (Concurrent Start) (G1 Evacuation Pause) 218M->149M(256M) 2.437ms
[2026-09-03T12:35:37.100+0800][40.137s][info][gc,cpu      ] GC(281) User=0.02s Sys=0.00s Real=0.01s
[2026-09-03T12:35:37.100+0800][40.137s][info][gc          ] GC(282) Concurrent Mark Cycle
[2026-09-03T12:35:37.100+0800][40.137s][info][gc,marking  ] GC(282) Concurrent Scan Root Regions
[2026-09-03T12:35:37.100+0800][40.137s][info][safepoint   ] Safepoint "G1CollectForAllocation", Time since last: 265983750 ns, Reaching safepoint: 2459 ns, At safepoint: 2465708 ns, Leaving safepoint: 44042 ns, Total: 2512209 ns, Threads: 0 runnable, 42 total
[2026-09-03T12:35:37.102+0800][40.139s][info][gc,marking  ] GC(282) Concurrent Scan Root Regions 2.060ms
[2026-09-03T12:35:37.102+0800][40.139s][info][gc,marking  ] GC(282) Concurrent Mark
[2026-09-03T12:35:37.102+0800][40.139s][info][gc,marking  ] GC(282) Concurrent Mark From Roots
[2026-09-03T12:35:37.102+0800][40.139s][info][gc,task     ] GC(282) Concurrent Mark Using 2 of 2 Workers
[2026-09-03T12:35:37.106+0800][40.143s][info][gc,marking  ] GC(282) Concurrent Mark From Roots 3.913ms
[2026-09-03T12:35:37.106+0800][40.143s][info][gc,marking  ] GC(282) Concurrent Preclean
[2026-09-03T12:35:37.106+0800][40.143s][info][gc,marking  ] GC(282) Concurrent Preclean 0.020ms
[2026-09-03T12:35:37.107+0800][40.143s][info][gc,start    ] GC(282) Pause Remark
[2026-09-03T12:35:37.107+0800][40.143s][info][gc          ] GC(282) Pause Remark 152M->106M(256M) 0.391ms
[2026-09-03T12:35:37.107+0800][40.143s][info][gc,cpu      ] GC(282) User=0.00s Sys=0.00s Real=0.00s
[2026-09-03T12:35:37.107+0800][40.143s][info][safepoint   ] Safepoint "G1PauseRemark", Time since last: 6048833 ns, Reaching safepoint: 15167 ns, At safepoint: 435583 ns, Leaving safepoint: 30750 ns, Total: 481500 ns, Threads: 0 runnable, 42 total
[2026-09-03T12:35:37.107+0800][40.143s][info][gc,marking  ] GC(282) Concurrent Mark 4.516ms
[2026-09-03T12:35:37.107+0800][40.143s][info][gc,marking  ] GC(282) Concurrent Rebuild Remembered Sets and Scrub Regions
[2026-09-03T12:35:37.111+0800][40.147s][info][gc,marking  ] GC(282) Concurrent Rebuild Remembered Sets and Scrub Regions 3.909ms
[2026-09-03T12:35:37.111+0800][40.147s][info][gc,start    ] GC(282) Pause Cleanup
[2026-09-03T12:35:37.111+0800][40.147s][info][gc          ] GC(282) Pause Cleanup 108M->108M(256M) 0.042ms
[2026-09-03T12:35:37.111+0800][40.147s][info][gc,cpu      ] GC(282) User=0.00s Sys=0.00s Real=0.00s
[2026-09-03T12:35:37.111+0800][40.147s][info][safepoint   ] Safepoint "G1PauseCleanup", Time since last: 3983417 ns, Reaching safepoint: 19791 ns, At safepoint: 62209 ns, Leaving safepoint: 8416 ns, Total: 90416 ns, Threads: 2 runnable, 42 total
[2026-09-03T12:35:37.111+0800][40.147s][info][gc,marking  ] GC(282) Concurrent Clear Claimed Marks
[2026-09-03T12:35:37.111+0800][40.147s][info][gc,marking  ] GC(282) Concurrent Clear Claimed Marks 0.007ms
[2026-09-03T12:35:37.111+0800][40.147s][info][gc,marking  ] GC(282) Concurrent Cleanup for Next Mark
[2026-09-03T12:35:37.111+0800][40.147s][info][gc,marking  ] GC(282) Concurrent Cleanup for Next Mark 0.090ms
[2026-09-03T12:35:37.111+0800][40.147s][info][gc          ] GC(282) Concurrent Mark Cycle 10.781ms
[2026-09-03T12:35:37.327+0800][40.363s][info][gc,start    ] GC(283) Pause Young (Prepare Mixed) (G1 Evacuation Pause)
[2026-09-03T12:35:37.327+0800][40.363s][info][gc,task     ] GC(283) Using 9 workers of 9 for evacuation
[2026-09-03T12:35:37.328+0800][40.365s][info][gc,phases   ] GC(283)   Pre Evacuate Collection Set: 0.06ms
[2026-09-03T12:35:37.328+0800][40.365s][info][gc,phases   ] GC(283)   Merge Heap Roots: 0.03ms
[2026-09-03T12:35:37.328+0800][40.365s][info][gc,phases   ] GC(283)   Evacuate Collection Set: 1.58ms
[2026-09-03T12:35:37.328+0800][40.365s][info][gc,phases   ] GC(283)   Post Evacuate Collection Set: 0.10ms
[2026-09-03T12:35:37.328+0800][40.365s][info][gc,phases   ] GC(283)   Other: 0.05ms
[2026-09-03T12:35:37.328+0800][40.365s][info][gc,heap     ] GC(283) Eden regions: 75->0(97)
[2026-09-03T12:35:37.328+0800][40.365s][info][gc,heap     ] GC(283) Survivor regions: 13->11(11)
[2026-09-03T12:35:37.328+0800][40.365s][info][gc,heap     ] GC(283) Old regions: 89->107
[2026-09-03T12:35:37.328+0800][40.365s][info][gc,heap     ] GC(283) Humongous regions: 1->1
[2026-09-03T12:35:37.328+0800][40.365s][info][gc,metaspace] GC(283) Metaspace: 1059K(1216K)->1059K(1216K) NonClass: 994K(1088K)->994K(1088K) Class: 64K(128K)->64K(128K)
[2026-09-03T12:35:37.328+0800][40.365s][info][gc          ] GC(283) Pause Young (Prepare Mixed) (G1 Evacuation Pause) 178M->118M(256M) 1.906ms
[2026-09-03T12:35:37.328+0800][40.365s][info][gc,cpu      ] GC(283) User=0.01s Sys=0.00s Real=0.00s
[2026-09-03T12:35:37.329+0800][40.365s][info][safepoint   ] Safepoint "G1CollectForAllocation", Time since last: 215486875 ns, Reaching safepoint: 2084 ns, At safepoint: 1928916 ns, Leaving safepoint: 40500 ns, Total: 1971500 ns, Threads: 0 runnable, 42 total
[2026-09-03T12:35:37.474+0800][40.510s][info][gc,exit     ] Heap
[2026-09-03T12:35:37.474+0800][40.510s][info][gc,exit     ]  garbage-first heap   total reserved 262144K, committed 262144K, used 160318K [0x00000007f0000000, 0x0000000800000000)
[2026-09-03T12:35:37.474+0800][40.510s][info][gc,exit     ]   region size 1M, 39 eden (39M), 11 survivor (11M), 107 old (107M), 1 humongous (1M), 98 free (98M)
[2026-09-03T12:35:37.474+0800][40.510s][info][gc,exit     ]  Metaspace       used 1140K, committed 1344K, reserved 1114112K
[2026-09-03T12:35:37.474+0800][40.510s][info][gc,exit     ]   class space    used 76K, committed 192K, reserved 1048576K
