[2026-09-03T12:37:51.548+0800][0.009s][info][gc,init] CardTable entry size: 512
[2026-09-03T12:37:51.548+0800][0.010s][info][gc     ] Using G1
[2026-09-03T12:37:51.549+0800][0.010s][info][gc,init] Version: 26+35-2893 (release)
[2026-09-03T12:37:51.549+0800][0.010s][info][gc,init] CPUs: 10 total, 10 available
[2026-09-03T12:37:51.549+0800][0.010s][info][gc,init] Memory: 16384M
[2026-09-03T12:37:51.549+0800][0.010s][info][gc,init] Large Page Support: Disabled
[2026-09-03T12:37:51.549+0800][0.010s][info][gc,init] NUMA Support: Disabled
[2026-09-03T12:37:51.549+0800][0.010s][info][gc,init] Compressed Oops: Enabled (Zero based)
[2026-09-03T12:37:51.549+0800][0.010s][info][gc,init] Heap Region Size: 1M
[2026-09-03T12:37:51.549+0800][0.010s][info][gc,init] Heap Min Capacity: 256M
[2026-09-03T12:37:51.549+0800][0.010s][info][gc,init] Heap Initial Capacity: 256M
[2026-09-03T12:37:51.549+0800][0.010s][info][gc,init] Heap Max Capacity: 256M
[2026-09-03T12:37:51.549+0800][0.010s][info][gc,init] Pre-touch: Disabled
[2026-09-03T12:37:51.549+0800][0.010s][info][gc,init] Parallel Workers: 9
[2026-09-03T12:37:51.549+0800][0.010s][info][gc,init] Concurrent Workers: 2
[2026-09-03T12:37:51.549+0800][0.010s][info][gc,init] Concurrent Refinement Workers: 9
[2026-09-03T12:37:51.549+0800][0.010s][info][gc,init] Periodic GC: Disabled
[2026-09-03T12:37:51.558+0800][0.020s][info][gc,metaspace] CDS archive(s) mapped at: [0x00003ff800000000-0x00003ff800dac000-0x00003ff800dac000), size 14336000, SharedBaseAddress: 0x00003ff800000000, ArchiveRelocationMode: 1.
[2026-09-03T12:37:51.558+0800][0.020s][info][gc,metaspace] Compressed class space mapped at: 0x00003ff801000000-0x00003ff841000000, reserved size: 1073741824
[2026-09-03T12:37:51.558+0800][0.020s][info][gc,metaspace] UseCompressedClassPointers 1, UseCompactObjectHeaders 0
[2026-09-03T12:37:51.558+0800][0.020s][info][gc,metaspace] Narrow klass pointer bits 32, Max shift 3
[2026-09-03T12:37:51.558+0800][0.020s][info][gc,metaspace] Narrow klass base: 0x00003ff800000000, Narrow klass shift: 0
[2026-09-03T12:37:51.558+0800][0.020s][info][gc,metaspace] Encoding Range: [0x00003ff800000000 - 0x00003ff900000000), (4294967296 bytes)
[2026-09-03T12:37:51.558+0800][0.020s][info][gc,metaspace] Klass Range:    [0x00003ff800000000 - 0x00003ff841000000), (1090519040 bytes)
[2026-09-03T12:37:51.558+0800][0.020s][info][gc,metaspace] Klass ID Range:  [8 - 1090519033) (1090519025)
[2026-09-03T12:37:51.558+0800][0.020s][info][gc,metaspace] Protection zone: [0x00003ff800000000 - 0x00003ff800004000), (16384 bytes)
[2026-09-03T12:37:51.770+0800][0.232s][info][gc,start    ] GC(0) Pause Young (Normal) (G1 Evacuation Pause)
[2026-09-03T12:37:51.770+0800][0.232s][info][gc,task     ] GC(0) Using 9 workers of 9 for evacuation
[2026-09-03T12:37:51.775+0800][0.236s][info][gc,phases   ] GC(0)   Pre Evacuate Collection Set: 0.06ms
[2026-09-03T12:37:51.775+0800][0.236s][info][gc,phases   ] GC(0)   Merge Heap Roots: 0.05ms
[2026-09-03T12:37:51.775+0800][0.236s][info][gc,phases   ] GC(0)   Evacuate Collection Set: 4.06ms
[2026-09-03T12:37:51.775+0800][0.236s][info][gc,phases   ] GC(0)   Post Evacuate Collection Set: 0.09ms
[2026-09-03T12:37:51.775+0800][0.236s][info][gc,phases   ] GC(0)   Other: 0.21ms
[2026-09-03T12:37:51.775+0800][0.236s][info][gc,heap     ] GC(0) Eden regions: 47->0(105)
[2026-09-03T12:37:51.775+0800][0.236s][info][gc,heap     ] GC(0) Survivor regions: 0->6(6)
[2026-09-03T12:37:51.775+0800][0.236s][info][gc,heap     ] GC(0) Old regions: 2->5
[2026-09-03T12:37:51.775+0800][0.236s][info][gc,heap     ] GC(0) Humongous regions: 0->0
[2026-09-03T12:37:51.775+0800][0.236s][info][gc,metaspace] GC(0) Metaspace: 1039K(1152K)->1039K(1152K) NonClass: 974K(1024K)->974K(1024K) Class: 64K(128K)->64K(128K)
[2026-09-03T12:37:51.775+0800][0.236s][info][gc          ] GC(0) Pause Young (Normal) (G1 Evacuation Pause) 48M->9M(256M) 4.648ms
[2026-09-03T12:37:51.775+0800][0.236s][info][gc,cpu      ] GC(0) User=0.01s Sys=0.01s Real=0.00s
[2026-09-03T12:37:51.775+0800][0.236s][info][safepoint   ] Safepoint "G1CollectForAllocation", Time since last: 204626583 ns, Reaching safepoint: 78750 ns, At safepoint: 4681084 ns, Leaving safepoint: 22750 ns, Total: 4782584 ns, Threads: 2 runnable, 44 total
[2026-09-03T12:37:51.885+0800][0.347s][info][gc,start    ] GC(1) Pause Young (Normal) (G1 Evacuation Pause)
[2026-09-03T12:37:51.885+0800][0.347s][info][gc,task     ] GC(1) Using 9 workers of 9 for evacuation
[2026-09-03T12:37:51.890+0800][0.351s][info][gc,phases   ] GC(1)   Pre Evacuate Collection Set: 0.05ms
[2026-09-03T12:37:51.890+0800][0.351s][info][gc,phases   ] GC(1)   Merge Heap Roots: 0.05ms
[2026-09-03T12:37:51.890+0800][0.351s][info][gc,phases   ] GC(1)   Evacuate Collection Set: 4.29ms
[2026-09-03T12:37:51.890+0800][0.351s][info][gc,phases   ] GC(1)   Post Evacuate Collection Set: 0.17ms
[2026-09-03T12:37:51.890+0800][0.351s][info][gc,phases   ] GC(1)   Other: 0.07ms
[2026-09-03T12:37:51.890+0800][0.351s][info][gc,heap     ] GC(1) Eden regions: 105->0(118)
[2026-09-03T12:37:51.890+0800][0.351s][info][gc,heap     ] GC(1) Survivor regions: 6->14(14)
[2026-09-03T12:37:51.890+0800][0.351s][info][gc,heap     ] GC(1) Old regions: 5->19
[2026-09-03T12:37:51.890+0800][0.351s][info][gc,heap     ] GC(1) Humongous regions: 0->0
[2026-09-03T12:37:51.890+0800][0.351s][info][gc,metaspace] GC(1) Metaspace: 1047K(1216K)->1047K(1216K) NonClass: 982K(1088K)->982K(1088K) Class: 64K(128K)->64K(128K)
[2026-09-03T12:37:51.890+0800][0.351s][info][gc          ] GC(1) Pause Young (Normal) (G1 Evacuation Pause) 114M->31M(256M) 4.796ms
[2026-09-03T12:37:51.890+0800][0.352s][info][gc,cpu      ] GC(1) User=0.02s Sys=0.01s Real=0.01s
[2026-09-03T12:37:51.890+0800][0.352s][info][safepoint   ] Safepoint "G1CollectForAllocation", Time since last: 110308958 ns, Reaching safepoint: 43417 ns, At safepoint: 4834333 ns, Leaving safepoint: 19708 ns, Total: 4897458 ns, Threads: 2 runnable, 44 total
[2026-09-03T12:37:52.003+0800][0.464s][info][gc,start    ] GC(2) Pause Young (Normal) (G1 Evacuation Pause)
[2026-09-03T12:37:52.003+0800][0.465s][info][gc,task     ] GC(2) Using 9 workers of 9 for evacuation
[2026-09-03T12:37:52.008+0800][0.469s][info][gc,phases   ] GC(2)   Pre Evacuate Collection Set: 0.07ms
[2026-09-03T12:37:52.008+0800][0.469s][info][gc,phases   ] GC(2)   Merge Heap Roots: 0.05ms
[2026-09-03T12:37:52.008+0800][0.469s][info][gc,phases   ] GC(2)   Evacuate Collection Set: 4.55ms
[2026-09-03T12:37:52.008+0800][0.469s][info][gc,phases   ] GC(2)   Post Evacuate Collection Set: 0.10ms
[2026-09-03T12:37:52.008+0800][0.469s][info][gc,phases   ] GC(2)   Other: 0.06ms
[2026-09-03T12:37:52.008+0800][0.469s][info][gc,heap     ] GC(2) Eden regions: 118->0(115)
[2026-09-03T12:37:52.008+0800][0.469s][info][gc,heap     ] GC(2) Survivor regions: 14->17(17)
[2026-09-03T12:37:52.008+0800][0.469s][info][gc,heap     ] GC(2) Old regions: 19->41
[2026-09-03T12:37:52.008+0800][0.469s][info][gc,heap     ] GC(2) Humongous regions: 0->0
[2026-09-03T12:37:52.008+0800][0.469s][info][gc,metaspace] GC(2) Metaspace: 1047K(1216K)->1047K(1216K) NonClass: 982K(1088K)->982K(1088K) Class: 64K(128K)->64K(128K)
[2026-09-03T12:37:52.008+0800][0.469s][info][gc          ] GC(2) Pause Young (Normal) (G1 Evacuation Pause) 149M->56M(256M) 4.946ms
[2026-09-03T12:37:52.008+0800][0.469s][info][gc,cpu      ] GC(2) User=0.01s Sys=0.02s Real=0.00s
[2026-09-03T12:37:52.008+0800][0.469s][info][safepoint   ] Safepoint "G1CollectForAllocation", Time since last: 112916834 ns, Reaching safepoint: 39708 ns, At safepoint: 4971083 ns, Leaving safepoint: 25292 ns, Total: 5036083 ns, Threads: 2 runnable, 44 total
[2026-09-03T12:37:52.124+0800][0.586s][info][gc,start    ] GC(3) Pause Young (Normal) (G1 Evacuation Pause)
[2026-09-03T12:37:52.124+0800][0.586s][info][gc,task     ] GC(3) Using 9 workers of 9 for evacuation
[2026-09-03T12:37:52.129+0800][0.590s][info][gc,phases   ] GC(3)   Pre Evacuate Collection Set: 0.04ms
[2026-09-03T12:37:52.129+0800][0.590s][info][gc,phases   ] GC(3)   Merge Heap Roots: 0.05ms
[2026-09-03T12:37:52.129+0800][0.590s][info][gc,phases   ] GC(3)   Evacuate Collection Set: 4.18ms
[2026-09-03T12:37:52.129+0800][0.590s][info][gc,phases   ] GC(3)   Post Evacuate Collection Set: 0.11ms
[2026-09-03T12:37:52.129+0800][0.590s][info][gc,phases   ] GC(3)   Other: 0.08ms
[2026-09-03T12:37:52.129+0800][0.590s][info][gc,heap     ] GC(3) Eden regions: 115->0(109)
[2026-09-03T12:37:52.129+0800][0.590s][info][gc,heap     ] GC(3) Survivor regions: 17->17(17)
[2026-09-03T12:37:52.129+0800][0.590s][info][gc,heap     ] GC(3) Old regions: 41->63
[2026-09-03T12:37:52.129+0800][0.590s][info][gc,heap     ] GC(3) Humongous regions: 1->1
[2026-09-03T12:37:52.129+0800][0.590s][info][gc,metaspace] GC(3) Metaspace: 1060K(1216K)->1060K(1216K) NonClass: 996K(1088K)->996K(1088K) Class: 64K(128K)->64K(128K)
[2026-09-03T12:37:52.129+0800][0.590s][info][gc          ] GC(3) Pause Young (Normal) (G1 Evacuation Pause) 172M->79M(256M) 4.630ms
[2026-09-03T12:37:52.129+0800][0.590s][info][gc,cpu      ] GC(3) User=0.02s Sys=0.01s Real=0.00s
[2026-09-03T12:37:52.129+0800][0.590s][info][safepoint   ] Safepoint "G1CollectForAllocation", Time since last: 116209167 ns, Reaching safepoint: 26166 ns, At safepoint: 4673167 ns, Leaving safepoint: 23542 ns, Total: 4722875 ns, Threads: 2 runnable, 44 total
[2026-09-03T12:37:52.235+0800][0.696s][info][gc,start    ] GC(4) Pause Young (Normal) (G1 Evacuation Pause)
[2026-09-03T12:37:52.235+0800][0.697s][info][gc,task     ] GC(4) Using 9 workers of 9 for evacuation
[2026-09-03T12:37:52.240+0800][0.702s][info][gc,phases   ] GC(4)   Pre Evacuate Collection Set: 0.06ms
[2026-09-03T12:37:52.240+0800][0.702s][info][gc,phases   ] GC(4)   Merge Heap Roots: 0.04ms
[2026-09-03T12:37:52.240+0800][0.702s][info][gc,phases   ] GC(4)   Evacuate Collection Set: 4.86ms
[2026-09-03T12:37:52.240+0800][0.702s][info][gc,phases   ] GC(4)   Post Evacuate Collection Set: 0.16ms
[2026-09-03T12:37:52.240+0800][0.702s][info][gc,phases   ] GC(4)   Other: 0.12ms
[2026-09-03T12:37:52.240+0800][0.702s][info][gc,heap     ] GC(4) Eden regions: 109->0(101)
[2026-09-03T12:37:52.240+0800][0.702s][info][gc,heap     ] GC(4) Survivor regions: 17->16(16)
[2026-09-03T12:37:52.240+0800][0.702s][info][gc,heap     ] GC(4) Old regions: 63->86
[2026-09-03T12:37:52.240+0800][0.702s][info][gc,heap     ] GC(4) Humongous regions: 1->1
[2026-09-03T12:37:52.240+0800][0.702s][info][gc,metaspace] GC(4) Metaspace: 1060K(1216K)->1060K(1216K) NonClass: 996K(1088K)->996K(1088K) Class: 64K(128K)->64K(128K)
[2026-09-03T12:37:52.240+0800][0.702s][info][gc          ] GC(4) Pause Young (Normal) (G1 Evacuation Pause) 188M->101M(256M) 5.434ms
[2026-09-03T12:37:52.240+0800][0.702s][info][gc,cpu      ] GC(4) User=0.03s Sys=0.01s Real=0.01s
[2026-09-03T12:37:52.241+0800][0.702s][info][safepoint   ] Safepoint "G1CollectForAllocation", Time since last: 105986583 ns, Reaching safepoint: 59292 ns, At safepoint: 5473125 ns, Leaving safepoint: 14458 ns, Total: 5546875 ns, Threads: 3 runnable, 44 total
[2026-09-03T12:37:52.337+0800][0.799s][info][gc,start    ] GC(5) Pause Young (Normal) (G1 Evacuation Pause)
[2026-09-03T12:37:52.337+0800][0.799s][info][gc,task     ] GC(5) Using 9 workers of 9 for evacuation
[2026-09-03T12:37:52.341+0800][0.803s][info][gc,phases   ] GC(5)   Pre Evacuate Collection Set: 0.05ms
[2026-09-03T12:37:52.341+0800][0.803s][info][gc,phases   ] GC(5)   Merge Heap Roots: 0.03ms
[2026-09-03T12:37:52.341+0800][0.803s][info][gc,phases   ] GC(5)   Evacuate Collection Set: 3.43ms
[2026-09-03T12:37:52.341+0800][0.803s][info][gc,phases   ] GC(5)   Post Evacuate Collection Set: 0.14ms
[2026-09-03T12:37:52.341+0800][0.803s][info][gc,phases   ] GC(5)   Other: 0.06ms
[2026-09-03T12:37:52.341+0800][0.803s][info][gc,heap     ] GC(5) Eden regions: 101->0(89)
[2026-09-03T12:37:52.341+0800][0.803s][info][gc,heap     ] GC(5) Survivor regions: 16->15(15)
[2026-09-03T12:37:52.341+0800][0.803s][info][gc,heap     ] GC(5) Old regions: 86->107
[2026-09-03T12:37:52.341+0800][0.803s][info][gc,heap     ] GC(5) Humongous regions: 1->1
[2026-09-03T12:37:52.341+0800][0.803s][info][gc,metaspace] GC(5) Metaspace: 1060K(1216K)->1060K(1216K) NonClass: 996K(1088K)->996K(1088K) Class: 64K(128K)->64K(128K)
[2026-09-03T12:37:52.341+0800][0.803s][info][gc          ] GC(5) Pause Young (Normal) (G1 Evacuation Pause) 202M->121M(256M) 3.827ms
[2026-09-03T12:37:52.341+0800][0.803s][info][gc,cpu      ] GC(5) User=0.02s Sys=0.01s Real=0.01s
[2026-09-03T12:37:52.341+0800][0.803s][info][safepoint   ] Safepoint "G1CollectForAllocation", Time since last: 96850000 ns, Reaching safepoint: 2792 ns, At safepoint: 3863375 ns, Leaving safepoint: 21500 ns, Total: 3887667 ns, Threads: 0 runnable, 44 total
[2026-09-03T12:37:52.425+0800][0.887s][info][gc,start    ] GC(6) Pause Young (Normal) (G1 Evacuation Pause)
[2026-09-03T12:37:52.425+0800][0.887s][info][gc,task     ] GC(6) Using 9 workers of 9 for evacuation
[2026-09-03T12:37:52.428+0800][0.890s][info][gc,phases   ] GC(6)   Pre Evacuate Collection Set: 0.07ms
[2026-09-03T12:37:52.428+0800][0.890s][info][gc,phases   ] GC(6)   Merge Heap Roots: 0.05ms
[2026-09-03T12:37:52.428+0800][0.890s][info][gc,phases   ] GC(6)   Evacuate Collection Set: 2.61ms
[2026-09-03T12:37:52.428+0800][0.890s][info][gc,phases   ] GC(6)   Post Evacuate Collection Set: 0.10ms
[2026-09-03T12:37:52.428+0800][0.890s][info][gc,phases   ] GC(6)   Other: 0.07ms
[2026-09-03T12:37:52.428+0800][0.890s][info][gc,heap     ] GC(6) Eden regions: 89->0(77)
[2026-09-03T12:37:52.428+0800][0.890s][info][gc,heap     ] GC(6) Survivor regions: 15->13(13)
[2026-09-03T12:37:52.428+0800][0.890s][info][gc,heap     ] GC(6) Old regions: 107->127
[2026-09-03T12:37:52.428+0800][0.890s][info][gc,heap     ] GC(6) Humongous regions: 1->1
[2026-09-03T12:37:52.428+0800][0.890s][info][gc,metaspace] GC(6) Metaspace: 1060K(1216K)->1060K(1216K) NonClass: 996K(1088K)->996K(1088K) Class: 64K(128K)->64K(128K)
[2026-09-03T12:37:52.428+0800][0.890s][info][gc          ] GC(6) Pause Young (Normal) (G1 Evacuation Pause) 210M->140M(256M) 3.055ms
[2026-09-03T12:37:52.428+0800][0.890s][info][gc,cpu      ] GC(6) User=0.02s Sys=0.00s Real=0.00s
[2026-09-03T12:37:52.428+0800][0.890s][info][safepoint   ] Safepoint "G1CollectForAllocation", Time since last: 84043750 ns, Reaching safepoint: 28125 ns, At safepoint: 3084625 ns, Leaving safepoint: 25333 ns, Total: 3138083 ns, Threads: 2 runnable, 44 total
[2026-09-03T12:37:52.506+0800][0.967s][info][gc,start    ] GC(7) Pause Young (Concurrent Start) (G1 Evacuation Pause)
[2026-09-03T12:37:52.506+0800][0.967s][info][gc,task     ] GC(7) Using 9 workers of 9 for evacuation
[2026-09-03T12:37:52.508+0800][0.970s][info][gc,phases   ] GC(7)   Pre Evacuate Collection Set: 0.12ms
[2026-09-03T12:37:52.508+0800][0.970s][info][gc,phases   ] GC(7)   Merge Heap Roots: 0.02ms
[2026-09-03T12:37:52.508+0800][0.970s][info][gc,phases   ] GC(7)   Evacuate Collection Set: 2.20ms
[2026-09-03T12:37:52.508+0800][0.970s][info][gc,phases   ] GC(7)   Post Evacuate Collection Set: 0.10ms
[2026-09-03T12:37:52.508+0800][0.970s][info][gc,phases   ] GC(7)   Other: 0.08ms
[2026-09-03T12:37:52.508+0800][0.970s][info][gc,heap     ] GC(7) Eden regions: 77->0(67)
[2026-09-03T12:37:52.508+0800][0.970s][info][gc,heap     ] GC(7) Survivor regions: 13->12(12)
[2026-09-03T12:37:52.508+0800][0.970s][info][gc,heap     ] GC(7) Old regions: 127->144
[2026-09-03T12:37:52.508+0800][0.970s][info][gc,heap     ] GC(7) Humongous regions: 1->1
[2026-09-03T12:37:52.508+0800][0.970s][info][gc,metaspace] GC(7) Metaspace: 1060K(1216K)->1060K(1216K) NonClass: 996K(1088K)->996K(1088K) Class: 64K(128K)->64K(128K)
[2026-09-03T12:37:52.508+0800][0.970s][info][gc          ] GC(7) Pause Young (Concurrent Start) (G1 Evacuation Pause) 217M->155M(256M) 2.684ms
[2026-09-03T12:37:52.508+0800][0.970s][info][gc          ] GC(8) Concurrent Mark Cycle
[2026-09-03T12:37:52.508+0800][0.970s][info][gc,cpu      ] GC(7) User=0.02s Sys=0.00s Real=0.00s
[2026-09-03T12:37:52.508+0800][0.970s][info][gc,marking  ] GC(8) Concurrent Scan Root Regions
[2026-09-03T12:37:52.508+0800][0.970s][info][safepoint   ] Safepoint "G1CollectForAllocation", Time since last: 77255917 ns, Reaching safepoint: 27666 ns, At safepoint: 2755417 ns, Leaving safepoint: 27250 ns, Total: 2810333 ns, Threads: 2 runnable, 44 total
[2026-09-03T12:37:52.510+0800][0.972s][info][gc,marking  ] GC(8) Concurrent Scan Root Regions 1.948ms
[2026-09-03T12:37:52.510+0800][0.972s][info][gc,marking  ] GC(8) Concurrent Mark
[2026-09-03T12:37:52.510+0800][0.972s][info][gc,marking  ] GC(8) Concurrent Mark From Roots
[2026-09-03T12:37:52.510+0800][0.972s][info][gc,task     ] GC(8) Concurrent Mark Using 2 of 2 Workers
[2026-09-03T12:37:52.519+0800][0.980s][info][gc,marking  ] GC(8) Concurrent Mark From Roots 8.111ms
[2026-09-03T12:37:52.519+0800][0.980s][info][gc,marking  ] GC(8) Concurrent Preclean
[2026-09-03T12:37:52.519+0800][0.980s][info][gc,marking  ] GC(8) Concurrent Preclean 0.280ms
[2026-09-03T12:37:52.519+0800][0.980s][info][gc,start    ] GC(8) Pause Remark
[2026-09-03T12:37:52.519+0800][0.981s][info][gc          ] GC(8) Pause Remark 167M->167M(256M) 0.495ms
[2026-09-03T12:37:52.519+0800][0.981s][info][gc,cpu      ] GC(8) User=0.00s Sys=0.00s Real=0.00s
[2026-09-03T12:37:52.519+0800][0.981s][info][safepoint   ] Safepoint "G1PauseRemark", Time since last: 10433000 ns, Reaching safepoint: 21125 ns, At safepoint: 524292 ns, Leaving safepoint: 24333 ns, Total: 569750 ns, Threads: 2 runnable, 44 total
[2026-09-03T12:37:52.520+0800][0.981s][info][gc,marking  ] GC(8) Concurrent Mark 9.146ms
[2026-09-03T12:37:52.520+0800][0.981s][info][gc,marking  ] GC(8) Concurrent Rebuild Remembered Sets and Scrub Regions
[2026-09-03T12:37:52.528+0800][0.990s][info][gc,marking  ] GC(8) Concurrent Rebuild Remembered Sets and Scrub Regions 8.775ms
[2026-09-03T12:37:52.528+0800][0.990s][info][gc,start    ] GC(8) Pause Cleanup
[2026-09-03T12:37:52.529+0800][0.990s][info][gc          ] GC(8) Pause Cleanup 176M->176M(256M) 0.081ms
[2026-09-03T12:37:52.529+0800][0.990s][info][gc,cpu      ] GC(8) User=0.00s Sys=0.00s Real=0.00s
[2026-09-03T12:37:52.529+0800][0.990s][info][safepoint   ] Safepoint "G1PauseCleanup", Time since last: 8946167 ns, Reaching safepoint: 5458 ns, At safepoint: 132625 ns, Leaving safepoint: 32042 ns, Total: 170125 ns, Threads: 0 runnable, 44 total
[2026-09-03T12:37:52.529+0800][0.990s][info][gc,marking  ] GC(8) Concurrent Clear Claimed Marks
[2026-09-03T12:37:52.529+0800][0.990s][info][gc,marking  ] GC(8) Concurrent Clear Claimed Marks 0.023ms
[2026-09-03T12:37:52.529+0800][0.990s][info][gc,marking  ] GC(8) Concurrent Cleanup for Next Mark
[2026-09-03T12:37:52.529+0800][0.990s][info][gc,marking  ] GC(8) Concurrent Cleanup for Next Mark 0.324ms
[2026-09-03T12:37:52.529+0800][0.990s][info][gc          ] GC(8) Concurrent Mark Cycle 20.604ms
[2026-09-03T12:37:52.574+0800][1.036s][info][gc,start    ] GC(9) Pause Young (Prepare Mixed) (G1 Evacuation Pause)
[2026-09-03T12:37:52.574+0800][1.036s][info][gc,task     ] GC(9) Using 9 workers of 9 for evacuation
[2026-09-03T12:37:52.577+0800][1.038s][info][gc,phases   ] GC(9)   Pre Evacuate Collection Set: 0.07ms
[2026-09-03T12:37:52.577+0800][1.038s][info][gc,phases   ] GC(9)   Merge Heap Roots: 0.03ms
[2026-09-03T12:37:52.577+0800][1.038s][info][gc,phases   ] GC(9)   Evacuate Collection Set: 2.17ms
[2026-09-03T12:37:52.577+0800][1.038s][info][gc,phases   ] GC(9)   Post Evacuate Collection Set: 0.12ms
[2026-09-03T12:37:52.577+0800][1.038s][info][gc,phases   ] GC(9)   Other: 0.06ms
[2026-09-03T12:37:52.577+0800][1.038s][info][gc,heap     ] GC(9) Eden regions: 67->0(58)
[2026-09-03T12:37:52.577+0800][1.038s][info][gc,heap     ] GC(9) Survivor regions: 12->10(10)
[2026-09-03T12:37:52.577+0800][1.038s][info][gc,heap     ] GC(9) Old regions: 144->160
[2026-09-03T12:37:52.577+0800][1.038s][info][gc,heap     ] GC(9) Humongous regions: 1->1
[2026-09-03T12:37:52.577+0800][1.038s][info][gc,metaspace] GC(9) Metaspace: 1060K(1216K)->1060K(1216K) NonClass: 996K(1088K)->996K(1088K) Class: 64K(128K)->64K(128K)
[2026-09-03T12:37:52.577+0800][1.038s][info][gc          ] GC(9) Pause Young (Prepare Mixed) (G1 Evacuation Pause) 222M->169M(256M) 2.565ms
[2026-09-03T12:37:52.577+0800][1.038s][info][gc,cpu      ] GC(9) User=0.01s Sys=0.00s Real=0.00s
[2026-09-03T12:37:52.577+0800][1.038s][info][safepoint   ] Safepoint "G1CollectForAllocation", Time since last: 45518875 ns, Reaching safepoint: 29250 ns, At safepoint: 2595208 ns, Leaving safepoint: 15833 ns, Total: 2640291 ns, Threads: 1 runnable, 44 total
[2026-09-03T12:37:52.633+0800][1.094s][info][gc,start    ] GC(10) Pause Young (Mixed) (G1 Evacuation Pause)
[2026-09-03T12:37:52.633+0800][1.094s][info][gc,task     ] GC(10) Using 9 workers of 9 for evacuation
[2026-09-03T12:37:52.635+0800][1.096s][info][gc,phases   ] GC(10)   Pre Evacuate Collection Set: 0.06ms
[2026-09-03T12:37:52.635+0800][1.096s][info][gc,phases   ] GC(10)   Merge Heap Roots: 0.03ms
[2026-09-03T12:37:52.635+0800][1.096s][info][gc,phases   ] GC(10)   Evacuate Collection Set: 1.77ms
[2026-09-03T12:37:52.635+0800][1.096s][info][gc,phases   ] GC(10)   Post Evacuate Collection Set: 0.13ms
[2026-09-03T12:37:52.635+0800][1.096s][info][gc,phases   ] GC(10)   Other: 0.07ms
[2026-09-03T12:37:52.635+0800][1.096s][info][gc,heap     ] GC(10) Eden regions: 58->0(68)
[2026-09-03T12:37:52.635+0800][1.096s][info][gc,heap     ] GC(10) Survivor regions: 10->9(9)
[2026-09-03T12:37:52.635+0800][1.096s][info][gc,heap     ] GC(10) Old regions: 160->147
[2026-09-03T12:37:52.635+0800][1.096s][info][gc,heap     ] GC(10) Humongous regions: 1->1
[2026-09-03T12:37:52.635+0800][1.096s][info][gc,metaspace] GC(10) Metaspace: 1060K(1216K)->1060K(1216K) NonClass: 996K(1088K)->996K(1088K) Class: 64K(128K)->64K(128K)
[2026-09-03T12:37:52.635+0800][1.096s][info][gc          ] GC(10) Pause Young (Mixed) (G1 Evacuation Pause) 227M->156M(256M) 2.188ms
[2026-09-03T12:37:52.635+0800][1.096s][info][gc,cpu      ] GC(10) User=0.02s Sys=0.00s Real=0.00s
[2026-09-03T12:37:52.635+0800][1.096s][info][safepoint   ] Safepoint "G1CollectForAllocation", Time since last: 55836209 ns, Reaching safepoint: 31458 ns, At safepoint: 2223375 ns, Leaving safepoint: 21583 ns, Total: 2276416 ns, Threads: 1 runnable, 44 total
[2026-09-03T12:37:52.698+0800][1.160s][info][gc,start    ] GC(11) Pause Young (Mixed) (G1 Evacuation Pause)
[2026-09-03T12:37:52.698+0800][1.160s][info][gc,task     ] GC(11) Using 9 workers of 9 for evacuation
[2026-09-03T12:37:52.701+0800][1.163s][info][gc,phases   ] GC(11)   Pre Evacuate Collection Set: 0.05ms
[2026-09-03T12:37:52.701+0800][1.163s][info][gc,phases   ] GC(11)   Merge Heap Roots: 0.04ms
[2026-09-03T12:37:52.701+0800][1.163s][info][gc,phases   ] GC(11)   Evacuate Collection Set: 2.46ms
[2026-09-03T12:37:52.701+0800][1.163s][info][gc,phases   ] GC(11)   Post Evacuate Collection Set: 0.14ms
[2026-09-03T12:37:52.701+0800][1.163s][info][gc,phases   ] GC(11)   Other: 0.07ms
[2026-09-03T12:37:52.701+0800][1.163s][info][gc,heap     ] GC(11) Eden regions: 68->0(78)
[2026-09-03T12:37:52.701+0800][1.163s][info][gc,heap     ] GC(11) Survivor regions: 9->10(10)
[2026-09-03T12:37:52.701+0800][1.163s][info][gc,heap     ] GC(11) Old regions: 147->132
[2026-09-03T12:37:52.701+0800][1.163s][info][gc,heap     ] GC(11) Humongous regions: 1->1
[2026-09-03T12:37:52.701+0800][1.163s][info][gc,metaspace] GC(11) Metaspace: 1060K(1216K)->1060K(1216K) NonClass: 996K(1088K)->996K(1088K) Class: 64K(128K)->64K(128K)
[2026-09-03T12:37:52.701+0800][1.163s][info][gc          ] GC(11) Pause Young (Mixed) (G1 Evacuation Pause) 224M->141M(256M) 2.904ms
[2026-09-03T12:37:52.701+0800][1.163s][info][gc,cpu      ] GC(11) User=0.01s Sys=0.00s Real=0.01s
[2026-09-03T12:37:52.701+0800][1.163s][info][safepoint   ] Safepoint "G1CollectForAllocation", Time since last: 63417459 ns, Reaching safepoint: 45458 ns, At safepoint: 2940750 ns, Leaving safepoint: 35458 ns, Total: 3021666 ns, Threads: 3 runnable, 44 total
[2026-09-03T12:37:52.778+0800][1.239s][info][gc,start    ] GC(12) Pause Young (Mixed) (G1 Evacuation Pause)
[2026-09-03T12:37:52.778+0800][1.239s][info][gc,task     ] GC(12) Using 9 workers of 9 for evacuation
[2026-09-03T12:37:52.780+0800][1.241s][info][gc,phases   ] GC(12)   Pre Evacuate Collection Set: 0.07ms
[2026-09-03T12:37:52.780+0800][1.241s][info][gc,phases   ] GC(12)   Merge Heap Roots: 0.03ms
[2026-09-03T12:37:52.780+0800][1.241s][info][gc,phases   ] GC(12)   Evacuate Collection Set: 1.91ms
[2026-09-03T12:37:52.780+0800][1.241s][info][gc,phases   ] GC(12)   Post Evacuate Collection Set: 0.12ms
[2026-09-03T12:37:52.780+0800][1.241s][info][gc,phases   ] GC(12)   Other: 0.06ms
[2026-09-03T12:37:52.780+0800][1.241s][info][gc,heap     ] GC(12) Eden regions: 78->0(87)
[2026-09-03T12:37:52.780+0800][1.241s][info][gc,heap     ] GC(12) Survivor regions: 10->11(11)
[2026-09-03T12:37:52.780+0800][1.241s][info][gc,heap     ] GC(12) Old regions: 132->119
[2026-09-03T12:37:52.780+0800][1.241s][info][gc,heap     ] GC(12) Humongous regions: 1->1
[2026-09-03T12:37:52.780+0800][1.242s][info][gc,metaspace] GC(12) Metaspace: 1060K(1216K)->1060K(1216K) NonClass: 996K(1088K)->996K(1088K) Class: 64K(128K)->64K(128K)
[2026-09-03T12:37:52.780+0800][1.242s][info][gc          ] GC(12) Pause Young (Mixed) (G1 Evacuation Pause) 219M->129M(256M) 2.301ms
[2026-09-03T12:37:52.780+0800][1.242s][info][gc,cpu      ] GC(12) User=0.01s Sys=0.01s Real=0.01s
[2026-09-03T12:37:52.780+0800][1.242s][info][safepoint   ] Safepoint "G1CollectForAllocation", Time since last: 76368334 ns, Reaching safepoint: 30666 ns, At safepoint: 2364667 ns, Leaving safepoint: 36500 ns, Total: 2431833 ns, Threads: 3 runnable, 44 total
[2026-09-03T12:37:52.868+0800][1.330s][info][gc,start    ] GC(13) Pause Young (Mixed) (G1 Evacuation Pause)
[2026-09-03T12:37:52.868+0800][1.330s][info][gc,task     ] GC(13) Using 9 workers of 9 for evacuation
[2026-09-03T12:37:52.870+0800][1.332s][info][gc,phases   ] GC(13)   Pre Evacuate Collection Set: 0.05ms
[2026-09-03T12:37:52.870+0800][1.332s][info][gc,phases   ] GC(13)   Merge Heap Roots: 0.03ms
[2026-09-03T12:37:52.870+0800][1.332s][info][gc,phases   ] GC(13)   Evacuate Collection Set: 1.71ms
[2026-09-03T12:37:52.870+0800][1.332s][info][gc,phases   ] GC(13)   Post Evacuate Collection Set: 0.12ms
[2026-09-03T12:37:52.870+0800][1.332s][info][gc,phases   ] GC(13)   Other: 0.06ms
[2026-09-03T12:37:52.870+0800][1.332s][info][gc,heap     ] GC(13) Eden regions: 87->0(77)
[2026-09-03T12:37:52.870+0800][1.332s][info][gc,heap     ] GC(13) Survivor regions: 11->13(13)
[2026-09-03T12:37:52.870+0800][1.332s][info][gc,heap     ] GC(13) Old regions: 119->132
[2026-09-03T12:37:52.870+0800][1.332s][info][gc,heap     ] GC(13) Humongous regions: 1->1
[2026-09-03T12:37:52.870+0800][1.332s][info][gc,metaspace] GC(13) Metaspace: 1060K(1216K)->1060K(1216K) NonClass: 996K(1088K)->996K(1088K) Class: 64K(128K)->64K(128K)
[2026-09-03T12:37:52.870+0800][1.332s][info][gc          ] GC(13) Pause Young (Mixed) (G1 Evacuation Pause) 216M->145M(256M) 2.135ms
[2026-09-03T12:37:52.870+0800][1.332s][info][gc,cpu      ] GC(13) User=0.01s Sys=0.00s Real=0.01s
[2026-09-03T12:37:52.870+0800][1.332s][info][safepoint   ] Safepoint "G1CollectForAllocation", Time since last: 88118125 ns, Reaching safepoint: 23042 ns, At safepoint: 2171250 ns, Leaving safepoint: 28541 ns, Total: 2222833 ns, Threads: 2 runnable, 44 total
[2026-09-03T12:37:52.948+0800][1.409s][info][gc,start    ] GC(14) Pause Young (Concurrent Start) (G1 Evacuation Pause)
[2026-09-03T12:37:52.948+0800][1.409s][info][gc,task     ] GC(14) Using 9 workers of 9 for evacuation
[2026-09-03T12:37:52.950+0800][1.411s][info][gc,phases   ] GC(14)   Pre Evacuate Collection Set: 0.05ms
[2026-09-03T12:37:52.950+0800][1.411s][info][gc,phases   ] GC(14)   Merge Heap Roots: 0.02ms
[2026-09-03T12:37:52.950+0800][1.411s][info][gc,phases   ] GC(14)   Evacuate Collection Set: 1.76ms
[2026-09-03T12:37:52.950+0800][1.411s][info][gc,phases   ] GC(14)   Post Evacuate Collection Set: 0.10ms
[2026-09-03T12:37:52.950+0800][1.411s][info][gc,phases   ] GC(14)   Other: 0.08ms
[2026-09-03T12:37:52.950+0800][1.411s][info][gc,heap     ] GC(14) Eden regions: 77->0(65)
[2026-09-03T12:37:52.950+0800][1.411s][info][gc,heap     ] GC(14) Survivor regions: 13->12(12)
[2026-09-03T12:37:52.950+0800][1.411s][info][gc,heap     ] GC(14) Old regions: 132->149
[2026-09-03T12:37:52.950+0800][1.411s][info][gc,heap     ] GC(14) Humongous regions: 1->1
[2026-09-03T12:37:52.950+0800][1.411s][info][gc,metaspace] GC(14) Metaspace: 1060K(1216K)->1060K(1216K) NonClass: 996K(1088K)->996K(1088K) Class: 64K(128K)->64K(128K)
[2026-09-03T12:37:52.950+0800][1.411s][info][gc          ] GC(14) Pause Young (Concurrent Start) (G1 Evacuation Pause) 222M->160M(256M) 2.194ms
[2026-09-03T12:37:52.950+0800][1.411s][info][gc,cpu      ] GC(14) User=0.02s Sys=0.00s Real=0.01s
[2026-09-03T12:37:52.950+0800][1.411s][info][gc          ] GC(15) Concurrent Mark Cycle
[2026-09-03T12:37:52.950+0800][1.411s][info][safepoint   ] Safepoint "G1CollectForAllocation", Time since last: 77133042 ns, Reaching safepoint: 4833 ns, At safepoint: 2238084 ns, Leaving safepoint: 57291 ns, Total: 2300208 ns, Threads: 0 runnable, 44 total
[2026-09-03T12:37:52.950+0800][1.411s][info][gc,marking  ] GC(15) Concurrent Scan Root Regions
[2026-09-03T12:37:52.952+0800][1.413s][info][gc,marking  ] GC(15) Concurrent Scan Root Regions 2.128ms
[2026-09-03T12:37:52.952+0800][1.414s][info][gc,marking  ] GC(15) Concurrent Mark
[2026-09-03T12:37:52.952+0800][1.414s][info][gc,marking  ] GC(15) Concurrent Mark From Roots
[2026-09-03T12:37:52.952+0800][1.414s][info][gc,task     ] GC(15) Concurrent Mark Using 2 of 2 Workers
[2026-09-03T12:37:52.958+0800][1.420s][info][gc,marking  ] GC(15) Concurrent Mark From Roots 6.185ms
[2026-09-03T12:37:52.958+0800][1.420s][info][gc,marking  ] GC(15) Concurrent Preclean
[2026-09-03T12:37:52.958+0800][1.420s][info][gc,marking  ] GC(15) Concurrent Preclean 0.012ms
[2026-09-03T12:37:52.958+0800][1.420s][info][gc,start    ] GC(15) Pause Remark
[2026-09-03T12:37:52.959+0800][1.420s][info][gc          ] GC(15) Pause Remark 169M->104M(256M) 0.487ms
[2026-09-03T12:37:52.959+0800][1.420s][info][gc,cpu      ] GC(15) User=0.00s Sys=0.00s Real=0.00s
[2026-09-03T12:37:52.959+0800][1.420s][info][safepoint   ] Safepoint "G1PauseRemark", Time since last: 8507292 ns, Reaching safepoint: 2875 ns, At safepoint: 507708 ns, Leaving safepoint: 22459 ns, Total: 533042 ns, Threads: 0 runnable, 44 total
[2026-09-03T12:37:52.959+0800][1.420s][info][gc,marking  ] GC(15) Concurrent Mark 6.945ms
[2026-09-03T12:37:52.959+0800][1.421s][info][gc,marking  ] GC(15) Concurrent Rebuild Remembered Sets and Scrub Regions
[2026-09-03T12:37:52.964+0800][1.426s][info][gc,marking  ] GC(15) Concurrent Rebuild Remembered Sets and Scrub Regions 5.369ms
[2026-09-03T12:37:52.965+0800][1.426s][info][gc,start    ] GC(15) Pause Cleanup
[2026-09-03T12:37:52.965+0800][1.426s][info][gc          ] GC(15) Pause Cleanup 110M->110M(256M) 0.053ms
[2026-09-03T12:37:52.965+0800][1.426s][info][gc,cpu      ] GC(15) User=0.00s Sys=0.00s Real=0.00s
[2026-09-03T12:37:52.965+0800][1.426s][info][safepoint   ] Safepoint "G1PauseCleanup", Time since last: 5575875 ns, Reaching safepoint: 28875 ns, At safepoint: 75875 ns, Leaving safepoint: 51458 ns, Total: 156208 ns, Threads: 4 runnable, 44 total
[2026-09-03T12:37:52.965+0800][1.426s][info][gc,marking  ] GC(15) Concurrent Clear Claimed Marks
[2026-09-03T12:37:52.965+0800][1.426s][info][gc,marking  ] GC(15) Concurrent Clear Claimed Marks 0.019ms
[2026-09-03T12:37:52.965+0800][1.426s][info][gc,marking  ] GC(15) Concurrent Cleanup for Next Mark
[2026-09-03T12:37:52.965+0800][1.426s][info][gc,marking  ] GC(15) Concurrent Cleanup for Next Mark 0.211ms
[2026-09-03T12:37:52.965+0800][1.426s][info][gc          ] GC(15) Concurrent Mark Cycle 15.156ms
[2026-09-03T12:37:53.015+0800][1.476s][info][gc,start    ] GC(16) Pause Young (Prepare Mixed) (G1 Evacuation Pause)
[2026-09-03T12:37:53.015+0800][1.476s][info][gc,task     ] GC(16) Using 9 workers of 9 for evacuation
[2026-09-03T12:37:53.016+0800][1.478s][info][gc,phases   ] GC(16)   Pre Evacuate Collection Set: 0.04ms
[2026-09-03T12:37:53.016+0800][1.478s][info][gc,phases   ] GC(16)   Merge Heap Roots: 0.02ms
[2026-09-03T12:37:53.016+0800][1.478s][info][gc,phases   ] GC(16)   Evacuate Collection Set: 1.47ms
[2026-09-03T12:37:53.016+0800][1.478s][info][gc,phases   ] GC(16)   Post Evacuate Collection Set: 0.10ms
[2026-09-03T12:37:53.016+0800][1.478s][info][gc,phases   ] GC(16)   Other: 0.08ms
[2026-09-03T12:37:53.016+0800][1.478s][info][gc,heap     ] GC(16) Eden regions: 65->0(102)
[2026-09-03T12:37:53.016+0800][1.478s][info][gc,heap     ] GC(16) Survivor regions: 12->10(10)
[2026-09-03T12:37:53.016+0800][1.478s][info][gc,heap     ] GC(16) Old regions: 84->99
[2026-09-03T12:37:53.016+0800][1.478s][info][gc,heap     ] GC(16) Humongous regions: 1->1
[2026-09-03T12:37:53.016+0800][1.478s][info][gc,metaspace] GC(16) Metaspace: 1060K(1216K)->1060K(1216K) NonClass: 996K(1088K)->996K(1088K) Class: 64K(128K)->64K(128K)
[2026-09-03T12:37:53.016+0800][1.478s][info][gc          ] GC(16) Pause Young (Prepare Mixed) (G1 Evacuation Pause) 160M->108M(256M) 1.845ms
[2026-09-03T12:37:53.016+0800][1.478s][info][gc,cpu      ] GC(16) User=0.01s Sys=0.00s Real=0.00s
[2026-09-03T12:37:53.017+0800][1.478s][info][safepoint   ] Safepoint "G1CollectForAllocation", Time since last: 49922208 ns, Reaching safepoint: 4750 ns, At safepoint: 1876625 ns, Leaving safepoint: 43125 ns, Total: 1924500 ns, Threads: 0 runnable, 44 total
[2026-09-03T12:37:53.116+0800][1.578s][info][gc,start    ] GC(17) Pause Young (Mixed) (G1 Evacuation Pause)
[2026-09-03T12:37:53.116+0800][1.578s][info][gc,task     ] GC(17) Using 9 workers of 9 for evacuation
[2026-09-03T12:37:53.119+0800][1.580s][info][gc,phases   ] GC(17)   Pre Evacuate Collection Set: 0.07ms
[2026-09-03T12:37:53.119+0800][1.580s][info][gc,phases   ] GC(17)   Merge Heap Roots: 0.05ms
[2026-09-03T12:37:53.119+0800][1.580s][info][gc,phases   ] GC(17)   Evacuate Collection Set: 1.94ms
[2026-09-03T12:37:53.119+0800][1.580s][info][gc,phases   ] GC(17)   Post Evacuate Collection Set: 0.14ms
[2026-09-03T12:37:53.119+0800][1.580s][info][gc,phases   ] GC(17)   Other: 0.06ms
[2026-09-03T12:37:53.119+0800][1.580s][info][gc,heap     ] GC(17) Eden regions: 102->0(106)
[2026-09-03T12:37:53.119+0800][1.580s][info][gc,heap     ] GC(17) Survivor regions: 10->14(14)
[2026-09-03T12:37:53.119+0800][1.580s][info][gc,heap     ] GC(17) Old regions: 99->90
[2026-09-03T12:37:53.119+0800][1.580s][info][gc,heap     ] GC(17) Humongous regions: 1->1
[2026-09-03T12:37:53.119+0800][1.580s][info][gc,metaspace] GC(17) Metaspace: 1060K(1216K)->1060K(1216K) NonClass: 996K(1088K)->996K(1088K) Class: 64K(128K)->64K(128K)
[2026-09-03T12:37:53.119+0800][1.580s][info][gc          ] GC(17) Pause Young (Mixed) (G1 Evacuation Pause) 210M->104M(256M) 2.397ms
[2026-09-03T12:37:53.119+0800][1.580s][info][gc,cpu      ] GC(17) User=0.01s Sys=0.00s Real=0.00s
[2026-09-03T12:37:53.119+0800][1.580s][info][safepoint   ] Safepoint "G1CollectForAllocation", Time since last: 99681000 ns, Reaching safepoint: 47209 ns, At safepoint: 2457333 ns, Leaving safepoint: 21958 ns, Total: 2526500 ns, Threads: 2 runnable, 44 total
[2026-09-03T12:37:53.224+0800][1.685s][info][gc,start    ] GC(18) Pause Young (Normal) (G1 Evacuation Pause)
[2026-09-03T12:37:53.224+0800][1.685s][info][gc,task     ] GC(18) Using 9 workers of 9 for evacuation
[2026-09-03T12:37:53.227+0800][1.688s][info][gc,phases   ] GC(18)   Pre Evacuate Collection Set: 0.07ms
[2026-09-03T12:37:53.227+0800][1.688s][info][gc,phases   ] GC(18)   Merge Heap Roots: 0.03ms
[2026-09-03T12:37:53.227+0800][1.688s][info][gc,phases   ] GC(18)   Evacuate Collection Set: 2.77ms
[2026-09-03T12:37:53.227+0800][1.688s][info][gc,phases   ] GC(18)   Post Evacuate Collection Set: 0.14ms
[2026-09-03T12:37:53.227+0800][1.688s][info][gc,phases   ] GC(18)   Other: 0.12ms
[2026-09-03T12:37:53.227+0800][1.688s][info][gc,heap     ] GC(18) Eden regions: 106->0(91)
[2026-09-03T12:37:53.227+0800][1.688s][info][gc,heap     ] GC(18) Survivor regions: 14->15(15)
[2026-09-03T12:37:53.227+0800][1.688s][info][gc,heap     ] GC(18) Old regions: 90->110
[2026-09-03T12:37:53.227+0800][1.688s][info][gc,heap     ] GC(18) Humongous regions: 1->1
[2026-09-03T12:37:53.227+0800][1.688s][info][gc,metaspace] GC(18) Metaspace: 1060K(1216K)->1060K(1216K) NonClass: 996K(1088K)->996K(1088K) Class: 64K(128K)->64K(128K)
[2026-09-03T12:37:53.227+0800][1.689s][info][gc          ] GC(18) Pause Young (Normal) (G1 Evacuation Pause) 210M->125M(256M) 3.360ms
[2026-09-03T12:37:53.227+0800][1.689s][info][gc,cpu      ] GC(18) User=0.02s Sys=0.00s Real=0.00s
[2026-09-03T12:37:53.227+0800][1.689s][info][safepoint   ] Safepoint "G1CollectForAllocation", Time since last: 104891792 ns, Reaching safepoint: 68042 ns, At safepoint: 3449875 ns, Leaving safepoint: 40958 ns, Total: 3558875 ns, Threads: 1 runnable, 44 total
[2026-09-03T12:37:53.318+0800][1.779s][info][gc,start    ] GC(19) Pause Young (Normal) (G1 Evacuation Pause)
[2026-09-03T12:37:53.318+0800][1.779s][info][gc,task     ] GC(19) Using 9 workers of 9 for evacuation
[2026-09-03T12:37:53.320+0800][1.781s][info][gc,phases   ] GC(19)   Pre Evacuate Collection Set: 0.05ms
[2026-09-03T12:37:53.320+0800][1.781s][info][gc,phases   ] GC(19)   Merge Heap Roots: 0.03ms
[2026-09-03T12:37:53.320+0800][1.781s][info][gc,phases   ] GC(19)   Evacuate Collection Set: 1.94ms
[2026-09-03T12:37:53.320+0800][1.781s][info][gc,phases   ] GC(19)   Post Evacuate Collection Set: 0.09ms
[2026-09-03T12:37:53.320+0800][1.781s][info][gc,phases   ] GC(19)   Other: 0.06ms
[2026-09-03T12:37:53.320+0800][1.781s][info][gc,heap     ] GC(19) Eden regions: 91->0(78)
[2026-09-03T12:37:53.320+0800][1.781s][info][gc,heap     ] GC(19) Survivor regions: 15->14(14)
[2026-09-03T12:37:53.320+0800][1.781s][info][gc,heap     ] GC(19) Old regions: 110->130
[2026-09-03T12:37:53.320+0800][1.781s][info][gc,heap     ] GC(19) Humongous regions: 1->1
[2026-09-03T12:37:53.320+0800][1.781s][info][gc,metaspace] GC(19) Metaspace: 1060K(1216K)->1060K(1216K) NonClass: 996K(1088K)->996K(1088K) Class: 64K(128K)->64K(128K)
[2026-09-03T12:37:53.320+0800][1.781s][info][gc          ] GC(19) Pause Young (Normal) (G1 Evacuation Pause) 216M->144M(256M) 2.295ms
[2026-09-03T12:37:53.320+0800][1.781s][info][gc,cpu      ] GC(19) User=0.02s Sys=0.00s Real=0.01s
[2026-09-03T12:37:53.320+0800][1.781s][info][safepoint   ] Safepoint "G1CollectForAllocation", Time since last: 90271667 ns, Reaching safepoint: 74291 ns, At safepoint: 2335792 ns, Leaving safepoint: 22292 ns, Total: 2432375 ns, Threads: 2 runnable, 44 total
[2026-09-03T12:37:53.394+0800][1.855s][info][gc,start    ] GC(20) Pause Young (Concurrent Start) (G1 Evacuation Pause)
[2026-09-03T12:37:53.394+0800][1.855s][info][gc,task     ] GC(20) Using 9 workers of 9 for evacuation
[2026-09-03T12:37:53.396+0800][1.857s][info][gc,phases   ] GC(20)   Pre Evacuate Collection Set: 0.06ms
[2026-09-03T12:37:53.396+0800][1.857s][info][gc,phases   ] GC(20)   Merge Heap Roots: 0.03ms
[2026-09-03T12:37:53.396+0800][1.857s][info][gc,phases   ] GC(20)   Evacuate Collection Set: 1.69ms
[2026-09-03T12:37:53.396+0800][1.857s][info][gc,phases   ] GC(20)   Post Evacuate Collection Set: 0.09ms
[2026-09-03T12:37:53.396+0800][1.857s][info][gc,phases   ] GC(20)   Other: 0.07ms
[2026-09-03T12:37:53.396+0800][1.857s][info][gc,heap     ] GC(20) Eden regions: 78->0(67)
[2026-09-03T12:37:53.396+0800][1.857s][info][gc,heap     ] GC(20) Survivor regions: 14->12(12)
[2026-09-03T12:37:53.396+0800][1.857s][info][gc,heap     ] GC(20) Old regions: 130->148
[2026-09-03T12:37:53.396+0800][1.857s][info][gc,heap     ] GC(20) Humongous regions: 1->1
[2026-09-03T12:37:53.396+0800][1.857s][info][gc,metaspace] GC(20) Metaspace: 1060K(1216K)->1060K(1216K) NonClass: 996K(1088K)->996K(1088K) Class: 64K(128K)->64K(128K)
[2026-09-03T12:37:53.396+0800][1.857s][info][gc          ] GC(20) Pause Young (Concurrent Start) (G1 Evacuation Pause) 222M->160M(256M) 2.105ms
[2026-09-03T12:37:53.396+0800][1.858s][info][gc,cpu      ] GC(20) User=0.01s Sys=0.00s Real=0.00s
[2026-09-03T12:37:53.396+0800][1.858s][info][gc          ] GC(21) Concurrent Mark Cycle
[2026-09-03T12:37:53.396+0800][1.858s][info][gc,marking  ] GC(21) Concurrent Scan Root Regions
[2026-09-03T12:37:53.396+0800][1.858s][info][safepoint   ] Safepoint "G1CollectForAllocation", Time since last: 74011458 ns, Reaching safepoint: 40417 ns, At safepoint: 2146625 ns, Leaving safepoint: 28666 ns, Total: 2215708 ns, Threads: 2 runnable, 44 total
[2026-09-03T12:37:53.398+0800][1.859s][info][gc,marking  ] GC(21) Concurrent Scan Root Regions 1.827ms
[2026-09-03T12:37:53.398+0800][1.859s][info][gc,marking  ] GC(21) Concurrent Mark
[2026-09-03T12:37:53.398+0800][1.859s][info][gc,marking  ] GC(21) Concurrent Mark From Roots
[2026-09-03T12:37:53.398+0800][1.859s][info][gc,task     ] GC(21) Concurrent Mark Using 2 of 2 Workers
[2026-09-03T12:37:53.404+0800][1.865s][info][gc,marking  ] GC(21) Concurrent Mark From Roots 6.103ms
[2026-09-03T12:37:53.404+0800][1.866s][info][gc,marking  ] GC(21) Concurrent Preclean
[2026-09-03T12:37:53.404+0800][1.866s][info][gc,marking  ] GC(21) Concurrent Preclean 0.020ms
[2026-09-03T12:37:53.404+0800][1.866s][info][gc,start    ] GC(21) Pause Remark
[2026-09-03T12:37:53.405+0800][1.866s][info][gc          ] GC(21) Pause Remark 169M->137M(256M) 0.371ms
[2026-09-03T12:37:53.405+0800][1.866s][info][gc,cpu      ] GC(21) User=0.00s Sys=0.00s Real=0.00s
[2026-09-03T12:37:53.405+0800][1.866s][info][safepoint   ] Safepoint "G1PauseRemark", Time since last: 8030375 ns, Reaching safepoint: 42792 ns, At safepoint: 403917 ns, Leaving safepoint: 19041 ns, Total: 465750 ns, Threads: 3 runnable, 44 total
[2026-09-03T12:37:53.405+0800][1.866s][info][gc,marking  ] GC(21) Concurrent Mark 6.769ms
[2026-09-03T12:37:53.405+0800][1.866s][info][gc,marking  ] GC(21) Concurrent Rebuild Remembered Sets and Scrub Regions
[2026-09-03T12:37:53.411+0800][1.873s][info][gc,marking  ] GC(21) Concurrent Rebuild Remembered Sets and Scrub Regions 6.478ms
[2026-09-03T12:37:53.411+0800][1.873s][info][gc,start    ] GC(21) Pause Cleanup
[2026-09-03T12:37:53.411+0800][1.873s][info][gc          ] GC(21) Pause Cleanup 142M->142M(256M) 0.100ms
[2026-09-03T12:37:53.411+0800][1.873s][info][gc,cpu      ] GC(21) User=0.00s Sys=0.00s Real=0.00s
[2026-09-03T12:37:53.412+0800][1.873s][info][safepoint   ] Safepoint "G1PauseCleanup", Time since last: 6688750 ns, Reaching safepoint: 28125 ns, At safepoint: 166542 ns, Leaving safepoint: 34250 ns, Total: 228917 ns, Threads: 2 runnable, 44 total
[2026-09-03T12:37:53.412+0800][1.873s][info][gc,marking  ] GC(21) Concurrent Clear Claimed Marks
[2026-09-03T12:37:53.412+0800][1.873s][info][gc,marking  ] GC(21) Concurrent Clear Claimed Marks 0.012ms
[2026-09-03T12:37:53.412+0800][1.873s][info][gc,marking  ] GC(21) Concurrent Cleanup for Next Mark
[2026-09-03T12:37:53.412+0800][1.873s][info][gc,marking  ] GC(21) Concurrent Cleanup for Next Mark 0.186ms
[2026-09-03T12:37:53.412+0800][1.873s][info][gc          ] GC(21) Concurrent Mark Cycle 15.754ms
[2026-09-03T12:37:53.463+0800][1.925s][info][gc,start    ] GC(22) Pause Young (Prepare Mixed) (G1 Evacuation Pause)
[2026-09-03T12:37:53.464+0800][1.925s][info][gc,task     ] GC(22) Using 9 workers of 9 for evacuation
[2026-09-03T12:37:53.465+0800][1.927s][info][gc,phases   ] GC(22)   Pre Evacuate Collection Set: 0.05ms
[2026-09-03T12:37:53.465+0800][1.927s][info][gc,phases   ] GC(22)   Merge Heap Roots: 0.02ms
[2026-09-03T12:37:53.465+0800][1.927s][info][gc,phases   ] GC(22)   Evacuate Collection Set: 1.45ms
[2026-09-03T12:37:53.465+0800][1.927s][info][gc,phases   ] GC(22)   Post Evacuate Collection Set: 0.09ms
[2026-09-03T12:37:53.465+0800][1.927s][info][gc,phases   ] GC(22)   Other: 0.05ms
[2026-09-03T12:37:53.465+0800][1.927s][info][gc,heap     ] GC(22) Eden regions: 67->0(80)
[2026-09-03T12:37:53.465+0800][1.927s][info][gc,heap     ] GC(22) Survivor regions: 12->10(10)
[2026-09-03T12:37:53.465+0800][1.927s][info][gc,heap     ] GC(22) Old regions: 116->132
[2026-09-03T12:37:53.465+0800][1.927s][info][gc,heap     ] GC(22) Humongous regions: 1->1
[2026-09-03T12:37:53.465+0800][1.927s][info][gc,metaspace] GC(22) Metaspace: 1060K(1216K)->1060K(1216K) NonClass: 996K(1088K)->996K(1088K) Class: 64K(128K)->64K(128K)
[2026-09-03T12:37:53.465+0800][1.927s][info][gc          ] GC(22) Pause Young (Prepare Mixed) (G1 Evacuation Pause) 195M->142M(256M) 1.779ms
[2026-09-03T12:37:53.465+0800][1.927s][info][gc,cpu      ] GC(22) User=0.01s Sys=0.00s Real=0.00s
[2026-09-03T12:37:53.465+0800][1.927s][info][safepoint   ] Safepoint "G1CollectForAllocation", Time since last: 51923750 ns, Reaching safepoint: 30333 ns, At safepoint: 1805459 ns, Leaving safepoint: 23500 ns, Total: 1859292 ns, Threads: 2 runnable, 44 total
[2026-09-03T12:37:53.545+0800][2.007s][info][gc,start    ] GC(23) Pause Young (Mixed) (G1 Evacuation Pause)
[2026-09-03T12:37:53.545+0800][2.007s][info][gc,task     ] GC(23) Using 9 workers of 9 for evacuation
[2026-09-03T12:37:53.547+0800][2.009s][info][gc,phases   ] GC(23)   Pre Evacuate Collection Set: 0.04ms
[2026-09-03T12:37:53.547+0800][2.009s][info][gc,phases   ] GC(23)   Merge Heap Roots: 0.02ms
[2026-09-03T12:37:53.547+0800][2.009s][info][gc,phases   ] GC(23)   Evacuate Collection Set: 1.71ms
[2026-09-03T12:37:53.547+0800][2.009s][info][gc,phases   ] GC(23)   Post Evacuate Collection Set: 0.08ms
[2026-09-03T12:37:53.547+0800][2.009s][info][gc,phases   ] GC(23)   Other: 0.06ms
[2026-09-03T12:37:53.547+0800][2.009s][info][gc,heap     ] GC(23) Eden regions: 80->0(88)
[2026-09-03T12:37:53.547+0800][2.009s][info][gc,heap     ] GC(23) Survivor regions: 10->12(12)
[2026-09-03T12:37:53.547+0800][2.009s][info][gc,heap     ] GC(23) Old regions: 132->118
[2026-09-03T12:37:53.547+0800][2.009s][info][gc,heap     ] GC(23) Humongous regions: 1->1
[2026-09-03T12:37:53.547+0800][2.009s][info][gc,metaspace] GC(23) Metaspace: 1060K(1216K)->1060K(1216K) NonClass: 996K(1088K)->996K(1088K) Class: 64K(128K)->64K(128K)
[2026-09-03T12:37:53.547+0800][2.009s][info][gc          ] GC(23) Pause Young (Mixed) (G1 Evacuation Pause) 222M->130M(256M) 2.035ms
[2026-09-03T12:37:53.547+0800][2.009s][info][gc,cpu      ] GC(23) User=0.02s Sys=0.00s Real=0.00s
[2026-09-03T12:37:53.547+0800][2.009s][info][safepoint   ] Safepoint "G1CollectForAllocation", Time since last: 79889291 ns, Reaching safepoint: 62375 ns, At safepoint: 2094667 ns, Leaving safepoint: 18792 ns, Total: 2175834 ns, Threads: 2 runnable, 44 total
[2026-09-03T12:37:53.633+0800][2.095s][info][gc,start    ] GC(24) Pause Young (Mixed) (G1 Evacuation Pause)
[2026-09-03T12:37:53.633+0800][2.095s][info][gc,task     ] GC(24) Using 9 workers of 9 for evacuation
[2026-09-03T12:37:53.636+0800][2.097s][info][gc,phases   ] GC(24)   Pre Evacuate Collection Set: 0.04ms
[2026-09-03T12:37:53.636+0800][2.097s][info][gc,phases   ] GC(24)   Merge Heap Roots: 0.03ms
[2026-09-03T12:37:53.636+0800][2.097s][info][gc,phases   ] GC(24)   Evacuate Collection Set: 2.21ms
[2026-09-03T12:37:53.636+0800][2.097s][info][gc,phases   ] GC(24)   Post Evacuate Collection Set: 0.11ms
[2026-09-03T12:37:53.636+0800][2.097s][info][gc,phases   ] GC(24)   Other: 0.07ms
[2026-09-03T12:37:53.636+0800][2.097s][info][gc,heap     ] GC(24) Eden regions: 88->0(95)
[2026-09-03T12:37:53.636+0800][2.097s][info][gc,heap     ] GC(24) Survivor regions: 12->13(13)
[2026-09-03T12:37:53.636+0800][2.097s][info][gc,heap     ] GC(24) Old regions: 118->108
[2026-09-03T12:37:53.636+0800][2.097s][info][gc,heap     ] GC(24) Humongous regions: 1->1
[2026-09-03T12:37:53.636+0800][2.097s][info][gc,metaspace] GC(24) Metaspace: 1060K(1216K)->1060K(1216K) NonClass: 996K(1088K)->996K(1088K) Class: 64K(128K)->64K(128K)
[2026-09-03T12:37:53.636+0800][2.097s][info][gc          ] GC(24) Pause Young (Mixed) (G1 Evacuation Pause) 218M->121M(256M) 2.577ms
[2026-09-03T12:37:53.636+0800][2.097s][info][gc,cpu      ] GC(24) User=0.01s Sys=0.00s Real=0.00s
[2026-09-03T12:37:53.636+0800][2.097s][info][safepoint   ] Safepoint "G1CollectForAllocation", Time since last: 85911583 ns, Reaching safepoint: 37625 ns, At safepoint: 2624875 ns, Leaving safepoint: 18708 ns, Total: 2681208 ns, Threads: 1 runnable, 44 total
[2026-09-03T12:37:53.725+0800][2.186s][info][gc,start    ] GC(25) Pause Young (Mixed) (G1 Evacuation Pause)
[2026-09-03T12:37:53.725+0800][2.186s][info][gc,task     ] GC(25) Using 9 workers of 9 for evacuation
[2026-09-03T12:37:53.727+0800][2.188s][info][gc,phases   ] GC(25)   Pre Evacuate Collection Set: 0.06ms
[2026-09-03T12:37:53.727+0800][2.188s][info][gc,phases   ] GC(25)   Merge Heap Roots: 0.03ms
[2026-09-03T12:37:53.727+0800][2.188s][info][gc,phases   ] GC(25)   Evacuate Collection Set: 2.03ms
[2026-09-03T12:37:53.727+0800][2.188s][info][gc,phases   ] GC(25)   Post Evacuate Collection Set: 0.11ms
[2026-09-03T12:37:53.727+0800][2.188s][info][gc,phases   ] GC(25)   Other: 0.06ms
[2026-09-03T12:37:53.727+0800][2.188s][info][gc,heap     ] GC(25) Eden regions: 95->0(82)
[2026-09-03T12:37:53.727+0800][2.188s][info][gc,heap     ] GC(25) Survivor regions: 13->14(14)
[2026-09-03T12:37:53.727+0800][2.188s][info][gc,heap     ] GC(25) Old regions: 108->125
[2026-09-03T12:37:53.727+0800][2.188s][info][gc,heap     ] GC(25) Humongous regions: 1->1
[2026-09-03T12:37:53.727+0800][2.189s][info][gc,metaspace] GC(25) Metaspace: 1060K(1216K)->1060K(1216K) NonClass: 996K(1088K)->996K(1088K) Class: 64K(128K)->64K(128K)
[2026-09-03T12:37:53.727+0800][2.189s][info][gc          ] GC(25) Pause Young (Mixed) (G1 Evacuation Pause) 216M->140M(256M) 2.458ms
[2026-09-03T12:37:53.727+0800][2.189s][info][gc,cpu      ] GC(25) User=0.02s Sys=0.00s Real=0.00s
[2026-09-03T12:37:53.727+0800][2.189s][info][safepoint   ] Safepoint "G1CollectForAllocation", Time since last: 88616375 ns, Reaching safepoint: 27209 ns, At safepoint: 2486500 ns, Leaving safepoint: 21041 ns, Total: 2534750 ns, Threads: 2 runnable, 44 total
[2026-09-03T12:37:53.804+0800][2.265s][info][gc,start    ] GC(26) Pause Young (Concurrent Start) (G1 Evacuation Pause)
[2026-09-03T12:37:53.804+0800][2.265s][info][gc,task     ] GC(26) Using 9 workers of 9 for evacuation
[2026-09-03T12:37:53.806+0800][2.267s][info][gc,phases   ] GC(26)   Pre Evacuate Collection Set: 0.08ms
[2026-09-03T12:37:53.806+0800][2.267s][info][gc,phases   ] GC(26)   Merge Heap Roots: 0.04ms
[2026-09-03T12:37:53.806+0800][2.267s][info][gc,phases   ] GC(26)   Evacuate Collection Set: 1.84ms
[2026-09-03T12:37:53.806+0800][2.267s][info][gc,phases   ] GC(26)   Post Evacuate Collection Set: 0.10ms
[2026-09-03T12:37:53.806+0800][2.267s][info][gc,phases   ] GC(26)   Other: 0.06ms
[2026-09-03T12:37:53.806+0800][2.267s][info][gc,heap     ] GC(26) Eden regions: 82->0(69)
[2026-09-03T12:37:53.806+0800][2.267s][info][gc,heap     ] GC(26) Survivor regions: 14->12(12)
[2026-09-03T12:37:53.806+0800][2.267s][info][gc,heap     ] GC(26) Old regions: 125->145
[2026-09-03T12:37:53.806+0800][2.267s][info][gc,heap     ] GC(26) Humongous regions: 1->1
[2026-09-03T12:37:53.806+0800][2.267s][info][gc,metaspace] GC(26) Metaspace: 1060K(1216K)->1060K(1216K) NonClass: 996K(1088K)->996K(1088K) Class: 64K(128K)->64K(128K)
[2026-09-03T12:37:53.806+0800][2.267s][info][gc          ] GC(26) Pause Young (Concurrent Start) (G1 Evacuation Pause) 222M->157M(256M) 2.234ms
[2026-09-03T12:37:53.806+0800][2.268s][info][gc,cpu      ] GC(26) User=0.02s Sys=0.00s Real=0.00s
[2026-09-03T12:37:53.806+0800][2.268s][info][gc          ] GC(27) Concurrent Mark Cycle
[2026-09-03T12:37:53.806+0800][2.268s][info][gc,marking  ] GC(27) Concurrent Scan Root Regions
[2026-09-03T12:37:53.806+0800][2.268s][info][safepoint   ] Safepoint "G1CollectForAllocation", Time since last: 76640334 ns, Reaching safepoint: 45833 ns, At safepoint: 2277042 ns, Leaving safepoint: 35375 ns, Total: 2358250 ns, Threads: 2 runnable, 44 total
[2026-09-03T12:37:53.808+0800][2.269s][info][gc,marking  ] GC(27) Concurrent Scan Root Regions 1.753ms
[2026-09-03T12:37:53.808+0800][2.269s][info][gc,marking  ] GC(27) Concurrent Mark
[2026-09-03T12:37:53.808+0800][2.269s][info][gc,marking  ] GC(27) Concurrent Mark From Roots
[2026-09-03T12:37:53.808+0800][2.269s][info][gc,task     ] GC(27) Concurrent Mark Using 2 of 2 Workers
[2026-09-03T12:37:53.814+0800][2.275s][info][gc,marking  ] GC(27) Concurrent Mark From Roots 5.833ms
[2026-09-03T12:37:53.814+0800][2.275s][info][gc,marking  ] GC(27) Concurrent Preclean
[2026-09-03T12:37:53.814+0800][2.275s][info][gc,marking  ] GC(27) Concurrent Preclean 0.016ms
[2026-09-03T12:37:53.814+0800][2.275s][info][gc,start    ] GC(27) Pause Remark
[2026-09-03T12:37:53.814+0800][2.276s][info][gc          ] GC(27) Pause Remark 166M->104M(256M) 0.327ms
[2026-09-03T12:37:53.814+0800][2.276s][info][gc,cpu      ] GC(27) User=0.00s Sys=0.00s Real=0.00s
[2026-09-03T12:37:53.814+0800][2.276s][info][safepoint   ] Safepoint "G1PauseRemark", Time since last: 7688500 ns, Reaching safepoint: 23791 ns, At safepoint: 352875 ns, Leaving safepoint: 16584 ns, Total: 393250 ns, Threads: 3 runnable, 44 total
[2026-09-03T12:37:53.814+0800][2.276s][info][gc,marking  ] GC(27) Concurrent Mark 6.344ms
[2026-09-03T12:37:53.814+0800][2.276s][info][gc,marking  ] GC(27) Concurrent Rebuild Remembered Sets and Scrub Regions
[2026-09-03T12:37:53.818+0800][2.279s][info][gc,marking  ] GC(27) Concurrent Rebuild Remembered Sets and Scrub Regions 3.791ms
[2026-09-03T12:37:53.818+0800][2.280s][info][gc,start    ] GC(27) Pause Cleanup
[2026-09-03T12:37:53.818+0800][2.280s][info][gc          ] GC(27) Pause Cleanup 107M->107M(256M) 0.104ms
[2026-09-03T12:37:53.818+0800][2.280s][info][gc,cpu      ] GC(27) User=0.00s Sys=0.00s Real=0.00s
[2026-09-03T12:37:53.818+0800][2.280s][info][safepoint   ] Safepoint "G1PauseCleanup", Time since last: 3882000 ns, Reaching safepoint: 4416 ns, At safepoint: 143959 ns, Leaving safepoint: 22666 ns, Total: 171041 ns, Threads: 0 runnable, 44 total
[2026-09-03T12:37:53.818+0800][2.280s][info][gc,marking  ] GC(27) Concurrent Clear Claimed Marks
[2026-09-03T12:37:53.818+0800][2.280s][info][gc,marking  ] GC(27) Concurrent Clear Claimed Marks 0.006ms
[2026-09-03T12:37:53.818+0800][2.280s][info][gc,marking  ] GC(27) Concurrent Cleanup for Next Mark
[2026-09-03T12:37:53.818+0800][2.280s][info][gc,marking  ] GC(27) Concurrent Cleanup for Next Mark 0.102ms
[2026-09-03T12:37:53.818+0800][2.280s][info][gc          ] GC(27) Concurrent Mark Cycle 12.356ms
[2026-09-03T12:37:53.871+0800][2.333s][info][gc,start    ] GC(28) Pause Young (Prepare Mixed) (G1 Evacuation Pause)
[2026-09-03T12:37:53.871+0800][2.333s][info][gc,task     ] GC(28) Using 9 workers of 9 for evacuation
[2026-09-03T12:37:53.873+0800][2.335s][info][gc,phases   ] GC(28)   Pre Evacuate Collection Set: 0.10ms
[2026-09-03T12:37:53.873+0800][2.335s][info][gc,phases   ] GC(28)   Merge Heap Roots: 0.02ms
[2026-09-03T12:37:53.873+0800][2.335s][info][gc,phases   ] GC(28)   Evacuate Collection Set: 1.78ms
[2026-09-03T12:37:53.873+0800][2.335s][info][gc,phases   ] GC(28)   Post Evacuate Collection Set: 0.07ms
[2026-09-03T12:37:53.873+0800][2.335s][info][gc,phases   ] GC(28)   Other: 0.06ms
[2026-09-03T12:37:53.873+0800][2.335s][info][gc,heap     ] GC(28) Eden regions: 69->0(103)
[2026-09-03T12:37:53.873+0800][2.335s][info][gc,heap     ] GC(28) Survivor regions: 12->11(11)
[2026-09-03T12:37:53.873+0800][2.335s][info][gc,heap     ] GC(28) Old regions: 83->98
[2026-09-03T12:37:53.873+0800][2.335s][info][gc,heap     ] GC(28) Humongous regions: 1->1
[2026-09-03T12:37:53.873+0800][2.335s][info][gc,metaspace] GC(28) Metaspace: 1060K(1216K)->1060K(1216K) NonClass: 996K(1088K)->996K(1088K) Class: 64K(128K)->64K(128K)
[2026-09-03T12:37:53.873+0800][2.335s][info][gc          ] GC(28) Pause Young (Prepare Mixed) (G1 Evacuation Pause) 164M->110M(256M) 2.152ms
[2026-09-03T12:37:53.873+0800][2.335s][info][gc,cpu      ] GC(28) User=0.01s Sys=0.00s Real=0.00s
[2026-09-03T12:37:53.873+0800][2.335s][info][safepoint   ] Safepoint "G1CollectForAllocation", Time since last: 52804584 ns, Reaching safepoint: 3333 ns, At safepoint: 2179250 ns, Leaving safepoint: 21625 ns, Total: 2204208 ns, Threads: 0 runnable, 44 total
[2026-09-03T12:37:53.972+0800][2.433s][info][gc,start    ] GC(29) Pause Young (Mixed) (G1 Evacuation Pause)
[2026-09-03T12:37:53.972+0800][2.433s][info][gc,task     ] GC(29) Using 9 workers of 9 for evacuation
[2026-09-03T12:37:53.974+0800][2.435s][info][gc,phases   ] GC(29)   Pre Evacuate Collection Set: 0.04ms
[2026-09-03T12:37:53.974+0800][2.435s][info][gc,phases   ] GC(29)   Merge Heap Roots: 0.03ms
[2026-09-03T12:37:53.974+0800][2.435s][info][gc,phases   ] GC(29)   Evacuate Collection Set: 1.94ms
[2026-09-03T12:37:53.974+0800][2.435s][info][gc,phases   ] GC(29)   Post Evacuate Collection Set: 0.11ms
[2026-09-03T12:37:53.974+0800][2.436s][info][gc,phases   ] GC(29)   Other: 0.05ms
[2026-09-03T12:37:53.974+0800][2.436s][info][gc,heap     ] GC(29) Eden regions: 103->0(105)
[2026-09-03T12:37:53.974+0800][2.436s][info][gc,heap     ] GC(29) Survivor regions: 11->15(15)
[2026-09-03T12:37:53.974+0800][2.436s][info][gc,heap     ] GC(29) Old regions: 98->92
[2026-09-03T12:37:53.974+0800][2.436s][info][gc,heap     ] GC(29) Humongous regions: 1->1
[2026-09-03T12:37:53.974+0800][2.436s][info][gc,metaspace] GC(29) Metaspace: 1060K(1216K)->1060K(1216K) NonClass: 996K(1088K)->996K(1088K) Class: 64K(128K)->64K(128K)
[2026-09-03T12:37:53.974+0800][2.436s][info][gc          ] GC(29) Pause Young (Mixed) (G1 Evacuation Pause) 213M->108M(256M) 2.291ms
[2026-09-03T12:37:53.974+0800][2.436s][info][gc,cpu      ] GC(29) User=0.02s Sys=0.00s Real=0.00s
[2026-09-03T12:37:53.974+0800][2.436s][info][safepoint   ] Safepoint "G1CollectForAllocation", Time since last: 98488792 ns, Reaching safepoint: 48041 ns, At safepoint: 2322834 ns, Leaving safepoint: 34750 ns, Total: 2405625 ns, Threads: 3 runnable, 44 total
[2026-09-03T12:37:54.076+0800][2.538s][info][gc,start    ] GC(30) Pause Young (Concurrent Start) (G1 Evacuation Pause)
[2026-09-03T12:37:54.076+0800][2.538s][info][gc,task     ] GC(30) Using 9 workers of 9 for evacuation
[2026-09-03T12:37:54.079+0800][2.540s][info][gc,phases   ] GC(30)   Pre Evacuate Collection Set: 0.11ms
[2026-09-03T12:37:54.079+0800][2.540s][info][gc,phases   ] GC(30)   Merge Heap Roots: 0.04ms
[2026-09-03T12:37:54.079+0800][2.540s][info][gc,phases   ] GC(30)   Evacuate Collection Set: 2.32ms
[2026-09-03T12:37:54.079+0800][2.540s][info][gc,phases   ] GC(30)   Post Evacuate Collection Set: 0.11ms
[2026-09-03T12:37:54.079+0800][2.540s][info][gc,phases   ] GC(30)   Other: 0.06ms
[2026-09-03T12:37:54.079+0800][2.540s][info][gc,heap     ] GC(30) Eden regions: 105->0(90)
[2026-09-03T12:37:54.079+0800][2.540s][info][gc,heap     ] GC(30) Survivor regions: 15->15(15)
[2026-09-03T12:37:54.079+0800][2.540s][info][gc,heap     ] GC(30) Old regions: 92->113
[2026-09-03T12:37:54.079+0800][2.540s][info][gc,heap     ] GC(30) Humongous regions: 1->1
[2026-09-03T12:37:54.079+0800][2.540s][info][gc,metaspace] GC(30) Metaspace: 1060K(1216K)->1060K(1216K) NonClass: 996K(1088K)->996K(1088K) Class: 64K(128K)->64K(128K)
[2026-09-03T12:37:54.079+0800][2.540s][info][gc          ] GC(30) Pause Young (Concurrent Start) (G1 Evacuation Pause) 213M->128M(256M) 2.739ms
[2026-09-03T12:37:54.079+0800][2.540s][info][gc,cpu      ] GC(30) User=0.01s Sys=0.00s Real=0.00s
[2026-09-03T12:37:54.079+0800][2.540s][info][gc          ] GC(31) Concurrent Mark Cycle
[2026-09-03T12:37:54.079+0800][2.540s][info][gc,marking  ] GC(31) Concurrent Scan Root Regions
[2026-09-03T12:37:54.079+0800][2.540s][info][safepoint   ] Safepoint "G1CollectForAllocation", Time since last: 102100833 ns, Reaching safepoint: 2875 ns, At safepoint: 2770375 ns, Leaving safepoint: 19792 ns, Total: 2793042 ns, Threads: 0 runnable, 44 total
[2026-09-03T12:37:54.081+0800][2.543s][info][gc,marking  ] GC(31) Concurrent Scan Root Regions 2.349ms
[2026-09-03T12:37:54.081+0800][2.543s][info][gc,marking  ] GC(31) Concurrent Mark
[2026-09-03T12:37:54.081+0800][2.543s][info][gc,marking  ] GC(31) Concurrent Mark From Roots
[2026-09-03T12:37:54.081+0800][2.543s][info][gc,task     ] GC(31) Concurrent Mark Using 2 of 2 Workers
[2026-09-03T12:37:54.087+0800][2.549s][info][gc,marking  ] GC(31) Concurrent Mark From Roots 5.689ms
[2026-09-03T12:37:54.087+0800][2.549s][info][gc,marking  ] GC(31) Concurrent Preclean
[2026-09-03T12:37:54.087+0800][2.549s][info][gc,marking  ] GC(31) Concurrent Preclean 0.019ms
[2026-09-03T12:37:54.087+0800][2.549s][info][gc,start    ] GC(31) Pause Remark
[2026-09-03T12:37:54.088+0800][2.549s][info][gc          ] GC(31) Pause Remark 138M->122M(256M) 0.335ms
[2026-09-03T12:37:54.088+0800][2.549s][info][gc,cpu      ] GC(31) User=0.00s Sys=0.00s Real=0.00s
[2026-09-03T12:37:54.088+0800][2.549s][info][safepoint   ] Safepoint "G1PauseRemark", Time since last: 8149375 ns, Reaching safepoint: 98333 ns, At safepoint: 362958 ns, Leaving safepoint: 21250 ns, Total: 482541 ns, Threads: 2 runnable, 44 total
[2026-09-03T12:37:54.088+0800][2.549s][info][gc,marking  ] GC(31) Concurrent Mark 6.336ms
[2026-09-03T12:37:54.088+0800][2.549s][info][gc,marking  ] GC(31) Concurrent Rebuild Remembered Sets and Scrub Regions
[2026-09-03T12:37:54.093+0800][2.554s][info][gc,marking  ] GC(31) Concurrent Rebuild Remembered Sets and Scrub Regions 4.858ms
[2026-09-03T12:37:54.093+0800][2.554s][info][gc,start    ] GC(31) Pause Cleanup
[2026-09-03T12:37:54.093+0800][2.554s][info][gc          ] GC(31) Pause Cleanup 127M->127M(256M) 0.109ms
[2026-09-03T12:37:54.093+0800][2.554s][info][gc,cpu      ] GC(31) User=0.00s Sys=0.00s Real=0.00s
[2026-09-03T12:37:54.093+0800][2.554s][info][safepoint   ] Safepoint "G1PauseCleanup", Time since last: 4996292 ns, Reaching safepoint: 5625 ns, At safepoint: 146500 ns, Leaving safepoint: 49250 ns, Total: 201375 ns, Threads: 0 runnable, 44 total
[2026-09-03T12:37:54.093+0800][2.554s][info][gc,marking  ] GC(31) Concurrent Clear Claimed Marks
[2026-09-03T12:37:54.093+0800][2.554s][info][gc,marking  ] GC(31) Concurrent Clear Claimed Marks 0.013ms
[2026-09-03T12:37:54.093+0800][2.554s][info][gc,marking  ] GC(31) Concurrent Cleanup for Next Mark
[2026-09-03T12:37:54.093+0800][2.555s][info][gc,marking  ] GC(31) Concurrent Cleanup for Next Mark 0.306ms
[2026-09-03T12:37:54.093+0800][2.555s][info][gc          ] GC(31) Concurrent Mark Cycle 14.324ms
[2026-09-03T12:37:54.170+0800][2.631s][info][gc,start    ] GC(32) Pause Young (Prepare Mixed) (G1 Evacuation Pause)
[2026-09-03T12:37:54.170+0800][2.631s][info][gc,task     ] GC(32) Using 9 workers of 9 for evacuation
[2026-09-03T12:37:54.172+0800][2.634s][info][gc,phases   ] GC(32)   Pre Evacuate Collection Set: 0.09ms
[2026-09-03T12:37:54.172+0800][2.634s][info][gc,phases   ] GC(32)   Merge Heap Roots: 0.02ms
[2026-09-03T12:37:54.172+0800][2.634s][info][gc,phases   ] GC(32)   Evacuate Collection Set: 2.05ms
[2026-09-03T12:37:54.172+0800][2.634s][info][gc,phases   ] GC(32)   Post Evacuate Collection Set: 0.09ms
[2026-09-03T12:37:54.172+0800][2.634s][info][gc,phases   ] GC(32)   Other: 0.06ms
[2026-09-03T12:37:54.172+0800][2.634s][info][gc,heap     ] GC(32) Eden regions: 90->0(88)
[2026-09-03T12:37:54.172+0800][2.634s][info][gc,heap     ] GC(32) Survivor regions: 15->14(14)
[2026-09-03T12:37:54.172+0800][2.634s][info][gc,heap     ] GC(32) Old regions: 97->116
[2026-09-03T12:37:54.172+0800][2.634s][info][gc,heap     ] GC(32) Humongous regions: 1->1
[2026-09-03T12:37:54.172+0800][2.634s][info][gc,metaspace] GC(32) Metaspace: 1060K(1216K)->1060K(1216K) NonClass: 996K(1088K)->996K(1088K) Class: 64K(128K)->64K(128K)
[2026-09-03T12:37:54.172+0800][2.634s][info][gc          ] GC(32) Pause Young (Prepare Mixed) (G1 Evacuation Pause) 202M->130M(256M) 2.414ms
[2026-09-03T12:37:54.172+0800][2.634s][info][gc,cpu      ] GC(32) User=0.01s Sys=0.00s Real=0.00s
[2026-09-03T12:37:54.172+0800][2.634s][info][safepoint   ] Safepoint "G1CollectForAllocation", Time since last: 76996625 ns, Reaching safepoint: 24958 ns, At safepoint: 2441209 ns, Leaving safepoint: 19791 ns, Total: 2485958 ns, Threads: 1 runnable, 44 total
[2026-09-03T12:37:54.256+0800][2.718s][info][gc,start    ] GC(33) Pause Young (Mixed) (G1 Evacuation Pause)
[2026-09-03T12:37:54.256+0800][2.718s][info][gc,task     ] GC(33) Using 9 workers of 9 for evacuation
[2026-09-03T12:37:54.259+0800][2.720s][info][gc,phases   ] GC(33)   Pre Evacuate Collection Set: 0.08ms
[2026-09-03T12:37:54.259+0800][2.720s][info][gc,phases   ] GC(33)   Merge Heap Roots: 0.03ms
[2026-09-03T12:37:54.259+0800][2.720s][info][gc,phases   ] GC(33)   Evacuate Collection Set: 2.04ms
[2026-09-03T12:37:54.259+0800][2.720s][info][gc,phases   ] GC(33)   Post Evacuate Collection Set: 0.15ms
[2026-09-03T12:37:54.259+0800][2.720s][info][gc,phases   ] GC(33)   Other: 0.06ms
[2026-09-03T12:37:54.259+0800][2.720s][info][gc,heap     ] GC(33) Eden regions: 88->0(94)
[2026-09-03T12:37:54.259+0800][2.720s][info][gc,heap     ] GC(33) Survivor regions: 14->13(13)
[2026-09-03T12:37:54.259+0800][2.720s][info][gc,heap     ] GC(33) Old regions: 116->109
[2026-09-03T12:37:54.259+0800][2.720s][info][gc,heap     ] GC(33) Humongous regions: 1->1
[2026-09-03T12:37:54.259+0800][2.720s][info][gc,metaspace] GC(33) Metaspace: 1060K(1216K)->1060K(1216K) NonClass: 996K(1088K)->996K(1088K) Class: 64K(128K)->64K(128K)
[2026-09-03T12:37:54.259+0800][2.720s][info][gc          ] GC(33) Pause Young (Mixed) (G1 Evacuation Pause) 218M->122M(256M) 2.499ms
[2026-09-03T12:37:54.259+0800][2.720s][info][gc,cpu      ] GC(33) User=0.02s Sys=0.00s Real=0.00s
[2026-09-03T12:37:54.259+0800][2.720s][info][safepoint   ] Safepoint "G1CollectForAllocation", Time since last: 83907375 ns, Reaching safepoint: 22417 ns, At safepoint: 2528250 ns, Leaving safepoint: 37208 ns, Total: 2587875 ns, Threads: 3 runnable, 44 total
[2026-09-03T12:37:54.347+0800][2.808s][info][gc,start    ] GC(34) Pause Young (Mixed) (G1 Evacuation Pause)
[2026-09-03T12:37:54.347+0800][2.809s][info][gc,task     ] GC(34) Using 9 workers of 9 for evacuation
[2026-09-03T12:37:54.349+0800][2.811s][info][gc,phases   ] GC(34)   Pre Evacuate Collection Set: 0.05ms
[2026-09-03T12:37:54.349+0800][2.811s][info][gc,phases   ] GC(34)   Merge Heap Roots: 0.03ms
[2026-09-03T12:37:54.349+0800][2.811s][info][gc,phases   ] GC(34)   Evacuate Collection Set: 2.09ms
[2026-09-03T12:37:54.349+0800][2.811s][info][gc,phases   ] GC(34)   Post Evacuate Collection Set: 0.10ms
[2026-09-03T12:37:54.349+0800][2.811s][info][gc,phases   ] GC(34)   Other: 0.06ms
[2026-09-03T12:37:54.349+0800][2.811s][info][gc,heap     ] GC(34) Eden regions: 94->0(90)
[2026-09-03T12:37:54.349+0800][2.811s][info][gc,heap     ] GC(34) Survivor regions: 13->14(14)
[2026-09-03T12:37:54.349+0800][2.811s][info][gc,heap     ] GC(34) Old regions: 109->113
[2026-09-03T12:37:54.349+0800][2.811s][info][gc,heap     ] GC(34) Humongous regions: 1->1
[2026-09-03T12:37:54.349+0800][2.811s][info][gc,metaspace] GC(34) Metaspace: 1060K(1216K)->1060K(1216K) NonClass: 996K(1088K)->996K(1088K) Class: 64K(128K)->64K(128K)
[2026-09-03T12:37:54.349+0800][2.811s][info][gc          ] GC(34) Pause Young (Mixed) (G1 Evacuation Pause) 216M->127M(256M) 2.445ms
[2026-09-03T12:37:54.349+0800][2.811s][info][gc,cpu      ] GC(34) User=0.02s Sys=0.00s Real=0.00s
[2026-09-03T12:37:54.350+0800][2.811s][info][safepoint   ] Safepoint "G1CollectForAllocation", Time since last: 88159542 ns, Reaching safepoint: 3125 ns, At safepoint: 2469792 ns, Leaving safepoint: 32750 ns, Total: 2505667 ns, Threads: 0 runnable, 44 total
[2026-09-03T12:37:54.436+0800][2.897s][info][gc,start    ] GC(35) Pause Young (Concurrent Start) (G1 Evacuation Pause)
[2026-09-03T12:37:54.436+0800][2.897s][info][gc,task     ] GC(35) Using 9 workers of 9 for evacuation
[2026-09-03T12:37:54.438+0800][2.900s][info][gc,phases   ] GC(35)   Pre Evacuate Collection Set: 0.09ms
[2026-09-03T12:37:54.438+0800][2.900s][info][gc,phases   ] GC(35)   Merge Heap Roots: 0.03ms
[2026-09-03T12:37:54.438+0800][2.900s][info][gc,phases   ] GC(35)   Evacuate Collection Set: 1.82ms
[2026-09-03T12:37:54.438+0800][2.900s][info][gc,phases   ] GC(35)   Post Evacuate Collection Set: 0.10ms
[2026-09-03T12:37:54.438+0800][2.900s][info][gc,phases   ] GC(35)   Other: 0.06ms
[2026-09-03T12:37:54.438+0800][2.900s][info][gc,heap     ] GC(35) Eden regions: 90->0(78)
[2026-09-03T12:37:54.438+0800][2.900s][info][gc,heap     ] GC(35) Survivor regions: 14->13(13)
[2026-09-03T12:37:54.438+0800][2.900s][info][gc,heap     ] GC(35) Old regions: 113->132
[2026-09-03T12:37:54.438+0800][2.900s][info][gc,heap     ] GC(35) Humongous regions: 1->1
[2026-09-03T12:37:54.438+0800][2.900s][info][gc,metaspace] GC(35) Metaspace: 1060K(1216K)->1060K(1216K) NonClass: 996K(1088K)->996K(1088K) Class: 64K(128K)->64K(128K)
[2026-09-03T12:37:54.438+0800][2.900s][info][gc          ] GC(35) Pause Young (Concurrent Start) (G1 Evacuation Pause) 217M->146M(256M) 2.195ms
[2026-09-03T12:37:54.438+0800][2.900s][info][gc,cpu      ] GC(35) User=0.02s Sys=0.00s Real=0.00s
[2026-09-03T12:37:54.438+0800][2.900s][info][gc          ] GC(36) Concurrent Mark Cycle
[2026-09-03T12:37:54.438+0800][2.900s][info][gc,marking  ] GC(36) Concurrent Scan Root Regions
[2026-09-03T12:37:54.438+0800][2.900s][info][safepoint   ] Safepoint "G1CollectForAllocation", Time since last: 86396291 ns, Reaching safepoint: 2792 ns, At safepoint: 2225625 ns, Leaving safepoint: 34750 ns, Total: 2263167 ns, Threads: 0 runnable, 44 total
[2026-09-03T12:37:54.440+0800][2.901s][info][gc,marking  ] GC(36) Concurrent Scan Root Regions 1.851ms
[2026-09-03T12:37:54.440+0800][2.901s][info][gc,marking  ] GC(36) Concurrent Mark
[2026-09-03T12:37:54.440+0800][2.901s][info][gc,marking  ] GC(36) Concurrent Mark From Roots
[2026-09-03T12:37:54.440+0800][2.901s][info][gc,task     ] GC(36) Concurrent Mark Using 2 of 2 Workers
[2026-09-03T12:37:54.446+0800][2.907s][info][gc,marking  ] GC(36) Concurrent Mark From Roots 5.809ms
[2026-09-03T12:37:54.446+0800][2.907s][info][gc,marking  ] GC(36) Concurrent Preclean
[2026-09-03T12:37:54.446+0800][2.907s][info][gc,marking  ] GC(36) Concurrent Preclean 0.018ms
[2026-09-03T12:37:54.446+0800][2.908s][info][gc,start    ] GC(36) Pause Remark
[2026-09-03T12:37:54.446+0800][2.908s][info][gc          ] GC(36) Pause Remark 154M->120M(256M) 0.342ms
[2026-09-03T12:37:54.446+0800][2.908s][info][gc,cpu      ] GC(36) User=0.00s Sys=0.00s Real=0.00s
[2026-09-03T12:37:54.446+0800][2.908s][info][safepoint   ] Safepoint "G1PauseRemark", Time since last: 7788792 ns, Reaching safepoint: 92000 ns, At safepoint: 382958 ns, Leaving safepoint: 16125 ns, Total: 491083 ns, Threads: 2 runnable, 44 total
[2026-09-03T12:37:54.446+0800][2.908s][info][gc,marking  ] GC(36) Concurrent Mark 6.429ms
[2026-09-03T12:37:54.446+0800][2.908s][info][gc,marking  ] GC(36) Concurrent Rebuild Remembered Sets and Scrub Regions
[2026-09-03T12:37:54.451+0800][2.913s][info][gc,marking  ] GC(36) Concurrent Rebuild Remembered Sets and Scrub Regions 4.679ms
[2026-09-03T12:37:54.451+0800][2.913s][info][gc,start    ] GC(36) Pause Cleanup
[2026-09-03T12:37:54.451+0800][2.913s][info][gc          ] GC(36) Pause Cleanup 124M->124M(256M) 0.038ms
[2026-09-03T12:37:54.451+0800][2.913s][info][gc,cpu      ] GC(36) User=0.00s Sys=0.00s Real=0.00s
[2026-09-03T12:37:54.451+0800][2.913s][info][safepoint   ] Safepoint "G1PauseCleanup", Time since last: 4722583 ns, Reaching safepoint: 20917 ns, At safepoint: 57000 ns, Leaving safepoint: 41667 ns, Total: 119584 ns, Threads: 2 runnable, 44 total
[2026-09-03T12:37:54.451+0800][2.913s][info][gc,marking  ] GC(36) Concurrent Clear Claimed Marks
[2026-09-03T12:37:54.451+0800][2.913s][info][gc,marking  ] GC(36) Concurrent Clear Claimed Marks 0.011ms
[2026-09-03T12:37:54.451+0800][2.913s][info][gc,marking  ] GC(36) Concurrent Cleanup for Next Mark
[2026-09-03T12:37:54.452+0800][2.913s][info][gc,marking  ] GC(36) Concurrent Cleanup for Next Mark 0.142ms
[2026-09-03T12:37:54.452+0800][2.913s][info][gc          ] GC(36) Concurrent Mark Cycle 13.429ms
[2026-09-03T12:37:54.513+0800][2.974s][info][gc,start    ] GC(37) Pause Young (Prepare Mixed) (G1 Evacuation Pause)
[2026-09-03T12:37:54.513+0800][2.974s][info][gc,task     ] GC(37) Using 9 workers of 9 for evacuation
[2026-09-03T12:37:54.515+0800][2.976s][info][gc,phases   ] GC(37)   Pre Evacuate Collection Set: 0.08ms
[2026-09-03T12:37:54.515+0800][2.976s][info][gc,phases   ] GC(37)   Merge Heap Roots: 0.02ms
[2026-09-03T12:37:54.515+0800][2.976s][info][gc,phases   ] GC(37)   Evacuate Collection Set: 1.69ms
[2026-09-03T12:37:54.515+0800][2.976s][info][gc,phases   ] GC(37)   Post Evacuate Collection Set: 0.10ms
[2026-09-03T12:37:54.515+0800][2.976s][info][gc,phases   ] GC(37)   Other: 0.06ms
[2026-09-03T12:37:54.515+0800][2.976s][info][gc,heap     ] GC(37) Eden regions: 78->0(90)
[2026-09-03T12:37:54.515+0800][2.976s][info][gc,heap     ] GC(37) Survivor regions: 13->12(12)
[2026-09-03T12:37:54.515+0800][2.976s][info][gc,heap     ] GC(37) Old regions: 98->115
[2026-09-03T12:37:54.515+0800][2.976s][info][gc,heap     ] GC(37) Humongous regions: 1->1
[2026-09-03T12:37:54.515+0800][2.976s][info][gc,metaspace] GC(37) Metaspace: 1060K(1216K)->1060K(1216K) NonClass: 996K(1088K)->996K(1088K) Class: 64K(128K)->64K(128K)
[2026-09-03T12:37:54.515+0800][2.976s][info][gc          ] GC(37) Pause Young (Prepare Mixed) (G1 Evacuation Pause) 190M->127M(256M) 2.055ms
[2026-09-03T12:37:54.515+0800][2.976s][info][gc,cpu      ] GC(37) User=0.01s Sys=0.00s Real=0.00s
[2026-09-03T12:37:54.515+0800][2.977s][info][safepoint   ] Safepoint "G1CollectForAllocation", Time since last: 61668958 ns, Reaching safepoint: 2625 ns, At safepoint: 2079167 ns, Leaving safepoint: 29500 ns, Total: 2111292 ns, Threads: 0 runnable, 44 total
[2026-09-03T12:37:54.602+0800][3.064s][info][gc,start    ] GC(38) Pause Young (Mixed) (G1 Evacuation Pause)
[2026-09-03T12:37:54.602+0800][3.064s][info][gc,task     ] GC(38) Using 9 workers of 9 for evacuation
[2026-09-03T12:37:54.605+0800][3.066s][info][gc,phases   ] GC(38)   Pre Evacuate Collection Set: 0.07ms
[2026-09-03T12:37:54.605+0800][3.066s][info][gc,phases   ] GC(38)   Merge Heap Roots: 0.04ms
[2026-09-03T12:37:54.605+0800][3.066s][info][gc,phases   ] GC(38)   Evacuate Collection Set: 2.06ms
[2026-09-03T12:37:54.605+0800][3.066s][info][gc,phases   ] GC(38)   Post Evacuate Collection Set: 0.11ms
[2026-09-03T12:37:54.605+0800][3.066s][info][gc,phases   ] GC(38)   Other: 0.10ms
[2026-09-03T12:37:54.605+0800][3.066s][info][gc,heap     ] GC(38) Eden regions: 90->0(96)
[2026-09-03T12:37:54.605+0800][3.066s][info][gc,heap     ] GC(38) Survivor regions: 12->13(13)
[2026-09-03T12:37:54.605+0800][3.066s][info][gc,heap     ] GC(38) Old regions: 115->106
[2026-09-03T12:37:54.605+0800][3.066s][info][gc,heap     ] GC(38) Humongous regions: 1->1
[2026-09-03T12:37:54.605+0800][3.066s][info][gc,metaspace] GC(38) Metaspace: 1060K(1216K)->1060K(1216K) NonClass: 996K(1088K)->996K(1088K) Class: 64K(128K)->64K(128K)
[2026-09-03T12:37:54.605+0800][3.066s][info][gc          ] GC(38) Pause Young (Mixed) (G1 Evacuation Pause) 217M->120M(256M) 2.555ms
[2026-09-03T12:37:54.605+0800][3.066s][info][gc,cpu      ] GC(38) User=0.02s Sys=0.01s Real=0.00s
[2026-09-03T12:37:54.605+0800][3.066s][info][safepoint   ] Safepoint "G1CollectForAllocation", Time since last: 87178791 ns, Reaching safepoint: 24417 ns, At safepoint: 2583292 ns, Leaving safepoint: 19875 ns, Total: 2627584 ns, Threads: 1 runnable, 44 total
[2026-09-03T12:37:54.698+0800][3.159s][info][gc,start    ] GC(39) Pause Young (Mixed) (G1 Evacuation Pause)
[2026-09-03T12:37:54.698+0800][3.159s][info][gc,task     ] GC(39) Using 9 workers of 9 for evacuation
[2026-09-03T12:37:54.701+0800][3.162s][info][gc,phases   ] GC(39)   Pre Evacuate Collection Set: 0.06ms
[2026-09-03T12:37:54.701+0800][3.162s][info][gc,phases   ] GC(39)   Merge Heap Roots: 0.05ms
[2026-09-03T12:37:54.701+0800][3.162s][info][gc,phases   ] GC(39)   Evacuate Collection Set: 2.72ms
[2026-09-03T12:37:54.701+0800][3.162s][info][gc,phases   ] GC(39)   Post Evacuate Collection Set: 0.13ms
[2026-09-03T12:37:54.701+0800][3.162s][info][gc,phases   ] GC(39)   Other: 0.09ms
[2026-09-03T12:37:54.701+0800][3.162s][info][gc,heap     ] GC(39) Eden regions: 96->0(93)
[2026-09-03T12:37:54.701+0800][3.162s][info][gc,heap     ] GC(39) Survivor regions: 13->14(14)
[2026-09-03T12:37:54.701+0800][3.162s][info][gc,heap     ] GC(39) Old regions: 106->109
[2026-09-03T12:37:54.701+0800][3.162s][info][gc,heap     ] GC(39) Humongous regions: 1->1
[2026-09-03T12:37:54.701+0800][3.162s][info][gc,metaspace] GC(39) Metaspace: 1060K(1216K)->1060K(1216K) NonClass: 996K(1088K)->996K(1088K) Class: 64K(128K)->64K(128K)
[2026-09-03T12:37:54.701+0800][3.162s][info][gc          ] GC(39) Pause Young (Mixed) (G1 Evacuation Pause) 216M->124M(256M) 3.207ms
[2026-09-03T12:37:54.701+0800][3.162s][info][gc,cpu      ] GC(39) User=0.02s Sys=0.00s Real=0.01s
[2026-09-03T12:37:54.701+0800][3.162s][info][safepoint   ] Safepoint "G1CollectForAllocation", Time since last: 92635166 ns, Reaching safepoint: 56209 ns, At safepoint: 3265208 ns, Leaving safepoint: 70625 ns, Total: 3392042 ns, Threads: 2 runnable, 44 total
[2026-09-03T12:37:54.795+0800][3.256s][info][gc,start    ] GC(40) Pause Young (Concurrent Start) (G1 Evacuation Pause)
[2026-09-03T12:37:54.795+0800][3.256s][info][gc,task     ] GC(40) Using 9 workers of 9 for evacuation
[2026-09-03T12:37:54.799+0800][3.260s][info][gc,phases   ] GC(40)   Pre Evacuate Collection Set: 0.10ms
[2026-09-03T12:37:54.799+0800][3.260s][info][gc,phases   ] GC(40)   Merge Heap Roots: 0.04ms
[2026-09-03T12:37:54.799+0800][3.260s][info][gc,phases   ] GC(40)   Evacuate Collection Set: 3.32ms
[2026-09-03T12:37:54.799+0800][3.260s][info][gc,phases   ] GC(40)   Post Evacuate Collection Set: 0.21ms
[2026-09-03T12:37:54.799+0800][3.260s][info][gc,phases   ] GC(40)   Other: 0.10ms
[2026-09-03T12:37:54.799+0800][3.260s][info][gc,heap     ] GC(40) Eden regions: 93->0(79)
[2026-09-03T12:37:54.799+0800][3.260s][info][gc,heap     ] GC(40) Survivor regions: 14->14(14)
[2026-09-03T12:37:54.799+0800][3.260s][info][gc,heap     ] GC(40) Old regions: 109->129
[2026-09-03T12:37:54.799+0800][3.260s][info][gc,heap     ] GC(40) Humongous regions: 1->1
[2026-09-03T12:37:54.799+0800][3.260s][info][gc,metaspace] GC(40) Metaspace: 1060K(1216K)->1060K(1216K) NonClass: 996K(1088K)->996K(1088K) Class: 64K(128K)->64K(128K)
[2026-09-03T12:37:54.799+0800][3.260s][info][gc          ] GC(40) Pause Young (Concurrent Start) (G1 Evacuation Pause) 217M->143M(256M) 3.950ms
[2026-09-03T12:37:54.799+0800][3.260s][info][gc          ] GC(41) Concurrent Mark Cycle
[2026-09-03T12:37:54.799+0800][3.260s][info][gc,cpu      ] GC(40) User=0.01s Sys=0.01s Real=0.00s
[2026-09-03T12:37:54.799+0800][3.260s][info][gc,marking  ] GC(41) Concurrent Scan Root Regions
[2026-09-03T12:37:54.799+0800][3.260s][info][safepoint   ] Safepoint "G1CollectForAllocation", Time since last: 93732667 ns, Reaching safepoint: 22791 ns, At safepoint: 4022917 ns, Leaving safepoint: 29750 ns, Total: 4075458 ns, Threads: 1 runnable, 44 total
[2026-09-03T12:37:54.801+0800][3.263s][info][gc,marking  ] GC(41) Concurrent Scan Root Regions 2.420ms
[2026-09-03T12:37:54.801+0800][3.263s][info][gc,marking  ] GC(41) Concurrent Mark
[2026-09-03T12:37:54.801+0800][3.263s][info][gc,marking  ] GC(41) Concurrent Mark From Roots
[2026-09-03T12:37:54.801+0800][3.263s][info][gc,task     ] GC(41) Concurrent Mark Using 2 of 2 Workers
[2026-09-03T12:37:54.808+0800][3.270s][info][gc,marking  ] GC(41) Concurrent Mark From Roots 7.248ms
[2026-09-03T12:37:54.808+0800][3.270s][info][gc,marking  ] GC(41) Concurrent Preclean
[2026-09-03T12:37:54.809+0800][3.270s][info][gc,marking  ] GC(41) Concurrent Preclean 0.044ms
[2026-09-03T12:37:54.809+0800][3.270s][info][gc,start    ] GC(41) Pause Remark
[2026-09-03T12:37:54.810+0800][3.271s][info][gc          ] GC(41) Pause Remark 152M->117M(256M) 0.993ms
[2026-09-03T12:37:54.810+0800][3.271s][info][gc,cpu      ] GC(41) User=0.00s Sys=0.00s Real=0.01s
[2026-09-03T12:37:54.810+0800][3.271s][info][safepoint   ] Safepoint "G1PauseRemark", Time since last: 9830292 ns, Reaching safepoint: 134958 ns, At safepoint: 1084792 ns, Leaving safepoint: 20333 ns, Total: 1240083 ns, Threads: 3 runnable, 44 total
[2026-09-03T12:37:54.810+0800][3.271s][info][gc,marking  ] GC(41) Concurrent Mark 8.671ms
[2026-09-03T12:37:54.810+0800][3.271s][info][gc,marking  ] GC(41) Concurrent Rebuild Remembered Sets and Scrub Regions
[2026-09-03T12:37:54.816+0800][3.277s][info][gc,marking  ] GC(41) Concurrent Rebuild Remembered Sets and Scrub Regions 6.170ms
[2026-09-03T12:37:54.816+0800][3.278s][info][gc,start    ] GC(41) Pause Cleanup
[2026-09-03T12:37:54.816+0800][3.278s][info][gc          ] GC(41) Pause Cleanup 121M->121M(256M) 0.185ms
[2026-09-03T12:37:54.816+0800][3.278s][info][gc,cpu      ] GC(41) User=0.00s Sys=0.00s Real=0.00s
[2026-09-03T12:37:54.816+0800][3.278s][info][safepoint   ] Safepoint "G1PauseCleanup", Time since last: 6262958 ns, Reaching safepoint: 110500 ns, At safepoint: 250000 ns, Leaving safepoint: 22959 ns, Total: 383459 ns, Threads: 5 runnable, 44 total
[2026-09-03T12:37:54.816+0800][3.278s][info][gc,marking  ] GC(41) Concurrent Clear Claimed Marks
[2026-09-03T12:37:54.816+0800][3.278s][info][gc,marking  ] GC(41) Concurrent Clear Claimed Marks 0.006ms
[2026-09-03T12:37:54.816+0800][3.278s][info][gc,marking  ] GC(41) Concurrent Cleanup for Next Mark
[2026-09-03T12:37:54.817+0800][3.278s][info][gc,marking  ] GC(41) Concurrent Cleanup for Next Mark 0.162ms
[2026-09-03T12:37:54.817+0800][3.278s][info][gc          ] GC(41) Concurrent Mark Cycle 17.989ms
[2026-09-03T12:37:54.884+0800][3.345s][info][gc,start    ] GC(42) Pause Young (Prepare Mixed) (G1 Evacuation Pause)
[2026-09-03T12:37:54.884+0800][3.345s][info][gc,task     ] GC(42) Using 9 workers of 9 for evacuation
[2026-09-03T12:37:54.886+0800][3.347s][info][gc,phases   ] GC(42)   Pre Evacuate Collection Set: 0.05ms
[2026-09-03T12:37:54.886+0800][3.347s][info][gc,phases   ] GC(42)   Merge Heap Roots: 0.03ms
[2026-09-03T12:37:54.886+0800][3.347s][info][gc,phases   ] GC(42)   Evacuate Collection Set: 1.94ms
[2026-09-03T12:37:54.886+0800][3.347s][info][gc,phases   ] GC(42)   Post Evacuate Collection Set: 0.12ms
[2026-09-03T12:37:54.886+0800][3.348s][info][gc,phases   ] GC(42)   Other: 0.06ms
[2026-09-03T12:37:54.886+0800][3.348s][info][gc,heap     ] GC(42) Eden regions: 79->0(93)
[2026-09-03T12:37:54.886+0800][3.348s][info][gc,heap     ] GC(42) Survivor regions: 14->12(12)
[2026-09-03T12:37:54.886+0800][3.348s][info][gc,heap     ] GC(42) Old regions: 94->112
[2026-09-03T12:37:54.886+0800][3.348s][info][gc,heap     ] GC(42) Humongous regions: 1->1
[2026-09-03T12:37:54.886+0800][3.348s][info][gc,metaspace] GC(42) Metaspace: 1060K(1216K)->1060K(1216K) NonClass: 996K(1088K)->996K(1088K) Class: 64K(128K)->64K(128K)
[2026-09-03T12:37:54.886+0800][3.348s][info][gc          ] GC(42) Pause Young (Prepare Mixed) (G1 Evacuation Pause) 187M->124M(256M) 2.355ms
[2026-09-03T12:37:54.886+0800][3.348s][info][gc,cpu      ] GC(42) User=0.01s Sys=0.00s Real=0.00s
[2026-09-03T12:37:54.886+0800][3.348s][info][safepoint   ] Safepoint "G1CollectForAllocation", Time since last: 67298916 ns, Reaching safepoint: 3334 ns, At safepoint: 2389750 ns, Leaving safepoint: 24541 ns, Total: 2417625 ns, Threads: 0 runnable, 44 total
[2026-09-03T12:37:54.978+0800][3.440s][info][gc,start    ] GC(43) Pause Young (Mixed) (G1 Evacuation Pause)
[2026-09-03T12:37:54.978+0800][3.440s][info][gc,task     ] GC(43) Using 9 workers of 9 for evacuation
[2026-09-03T12:37:54.980+0800][3.442s][info][gc,phases   ] GC(43)   Pre Evacuate Collection Set: 0.04ms
[2026-09-03T12:37:54.981+0800][3.442s][info][gc,phases   ] GC(43)   Merge Heap Roots: 0.03ms
[2026-09-03T12:37:54.981+0800][3.442s][info][gc,phases   ] GC(43)   Evacuate Collection Set: 2.08ms
[2026-09-03T12:37:54.981+0800][3.442s][info][gc,phases   ] GC(43)   Post Evacuate Collection Set: 0.09ms
[2026-09-03T12:37:54.981+0800][3.442s][info][gc,phases   ] GC(43)   Other: 0.06ms
[2026-09-03T12:37:54.981+0800][3.442s][info][gc,heap     ] GC(43) Eden regions: 93->0(100)
[2026-09-03T12:37:54.981+0800][3.442s][info][gc,heap     ] GC(43) Survivor regions: 12->14(14)
[2026-09-03T12:37:54.981+0800][3.442s][info][gc,heap     ] GC(43) Old regions: 112->100
[2026-09-03T12:37:54.981+0800][3.442s][info][gc,heap     ] GC(43) Humongous regions: 1->1
[2026-09-03T12:37:54.981+0800][3.442s][info][gc,metaspace] GC(43) Metaspace: 1060K(1216K)->1060K(1216K) NonClass: 996K(1088K)->996K(1088K) Class: 64K(128K)->64K(128K)
[2026-09-03T12:37:54.981+0800][3.442s][info][gc          ] GC(43) Pause Young (Mixed) (G1 Evacuation Pause) 217M->114M(256M) 2.438ms
[2026-09-03T12:37:54.981+0800][3.442s][info][gc,cpu      ] GC(43) User=0.01s Sys=0.00s Real=0.01s
[2026-09-03T12:37:54.981+0800][3.442s][info][safepoint   ] Safepoint "G1CollectForAllocation", Time since last: 91921625 ns, Reaching safepoint: 46000 ns, At safepoint: 2465084 ns, Leaving safepoint: 20250 ns, Total: 2531334 ns, Threads: 2 runnable, 44 total
[2026-09-03T12:37:55.081+0800][3.543s][info][gc,start    ] GC(44) Pause Young (Mixed) (G1 Evacuation Pause)
[2026-09-03T12:37:55.081+0800][3.543s][info][gc,task     ] GC(44) Using 9 workers of 9 for evacuation
[2026-09-03T12:37:55.083+0800][3.545s][info][gc,phases   ] GC(44)   Pre Evacuate Collection Set: 0.05ms
[2026-09-03T12:37:55.083+0800][3.545s][info][gc,phases   ] GC(44)   Merge Heap Roots: 0.02ms
[2026-09-03T12:37:55.083+0800][3.545s][info][gc,phases   ] GC(44)   Evacuate Collection Set: 1.84ms
[2026-09-03T12:37:55.083+0800][3.545s][info][gc,phases   ] GC(44)   Post Evacuate Collection Set: 0.11ms
[2026-09-03T12:37:55.083+0800][3.545s][info][gc,phases   ] GC(44)   Other: 0.06ms
[2026-09-03T12:37:55.083+0800][3.545s][info][gc,heap     ] GC(44) Eden regions: 100->0(90)
[2026-09-03T12:37:55.083+0800][3.545s][info][gc,heap     ] GC(44) Survivor regions: 14->15(15)
[2026-09-03T12:37:55.083+0800][3.545s][info][gc,heap     ] GC(44) Old regions: 100->112
[2026-09-03T12:37:55.083+0800][3.545s][info][gc,heap     ] GC(44) Humongous regions: 1->1
[2026-09-03T12:37:55.083+0800][3.545s][info][gc,metaspace] GC(44) Metaspace: 1060K(1216K)->1060K(1216K) NonClass: 996K(1088K)->996K(1088K) Class: 64K(128K)->64K(128K)
[2026-09-03T12:37:55.083+0800][3.545s][info][gc          ] GC(44) Pause Young (Mixed) (G1 Evacuation Pause) 214M->128M(256M) 2.212ms
[2026-09-03T12:37:55.083+0800][3.545s][info][gc,cpu      ] GC(44) User=0.02s Sys=0.00s Real=0.00s
[2026-09-03T12:37:55.083+0800][3.545s][info][safepoint   ] Safepoint "G1CollectForAllocation", Time since last: 100474000 ns, Reaching safepoint: 42875 ns, At safepoint: 2260333 ns, Leaving safepoint: 36875 ns, Total: 2340083 ns, Threads: 1 runnable, 44 total
[2026-09-03T12:37:55.170+0800][3.631s][info][gc,start    ] GC(45) Pause Young (Concurrent Start) (G1 Evacuation Pause)
[2026-09-03T12:37:55.170+0800][3.631s][info][gc,task     ] GC(45) Using 9 workers of 9 for evacuation
[2026-09-03T12:37:55.172+0800][3.634s][info][gc,phases   ] GC(45)   Pre Evacuate Collection Set: 0.08ms
[2026-09-03T12:37:55.172+0800][3.634s][info][gc,phases   ] GC(45)   Merge Heap Roots: 0.02ms
[2026-09-03T12:37:55.172+0800][3.634s][info][gc,phases   ] GC(45)   Evacuate Collection Set: 1.78ms
[2026-09-03T12:37:55.172+0800][3.634s][info][gc,phases   ] GC(45)   Post Evacuate Collection Set: 0.09ms
[2026-09-03T12:37:55.172+0800][3.634s][info][gc,phases   ] GC(45)   Other: 0.07ms
[2026-09-03T12:37:55.172+0800][3.634s][info][gc,heap     ] GC(45) Eden regions: 90->0(77)
[2026-09-03T12:37:55.172+0800][3.634s][info][gc,heap     ] GC(45) Survivor regions: 15->14(14)
[2026-09-03T12:37:55.172+0800][3.634s][info][gc,heap     ] GC(45) Old regions: 112->132
[2026-09-03T12:37:55.172+0800][3.634s][info][gc,heap     ] GC(45) Humongous regions: 1->1
[2026-09-03T12:37:55.172+0800][3.634s][info][gc,metaspace] GC(45) Metaspace: 1060K(1216K)->1060K(1216K) NonClass: 996K(1088K)->996K(1088K) Class: 64K(128K)->64K(128K)
[2026-09-03T12:37:55.172+0800][3.634s][info][gc          ] GC(45) Pause Young (Concurrent Start) (G1 Evacuation Pause) 218M->146M(256M) 2.168ms
[2026-09-03T12:37:55.172+0800][3.634s][info][gc,cpu      ] GC(45) User=0.02s Sys=0.00s Real=0.00s
[2026-09-03T12:37:55.172+0800][3.634s][info][gc          ] GC(46) Concurrent Mark Cycle
[2026-09-03T12:37:55.172+0800][3.634s][info][gc,marking  ] GC(46) Concurrent Scan Root Regions
[2026-09-03T12:37:55.172+0800][3.634s][info][safepoint   ] Safepoint "G1CollectForAllocation", Time since last: 86516500 ns, Reaching safepoint: 32333 ns, At safepoint: 2208917 ns, Leaving safepoint: 17750 ns, Total: 2259000 ns, Threads: 1 runnable, 44 total
[2026-09-03T12:37:55.174+0800][3.636s][info][gc,marking  ] GC(46) Concurrent Scan Root Regions 1.983ms
[2026-09-03T12:37:55.174+0800][3.636s][info][gc,marking  ] GC(46) Concurrent Mark
[2026-09-03T12:37:55.174+0800][3.636s][info][gc,marking  ] GC(46) Concurrent Mark From Roots
[2026-09-03T12:37:55.174+0800][3.636s][info][gc,task     ] GC(46) Concurrent Mark Using 2 of 2 Workers
[2026-09-03T12:37:55.180+0800][3.642s][info][gc,marking  ] GC(46) Concurrent Mark From Roots 5.901ms
[2026-09-03T12:37:55.180+0800][3.642s][info][gc,marking  ] GC(46) Concurrent Preclean
[2026-09-03T12:37:55.180+0800][3.642s][info][gc,marking  ] GC(46) Concurrent Preclean 0.018ms
[2026-09-03T12:37:55.180+0800][3.642s][info][gc,start    ] GC(46) Pause Remark
[2026-09-03T12:37:55.181+0800][3.642s][info][gc          ] GC(46) Pause Remark 155M->126M(256M) 0.435ms
[2026-09-03T12:37:55.181+0800][3.642s][info][gc,cpu      ] GC(46) User=0.00s Sys=0.00s Real=0.00s
[2026-09-03T12:37:55.181+0800][3.642s][info][safepoint   ] Safepoint "G1PauseRemark", Time since last: 8022417 ns, Reaching safepoint: 49041 ns, At safepoint: 467792 ns, Leaving safepoint: 23542 ns, Total: 540375 ns, Threads: 2 runnable, 44 total
[2026-09-03T12:37:55.181+0800][3.642s][info][gc,marking  ] GC(46) Concurrent Mark 6.569ms
[2026-09-03T12:37:55.181+0800][3.642s][info][gc,marking  ] GC(46) Concurrent Rebuild Remembered Sets and Scrub Regions
[2026-09-03T12:37:55.186+0800][3.648s][info][gc,marking  ] GC(46) Concurrent Rebuild Remembered Sets and Scrub Regions 5.463ms
[2026-09-03T12:37:55.186+0800][3.648s][info][gc,start    ] GC(46) Pause Cleanup
[2026-09-03T12:37:55.186+0800][3.648s][info][gc          ] GC(46) Pause Cleanup 131M->131M(256M) 0.070ms
[2026-09-03T12:37:55.186+0800][3.648s][info][gc,cpu      ] GC(46) User=0.00s Sys=0.00s Real=0.00s
[2026-09-03T12:37:55.186+0800][3.648s][info][safepoint   ] Safepoint "G1PauseCleanup", Time since last: 5548791 ns, Reaching safepoint: 23959 ns, At safepoint: 114166 ns, Leaving safepoint: 12084 ns, Total: 150209 ns, Threads: 3 runnable, 44 total
[2026-09-03T12:37:55.186+0800][3.648s][info][gc,marking  ] GC(46) Concurrent Clear Claimed Marks
[2026-09-03T12:37:55.186+0800][3.648s][info][gc,marking  ] GC(46) Concurrent Clear Claimed Marks 0.010ms
[2026-09-03T12:37:55.186+0800][3.648s][info][gc,marking  ] GC(46) Concurrent Cleanup for Next Mark
[2026-09-03T12:37:55.187+0800][3.648s][info][gc,marking  ] GC(46) Concurrent Cleanup for Next Mark 0.143ms
[2026-09-03T12:37:55.187+0800][3.648s][info][gc          ] GC(46) Concurrent Mark Cycle 14.499ms
[2026-09-03T12:37:55.250+0800][3.711s][info][gc,start    ] GC(47) Pause Young (Prepare Mixed) (G1 Evacuation Pause)
[2026-09-03T12:37:55.250+0800][3.711s][info][gc,task     ] GC(47) Using 9 workers of 9 for evacuation
[2026-09-03T12:37:55.252+0800][3.713s][info][gc,phases   ] GC(47)   Pre Evacuate Collection Set: 0.05ms
[2026-09-03T12:37:55.252+0800][3.713s][info][gc,phases   ] GC(47)   Merge Heap Roots: 0.02ms
[2026-09-03T12:37:55.252+0800][3.713s][info][gc,phases   ] GC(47)   Evacuate Collection Set: 1.93ms
[2026-09-03T12:37:55.252+0800][3.713s][info][gc,phases   ] GC(47)   Post Evacuate Collection Set: 0.10ms
[2026-09-03T12:37:55.252+0800][3.713s][info][gc,phases   ] GC(47)   Other: 0.07ms
[2026-09-03T12:37:55.252+0800][3.713s][info][gc,heap     ] GC(47) Eden regions: 77->0(86)
[2026-09-03T12:37:55.252+0800][3.713s][info][gc,heap     ] GC(47) Survivor regions: 14->12(12)
[2026-09-03T12:37:55.252+0800][3.713s][info][gc,heap     ] GC(47) Old regions: 103->121
[2026-09-03T12:37:55.252+0800][3.713s][info][gc,heap     ] GC(47) Humongous regions: 1->1
[2026-09-03T12:37:55.252+0800][3.713s][info][gc,metaspace] GC(47) Metaspace: 1060K(1216K)->1060K(1216K) NonClass: 996K(1088K)->996K(1088K) Class: 64K(128K)->64K(128K)
[2026-09-03T12:37:55.252+0800][3.713s][info][gc          ] GC(47) Pause Young (Prepare Mixed) (G1 Evacuation Pause) 194M->133M(256M) 2.315ms
[2026-09-03T12:37:55.252+0800][3.713s][info][gc,cpu      ] GC(47) User=0.01s Sys=0.00s Real=0.00s
[2026-09-03T12:37:55.252+0800][3.713s][info][safepoint   ] Safepoint "G1CollectForAllocation", Time since last: 63081750 ns, Reaching safepoint: 14791 ns, At safepoint: 2378875 ns, Leaving safepoint: 22750 ns, Total: 2416416 ns, Threads: 1 runnable, 44 total
[2026-09-03T12:37:55.338+0800][3.800s][info][gc,start    ] GC(48) Pause Young (Mixed) (G1 Evacuation Pause)
[2026-09-03T12:37:55.338+0800][3.800s][info][gc,task     ] GC(48) Using 9 workers of 9 for evacuation
[2026-09-03T12:37:55.340+0800][3.802s][info][gc,phases   ] GC(48)   Pre Evacuate Collection Set: 0.06ms
[2026-09-03T12:37:55.340+0800][3.802s][info][gc,phases   ] GC(48)   Merge Heap Roots: 0.02ms
[2026-09-03T12:37:55.340+0800][3.802s][info][gc,phases   ] GC(48)   Evacuate Collection Set: 1.81ms
[2026-09-03T12:37:55.340+0800][3.802s][info][gc,phases   ] GC(48)   Post Evacuate Collection Set: 0.09ms
[2026-09-03T12:37:55.340+0800][3.802s][info][gc,phases   ] GC(48)   Other: 0.06ms
[2026-09-03T12:37:55.340+0800][3.802s][info][gc,heap     ] GC(48) Eden regions: 86->0(92)
[2026-09-03T12:37:55.340+0800][3.802s][info][gc,heap     ] GC(48) Survivor regions: 12->13(13)
[2026-09-03T12:37:55.340+0800][3.802s][info][gc,heap     ] GC(48) Old regions: 121->112
[2026-09-03T12:37:55.340+0800][3.802s][info][gc,heap     ] GC(48) Humongous regions: 1->1
[2026-09-03T12:37:55.340+0800][3.802s][info][gc,metaspace] GC(48) Metaspace: 1060K(1216K)->1060K(1216K) NonClass: 996K(1088K)->996K(1088K) Class: 64K(128K)->64K(128K)
[2026-09-03T12:37:55.340+0800][3.802s][info][gc          ] GC(48) Pause Young (Mixed) (G1 Evacuation Pause) 219M->125M(256M) 2.182ms
[2026-09-03T12:37:55.340+0800][3.802s][info][gc,cpu      ] GC(48) User=0.01s Sys=0.01s Real=0.01s
[2026-09-03T12:37:55.340+0800][3.802s][info][safepoint   ] Safepoint "G1CollectForAllocation", Time since last: 86139584 ns, Reaching safepoint: 26291 ns, At safepoint: 2217667 ns, Leaving safepoint: 18875 ns, Total: 2262833 ns, Threads: 2 runnable, 44 total
[2026-09-03T12:37:55.431+0800][3.892s][info][gc,start    ] GC(49) Pause Young (Mixed) (G1 Evacuation Pause)
[2026-09-03T12:37:55.431+0800][3.892s][info][gc,task     ] GC(49) Using 9 workers of 9 for evacuation
[2026-09-03T12:37:55.433+0800][3.894s][info][gc,phases   ] GC(49)   Pre Evacuate Collection Set: 0.05ms
[2026-09-03T12:37:55.433+0800][3.894s][info][gc,phases   ] GC(49)   Merge Heap Roots: 0.04ms
[2026-09-03T12:37:55.433+0800][3.894s][info][gc,phases   ] GC(49)   Evacuate Collection Set: 1.81ms
[2026-09-03T12:37:55.433+0800][3.894s][info][gc,phases   ] GC(49)   Post Evacuate Collection Set: 0.09ms
[2026-09-03T12:37:55.433+0800][3.894s][info][gc,phases   ] GC(49)   Other: 0.06ms
[2026-09-03T12:37:55.433+0800][3.894s][info][gc,heap     ] GC(49) Eden regions: 92->0(91)
[2026-09-03T12:37:55.433+0800][3.894s][info][gc,heap     ] GC(49) Survivor regions: 13->14(14)
[2026-09-03T12:37:55.433+0800][3.894s][info][gc,heap     ] GC(49) Old regions: 112->112
[2026-09-03T12:37:55.433+0800][3.894s][info][gc,heap     ] GC(49) Humongous regions: 1->1
[2026-09-03T12:37:55.433+0800][3.894s][info][gc,metaspace] GC(49) Metaspace: 1060K(1216K)->1060K(1216K) NonClass: 996K(1088K)->996K(1088K) Class: 64K(128K)->64K(128K)
[2026-09-03T12:37:55.433+0800][3.894s][info][gc          ] GC(49) Pause Young (Mixed) (G1 Evacuation Pause) 217M->126M(256M) 2.163ms
[2026-09-03T12:37:55.433+0800][3.894s][info][gc,cpu      ] GC(49) User=0.01s Sys=0.00s Real=0.00s
[2026-09-03T12:37:55.433+0800][3.894s][info][safepoint   ] Safepoint "G1CollectForAllocation", Time since last: 90269208 ns, Reaching safepoint: 30084 ns, At safepoint: 2190291 ns, Leaving safepoint: 23834 ns, Total: 2244209 ns, Threads: 3 runnable, 44 total
[2026-09-03T12:37:55.521+0800][3.982s][info][gc,start    ] GC(50) Pause Young (Concurrent Start) (G1 Evacuation Pause)
[2026-09-03T12:37:55.521+0800][3.983s][info][gc,task     ] GC(50) Using 9 workers of 9 for evacuation
[2026-09-03T12:37:55.523+0800][3.985s][info][gc,phases   ] GC(50)   Pre Evacuate Collection Set: 0.07ms
[2026-09-03T12:37:55.523+0800][3.985s][info][gc,phases   ] GC(50)   Merge Heap Roots: 0.02ms
[2026-09-03T12:37:55.523+0800][3.985s][info][gc,phases   ] GC(50)   Evacuate Collection Set: 1.89ms
[2026-09-03T12:37:55.523+0800][3.985s][info][gc,phases   ] GC(50)   Post Evacuate Collection Set: 0.10ms
[2026-09-03T12:37:55.523+0800][3.985s][info][gc,phases   ] GC(50)   Other: 0.06ms
[2026-09-03T12:37:55.523+0800][3.985s][info][gc,heap     ] GC(50) Eden regions: 91->0(78)
[2026-09-03T12:37:55.523+0800][3.985s][info][gc,heap     ] GC(50) Survivor regions: 14->14(14)
[2026-09-03T12:37:55.523+0800][3.985s][info][gc,heap     ] GC(50) Old regions: 112->131
[2026-09-03T12:37:55.523+0800][3.985s][info][gc,heap     ] GC(50) Humongous regions: 1->1
[2026-09-03T12:37:55.523+0800][3.985s][info][gc,metaspace] GC(50) Metaspace: 1060K(1216K)->1060K(1216K) NonClass: 996K(1088K)->996K(1088K) Class: 64K(128K)->64K(128K)
[2026-09-03T12:37:55.523+0800][3.985s][info][gc          ] GC(50) Pause Young (Concurrent Start) (G1 Evacuation Pause) 217M->145M(256M) 2.220ms
[2026-09-03T12:37:55.523+0800][3.985s][info][gc          ] GC(51) Concurrent Mark Cycle
[2026-09-03T12:37:55.523+0800][3.985s][info][gc,cpu      ] GC(50) User=0.02s Sys=0.00s Real=0.00s
[2026-09-03T12:37:55.523+0800][3.985s][info][gc,marking  ] GC(51) Concurrent Scan Root Regions
[2026-09-03T12:37:55.523+0800][3.985s][info][safepoint   ] Safepoint "G1CollectForAllocation", Time since last: 88079583 ns, Reaching safepoint: 39833 ns, At safepoint: 2295667 ns, Leaving safepoint: 15542 ns, Total: 2351042 ns, Threads: 0 runnable, 44 total
[2026-09-03T12:37:55.526+0800][3.987s][info][gc,marking  ] GC(51) Concurrent Scan Root Regions 2.263ms
[2026-09-03T12:37:55.526+0800][3.987s][info][gc,marking  ] GC(51) Concurrent Mark
[2026-09-03T12:37:55.526+0800][3.987s][info][gc,marking  ] GC(51) Concurrent Mark From Roots
[2026-09-03T12:37:55.526+0800][3.987s][info][gc,task     ] GC(51) Concurrent Mark Using 2 of 2 Workers
[2026-09-03T12:37:55.531+0800][3.993s][info][gc,marking  ] GC(51) Concurrent Mark From Roots 5.670ms
[2026-09-03T12:37:55.531+0800][3.993s][info][gc,marking  ] GC(51) Concurrent Preclean
[2026-09-03T12:37:55.531+0800][3.993s][info][gc,marking  ] GC(51) Concurrent Preclean 0.018ms
[2026-09-03T12:37:55.531+0800][3.993s][info][gc,start    ] GC(51) Pause Remark
[2026-09-03T12:37:55.532+0800][3.993s][info][gc          ] GC(51) Pause Remark 154M->119M(256M) 0.374ms
[2026-09-03T12:37:55.532+0800][3.993s][info][gc,cpu      ] GC(51) User=0.00s Sys=0.00s Real=0.00s
[2026-09-03T12:37:55.532+0800][3.993s][info][safepoint   ] Safepoint "G1PauseRemark", Time since last: 8112000 ns, Reaching safepoint: 43833 ns, At safepoint: 414000 ns, Leaving safepoint: 39958 ns, Total: 497791 ns, Threads: 3 runnable, 44 total
[2026-09-03T12:37:55.532+0800][3.993s][info][gc,marking  ] GC(51) Concurrent Mark 6.385ms
[2026-09-03T12:37:55.532+0800][3.993s][info][gc,marking  ] GC(51) Concurrent Rebuild Remembered Sets and Scrub Regions
[2026-09-03T12:37:55.537+0800][3.998s][info][gc,marking  ] GC(51) Concurrent Rebuild Remembered Sets and Scrub Regions 5.032ms
[2026-09-03T12:37:55.537+0800][3.999s][info][gc,start    ] GC(51) Pause Cleanup
[2026-09-03T12:37:55.537+0800][3.999s][info][gc          ] GC(51) Pause Cleanup 124M->124M(256M) 0.042ms
[2026-09-03T12:37:55.537+0800][3.999s][info][gc,cpu      ] GC(51) User=0.00s Sys=0.00s Real=0.00s
[2026-09-03T12:37:55.537+0800][3.999s][info][safepoint   ] Safepoint "G1PauseCleanup", Time since last: 5179125 ns, Reaching safepoint: 2459 ns, At safepoint: 63916 ns, Leaving safepoint: 16917 ns, Total: 83292 ns, Threads: 0 runnable, 44 total
[2026-09-03T12:37:55.537+0800][3.999s][info][gc,marking  ] GC(51) Concurrent Clear Claimed Marks
[2026-09-03T12:37:55.537+0800][3.999s][info][gc,marking  ] GC(51) Concurrent Clear Claimed Marks 0.013ms
[2026-09-03T12:37:55.537+0800][3.999s][info][gc,marking  ] GC(51) Concurrent Cleanup for Next Mark
[2026-09-03T12:37:55.537+0800][3.999s][info][gc,marking  ] GC(51) Concurrent Cleanup for Next Mark 0.126ms
[2026-09-03T12:37:55.537+0800][3.999s][info][gc          ] GC(51) Concurrent Mark Cycle 14.145ms
[2026-09-03T12:37:55.601+0800][4.062s][info][gc,start    ] GC(52) Pause Young (Prepare Mixed) (G1 Evacuation Pause)
[2026-09-03T12:37:55.601+0800][4.062s][info][gc,task     ] GC(52) Using 9 workers of 9 for evacuation
[2026-09-03T12:37:55.603+0800][4.065s][info][gc,phases   ] GC(52)   Pre Evacuate Collection Set: 0.06ms
[2026-09-03T12:37:55.603+0800][4.065s][info][gc,phases   ] GC(52)   Merge Heap Roots: 0.04ms
[2026-09-03T12:37:55.603+0800][4.065s][info][gc,phases   ] GC(52)   Evacuate Collection Set: 1.98ms
[2026-09-03T12:37:55.603+0800][4.065s][info][gc,phases   ] GC(52)   Post Evacuate Collection Set: 0.09ms
[2026-09-03T12:37:55.603+0800][4.065s][info][gc,phases   ] GC(52)   Other: 0.07ms
[2026-09-03T12:37:55.603+0800][4.065s][info][gc,heap     ] GC(52) Eden regions: 78->0(91)
[2026-09-03T12:37:55.603+0800][4.065s][info][gc,heap     ] GC(52) Survivor regions: 14->12(12)
[2026-09-03T12:37:55.603+0800][4.065s][info][gc,heap     ] GC(52) Old regions: 96->114
[2026-09-03T12:37:55.603+0800][4.065s][info][gc,heap     ] GC(52) Humongous regions: 1->1
[2026-09-03T12:37:55.603+0800][4.065s][info][gc,metaspace] GC(52) Metaspace: 1060K(1216K)->1060K(1216K) NonClass: 996K(1088K)->996K(1088K) Class: 64K(128K)->64K(128K)
[2026-09-03T12:37:55.603+0800][4.065s][info][gc          ] GC(52) Pause Young (Prepare Mixed) (G1 Evacuation Pause) 188M->126M(256M) 2.367ms
[2026-09-03T12:37:55.603+0800][4.065s][info][gc,cpu      ] GC(52) User=0.01s Sys=0.00s Real=0.00s
[2026-09-03T12:37:55.603+0800][4.065s][info][safepoint   ] Safepoint "G1CollectForAllocation", Time since last: 63594792 ns, Reaching safepoint: 40666 ns, At safepoint: 2427875 ns, Leaving safepoint: 27209 ns, Total: 2495750 ns, Threads: 2 runnable, 44 total
[2026-09-03T12:37:55.691+0800][4.152s][info][gc,start    ] GC(53) Pause Young (Mixed) (G1 Evacuation Pause)
[2026-09-03T12:37:55.691+0800][4.152s][info][gc,task     ] GC(53) Using 9 workers of 9 for evacuation
[2026-09-03T12:37:55.693+0800][4.155s][info][gc,phases   ] GC(53)   Pre Evacuate Collection Set: 0.07ms
[2026-09-03T12:37:55.693+0800][4.155s][info][gc,phases   ] GC(53)   Merge Heap Roots: 0.04ms
[2026-09-03T12:37:55.693+0800][4.155s][info][gc,phases   ] GC(53)   Evacuate Collection Set: 2.08ms
[2026-09-03T12:37:55.693+0800][4.155s][info][gc,phases   ] GC(53)   Post Evacuate Collection Set: 0.15ms
[2026-09-03T12:37:55.693+0800][4.155s][info][gc,phases   ] GC(53)   Other: 0.08ms
[2026-09-03T12:37:55.693+0800][4.155s][info][gc,heap     ] GC(53) Eden regions: 91->0(100)
[2026-09-03T12:37:55.693+0800][4.155s][info][gc,heap     ] GC(53) Survivor regions: 12->13(13)
[2026-09-03T12:37:55.693+0800][4.155s][info][gc,heap     ] GC(53) Old regions: 114->101
[2026-09-03T12:37:55.693+0800][4.155s][info][gc,heap     ] GC(53) Humongous regions: 1->1
[2026-09-03T12:37:55.693+0800][4.155s][info][gc,metaspace] GC(53) Metaspace: 1060K(1216K)->1060K(1216K) NonClass: 996K(1088K)->996K(1088K) Class: 64K(128K)->64K(128K)
[2026-09-03T12:37:55.693+0800][4.155s][info][gc          ] GC(53) Pause Young (Mixed) (G1 Evacuation Pause) 217M->115M(256M) 2.632ms
[2026-09-03T12:37:55.694+0800][4.155s][info][gc,cpu      ] GC(53) User=0.02s Sys=0.01s Real=0.00s
[2026-09-03T12:37:55.694+0800][4.155s][info][safepoint   ] Safepoint "G1CollectForAllocation", Time since last: 87535333 ns, Reaching safepoint: 17333 ns, At safepoint: 2682042 ns, Leaving safepoint: 23625 ns, Total: 2723000 ns, Threads: 0 runnable, 44 total
[2026-09-03T12:37:55.790+0800][4.252s][info][gc,start    ] GC(54) Pause Young (Mixed) (G1 Evacuation Pause)
[2026-09-03T12:37:55.790+0800][4.252s][info][gc,task     ] GC(54) Using 9 workers of 9 for evacuation
[2026-09-03T12:37:55.793+0800][4.254s][info][gc,phases   ] GC(54)   Pre Evacuate Collection Set: 0.07ms
[2026-09-03T12:37:55.793+0800][4.254s][info][gc,phases   ] GC(54)   Merge Heap Roots: 0.03ms
[2026-09-03T12:37:55.793+0800][4.254s][info][gc,phases   ] GC(54)   Evacuate Collection Set: 2.08ms
[2026-09-03T12:37:55.793+0800][4.254s][info][gc,phases   ] GC(54)   Post Evacuate Collection Set: 0.11ms
[2026-09-03T12:37:55.793+0800][4.254s][info][gc,phases   ] GC(54)   Other: 0.08ms
[2026-09-03T12:37:55.793+0800][4.254s][info][gc,heap     ] GC(54) Eden regions: 100->0(91)
[2026-09-03T12:37:55.793+0800][4.254s][info][gc,heap     ] GC(54) Survivor regions: 13->15(15)
[2026-09-03T12:37:55.793+0800][4.254s][info][gc,heap     ] GC(54) Old regions: 101->111
[2026-09-03T12:37:55.793+0800][4.254s][info][gc,heap     ] GC(54) Humongous regions: 1->1
[2026-09-03T12:37:55.793+0800][4.254s][info][gc,metaspace] GC(54) Metaspace: 1060K(1216K)->1060K(1216K) NonClass: 996K(1088K)->996K(1088K) Class: 64K(128K)->64K(128K)
[2026-09-03T12:37:55.793+0800][4.254s][info][gc          ] GC(54) Pause Young (Mixed) (G1 Evacuation Pause) 215M->127M(256M) 2.631ms
[2026-09-03T12:37:55.793+0800][4.254s][info][gc,cpu      ] GC(54) User=0.01s Sys=0.00s Real=0.00s
[2026-09-03T12:37:55.793+0800][4.254s][info][safepoint   ] Safepoint "G1CollectForAllocation", Time since last: 96560708 ns, Reaching safepoint: 4000 ns, At safepoint: 2680084 ns, Leaving safepoint: 42583 ns, Total: 2726667 ns, Threads: 0 runnable, 44 total
[2026-09-03T12:37:55.883+0800][4.344s][info][gc,start    ] GC(55) Pause Young (Concurrent Start) (G1 Evacuation Pause)
[2026-09-03T12:37:55.883+0800][4.344s][info][gc,task     ] GC(55) Using 9 workers of 9 for evacuation
[2026-09-03T12:37:55.885+0800][4.347s][info][gc,phases   ] GC(55)   Pre Evacuate Collection Set: 0.06ms
[2026-09-03T12:37:55.885+0800][4.347s][info][gc,phases   ] GC(55)   Merge Heap Roots: 0.01ms
[2026-09-03T12:37:55.885+0800][4.347s][info][gc,phases   ] GC(55)   Evacuate Collection Set: 2.40ms
[2026-09-03T12:37:55.885+0800][4.347s][info][gc,phases   ] GC(55)   Post Evacuate Collection Set: 0.11ms
[2026-09-03T12:37:55.886+0800][4.347s][info][gc,phases   ] GC(55)   Other: 0.05ms
[2026-09-03T12:37:55.886+0800][4.347s][info][gc,heap     ] GC(55) Eden regions: 91->0(78)
[2026-09-03T12:37:55.886+0800][4.347s][info][gc,heap     ] GC(55) Survivor regions: 15->14(14)
[2026-09-03T12:37:55.886+0800][4.347s][info][gc,heap     ] GC(55) Old regions: 111->130
[2026-09-03T12:37:55.886+0800][4.347s][info][gc,heap     ] GC(55) Humongous regions: 1->1
[2026-09-03T12:37:55.886+0800][4.347s][info][gc,metaspace] GC(55) Metaspace: 1060K(1216K)->1060K(1216K) NonClass: 996K(1088K)->996K(1088K) Class: 64K(128K)->64K(128K)
[2026-09-03T12:37:55.886+0800][4.347s][info][gc          ] GC(55) Pause Young (Concurrent Start) (G1 Evacuation Pause) 218M->145M(256M) 2.765ms
[2026-09-03T12:37:55.886+0800][4.347s][info][gc,cpu      ] GC(55) User=0.02s Sys=0.00s Real=0.00s
[2026-09-03T12:37:55.886+0800][4.347s][info][gc          ] GC(56) Concurrent Mark Cycle
[2026-09-03T12:37:55.886+0800][4.347s][info][gc,marking  ] GC(56) Concurrent Scan Root Regions
[2026-09-03T12:37:55.886+0800][4.347s][info][safepoint   ] Safepoint "G1CollectForAllocation", Time since last: 89896625 ns, Reaching safepoint: 40917 ns, At safepoint: 2800166 ns, Leaving safepoint: 20917 ns, Total: 2862000 ns, Threads: 1 runnable, 44 total
[2026-09-03T12:37:55.888+0800][4.349s][info][gc,marking  ] GC(56) Concurrent Scan Root Regions 2.203ms
[2026-09-03T12:37:55.888+0800][4.349s][info][gc,marking  ] GC(56) Concurrent Mark
[2026-09-03T12:37:55.888+0800][4.349s][info][gc,marking  ] GC(56) Concurrent Mark From Roots
[2026-09-03T12:37:55.888+0800][4.349s][info][gc,task     ] GC(56) Concurrent Mark Using 2 of 2 Workers
[2026-09-03T12:37:55.893+0800][4.355s][info][gc,marking  ] GC(56) Concurrent Mark From Roots 5.528ms
[2026-09-03T12:37:55.893+0800][4.355s][info][gc,marking  ] GC(56) Concurrent Preclean
[2026-09-03T12:37:55.893+0800][4.355s][info][gc,marking  ] GC(56) Concurrent Preclean 0.011ms
[2026-09-03T12:37:55.893+0800][4.355s][info][gc,start    ] GC(56) Pause Remark
[2026-09-03T12:37:55.894+0800][4.355s][info][gc          ] GC(56) Pause Remark 153M->124M(256M) 0.358ms
[2026-09-03T12:37:55.894+0800][4.355s][info][gc,cpu      ] GC(56) User=0.01s Sys=0.00s Real=0.00s
[2026-09-03T12:37:55.894+0800][4.355s][info][safepoint   ] Safepoint "G1PauseRemark", Time since last: 7806333 ns, Reaching safepoint: 26959 ns, At safepoint: 380125 ns, Leaving safepoint: 16208 ns, Total: 423292 ns, Threads: 2 runnable, 44 total
[2026-09-03T12:37:55.894+0800][4.355s][info][gc,marking  ] GC(56) Concurrent Mark 6.113ms
[2026-09-03T12:37:55.894+0800][4.355s][info][gc,marking  ] GC(56) Concurrent Rebuild Remembered Sets and Scrub Regions
[2026-09-03T12:37:55.899+0800][4.361s][info][gc,marking  ] GC(56) Concurrent Rebuild Remembered Sets and Scrub Regions 5.445ms
[2026-09-03T12:37:55.900+0800][4.361s][info][gc,start    ] GC(56) Pause Cleanup
[2026-09-03T12:37:55.900+0800][4.361s][info][gc          ] GC(56) Pause Cleanup 130M->130M(256M) 0.069ms
[2026-09-03T12:37:55.900+0800][4.361s][info][gc,cpu      ] GC(56) User=0.00s Sys=0.00s Real=0.00s
[2026-09-03T12:37:55.900+0800][4.361s][info][safepoint   ] Safepoint "G1PauseCleanup", Time since last: 5679250 ns, Reaching safepoint: 47875 ns, At safepoint: 103667 ns, Leaving safepoint: 20458 ns, Total: 172000 ns, Threads: 1 runnable, 44 total
[2026-09-03T12:37:55.900+0800][4.361s][info][gc,marking  ] GC(56) Concurrent Clear Claimed Marks
[2026-09-03T12:37:55.900+0800][4.361s][info][gc,marking  ] GC(56) Concurrent Clear Claimed Marks 0.032ms
[2026-09-03T12:37:55.900+0800][4.361s][info][gc,marking  ] GC(56) Concurrent Cleanup for Next Mark
[2026-09-03T12:37:55.900+0800][4.361s][info][gc,marking  ] GC(56) Concurrent Cleanup for Next Mark 0.240ms
[2026-09-03T12:37:55.900+0800][4.362s][info][gc          ] GC(56) Concurrent Mark Cycle 14.555ms
[2026-09-03T12:37:55.963+0800][4.424s][info][gc,start    ] GC(57) Pause Young (Prepare Mixed) (G1 Evacuation Pause)
[2026-09-03T12:37:55.963+0800][4.424s][info][gc,task     ] GC(57) Using 9 workers of 9 for evacuation
[2026-09-03T12:37:55.964+0800][4.426s][info][gc,phases   ] GC(57)   Pre Evacuate Collection Set: 0.07ms
[2026-09-03T12:37:55.964+0800][4.426s][info][gc,phases   ] GC(57)   Merge Heap Roots: 0.03ms
[2026-09-03T12:37:55.964+0800][4.426s][info][gc,phases   ] GC(57)   Evacuate Collection Set: 1.66ms
[2026-09-03T12:37:55.965+0800][4.426s][info][gc,phases   ] GC(57)   Post Evacuate Collection Set: 0.10ms
[2026-09-03T12:37:55.965+0800][4.426s][info][gc,phases   ] GC(57)   Other: 0.06ms
[2026-09-03T12:37:55.965+0800][4.426s][info][gc,heap     ] GC(57) Eden regions: 78->0(88)
[2026-09-03T12:37:55.965+0800][4.426s][info][gc,heap     ] GC(57) Survivor regions: 14->12(12)
[2026-09-03T12:37:55.965+0800][4.426s][info][gc,heap     ] GC(57) Old regions: 101->119
[2026-09-03T12:37:55.965+0800][4.426s][info][gc,heap     ] GC(57) Humongous regions: 1->1
[2026-09-03T12:37:55.965+0800][4.426s][info][gc,metaspace] GC(57) Metaspace: 1060K(1216K)->1060K(1216K) NonClass: 996K(1088K)->996K(1088K) Class: 64K(128K)->64K(128K)
[2026-09-03T12:37:55.965+0800][4.426s][info][gc          ] GC(57) Pause Young (Prepare Mixed) (G1 Evacuation Pause) 194M->132M(256M) 2.033ms
[2026-09-03T12:37:55.965+0800][4.426s][info][gc,cpu      ] GC(57) User=0.02s Sys=0.00s Real=0.00s
[2026-09-03T12:37:55.965+0800][4.426s][info][safepoint   ] Safepoint "G1CollectForAllocation", Time since last: 62828250 ns, Reaching safepoint: 2583 ns, At safepoint: 2059875 ns, Leaving safepoint: 42709 ns, Total: 2105167 ns, Threads: 0 runnable, 44 total
[2026-09-03T12:37:56.051+0800][4.512s][info][gc,start    ] GC(58) Pause Young (Mixed) (G1 Evacuation Pause)
[2026-09-03T12:37:56.051+0800][4.512s][info][gc,task     ] GC(58) Using 9 workers of 9 for evacuation
[2026-09-03T12:37:56.053+0800][4.515s][info][gc,phases   ] GC(58)   Pre Evacuate Collection Set: 0.08ms
[2026-09-03T12:37:56.053+0800][4.515s][info][gc,phases   ] GC(58)   Merge Heap Roots: 0.04ms
[2026-09-03T12:37:56.053+0800][4.515s][info][gc,phases   ] GC(58)   Evacuate Collection Set: 2.15ms
[2026-09-03T12:37:56.053+0800][4.515s][info][gc,phases   ] GC(58)   Post Evacuate Collection Set: 0.09ms
[2026-09-03T12:37:56.053+0800][4.515s][info][gc,phases   ] GC(58)   Other: 0.09ms
[2026-09-03T12:37:56.053+0800][4.515s][info][gc,heap     ] GC(58) Eden regions: 88->0(93)
[2026-09-03T12:37:56.053+0800][4.515s][info][gc,heap     ] GC(58) Survivor regions: 12->13(13)
[2026-09-03T12:37:56.053+0800][4.515s][info][gc,heap     ] GC(58) Old regions: 119->110
[2026-09-03T12:37:56.053+0800][4.515s][info][gc,heap     ] GC(58) Humongous regions: 1->1
[2026-09-03T12:37:56.053+0800][4.515s][info][gc,metaspace] GC(58) Metaspace: 1060K(1216K)->1060K(1216K) NonClass: 996K(1088K)->996K(1088K) Class: 64K(128K)->64K(128K)
[2026-09-03T12:37:56.053+0800][4.515s][info][gc          ] GC(58) Pause Young (Mixed) (G1 Evacuation Pause) 220M->124M(256M) 2.608ms
[2026-09-03T12:37:56.053+0800][4.515s][info][gc,cpu      ] GC(58) User=0.02s Sys=0.00s Real=0.00s
[2026-09-03T12:37:56.053+0800][4.515s][info][safepoint   ] Safepoint "G1CollectForAllocation", Time since last: 85924458 ns, Reaching safepoint: 32333 ns, At safepoint: 2649209 ns, Leaving safepoint: 23375 ns, Total: 2704917 ns, Threads: 1 runnable, 44 total
[2026-09-03T12:37:56.143+0800][4.605s][info][gc,start    ] GC(59) Pause Young (Mixed) (G1 Evacuation Pause)
[2026-09-03T12:37:56.143+0800][4.605s][info][gc,task     ] GC(59) Using 9 workers of 9 for evacuation
[2026-09-03T12:37:56.146+0800][4.608s][info][gc,phases   ] GC(59)   Pre Evacuate Collection Set: 0.10ms
[2026-09-03T12:37:56.146+0800][4.608s][info][gc,phases   ] GC(59)   Merge Heap Roots: 0.07ms
[2026-09-03T12:37:56.146+0800][4.608s][info][gc,phases   ] GC(59)   Evacuate Collection Set: 2.57ms
[2026-09-03T12:37:56.146+0800][4.608s][info][gc,phases   ] GC(59)   Post Evacuate Collection Set: 0.09ms
[2026-09-03T12:37:56.146+0800][4.608s][info][gc,phases   ] GC(59)   Other: 0.12ms
[2026-09-03T12:37:56.146+0800][4.608s][info][gc,heap     ] GC(59) Eden regions: 93->0(92)
[2026-09-03T12:37:56.146+0800][4.608s][info][gc,heap     ] GC(59) Survivor regions: 13->14(14)
[2026-09-03T12:37:56.146+0800][4.608s][info][gc,heap     ] GC(59) Old regions: 110->111
[2026-09-03T12:37:56.146+0800][4.608s][info][gc,heap     ] GC(59) Humongous regions: 1->1
[2026-09-03T12:37:56.146+0800][4.608s][info][gc,metaspace] GC(59) Metaspace: 1060K(1216K)->1060K(1216K) NonClass: 996K(1088K)->996K(1088K) Class: 64K(128K)->64K(128K)
[2026-09-03T12:37:56.146+0800][4.608s][info][gc          ] GC(59) Pause Young (Mixed) (G1 Evacuation Pause) 217M->125M(256M) 3.095ms
[2026-09-03T12:37:56.146+0800][4.608s][info][gc,cpu      ] GC(59) User=0.02s Sys=0.00s Real=0.00s
[2026-09-03T12:37:56.146+0800][4.608s][info][safepoint   ] Safepoint "G1CollectForAllocation", Time since last: 89871708 ns, Reaching safepoint: 75792 ns, At safepoint: 3134250 ns, Leaving safepoint: 23625 ns, Total: 3233667 ns, Threads: 1 runnable, 44 total
[2026-09-03T12:37:56.235+0800][4.696s][info][gc,start    ] GC(60) Pause Young (Concurrent Start) (G1 Evacuation Pause)
[2026-09-03T12:37:56.235+0800][4.697s][info][gc,task     ] GC(60) Using 9 workers of 9 for evacuation
[2026-09-03T12:37:56.237+0800][4.699s][info][gc,phases   ] GC(60)   Pre Evacuate Collection Set: 0.09ms
[2026-09-03T12:37:56.237+0800][4.699s][info][gc,phases   ] GC(60)   Merge Heap Roots: 0.03ms
[2026-09-03T12:37:56.237+0800][4.699s][info][gc,phases   ] GC(60)   Evacuate Collection Set: 1.92ms
[2026-09-03T12:37:56.237+0800][4.699s][info][gc,phases   ] GC(60)   Post Evacuate Collection Set: 0.11ms
[2026-09-03T12:37:56.237+0800][4.699s][info][gc,phases   ] GC(60)   Other: 0.09ms
[2026-09-03T12:37:56.237+0800][4.699s][info][gc,heap     ] GC(60) Eden regions: 92->0(78)
[2026-09-03T12:37:56.237+0800][4.699s][info][gc,heap     ] GC(60) Survivor regions: 14->14(14)
[2026-09-03T12:37:56.237+0800][4.699s][info][gc,heap     ] GC(60) Old regions: 111->130
[2026-09-03T12:37:56.237+0800][4.699s][info][gc,heap     ] GC(60) Humongous regions: 1->1
[2026-09-03T12:37:56.237+0800][4.699s][info][gc,metaspace] GC(60) Metaspace: 1060K(1216K)->1060K(1216K) NonClass: 996K(1088K)->996K(1088K) Class: 64K(128K)->64K(128K)
[2026-09-03T12:37:56.237+0800][4.699s][info][gc          ] GC(60) Pause Young (Concurrent Start) (G1 Evacuation Pause) 217M->144M(256M) 2.395ms
[2026-09-03T12:37:56.237+0800][4.699s][info][gc,cpu      ] GC(60) User=0.01s Sys=0.00s Real=0.00s
[2026-09-03T12:37:56.237+0800][4.699s][info][gc          ] GC(61) Concurrent Mark Cycle
[2026-09-03T12:37:56.237+0800][4.699s][info][gc,marking  ] GC(61) Concurrent Scan Root Regions
[2026-09-03T12:37:56.237+0800][4.699s][info][safepoint   ] Safepoint "G1CollectForAllocation", Time since last: 88633416 ns, Reaching safepoint: 30542 ns, At safepoint: 2437500 ns, Leaving safepoint: 42292 ns, Total: 2510334 ns, Threads: 2 runnable, 44 total
[2026-09-03T12:37:56.240+0800][4.701s][info][gc,marking  ] GC(61) Concurrent Scan Root Regions 2.121ms
[2026-09-03T12:37:56.240+0800][4.701s][info][gc,marking  ] GC(61) Concurrent Mark
[2026-09-03T12:37:56.240+0800][4.701s][info][gc,marking  ] GC(61) Concurrent Mark From Roots
[2026-09-03T12:37:56.240+0800][4.701s][info][gc,task     ] GC(61) Concurrent Mark Using 2 of 2 Workers
[2026-09-03T12:37:56.246+0800][4.707s][info][gc,marking  ] GC(61) Concurrent Mark From Roots 6.093ms
[2026-09-03T12:37:56.246+0800][4.707s][info][gc,marking  ] GC(61) Concurrent Preclean
[2026-09-03T12:37:56.246+0800][4.707s][info][gc,marking  ] GC(61) Concurrent Preclean 0.011ms
[2026-09-03T12:37:56.246+0800][4.707s][info][gc,start    ] GC(61) Pause Remark
[2026-09-03T12:37:56.246+0800][4.708s][info][gc          ] GC(61) Pause Remark 152M->123M(256M) 0.343ms
[2026-09-03T12:37:56.246+0800][4.708s][info][gc,cpu      ] GC(61) User=0.00s Sys=0.00s Real=0.00s
[2026-09-03T12:37:56.246+0800][4.708s][info][safepoint   ] Safepoint "G1PauseRemark", Time since last: 8276208 ns, Reaching safepoint: 2875 ns, At safepoint: 364500 ns, Leaving safepoint: 20875 ns, Total: 388250 ns, Threads: 0 runnable, 44 total
[2026-09-03T12:37:56.246+0800][4.708s][info][gc,marking  ] GC(61) Concurrent Mark 6.614ms
[2026-09-03T12:37:56.246+0800][4.708s][info][gc,marking  ] GC(61) Concurrent Rebuild Remembered Sets and Scrub Regions
[2026-09-03T12:37:56.252+0800][4.713s][info][gc,marking  ] GC(61) Concurrent Rebuild Remembered Sets and Scrub Regions 5.486ms
[2026-09-03T12:37:56.252+0800][4.713s][info][gc,start    ] GC(61) Pause Cleanup
[2026-09-03T12:37:56.252+0800][4.713s][info][gc          ] GC(61) Pause Cleanup 128M->128M(256M) 0.092ms
[2026-09-03T12:37:56.252+0800][4.713s][info][gc,cpu      ] GC(61) User=0.00s Sys=0.00s Real=0.00s
[2026-09-03T12:37:56.252+0800][4.713s][info][safepoint   ] Safepoint "G1PauseCleanup", Time since last: 5630208 ns, Reaching safepoint: 22459 ns, At safepoint: 141708 ns, Leaving safepoint: 20375 ns, Total: 184542 ns, Threads: 1 runnable, 44 total
[2026-09-03T12:37:56.252+0800][4.713s][info][gc,marking  ] GC(61) Concurrent Clear Claimed Marks
[2026-09-03T12:37:56.252+0800][4.713s][info][gc,marking  ] GC(61) Concurrent Clear Claimed Marks 0.006ms
[2026-09-03T12:37:56.252+0800][4.713s][info][gc,marking  ] GC(61) Concurrent Cleanup for Next Mark
[2026-09-03T12:37:56.252+0800][4.714s][info][gc,marking  ] GC(61) Concurrent Cleanup for Next Mark 0.126ms
[2026-09-03T12:37:56.252+0800][4.714s][info][gc          ] GC(61) Concurrent Mark Cycle 14.719ms
[2026-09-03T12:37:56.312+0800][4.773s][info][gc,start    ] GC(62) Pause Young (Prepare Mixed) (G1 Evacuation Pause)
[2026-09-03T12:37:56.312+0800][4.774s][info][gc,task     ] GC(62) Using 9 workers of 9 for evacuation
[2026-09-03T12:37:56.314+0800][4.775s][info][gc,phases   ] GC(62)   Pre Evacuate Collection Set: 0.07ms
[2026-09-03T12:37:56.314+0800][4.775s][info][gc,phases   ] GC(62)   Merge Heap Roots: 0.03ms
[2026-09-03T12:37:56.314+0800][4.775s][info][gc,phases   ] GC(62)   Evacuate Collection Set: 1.66ms
[2026-09-03T12:37:56.314+0800][4.775s][info][gc,phases   ] GC(62)   Post Evacuate Collection Set: 0.09ms
[2026-09-03T12:37:56.314+0800][4.775s][info][gc,phases   ] GC(62)   Other: 0.06ms
[2026-09-03T12:37:56.314+0800][4.775s][info][gc,heap     ] GC(62) Eden regions: 78->0(88)
[2026-09-03T12:37:56.314+0800][4.775s][info][gc,heap     ] GC(62) Survivor regions: 14->12(12)
[2026-09-03T12:37:56.314+0800][4.775s][info][gc,heap     ] GC(62) Old regions: 101->119
[2026-09-03T12:37:56.314+0800][4.775s][info][gc,heap     ] GC(62) Humongous regions: 1->1
[2026-09-03T12:37:56.314+0800][4.775s][info][gc,metaspace] GC(62) Metaspace: 1060K(1216K)->1060K(1216K) NonClass: 996K(1088K)->996K(1088K) Class: 64K(128K)->64K(128K)
[2026-09-03T12:37:56.314+0800][4.776s][info][gc          ] GC(62) Pause Young (Prepare Mixed) (G1 Evacuation Pause) 193M->131M(256M) 2.054ms
[2026-09-03T12:37:56.314+0800][4.776s][info][gc,cpu      ] GC(62) User=0.01s Sys=0.00s Real=0.00s
[2026-09-03T12:37:56.314+0800][4.776s][info][safepoint   ] Safepoint "G1CollectForAllocation", Time since last: 59973917 ns, Reaching safepoint: 26583 ns, At safepoint: 2140417 ns, Leaving safepoint: 31750 ns, Total: 2198750 ns, Threads: 1 runnable, 44 total
[2026-09-03T12:37:56.397+0800][4.858s][info][gc,start    ] GC(63) Pause Young (Mixed) (G1 Evacuation Pause)
[2026-09-03T12:37:56.397+0800][4.858s][info][gc,task     ] GC(63) Using 9 workers of 9 for evacuation
[2026-09-03T12:37:56.399+0800][4.860s][info][gc,phases   ] GC(63)   Pre Evacuate Collection Set: 0.04ms
[2026-09-03T12:37:56.399+0800][4.860s][info][gc,phases   ] GC(63)   Merge Heap Roots: 0.03ms
[2026-09-03T12:37:56.399+0800][4.860s][info][gc,phases   ] GC(63)   Evacuate Collection Set: 1.68ms
[2026-09-03T12:37:56.399+0800][4.860s][info][gc,phases   ] GC(63)   Post Evacuate Collection Set: 0.11ms
[2026-09-03T12:37:56.399+0800][4.860s][info][gc,phases   ] GC(63)   Other: 0.06ms
[2026-09-03T12:37:56.399+0800][4.860s][info][gc,heap     ] GC(63) Eden regions: 88->0(93)
[2026-09-03T12:37:56.399+0800][4.860s][info][gc,heap     ] GC(63) Survivor regions: 12->13(13)
[2026-09-03T12:37:56.399+0800][4.860s][info][gc,heap     ] GC(63) Old regions: 119->110
[2026-09-03T12:37:56.399+0800][4.860s][info][gc,heap     ] GC(63) Humongous regions: 1->1
[2026-09-03T12:37:56.399+0800][4.860s][info][gc,metaspace] GC(63) Metaspace: 1060K(1216K)->1060K(1216K) NonClass: 996K(1088K)->996K(1088K) Class: 64K(128K)->64K(128K)
[2026-09-03T12:37:56.399+0800][4.860s][info][gc          ] GC(63) Pause Young (Mixed) (G1 Evacuation Pause) 219M->123M(256M) 2.029ms
[2026-09-03T12:37:56.399+0800][4.860s][info][gc,cpu      ] GC(63) User=0.02s Sys=0.00s Real=0.00s
[2026-09-03T12:37:56.399+0800][4.860s][info][safepoint   ] Safepoint "G1CollectForAllocation", Time since last: 82708000 ns, Reaching safepoint: 23958 ns, At safepoint: 2069875 ns, Leaving safepoint: 35125 ns, Total: 2128958 ns, Threads: 1 runnable, 44 total
[2026-09-03T12:37:56.486+0800][4.947s][info][gc,start    ] GC(64) Pause Young (Mixed) (G1 Evacuation Pause)
[2026-09-03T12:37:56.486+0800][4.947s][info][gc,task     ] GC(64) Using 9 workers of 9 for evacuation
[2026-09-03T12:37:56.488+0800][4.949s][info][gc,phases   ] GC(64)   Pre Evacuate Collection Set: 0.08ms
[2026-09-03T12:37:56.488+0800][4.949s][info][gc,phases   ] GC(64)   Merge Heap Roots: 0.03ms
[2026-09-03T12:37:56.488+0800][4.949s][info][gc,phases   ] GC(64)   Evacuate Collection Set: 1.78ms
[2026-09-03T12:37:56.488+0800][4.949s][info][gc,phases   ] GC(64)   Post Evacuate Collection Set: 0.12ms
[2026-09-03T12:37:56.488+0800][4.949s][info][gc,phases   ] GC(64)   Other: 0.08ms
[2026-09-03T12:37:56.488+0800][4.949s][info][gc,heap     ] GC(64) Eden regions: 93->0(92)
[2026-09-03T12:37:56.488+0800][4.949s][info][gc,heap     ] GC(64) Survivor regions: 13->14(14)
[2026-09-03T12:37:56.488+0800][4.949s][info][gc,heap     ] GC(64) Old regions: 110->110
[2026-09-03T12:37:56.488+0800][4.949s][info][gc,heap     ] GC(64) Humongous regions: 1->1
[2026-09-03T12:37:56.488+0800][4.949s][info][gc,metaspace] GC(64) Metaspace: 1060K(1216K)->1060K(1216K) NonClass: 996K(1088K)->996K(1088K) Class: 64K(128K)->64K(128K)
[2026-09-03T12:37:56.488+0800][4.949s][info][gc          ] GC(64) Pause Young (Mixed) (G1 Evacuation Pause) 216M->125M(256M) 2.225ms
[2026-09-03T12:37:56.488+0800][4.949s][info][gc,cpu      ] GC(64) User=0.01s Sys=0.00s Real=0.00s
[2026-09-03T12:37:56.488+0800][4.949s][info][safepoint   ] Safepoint "G1CollectForAllocation", Time since last: 86475083 ns, Reaching safepoint: 70417 ns, At safepoint: 2250583 ns, Leaving safepoint: 37209 ns, Total: 2358209 ns, Threads: 1 runnable, 44 total
[2026-09-03T12:37:56.573+0800][5.034s][info][gc,start    ] GC(65) Pause Young (Concurrent Start) (G1 Evacuation Pause)
[2026-09-03T12:37:56.573+0800][5.034s][info][gc,task     ] GC(65) Using 9 workers of 9 for evacuation
[2026-09-03T12:37:56.575+0800][5.037s][info][gc,phases   ] GC(65)   Pre Evacuate Collection Set: 0.06ms
[2026-09-03T12:37:56.575+0800][5.037s][info][gc,phases   ] GC(65)   Merge Heap Roots: 0.02ms
[2026-09-03T12:37:56.575+0800][5.037s][info][gc,phases   ] GC(65)   Evacuate Collection Set: 1.80ms
[2026-09-03T12:37:56.575+0800][5.037s][info][gc,phases   ] GC(65)   Post Evacuate Collection Set: 0.11ms
[2026-09-03T12:37:56.575+0800][5.037s][info][gc,phases   ] GC(65)   Other: 0.07ms
[2026-09-03T12:37:56.575+0800][5.037s][info][gc,heap     ] GC(65) Eden regions: 92->0(79)
[2026-09-03T12:37:56.575+0800][5.037s][info][gc,heap     ] GC(65) Survivor regions: 14->14(14)
[2026-09-03T12:37:56.575+0800][5.037s][info][gc,heap     ] GC(65) Old regions: 110->129
[2026-09-03T12:37:56.575+0800][5.037s][info][gc,heap     ] GC(65) Humongous regions: 1->1
[2026-09-03T12:37:56.575+0800][5.037s][info][gc,metaspace] GC(65) Metaspace: 1060K(1216K)->1060K(1216K) NonClass: 996K(1088K)->996K(1088K) Class: 64K(128K)->64K(128K)
[2026-09-03T12:37:56.575+0800][5.037s][info][gc          ] GC(65) Pause Young (Concurrent Start) (G1 Evacuation Pause) 217M->143M(256M) 2.205ms
[2026-09-03T12:37:56.575+0800][5.037s][info][gc          ] GC(66) Concurrent Mark Cycle
[2026-09-03T12:37:56.575+0800][5.037s][info][gc,cpu      ] GC(65) User=0.02s Sys=0.00s Real=0.00s
[2026-09-03T12:37:56.575+0800][5.037s][info][gc,marking  ] GC(66) Concurrent Scan Root Regions
[2026-09-03T12:37:56.575+0800][5.037s][info][safepoint   ] Safepoint "G1CollectForAllocation", Time since last: 85149500 ns, Reaching safepoint: 40958 ns, At safepoint: 2260667 ns, Leaving safepoint: 39583 ns, Total: 2341208 ns, Threads: 1 runnable, 44 total
[2026-09-03T12:37:56.577+0800][5.039s][info][gc,marking  ] GC(66) Concurrent Scan Root Regions 2.137ms
[2026-09-03T12:37:56.577+0800][5.039s][info][gc,marking  ] GC(66) Concurrent Mark
[2026-09-03T12:37:56.577+0800][5.039s][info][gc,marking  ] GC(66) Concurrent Mark From Roots
[2026-09-03T12:37:56.577+0800][5.039s][info][gc,task     ] GC(66) Concurrent Mark Using 2 of 2 Workers
[2026-09-03T12:37:56.581+0800][5.043s][info][gc,marking  ] GC(66) Concurrent Mark From Roots 3.715ms
[2026-09-03T12:37:56.581+0800][5.043s][info][gc,marking  ] GC(66) Concurrent Preclean
[2026-09-03T12:37:56.581+0800][5.043s][info][gc,marking  ] GC(66) Concurrent Preclean 0.036ms
[2026-09-03T12:37:56.581+0800][5.043s][info][gc,start    ] GC(66) Pause Remark
[2026-09-03T12:37:56.582+0800][5.043s][info][gc          ] GC(66) Pause Remark 150M->120M(256M) 0.376ms
[2026-09-03T12:37:56.582+0800][5.043s][info][gc,cpu      ] GC(66) User=0.00s Sys=0.00s Real=0.00s
[2026-09-03T12:37:56.582+0800][5.043s][info][safepoint   ] Safepoint "G1PauseRemark", Time since last: 5918750 ns, Reaching safepoint: 23583 ns, At safepoint: 399750 ns, Leaving safepoint: 22959 ns, Total: 446292 ns, Threads: 1 runnable, 44 total
[2026-09-03T12:37:56.582+0800][5.043s][info][gc,marking  ] GC(66) Concurrent Mark 4.288ms
[2026-09-03T12:37:56.582+0800][5.043s][info][gc,marking  ] GC(66) Concurrent Rebuild Remembered Sets and Scrub Regions
[2026-09-03T12:37:56.586+0800][5.047s][info][gc,marking  ] GC(66) Concurrent Rebuild Remembered Sets and Scrub Regions 4.182ms
[2026-09-03T12:37:56.586+0800][5.047s][info][gc,start    ] GC(66) Pause Cleanup
[2026-09-03T12:37:56.586+0800][5.047s][info][gc          ] GC(66) Pause Cleanup 125M->125M(256M) 0.053ms
[2026-09-03T12:37:56.586+0800][5.047s][info][gc,cpu      ] GC(66) User=0.00s Sys=0.00s Real=0.00s
[2026-09-03T12:37:56.586+0800][5.047s][info][safepoint   ] Safepoint "G1PauseCleanup", Time since last: 4294916 ns, Reaching safepoint: 2459 ns, At safepoint: 74750 ns, Leaving safepoint: 17666 ns, Total: 94875 ns, Threads: 0 runnable, 44 total
[2026-09-03T12:37:56.586+0800][5.047s][info][gc,marking  ] GC(66) Concurrent Clear Claimed Marks
[2026-09-03T12:37:56.586+0800][5.047s][info][gc,marking  ] GC(66) Concurrent Clear Claimed Marks 0.008ms
[2026-09-03T12:37:56.586+0800][5.047s][info][gc,marking  ] GC(66) Concurrent Cleanup for Next Mark
[2026-09-03T12:37:56.586+0800][5.048s][info][gc,marking  ] GC(66) Concurrent Cleanup for Next Mark 0.098ms
[2026-09-03T12:37:56.586+0800][5.048s][info][gc          ] GC(66) Concurrent Mark Cycle 10.977ms
[2026-09-03T12:37:56.649+0800][5.111s][info][gc,start    ] GC(67) Pause Young (Prepare Mixed) (G1 Evacuation Pause)
[2026-09-03T12:37:56.649+0800][5.111s][info][gc,task     ] GC(67) Using 9 workers of 9 for evacuation
[2026-09-03T12:37:56.652+0800][5.113s][info][gc,phases   ] GC(67)   Pre Evacuate Collection Set: 0.04ms
[2026-09-03T12:37:56.652+0800][5.113s][info][gc,phases   ] GC(67)   Merge Heap Roots: 0.02ms
[2026-09-03T12:37:56.652+0800][5.113s][info][gc,phases   ] GC(67)   Evacuate Collection Set: 2.29ms
[2026-09-03T12:37:56.652+0800][5.113s][info][gc,phases   ] GC(67)   Post Evacuate Collection Set: 0.13ms
[2026-09-03T12:37:56.652+0800][5.113s][info][gc,phases   ] GC(67)   Other: 0.07ms
[2026-09-03T12:37:56.652+0800][5.113s][info][gc,heap     ] GC(67) Eden regions: 79->0(89)
[2026-09-03T12:37:56.652+0800][5.113s][info][gc,heap     ] GC(67) Survivor regions: 14->12(12)
[2026-09-03T12:37:56.652+0800][5.113s][info][gc,heap     ] GC(67) Old regions: 99->117
[2026-09-03T12:37:56.652+0800][5.113s][info][gc,heap     ] GC(67) Humongous regions: 1->1
[2026-09-03T12:37:56.652+0800][5.113s][info][gc,metaspace] GC(67) Metaspace: 1060K(1216K)->1060K(1216K) NonClass: 996K(1088K)->996K(1088K) Class: 64K(128K)->64K(128K)
[2026-09-03T12:37:56.652+0800][5.113s][info][gc          ] GC(67) Pause Young (Prepare Mixed) (G1 Evacuation Pause) 192M->130M(256M) 2.703ms
[2026-09-03T12:37:56.652+0800][5.113s][info][gc,cpu      ] GC(67) User=0.01s Sys=0.00s Real=0.01s
[2026-09-03T12:37:56.652+0800][5.113s][info][safepoint   ] Safepoint "G1CollectForAllocation", Time since last: 63036250 ns, Reaching safepoint: 29542 ns, At safepoint: 2759292 ns, Leaving safepoint: 36333 ns, Total: 2825167 ns, Threads: 1 runnable, 44 total
[2026-09-03T12:37:56.736+0800][5.197s][info][gc,start    ] GC(68) Pause Young (Mixed) (G1 Evacuation Pause)
[2026-09-03T12:37:56.736+0800][5.197s][info][gc,task     ] GC(68) Using 9 workers of 9 for evacuation
[2026-09-03T12:37:56.738+0800][5.199s][info][gc,phases   ] GC(68)   Pre Evacuate Collection Set: 0.06ms
[2026-09-03T12:37:56.738+0800][5.199s][info][gc,phases   ] GC(68)   Merge Heap Roots: 0.03ms
[2026-09-03T12:37:56.738+0800][5.199s][info][gc,phases   ] GC(68)   Evacuate Collection Set: 1.65ms
[2026-09-03T12:37:56.738+0800][5.199s][info][gc,phases   ] GC(68)   Post Evacuate Collection Set: 0.12ms
[2026-09-03T12:37:56.738+0800][5.199s][info][gc,phases   ] GC(68)   Other: 0.06ms
[2026-09-03T12:37:56.738+0800][5.199s][info][gc,heap     ] GC(68) Eden regions: 89->0(95)
[2026-09-03T12:37:56.738+0800][5.199s][info][gc,heap     ] GC(68) Survivor regions: 12->13(13)
[2026-09-03T12:37:56.738+0800][5.199s][info][gc,heap     ] GC(68) Old regions: 117->108
[2026-09-03T12:37:56.738+0800][5.199s][info][gc,heap     ] GC(68) Humongous regions: 1->1
[2026-09-03T12:37:56.738+0800][5.199s][info][gc,metaspace] GC(68) Metaspace: 1060K(1216K)->1060K(1216K) NonClass: 996K(1088K)->996K(1088K) Class: 64K(128K)->64K(128K)
[2026-09-03T12:37:56.738+0800][5.199s][info][gc          ] GC(68) Pause Young (Mixed) (G1 Evacuation Pause) 219M->121M(256M) 2.045ms
[2026-09-03T12:37:56.738+0800][5.199s][info][gc,cpu      ] GC(68) User=0.02s Sys=0.01s Real=0.00s
[2026-09-03T12:37:56.738+0800][5.199s][info][safepoint   ] Safepoint "G1CollectForAllocation", Time since last: 83566042 ns, Reaching safepoint: 61875 ns, At safepoint: 2071625 ns, Leaving safepoint: 42625 ns, Total: 2176125 ns, Threads: 4 runnable, 44 total
[2026-09-03T12:37:56.830+0800][5.292s][info][gc,start    ] GC(69) Pause Young (Mixed) (G1 Evacuation Pause)
[2026-09-03T12:37:56.830+0800][5.292s][info][gc,task     ] GC(69) Using 9 workers of 9 for evacuation
[2026-09-03T12:37:56.832+0800][5.294s][info][gc,phases   ] GC(69)   Pre Evacuate Collection Set: 0.05ms
[2026-09-03T12:37:56.833+0800][5.294s][info][gc,phases   ] GC(69)   Merge Heap Roots: 0.03ms
[2026-09-03T12:37:56.833+0800][5.294s][info][gc,phases   ] GC(69)   Evacuate Collection Set: 1.84ms
[2026-09-03T12:37:56.833+0800][5.294s][info][gc,phases   ] GC(69)   Post Evacuate Collection Set: 0.10ms
[2026-09-03T12:37:56.833+0800][5.294s][info][gc,phases   ] GC(69)   Other: 0.06ms
[2026-09-03T12:37:56.833+0800][5.294s][info][gc,heap     ] GC(69) Eden regions: 95->0(92)
[2026-09-03T12:37:56.833+0800][5.294s][info][gc,heap     ] GC(69) Survivor regions: 13->14(14)
[2026-09-03T12:37:56.833+0800][5.294s][info][gc,heap     ] GC(69) Old regions: 108->110
[2026-09-03T12:37:56.833+0800][5.294s][info][gc,heap     ] GC(69) Humongous regions: 1->1
[2026-09-03T12:37:56.833+0800][5.294s][info][gc,metaspace] GC(69) Metaspace: 1060K(1216K)->1060K(1216K) NonClass: 996K(1088K)->996K(1088K) Class: 64K(128K)->64K(128K)
[2026-09-03T12:37:56.833+0800][5.294s][info][gc          ] GC(69) Pause Young (Mixed) (G1 Evacuation Pause) 216M->125M(256M) 2.187ms
[2026-09-03T12:37:56.833+0800][5.294s][info][gc,cpu      ] GC(69) User=0.02s Sys=0.00s Real=0.00s
[2026-09-03T12:37:56.833+0800][5.294s][info][safepoint   ] Safepoint "G1CollectForAllocation", Time since last: 92675583 ns, Reaching safepoint: 30125 ns, At safepoint: 2211917 ns, Leaving safepoint: 38583 ns, Total: 2280625 ns, Threads: 1 runnable, 44 total
[2026-09-03T12:37:56.921+0800][5.382s][info][gc,start    ] GC(70) Pause Young (Concurrent Start) (G1 Evacuation Pause)
[2026-09-03T12:37:56.921+0800][5.382s][info][gc,task     ] GC(70) Using 9 workers of 9 for evacuation
[2026-09-03T12:37:56.923+0800][5.385s][info][gc,phases   ] GC(70)   Pre Evacuate Collection Set: 0.07ms
[2026-09-03T12:37:56.923+0800][5.385s][info][gc,phases   ] GC(70)   Merge Heap Roots: 0.04ms
[2026-09-03T12:37:56.923+0800][5.385s][info][gc,phases   ] GC(70)   Evacuate Collection Set: 1.87ms
[2026-09-03T12:37:56.923+0800][5.385s][info][gc,phases   ] GC(70)   Post Evacuate Collection Set: 0.09ms
[2026-09-03T12:37:56.923+0800][5.385s][info][gc,phases   ] GC(70)   Other: 0.07ms
[2026-09-03T12:37:56.923+0800][5.385s][info][gc,heap     ] GC(70) Eden regions: 92->0(79)
[2026-09-03T12:37:56.923+0800][5.385s][info][gc,heap     ] GC(70) Survivor regions: 14->14(14)
[2026-09-03T12:37:56.923+0800][5.385s][info][gc,heap     ] GC(70) Old regions: 110->129
[2026-09-03T12:37:56.923+0800][5.385s][info][gc,heap     ] GC(70) Humongous regions: 1->1
[2026-09-03T12:37:56.923+0800][5.385s][info][gc,metaspace] GC(70) Metaspace: 1060K(1216K)->1060K(1216K) NonClass: 996K(1088K)->996K(1088K) Class: 64K(128K)->64K(128K)
[2026-09-03T12:37:56.923+0800][5.385s][info][gc          ] GC(70) Pause Young (Concurrent Start) (G1 Evacuation Pause) 217M->144M(256M) 2.272ms
[2026-09-03T12:37:56.923+0800][5.385s][info][gc,cpu      ] GC(70) User=0.01s Sys=0.00s Real=0.00s
[2026-09-03T12:37:56.923+0800][5.385s][info][gc          ] GC(71) Concurrent Mark Cycle
[2026-09-03T12:37:56.923+0800][5.385s][info][gc,marking  ] GC(71) Concurrent Scan Root Regions
[2026-09-03T12:37:56.923+0800][5.385s][info][safepoint   ] Safepoint "G1CollectForAllocation", Time since last: 88278250 ns, Reaching safepoint: 3167 ns, At safepoint: 2307291 ns, Leaving safepoint: 40000 ns, Total: 2350458 ns, Threads: 0 runnable, 44 total
[2026-09-03T12:37:56.925+0800][5.387s][info][gc,marking  ] GC(71) Concurrent Scan Root Regions 1.873ms
[2026-09-03T12:37:56.925+0800][5.387s][info][gc,marking  ] GC(71) Concurrent Mark
[2026-09-03T12:37:56.925+0800][5.387s][info][gc,marking  ] GC(71) Concurrent Mark From Roots
[2026-09-03T12:37:56.925+0800][5.387s][info][gc,task     ] GC(71) Concurrent Mark Using 2 of 2 Workers
[2026-09-03T12:37:56.930+0800][5.391s][info][gc,marking  ] GC(71) Concurrent Mark From Roots 4.507ms
[2026-09-03T12:37:56.930+0800][5.391s][info][gc,marking  ] GC(71) Concurrent Preclean
[2026-09-03T12:37:56.930+0800][5.391s][info][gc,marking  ] GC(71) Concurrent Preclean 0.010ms
[2026-09-03T12:37:56.930+0800][5.391s][info][gc,start    ] GC(71) Pause Remark
[2026-09-03T12:37:56.930+0800][5.391s][info][gc          ] GC(71) Pause Remark 151M->120M(256M) 0.361ms
[2026-09-03T12:37:56.930+0800][5.391s][info][gc,cpu      ] GC(71) User=0.00s Sys=0.00s Real=0.00s
[2026-09-03T12:37:56.930+0800][5.392s][info][safepoint   ] Safepoint "G1PauseRemark", Time since last: 6425459 ns, Reaching safepoint: 2791 ns, At safepoint: 382500 ns, Leaving safepoint: 34500 ns, Total: 419791 ns, Threads: 0 runnable, 44 total
[2026-09-03T12:37:56.930+0800][5.392s][info][gc,marking  ] GC(71) Concurrent Mark 5.003ms
[2026-09-03T12:37:56.930+0800][5.392s][info][gc,marking  ] GC(71) Concurrent Rebuild Remembered Sets and Scrub Regions
[2026-09-03T12:37:56.934+0800][5.396s][info][gc,marking  ] GC(71) Concurrent Rebuild Remembered Sets and Scrub Regions 4.048ms
[2026-09-03T12:37:56.934+0800][5.396s][info][gc,start    ] GC(71) Pause Cleanup
[2026-09-03T12:37:56.934+0800][5.396s][info][gc          ] GC(71) Pause Cleanup 125M->125M(256M) 0.053ms
[2026-09-03T12:37:56.934+0800][5.396s][info][gc,cpu      ] GC(71) User=0.00s Sys=0.00s Real=0.00s
[2026-09-03T12:37:56.934+0800][5.396s][info][safepoint   ] Safepoint "G1PauseCleanup", Time since last: 4168625 ns, Reaching safepoint: 23417 ns, At safepoint: 76333 ns, Leaving safepoint: 21584 ns, Total: 121334 ns, Threads: 3 runnable, 44 total
[2026-09-03T12:37:56.934+0800][5.396s][info][gc,marking  ] GC(71) Concurrent Clear Claimed Marks
[2026-09-03T12:37:56.934+0800][5.396s][info][gc,marking  ] GC(71) Concurrent Clear Claimed Marks 0.010ms
[2026-09-03T12:37:56.934+0800][5.396s][info][gc,marking  ] GC(71) Concurrent Cleanup for Next Mark
[2026-09-03T12:37:56.935+0800][5.396s][info][gc,marking  ] GC(71) Concurrent Cleanup for Next Mark 0.143ms
[2026-09-03T12:37:56.935+0800][5.396s][info][gc          ] GC(71) Concurrent Mark Cycle 11.399ms
[2026-09-03T12:37:56.999+0800][5.460s][info][gc,start    ] GC(72) Pause Young (Prepare Mixed) (G1 Evacuation Pause)
[2026-09-03T12:37:56.999+0800][5.460s][info][gc,task     ] GC(72) Using 9 workers of 9 for evacuation
[2026-09-03T12:37:57.001+0800][5.463s][info][gc,phases   ] GC(72)   Pre Evacuate Collection Set: 0.06ms
[2026-09-03T12:37:57.001+0800][5.463s][info][gc,phases   ] GC(72)   Merge Heap Roots: 0.02ms
[2026-09-03T12:37:57.001+0800][5.463s][info][gc,phases   ] GC(72)   Evacuate Collection Set: 2.00ms
[2026-09-03T12:37:57.001+0800][5.463s][info][gc,phases   ] GC(72)   Post Evacuate Collection Set: 0.09ms
[2026-09-03T12:37:57.001+0800][5.463s][info][gc,phases   ] GC(72)   Other: 0.06ms
[2026-09-03T12:37:57.001+0800][5.463s][info][gc,heap     ] GC(72) Eden regions: 79->0(89)
[2026-09-03T12:37:57.001+0800][5.463s][info][gc,heap     ] GC(72) Survivor regions: 14->12(12)
[2026-09-03T12:37:57.001+0800][5.463s][info][gc,heap     ] GC(72) Old regions: 98->117
[2026-09-03T12:37:57.001+0800][5.463s][info][gc,heap     ] GC(72) Humongous regions: 1->1
[2026-09-03T12:37:57.001+0800][5.463s][info][gc,metaspace] GC(72) Metaspace: 1060K(1216K)->1060K(1216K) NonClass: 996K(1088K)->996K(1088K) Class: 64K(128K)->64K(128K)
[2026-09-03T12:37:57.001+0800][5.463s][info][gc          ] GC(72) Pause Young (Prepare Mixed) (G1 Evacuation Pause) 192M->129M(256M) 2.369ms
[2026-09-03T12:37:57.001+0800][5.463s][info][gc,cpu      ] GC(72) User=0.01s Sys=0.00s Real=0.01s
[2026-09-03T12:37:57.001+0800][5.463s][info][safepoint   ] Safepoint "G1CollectForAllocation", Time since last: 64392666 ns, Reaching safepoint: 65750 ns, At safepoint: 2417875 ns, Leaving safepoint: 26917 ns, Total: 2510542 ns, Threads: 2 runnable, 44 total
[2026-09-03T12:37:57.086+0800][5.548s][info][gc,start    ] GC(73) Pause Young (Mixed) (G1 Evacuation Pause)
[2026-09-03T12:37:57.086+0800][5.548s][info][gc,task     ] GC(73) Using 9 workers of 9 for evacuation
[2026-09-03T12:37:57.088+0800][5.550s][info][gc,phases   ] GC(73)   Pre Evacuate Collection Set: 0.09ms
[2026-09-03T12:37:57.088+0800][5.550s][info][gc,phases   ] GC(73)   Merge Heap Roots: 0.03ms
[2026-09-03T12:37:57.088+0800][5.550s][info][gc,phases   ] GC(73)   Evacuate Collection Set: 1.70ms
[2026-09-03T12:37:57.088+0800][5.550s][info][gc,phases   ] GC(73)   Post Evacuate Collection Set: 0.11ms
[2026-09-03T12:37:57.088+0800][5.550s][info][gc,phases   ] GC(73)   Other: 0.06ms
[2026-09-03T12:37:57.088+0800][5.550s][info][gc,heap     ] GC(73) Eden regions: 89->0(95)
[2026-09-03T12:37:57.088+0800][5.550s][info][gc,heap     ] GC(73) Survivor regions: 12->13(13)
[2026-09-03T12:37:57.088+0800][5.550s][info][gc,heap     ] GC(73) Old regions: 117->108
[2026-09-03T12:37:57.088+0800][5.550s][info][gc,heap     ] GC(73) Humongous regions: 1->1
[2026-09-03T12:37:57.088+0800][5.550s][info][gc,metaspace] GC(73) Metaspace: 1060K(1216K)->1060K(1216K) NonClass: 996K(1088K)->996K(1088K) Class: 64K(128K)->64K(128K)
[2026-09-03T12:37:57.088+0800][5.550s][info][gc          ] GC(73) Pause Young (Mixed) (G1 Evacuation Pause) 218M->121M(256M) 2.116ms
[2026-09-03T12:37:57.088+0800][5.550s][info][gc,cpu      ] GC(73) User=0.02s Sys=0.00s Real=0.00s
[2026-09-03T12:37:57.088+0800][5.550s][info][safepoint   ] Safepoint "G1CollectForAllocation", Time since last: 84968542 ns, Reaching safepoint: 2708 ns, At safepoint: 2139750 ns, Leaving safepoint: 39917 ns, Total: 2182375 ns, Threads: 0 runnable, 44 total
[2026-09-03T12:37:57.180+0800][5.641s][info][gc,start    ] GC(74) Pause Young (Mixed) (G1 Evacuation Pause)
[2026-09-03T12:37:57.180+0800][5.641s][info][gc,task     ] GC(74) Using 9 workers of 9 for evacuation
[2026-09-03T12:37:57.182+0800][5.643s][info][gc,phases   ] GC(74)   Pre Evacuate Collection Set: 0.05ms
[2026-09-03T12:37:57.182+0800][5.643s][info][gc,phases   ] GC(74)   Merge Heap Roots: 0.03ms
[2026-09-03T12:37:57.182+0800][5.643s][info][gc,phases   ] GC(74)   Evacuate Collection Set: 1.78ms
[2026-09-03T12:37:57.182+0800][5.643s][info][gc,phases   ] GC(74)   Post Evacuate Collection Set: 0.09ms
[2026-09-03T12:37:57.182+0800][5.643s][info][gc,phases   ] GC(74)   Other: 0.06ms
[2026-09-03T12:37:57.182+0800][5.643s][info][gc,heap     ] GC(74) Eden regions: 95->0(91)
[2026-09-03T12:37:57.182+0800][5.643s][info][gc,heap     ] GC(74) Survivor regions: 13->14(14)
[2026-09-03T12:37:57.182+0800][5.643s][info][gc,heap     ] GC(74) Old regions: 108->112
[2026-09-03T12:37:57.182+0800][5.643s][info][gc,heap     ] GC(74) Humongous regions: 1->1
[2026-09-03T12:37:57.182+0800][5.643s][info][gc,metaspace] GC(74) Metaspace: 1060K(1216K)->1060K(1216K) NonClass: 996K(1088K)->996K(1088K) Class: 64K(128K)->64K(128K)
[2026-09-03T12:37:57.182+0800][5.643s][info][gc          ] GC(74) Pause Young (Mixed) (G1 Evacuation Pause) 216M->126M(256M) 2.136ms
[2026-09-03T12:37:57.182+0800][5.643s][info][gc,cpu      ] GC(74) User=0.01s Sys=0.00s Real=0.00s
[2026-09-03T12:37:57.182+0800][5.643s][info][safepoint   ] Safepoint "G1CollectForAllocation", Time since last: 91276250 ns, Reaching safepoint: 48500 ns, At safepoint: 2162375 ns, Leaving safepoint: 43791 ns, Total: 2254666 ns, Threads: 1 runnable, 44 total
[2026-09-03T12:37:57.268+0800][5.730s][info][gc,start    ] GC(75) Pause Young (Concurrent Start) (G1 Evacuation Pause)
[2026-09-03T12:37:57.268+0800][5.730s][info][gc,task     ] GC(75) Using 9 workers of 9 for evacuation
[2026-09-03T12:37:57.271+0800][5.732s][info][gc,phases   ] GC(75)   Pre Evacuate Collection Set: 0.08ms
[2026-09-03T12:37:57.271+0800][5.732s][info][gc,phases   ] GC(75)   Merge Heap Roots: 0.01ms
[2026-09-03T12:37:57.271+0800][5.732s][info][gc,phases   ] GC(75)   Evacuate Collection Set: 1.80ms
[2026-09-03T12:37:57.271+0800][5.732s][info][gc,phases   ] GC(75)   Post Evacuate Collection Set: 0.10ms
[2026-09-03T12:37:57.271+0800][5.732s][info][gc,phases   ] GC(75)   Other: 0.06ms
[2026-09-03T12:37:57.271+0800][5.732s][info][gc,heap     ] GC(75) Eden regions: 91->0(78)
[2026-09-03T12:37:57.271+0800][5.732s][info][gc,heap     ] GC(75) Survivor regions: 14->14(14)
[2026-09-03T12:37:57.271+0800][5.732s][info][gc,heap     ] GC(75) Old regions: 112->131
[2026-09-03T12:37:57.271+0800][5.732s][info][gc,heap     ] GC(75) Humongous regions: 1->1
[2026-09-03T12:37:57.271+0800][5.732s][info][gc,metaspace] GC(75) Metaspace: 1060K(1216K)->1060K(1216K) NonClass: 996K(1088K)->996K(1088K) Class: 64K(128K)->64K(128K)
[2026-09-03T12:37:57.271+0800][5.732s][info][gc          ] GC(75) Pause Young (Concurrent Start) (G1 Evacuation Pause) 217M->145M(256M) 2.173ms
[2026-09-03T12:37:57.271+0800][5.732s][info][gc,cpu      ] GC(75) User=0.01s Sys=0.00s Real=0.01s
[2026-09-03T12:37:57.271+0800][5.732s][info][gc          ] GC(76) Concurrent Mark Cycle
[2026-09-03T12:37:57.271+0800][5.732s][info][safepoint   ] Safepoint "G1CollectForAllocation", Time since last: 86478375 ns, Reaching safepoint: 2750 ns, At safepoint: 2203500 ns, Leaving safepoint: 53417 ns, Total: 2259667 ns, Threads: 0 runnable, 44 total
[2026-09-03T12:37:57.271+0800][5.732s][info][gc,marking  ] GC(76) Concurrent Scan Root Regions
[2026-09-03T12:37:57.273+0800][5.734s][info][gc,marking  ] GC(76) Concurrent Scan Root Regions 2.013ms
[2026-09-03T12:37:57.273+0800][5.734s][info][gc,marking  ] GC(76) Concurrent Mark
[2026-09-03T12:37:57.273+0800][5.734s][info][gc,marking  ] GC(76) Concurrent Mark From Roots
[2026-09-03T12:37:57.273+0800][5.734s][info][gc,task     ] GC(76) Concurrent Mark Using 2 of 2 Workers
[2026-09-03T12:37:57.278+0800][5.739s][info][gc,marking  ] GC(76) Concurrent Mark From Roots 5.176ms
[2026-09-03T12:37:57.278+0800][5.739s][info][gc,marking  ] GC(76) Concurrent Preclean
[2026-09-03T12:37:57.278+0800][5.739s][info][gc,marking  ] GC(76) Concurrent Preclean 0.012ms
[2026-09-03T12:37:57.278+0800][5.739s][info][gc,start    ] GC(76) Pause Remark
[2026-09-03T12:37:57.278+0800][5.740s][info][gc          ] GC(76) Pause Remark 153M->116M(256M) 0.364ms
[2026-09-03T12:37:57.278+0800][5.740s][info][gc,cpu      ] GC(76) User=0.00s Sys=0.00s Real=0.00s
[2026-09-03T12:37:57.278+0800][5.740s][info][safepoint   ] Safepoint "G1PauseRemark", Time since last: 7310042 ns, Reaching safepoint: 2875 ns, At safepoint: 391583 ns, Leaving safepoint: 28250 ns, Total: 422708 ns, Threads: 0 runnable, 44 total
[2026-09-03T12:37:57.278+0800][5.740s][info][gc,marking  ] GC(76) Concurrent Mark 5.747ms
[2026-09-03T12:37:57.278+0800][5.740s][info][gc,marking  ] GC(76) Concurrent Rebuild Remembered Sets and Scrub Regions
[2026-09-03T12:37:57.282+0800][5.744s][info][gc,marking  ] GC(76) Concurrent Rebuild Remembered Sets and Scrub Regions 3.642ms
[2026-09-03T12:37:57.282+0800][5.744s][info][gc,start    ] GC(76) Pause Cleanup
[2026-09-03T12:37:57.282+0800][5.744s][info][gc          ] GC(76) Pause Cleanup 120M->120M(256M) 0.042ms
[2026-09-03T12:37:57.282+0800][5.744s][info][gc,cpu      ] GC(76) User=0.00s Sys=0.00s Real=0.00s
[2026-09-03T12:37:57.282+0800][5.744s][info][safepoint   ] Safepoint "G1PauseCleanup", Time since last: 3759292 ns, Reaching safepoint: 37583 ns, At safepoint: 102958 ns, Leaving safepoint: 29542 ns, Total: 170083 ns, Threads: 2 runnable, 44 total
[2026-09-03T12:37:57.282+0800][5.744s][info][gc,marking  ] GC(76) Concurrent Clear Claimed Marks
[2026-09-03T12:37:57.282+0800][5.744s][info][gc,marking  ] GC(76) Concurrent Clear Claimed Marks 0.027ms
[2026-09-03T12:37:57.282+0800][5.744s][info][gc,marking  ] GC(76) Concurrent Cleanup for Next Mark
[2026-09-03T12:37:57.283+0800][5.744s][info][gc,marking  ] GC(76) Concurrent Cleanup for Next Mark 0.147ms
[2026-09-03T12:37:57.283+0800][5.744s][info][gc          ] GC(76) Concurrent Mark Cycle 12.012ms
[2026-09-03T12:37:57.346+0800][5.808s][info][gc,start    ] GC(77) Pause Young (Prepare Mixed) (G1 Evacuation Pause)
[2026-09-03T12:37:57.346+0800][5.808s][info][gc,task     ] GC(77) Using 9 workers of 9 for evacuation
[2026-09-03T12:37:57.348+0800][5.810s][info][gc,phases   ] GC(77)   Pre Evacuate Collection Set: 0.08ms
[2026-09-03T12:37:57.348+0800][5.810s][info][gc,phases   ] GC(77)   Merge Heap Roots: 0.03ms
[2026-09-03T12:37:57.348+0800][5.810s][info][gc,phases   ] GC(77)   Evacuate Collection Set: 1.74ms
[2026-09-03T12:37:57.348+0800][5.810s][info][gc,phases   ] GC(77)   Post Evacuate Collection Set: 0.10ms
[2026-09-03T12:37:57.348+0800][5.810s][info][gc,phases   ] GC(77)   Other: 0.06ms
[2026-09-03T12:37:57.348+0800][5.810s][info][gc,heap     ] GC(77) Eden regions: 78->0(93)
[2026-09-03T12:37:57.348+0800][5.810s][info][gc,heap     ] GC(77) Survivor regions: 14->12(12)
[2026-09-03T12:37:57.348+0800][5.810s][info][gc,heap     ] GC(77) Old regions: 94->111
[2026-09-03T12:37:57.348+0800][5.810s][info][gc,heap     ] GC(77) Humongous regions: 1->1
[2026-09-03T12:37:57.348+0800][5.810s][info][gc,metaspace] GC(77) Metaspace: 1060K(1216K)->1060K(1216K) NonClass: 996K(1088K)->996K(1088K) Class: 64K(128K)->64K(128K)
[2026-09-03T12:37:57.348+0800][5.810s][info][gc          ] GC(77) Pause Young (Prepare Mixed) (G1 Evacuation Pause) 186M->123M(256M) 2.119ms
[2026-09-03T12:37:57.348+0800][5.810s][info][gc,cpu      ] GC(77) User=0.02s Sys=0.00s Real=0.00s
[2026-09-03T12:37:57.348+0800][5.810s][info][safepoint   ] Safepoint "G1CollectForAllocation", Time since last: 63746833 ns, Reaching safepoint: 2542 ns, At safepoint: 2144875 ns, Leaving safepoint: 47250 ns, Total: 2194667 ns, Threads: 0 runnable, 44 total
[2026-09-03T12:37:57.440+0800][5.901s][info][gc,start    ] GC(78) Pause Young (Mixed) (G1 Evacuation Pause)
[2026-09-03T12:37:57.440+0800][5.901s][info][gc,task     ] GC(78) Using 9 workers of 9 for evacuation
[2026-09-03T12:37:57.442+0800][5.903s][info][gc,phases   ] GC(78)   Pre Evacuate Collection Set: 0.05ms
[2026-09-03T12:37:57.442+0800][5.903s][info][gc,phases   ] GC(78)   Merge Heap Roots: 0.03ms
[2026-09-03T12:37:57.442+0800][5.903s][info][gc,phases   ] GC(78)   Evacuate Collection Set: 2.02ms
[2026-09-03T12:37:57.442+0800][5.903s][info][gc,phases   ] GC(78)   Post Evacuate Collection Set: 0.12ms
[2026-09-03T12:37:57.442+0800][5.903s][info][gc,phases   ] GC(78)   Other: 0.11ms
[2026-09-03T12:37:57.442+0800][5.904s][info][gc,heap     ] GC(78) Eden regions: 93->0(101)
[2026-09-03T12:37:57.442+0800][5.904s][info][gc,heap     ] GC(78) Survivor regions: 12->14(14)
[2026-09-03T12:37:57.442+0800][5.904s][info][gc,heap     ] GC(78) Old regions: 111->98
[2026-09-03T12:37:57.442+0800][5.904s][info][gc,heap     ] GC(78) Humongous regions: 1->1
[2026-09-03T12:37:57.442+0800][5.904s][info][gc,metaspace] GC(78) Metaspace: 1060K(1216K)->1060K(1216K) NonClass: 996K(1088K)->996K(1088K) Class: 64K(128K)->64K(128K)
[2026-09-03T12:37:57.442+0800][5.904s][info][gc          ] GC(78) Pause Young (Mixed) (G1 Evacuation Pause) 216M->112M(256M) 2.450ms
[2026-09-03T12:37:57.442+0800][5.904s][info][gc,cpu      ] GC(78) User=0.01s Sys=0.00s Real=0.00s
[2026-09-03T12:37:57.442+0800][5.904s][info][safepoint   ] Safepoint "G1CollectForAllocation", Time since last: 91317917 ns, Reaching safepoint: 25750 ns, At safepoint: 2484000 ns, Leaving safepoint: 24958 ns, Total: 2534708 ns, Threads: 1 runnable, 42 total
[2026-09-03T12:37:57.542+0800][6.003s][info][gc,start    ] GC(79) Pause Young (Mixed) (G1 Evacuation Pause)
[2026-09-03T12:37:57.542+0800][6.003s][info][gc,task     ] GC(79) Using 9 workers of 9 for evacuation
[2026-09-03T12:37:57.544+0800][6.005s][info][gc,phases   ] GC(79)   Pre Evacuate Collection Set: 0.05ms
[2026-09-03T12:37:57.544+0800][6.005s][info][gc,phases   ] GC(79)   Merge Heap Roots: 0.03ms
[2026-09-03T12:37:57.544+0800][6.005s][info][gc,phases   ] GC(79)   Evacuate Collection Set: 1.93ms
[2026-09-03T12:37:57.544+0800][6.005s][info][gc,phases   ] GC(79)   Post Evacuate Collection Set: 0.10ms
[2026-09-03T12:37:57.544+0800][6.005s][info][gc,phases   ] GC(79)   Other: 0.06ms
[2026-09-03T12:37:57.544+0800][6.005s][info][gc,heap     ] GC(79) Eden regions: 101->0(90)
[2026-09-03T12:37:57.544+0800][6.005s][info][gc,heap     ] GC(79) Survivor regions: 14->15(15)
[2026-09-03T12:37:57.544+0800][6.005s][info][gc,heap     ] GC(79) Old regions: 98->112
[2026-09-03T12:37:57.544+0800][6.005s][info][gc,heap     ] GC(79) Humongous regions: 1->1
[2026-09-03T12:37:57.544+0800][6.006s][info][gc,metaspace] GC(79) Metaspace: 1060K(1216K)->1060K(1216K) NonClass: 996K(1088K)->996K(1088K) Class: 64K(128K)->64K(128K)
[2026-09-03T12:37:57.544+0800][6.006s][info][gc          ] GC(79) Pause Young (Mixed) (G1 Evacuation Pause) 213M->127M(256M) 2.280ms
[2026-09-03T12:37:57.544+0800][6.006s][info][gc,cpu      ] GC(79) User=0.02s Sys=0.00s Real=0.00s
[2026-09-03T12:37:57.544+0800][6.006s][info][safepoint   ] Safepoint "G1CollectForAllocation", Time since last: 99573917 ns, Reaching safepoint: 76458 ns, At safepoint: 2306875 ns, Leaving safepoint: 30250 ns, Total: 2413583 ns, Threads: 4 runnable, 42 total
[2026-09-03T12:37:57.632+0800][6.094s][info][gc,start    ] GC(80) Pause Young (Concurrent Start) (G1 Evacuation Pause)
[2026-09-03T12:37:57.632+0800][6.094s][info][gc,task     ] GC(80) Using 9 workers of 9 for evacuation
[2026-09-03T12:37:57.634+0800][6.096s][info][gc,phases   ] GC(80)   Pre Evacuate Collection Set: 0.08ms
[2026-09-03T12:37:57.635+0800][6.096s][info][gc,phases   ] GC(80)   Merge Heap Roots: 0.03ms
[2026-09-03T12:37:57.635+0800][6.096s][info][gc,phases   ] GC(80)   Evacuate Collection Set: 1.94ms
[2026-09-03T12:37:57.635+0800][6.096s][info][gc,phases   ] GC(80)   Post Evacuate Collection Set: 0.10ms
[2026-09-03T12:37:57.635+0800][6.096s][info][gc,phases   ] GC(80)   Other: 0.06ms
[2026-09-03T12:37:57.635+0800][6.096s][info][gc,heap     ] GC(80) Eden regions: 90->0(78)
[2026-09-03T12:37:57.635+0800][6.096s][info][gc,heap     ] GC(80) Survivor regions: 15->14(14)
[2026-09-03T12:37:57.635+0800][6.096s][info][gc,heap     ] GC(80) Old regions: 112->131
[2026-09-03T12:37:57.635+0800][6.096s][info][gc,heap     ] GC(80) Humongous regions: 1->1
[2026-09-03T12:37:57.635+0800][6.096s][info][gc,metaspace] GC(80) Metaspace: 1060K(1216K)->1060K(1216K) NonClass: 996K(1088K)->996K(1088K) Class: 64K(128K)->64K(128K)
[2026-09-03T12:37:57.635+0800][6.096s][info][gc          ] GC(80) Pause Young (Concurrent Start) (G1 Evacuation Pause) 217M->146M(256M) 2.337ms
[2026-09-03T12:37:57.635+0800][6.096s][info][gc,cpu      ] GC(80) User=0.02s Sys=0.00s Real=0.00s
[2026-09-03T12:37:57.635+0800][6.096s][info][gc          ] GC(81) Concurrent Mark Cycle
[2026-09-03T12:37:57.635+0800][6.096s][info][gc,marking  ] GC(81) Concurrent Scan Root Regions
[2026-09-03T12:37:57.635+0800][6.096s][info][safepoint   ] Safepoint "G1CollectForAllocation", Time since last: 88085208 ns, Reaching safepoint: 3167 ns, At safepoint: 2368333 ns, Leaving safepoint: 22000 ns, Total: 2393500 ns, Threads: 0 runnable, 42 total
[2026-09-03T12:37:57.637+0800][6.098s][info][gc,marking  ] GC(81) Concurrent Scan Root Regions 2.020ms
[2026-09-03T12:37:57.637+0800][6.098s][info][gc,marking  ] GC(81) Concurrent Mark
[2026-09-03T12:37:57.637+0800][6.098s][info][gc,marking  ] GC(81) Concurrent Mark From Roots
[2026-09-03T12:37:57.637+0800][6.098s][info][gc,task     ] GC(81) Concurrent Mark Using 2 of 2 Workers
[2026-09-03T12:37:57.641+0800][6.102s][info][gc,marking  ] GC(81) Concurrent Mark From Roots 4.171ms
[2026-09-03T12:37:57.641+0800][6.102s][info][gc,marking  ] GC(81) Concurrent Preclean
[2026-09-03T12:37:57.641+0800][6.102s][info][gc,marking  ] GC(81) Concurrent Preclean 0.019ms
[2026-09-03T12:37:57.641+0800][6.102s][info][gc,start    ] GC(81) Pause Remark
[2026-09-03T12:37:57.641+0800][6.103s][info][gc          ] GC(81) Pause Remark 153M->118M(256M) 0.320ms
[2026-09-03T12:37:57.641+0800][6.103s][info][gc,cpu      ] GC(81) User=0.01s Sys=0.00s Real=0.00s
[2026-09-03T12:37:57.641+0800][6.103s][info][safepoint   ] Safepoint "G1PauseRemark", Time since last: 6319792 ns, Reaching safepoint: 35250 ns, At safepoint: 350208 ns, Leaving safepoint: 22875 ns, Total: 408333 ns, Threads: 1 runnable, 42 total
[2026-09-03T12:37:57.641+0800][6.103s][info][gc,marking  ] GC(81) Concurrent Mark 4.762ms
[2026-09-03T12:37:57.641+0800][6.103s][info][gc,marking  ] GC(81) Concurrent Rebuild Remembered Sets and Scrub Regions
[2026-09-03T12:37:57.646+0800][6.108s][info][gc,marking  ] GC(81) Concurrent Rebuild Remembered Sets and Scrub Regions 4.785ms
[2026-09-03T12:37:57.646+0800][6.108s][info][gc,start    ] GC(81) Pause Cleanup
[2026-09-03T12:37:57.646+0800][6.108s][info][gc          ] GC(81) Pause Cleanup 123M->123M(256M) 0.043ms
[2026-09-03T12:37:57.646+0800][6.108s][info][gc,cpu      ] GC(81) User=0.00s Sys=0.00s Real=0.00s
[2026-09-03T12:37:57.646+0800][6.108s][info][safepoint   ] Safepoint "G1PauseCleanup", Time since last: 4896709 ns, Reaching safepoint: 73041 ns, At safepoint: 82417 ns, Leaving safepoint: 28083 ns, Total: 183541 ns, Threads: 2 runnable, 42 total
[2026-09-03T12:37:57.646+0800][6.108s][info][gc,marking  ] GC(81) Concurrent Clear Claimed Marks
[2026-09-03T12:37:57.646+0800][6.108s][info][gc,marking  ] GC(81) Concurrent Clear Claimed Marks 0.016ms
[2026-09-03T12:37:57.646+0800][6.108s][info][gc,marking  ] GC(81) Concurrent Cleanup for Next Mark
[2026-09-03T12:37:57.647+0800][6.108s][info][gc,marking  ] GC(81) Concurrent Cleanup for Next Mark 0.214ms
[2026-09-03T12:37:57.647+0800][6.108s][info][gc          ] GC(81) Concurrent Mark Cycle 12.140ms
[2026-09-03T12:37:57.711+0800][6.173s][info][gc,start    ] GC(82) Pause Young (Prepare Mixed) (G1 Evacuation Pause)
[2026-09-03T12:37:57.711+0800][6.173s][info][gc,task     ] GC(82) Using 9 workers of 9 for evacuation
[2026-09-03T12:37:57.713+0800][6.175s][info][gc,phases   ] GC(82)   Pre Evacuate Collection Set: 0.07ms
[2026-09-03T12:37:57.713+0800][6.175s][info][gc,phases   ] GC(82)   Merge Heap Roots: 0.02ms
[2026-09-03T12:37:57.713+0800][6.175s][info][gc,phases   ] GC(82)   Evacuate Collection Set: 1.73ms
[2026-09-03T12:37:57.713+0800][6.175s][info][gc,phases   ] GC(82)   Post Evacuate Collection Set: 0.07ms
[2026-09-03T12:37:57.713+0800][6.175s][info][gc,phases   ] GC(82)   Other: 0.08ms
[2026-09-03T12:37:57.713+0800][6.175s][info][gc,heap     ] GC(82) Eden regions: 78->0(90)
[2026-09-03T12:37:57.713+0800][6.175s][info][gc,heap     ] GC(82) Survivor regions: 14->12(12)
[2026-09-03T12:37:57.713+0800][6.175s][info][gc,heap     ] GC(82) Old regions: 96->115
[2026-09-03T12:37:57.714+0800][6.175s][info][gc,heap     ] GC(82) Humongous regions: 1->1
[2026-09-03T12:37:57.714+0800][6.175s][info][gc,metaspace] GC(82) Metaspace: 1060K(1216K)->1060K(1216K) NonClass: 996K(1088K)->996K(1088K) Class: 64K(128K)->64K(128K)
[2026-09-03T12:37:57.714+0800][6.175s][info][gc          ] GC(82) Pause Young (Prepare Mixed) (G1 Evacuation Pause) 189M->127M(256M) 2.108ms
[2026-09-03T12:37:57.714+0800][6.175s][info][gc,cpu      ] GC(82) User=0.01s Sys=0.00s Real=0.00s
[2026-09-03T12:37:57.714+0800][6.175s][info][safepoint   ] Safepoint "G1CollectForAllocation", Time since last: 64926459 ns, Reaching safepoint: 37166 ns, At safepoint: 2142542 ns, Leaving safepoint: 22583 ns, Total: 2202291 ns, Threads: 2 runnable, 42 total
[2026-09-03T12:37:57.799+0800][6.260s][info][gc,start    ] GC(83) Pause Young (Mixed) (G1 Evacuation Pause)
[2026-09-03T12:37:57.799+0800][6.260s][info][gc,task     ] GC(83) Using 9 workers of 9 for evacuation
[2026-09-03T12:37:57.801+0800][6.262s][info][gc,phases   ] GC(83)   Pre Evacuate Collection Set: 0.08ms
[2026-09-03T12:37:57.801+0800][6.262s][info][gc,phases   ] GC(83)   Merge Heap Roots: 0.03ms
[2026-09-03T12:37:57.801+0800][6.262s][info][gc,phases   ] GC(83)   Evacuate Collection Set: 2.00ms
[2026-09-03T12:37:57.801+0800][6.262s][info][gc,phases   ] GC(83)   Post Evacuate Collection Set: 0.10ms
[2026-09-03T12:37:57.801+0800][6.262s][info][gc,phases   ] GC(83)   Other: 0.06ms
[2026-09-03T12:37:57.801+0800][6.262s][info][gc,heap     ] GC(83) Eden regions: 90->0(98)
[2026-09-03T12:37:57.801+0800][6.262s][info][gc,heap     ] GC(83) Survivor regions: 12->13(13)
[2026-09-03T12:37:57.801+0800][6.262s][info][gc,heap     ] GC(83) Old regions: 115->103
[2026-09-03T12:37:57.801+0800][6.262s][info][gc,heap     ] GC(83) Humongous regions: 1->1
[2026-09-03T12:37:57.801+0800][6.262s][info][gc,metaspace] GC(83) Metaspace: 1060K(1216K)->1060K(1216K) NonClass: 996K(1088K)->996K(1088K) Class: 64K(128K)->64K(128K)
[2026-09-03T12:37:57.801+0800][6.262s][info][gc          ] GC(83) Pause Young (Mixed) (G1 Evacuation Pause) 217M->116M(256M) 2.408ms
[2026-09-03T12:37:57.801+0800][6.262s][info][gc,cpu      ] GC(83) User=0.01s Sys=0.00s Real=0.01s
[2026-09-03T12:37:57.801+0800][6.263s][info][safepoint   ] Safepoint "G1CollectForAllocation", Time since last: 85042125 ns, Reaching safepoint: 29834 ns, At safepoint: 2446666 ns, Leaving safepoint: 23500 ns, Total: 2500000 ns, Threads: 1 runnable, 42 total
[2026-09-03T12:37:57.895+0800][6.356s][info][gc,start    ] GC(84) Pause Young (Mixed) (G1 Evacuation Pause)
[2026-09-03T12:37:57.895+0800][6.356s][info][gc,task     ] GC(84) Using 9 workers of 9 for evacuation
[2026-09-03T12:37:57.897+0800][6.359s][info][gc,phases   ] GC(84)   Pre Evacuate Collection Set: 0.07ms
[2026-09-03T12:37:57.897+0800][6.359s][info][gc,phases   ] GC(84)   Merge Heap Roots: 0.05ms
[2026-09-03T12:37:57.897+0800][6.359s][info][gc,phases   ] GC(84)   Evacuate Collection Set: 2.08ms
[2026-09-03T12:37:57.897+0800][6.359s][info][gc,phases   ] GC(84)   Post Evacuate Collection Set: 0.10ms
[2026-09-03T12:37:57.897+0800][6.359s][info][gc,phases   ] GC(84)   Other: 0.08ms
[2026-09-03T12:37:57.897+0800][6.359s][info][gc,heap     ] GC(84) Eden regions: 98->0(90)
[2026-09-03T12:37:57.897+0800][6.359s][info][gc,heap     ] GC(84) Survivor regions: 13->14(14)
[2026-09-03T12:37:57.897+0800][6.359s][info][gc,heap     ] GC(84) Old regions: 103->114
[2026-09-03T12:37:57.897+0800][6.359s][info][gc,heap     ] GC(84) Humongous regions: 1->1
[2026-09-03T12:37:57.897+0800][6.359s][info][gc,metaspace] GC(84) Metaspace: 1060K(1216K)->1060K(1216K) NonClass: 996K(1088K)->996K(1088K) Class: 64K(128K)->64K(128K)
[2026-09-03T12:37:57.898+0800][6.359s][info][gc          ] GC(84) Pause Young (Mixed) (G1 Evacuation Pause) 214M->128M(256M) 2.547ms
[2026-09-03T12:37:57.898+0800][6.359s][info][gc,cpu      ] GC(84) User=0.02s Sys=0.00s Real=0.00s
[2026-09-03T12:37:57.898+0800][6.359s][info][safepoint   ] Safepoint "G1CollectForAllocation", Time since last: 93789417 ns, Reaching safepoint: 32542 ns, At safepoint: 2603208 ns, Leaving safepoint: 38333 ns, Total: 2674083 ns, Threads: 1 runnable, 42 total
[2026-09-03T12:37:57.989+0800][6.451s][info][gc,start    ] GC(85) Pause Young (Concurrent Start) (G1 Evacuation Pause)
[2026-09-03T12:37:57.989+0800][6.451s][info][gc,task     ] GC(85) Using 9 workers of 9 for evacuation
[2026-09-03T12:37:57.992+0800][6.453s][info][gc,phases   ] GC(85)   Pre Evacuate Collection Set: 0.11ms
[2026-09-03T12:37:57.992+0800][6.453s][info][gc,phases   ] GC(85)   Merge Heap Roots: 0.03ms
[2026-09-03T12:37:57.992+0800][6.453s][info][gc,phases   ] GC(85)   Evacuate Collection Set: 2.22ms
[2026-09-03T12:37:57.992+0800][6.453s][info][gc,phases   ] GC(85)   Post Evacuate Collection Set: 0.10ms
[2026-09-03T12:37:57.992+0800][6.453s][info][gc,phases   ] GC(85)   Other: 0.06ms
[2026-09-03T12:37:57.992+0800][6.453s][info][gc,heap     ] GC(85) Eden regions: 90->0(76)
[2026-09-03T12:37:57.992+0800][6.453s][info][gc,heap     ] GC(85) Survivor regions: 14->13(13)
[2026-09-03T12:37:57.992+0800][6.453s][info][gc,heap     ] GC(85) Old regions: 114->134
[2026-09-03T12:37:57.992+0800][6.453s][info][gc,heap     ] GC(85) Humongous regions: 1->1
[2026-09-03T12:37:57.992+0800][6.453s][info][gc,metaspace] GC(85) Metaspace: 1060K(1216K)->1060K(1216K) NonClass: 996K(1088K)->996K(1088K) Class: 64K(128K)->64K(128K)
[2026-09-03T12:37:57.992+0800][6.453s][info][gc          ] GC(85) Pause Young (Concurrent Start) (G1 Evacuation Pause) 218M->147M(256M) 2.657ms
[2026-09-03T12:37:57.992+0800][6.453s][info][gc          ] GC(86) Concurrent Mark Cycle
[2026-09-03T12:37:57.992+0800][6.453s][info][gc,cpu      ] GC(85) User=0.01s Sys=0.01s Real=0.01s
[2026-09-03T12:37:57.992+0800][6.453s][info][gc,marking  ] GC(86) Concurrent Scan Root Regions
[2026-09-03T12:37:57.992+0800][6.454s][info][safepoint   ] Safepoint "G1CollectForAllocation", Time since last: 91769000 ns, Reaching safepoint: 30875 ns, At safepoint: 2704209 ns, Leaving safepoint: 20208 ns, Total: 2755292 ns, Threads: 3 runnable, 42 total
[2026-09-03T12:37:57.994+0800][6.455s][info][gc,marking  ] GC(86) Concurrent Scan Root Regions 2.020ms
[2026-09-03T12:37:57.994+0800][6.456s][info][gc,marking  ] GC(86) Concurrent Mark
[2026-09-03T12:37:57.994+0800][6.456s][info][gc,marking  ] GC(86) Concurrent Mark From Roots
[2026-09-03T12:37:57.994+0800][6.456s][info][gc,task     ] GC(86) Concurrent Mark Using 2 of 2 Workers
[2026-09-03T12:37:57.999+0800][6.461s][info][gc,marking  ] GC(86) Concurrent Mark From Roots 5.108ms
[2026-09-03T12:37:57.999+0800][6.461s][info][gc,marking  ] GC(86) Concurrent Preclean
[2026-09-03T12:37:57.999+0800][6.461s][info][gc,marking  ] GC(86) Concurrent Preclean 0.011ms
[2026-09-03T12:37:57.999+0800][6.461s][info][gc,start    ] GC(86) Pause Remark
[2026-09-03T12:37:58.000+0800][6.461s][info][gc          ] GC(86) Pause Remark 154M->121M(256M) 0.350ms
[2026-09-03T12:37:58.000+0800][6.461s][info][gc,cpu      ] GC(86) User=0.00s Sys=0.00s Real=0.01s
[2026-09-03T12:37:58.000+0800][6.461s][info][safepoint   ] Safepoint "G1PauseRemark", Time since last: 7196583 ns, Reaching safepoint: 24792 ns, At safepoint: 376458 ns, Leaving safepoint: 21000 ns, Total: 422250 ns, Threads: 3 runnable, 42 total
[2026-09-03T12:37:58.000+0800][6.461s][info][gc,marking  ] GC(86) Concurrent Mark 5.603ms
[2026-09-03T12:37:58.000+0800][6.461s][info][gc,marking  ] GC(86) Concurrent Rebuild Remembered Sets and Scrub Regions
[2026-09-03T12:37:58.005+0800][6.467s][info][gc,marking  ] GC(86) Concurrent Rebuild Remembered Sets and Scrub Regions 5.382ms
[2026-09-03T12:37:58.005+0800][6.467s][info][gc,start    ] GC(86) Pause Cleanup
[2026-09-03T12:37:58.005+0800][6.467s][info][gc          ] GC(86) Pause Cleanup 128M->128M(256M) 0.078ms
[2026-09-03T12:37:58.005+0800][6.467s][info][gc,cpu      ] GC(86) User=0.00s Sys=0.00s Real=0.00s
[2026-09-03T12:37:58.005+0800][6.467s][info][safepoint   ] Safepoint "G1PauseCleanup", Time since last: 5451500 ns, Reaching safepoint: 22834 ns, At safepoint: 112958 ns, Leaving safepoint: 17833 ns, Total: 153625 ns, Threads: 3 runnable, 42 total
[2026-09-03T12:37:58.005+0800][6.467s][info][gc,marking  ] GC(86) Concurrent Clear Claimed Marks
[2026-09-03T12:37:58.005+0800][6.467s][info][gc,marking  ] GC(86) Concurrent Clear Claimed Marks 0.018ms
[2026-09-03T12:37:58.005+0800][6.467s][info][gc,marking  ] GC(86) Concurrent Cleanup for Next Mark
[2026-09-03T12:37:58.005+0800][6.467s][info][gc,marking  ] GC(86) Concurrent Cleanup for Next Mark 0.106ms
[2026-09-03T12:37:58.006+0800][6.467s][info][gc          ] GC(86) Concurrent Mark Cycle 13.461ms
[2026-09-03T12:37:58.065+0800][6.527s][info][gc,start    ] GC(87) Pause Young (Prepare Mixed) (G1 Evacuation Pause)
[2026-09-03T12:37:58.065+0800][6.527s][info][gc,task     ] GC(87) Using 9 workers of 9 for evacuation
[2026-09-03T12:37:58.067+0800][6.529s][info][gc,phases   ] GC(87)   Pre Evacuate Collection Set: 0.04ms
[2026-09-03T12:37:58.067+0800][6.529s][info][gc,phases   ] GC(87)   Merge Heap Roots: 0.02ms
[2026-09-03T12:37:58.067+0800][6.529s][info][gc,phases   ] GC(87)   Evacuate Collection Set: 1.83ms
[2026-09-03T12:37:58.067+0800][6.529s][info][gc,phases   ] GC(87)   Post Evacuate Collection Set: 0.10ms
[2026-09-03T12:37:58.067+0800][6.529s][info][gc,phases   ] GC(87)   Other: 0.07ms
[2026-09-03T12:37:58.067+0800][6.529s][info][gc,heap     ] GC(87) Eden regions: 76->0(89)
[2026-09-03T12:37:58.067+0800][6.529s][info][gc,heap     ] GC(87) Survivor regions: 13->12(12)
[2026-09-03T12:37:58.067+0800][6.529s][info][gc,heap     ] GC(87) Old regions: 101->117
[2026-09-03T12:37:58.067+0800][6.529s][info][gc,heap     ] GC(87) Humongous regions: 1->1
[2026-09-03T12:37:58.067+0800][6.529s][info][gc,metaspace] GC(87) Metaspace: 1060K(1216K)->1060K(1216K) NonClass: 996K(1088K)->996K(1088K) Class: 64K(128K)->64K(128K)
[2026-09-03T12:37:58.067+0800][6.529s][info][gc          ] GC(87) Pause Young (Prepare Mixed) (G1 Evacuation Pause) 190M->130M(256M) 2.201ms
[2026-09-03T12:37:58.067+0800][6.529s][info][gc,cpu      ] GC(87) User=0.01s Sys=0.01s Real=0.00s
[2026-09-03T12:37:58.067+0800][6.529s][info][safepoint   ] Safepoint "G1CollectForAllocation", Time since last: 59744292 ns, Reaching safepoint: 24042 ns, At safepoint: 2245208 ns, Leaving safepoint: 24125 ns, Total: 2293375 ns, Threads: 1 runnable, 42 total
[2026-09-03T12:37:58.154+0800][6.615s][info][gc,start    ] GC(88) Pause Young (Mixed) (G1 Evacuation Pause)
[2026-09-03T12:37:58.154+0800][6.615s][info][gc,task     ] GC(88) Using 9 workers of 9 for evacuation
[2026-09-03T12:37:58.156+0800][6.617s][info][gc,phases   ] GC(88)   Pre Evacuate Collection Set: 0.06ms
[2026-09-03T12:37:58.156+0800][6.617s][info][gc,phases   ] GC(88)   Merge Heap Roots: 0.04ms
[2026-09-03T12:37:58.156+0800][6.617s][info][gc,phases   ] GC(88)   Evacuate Collection Set: 1.68ms
[2026-09-03T12:37:58.156+0800][6.617s][info][gc,phases   ] GC(88)   Post Evacuate Collection Set: 0.11ms
[2026-09-03T12:37:58.156+0800][6.617s][info][gc,phases   ] GC(88)   Other: 0.06ms
[2026-09-03T12:37:58.156+0800][6.617s][info][gc,heap     ] GC(88) Eden regions: 89->0(94)
[2026-09-03T12:37:58.156+0800][6.617s][info][gc,heap     ] GC(88) Survivor regions: 12->13(13)
[2026-09-03T12:37:58.156+0800][6.617s][info][gc,heap     ] GC(88) Old regions: 117->109
[2026-09-03T12:37:58.156+0800][6.617s][info][gc,heap     ] GC(88) Humongous regions: 1->1
[2026-09-03T12:37:58.156+0800][6.617s][info][gc,metaspace] GC(88) Metaspace: 1060K(1216K)->1060K(1216K) NonClass: 996K(1088K)->996K(1088K) Class: 64K(128K)->64K(128K)
[2026-09-03T12:37:58.156+0800][6.617s][info][gc          ] GC(88) Pause Young (Mixed) (G1 Evacuation Pause) 219M->122M(256M) 2.061ms
[2026-09-03T12:37:58.156+0800][6.617s][info][gc,cpu      ] GC(88) User=0.01s Sys=0.00s Real=0.00s
[2026-09-03T12:37:58.156+0800][6.617s][info][safepoint   ] Safepoint "G1CollectForAllocation", Time since last: 86437250 ns, Reaching safepoint: 2875 ns, At safepoint: 2086292 ns, Leaving safepoint: 37875 ns, Total: 2127042 ns, Threads: 0 runnable, 42 total
[2026-09-03T12:37:58.245+0800][6.707s][info][gc,start    ] GC(89) Pause Young (Mixed) (G1 Evacuation Pause)
[2026-09-03T12:37:58.245+0800][6.707s][info][gc,task     ] GC(89) Using 9 workers of 9 for evacuation
[2026-09-03T12:37:58.247+0800][6.709s][info][gc,phases   ] GC(89)   Pre Evacuate Collection Set: 0.07ms
[2026-09-03T12:37:58.247+0800][6.709s][info][gc,phases   ] GC(89)   Merge Heap Roots: 0.03ms
[2026-09-03T12:37:58.247+0800][6.709s][info][gc,phases   ] GC(89)   Evacuate Collection Set: 1.84ms
[2026-09-03T12:37:58.247+0800][6.709s][info][gc,phases   ] GC(89)   Post Evacuate Collection Set: 0.08ms
[2026-09-03T12:37:58.247+0800][6.709s][info][gc,phases   ] GC(89)   Other: 0.06ms
[2026-09-03T12:37:58.247+0800][6.709s][info][gc,heap     ] GC(89) Eden regions: 94->0(92)
[2026-09-03T12:37:58.247+0800][6.709s][info][gc,heap     ] GC(89) Survivor regions: 13->14(14)
[2026-09-03T12:37:58.247+0800][6.709s][info][gc,heap     ] GC(89) Old regions: 109->110
[2026-09-03T12:37:58.247+0800][6.709s][info][gc,heap     ] GC(89) Humongous regions: 1->1
[2026-09-03T12:37:58.247+0800][6.709s][info][gc,metaspace] GC(89) Metaspace: 1060K(1216K)->1060K(1216K) NonClass: 996K(1088K)->996K(1088K) Class: 64K(128K)->64K(128K)
[2026-09-03T12:37:58.247+0800][6.709s][info][gc          ] GC(89) Pause Young (Mixed) (G1 Evacuation Pause) 216M->125M(256M) 2.210ms
[2026-09-03T12:37:58.247+0800][6.709s][info][gc,cpu      ] GC(89) User=0.02s Sys=0.00s Real=0.00s
[2026-09-03T12:37:58.247+0800][6.709s][info][safepoint   ] Safepoint "G1CollectForAllocation", Time since last: 89164291 ns, Reaching safepoint: 56917 ns, At safepoint: 2234708 ns, Leaving safepoint: 24917 ns, Total: 2316542 ns, Threads: 1 runnable, 42 total
[2026-09-03T12:37:58.337+0800][6.798s][info][gc,start    ] GC(90) Pause Young (Concurrent Start) (G1 Evacuation Pause)
[2026-09-03T12:37:58.337+0800][6.799s][info][gc,task     ] GC(90) Using 9 workers of 9 for evacuation
[2026-09-03T12:37:58.339+0800][6.801s][info][gc,phases   ] GC(90)   Pre Evacuate Collection Set: 0.07ms
[2026-09-03T12:37:58.339+0800][6.801s][info][gc,phases   ] GC(90)   Merge Heap Roots: 0.02ms
[2026-09-03T12:37:58.339+0800][6.801s][info][gc,phases   ] GC(90)   Evacuate Collection Set: 1.97ms
[2026-09-03T12:37:58.339+0800][6.801s][info][gc,phases   ] GC(90)   Post Evacuate Collection Set: 0.10ms
[2026-09-03T12:37:58.339+0800][6.801s][info][gc,phases   ] GC(90)   Other: 0.07ms
[2026-09-03T12:37:58.339+0800][6.801s][info][gc,heap     ] GC(90) Eden regions: 92->0(79)
[2026-09-03T12:37:58.339+0800][6.801s][info][gc,heap     ] GC(90) Survivor regions: 14->14(14)
[2026-09-03T12:37:58.339+0800][6.801s][info][gc,heap     ] GC(90) Old regions: 110->129
[2026-09-03T12:37:58.339+0800][6.801s][info][gc,heap     ] GC(90) Humongous regions: 1->1
[2026-09-03T12:37:58.339+0800][6.801s][info][gc,metaspace] GC(90) Metaspace: 1060K(1216K)->1060K(1216K) NonClass: 996K(1088K)->996K(1088K) Class: 64K(128K)->64K(128K)
[2026-09-03T12:37:58.339+0800][6.801s][info][gc          ] GC(90) Pause Young (Concurrent Start) (G1 Evacuation Pause) 217M->143M(256M) 2.382ms
[2026-09-03T12:37:58.339+0800][6.801s][info][gc,cpu      ] GC(90) User=0.02s Sys=0.01s Real=0.00s
[2026-09-03T12:37:58.339+0800][6.801s][info][gc          ] GC(91) Concurrent Mark Cycle
[2026-09-03T12:37:58.339+0800][6.801s][info][gc,marking  ] GC(91) Concurrent Scan Root Regions
[2026-09-03T12:37:58.340+0800][6.801s][info][safepoint   ] Safepoint "G1CollectForAllocation", Time since last: 89623583 ns, Reaching safepoint: 35042 ns, At safepoint: 2426792 ns, Leaving safepoint: 36875 ns, Total: 2498709 ns, Threads: 1 runnable, 42 total
[2026-09-03T12:37:58.342+0800][6.803s][info][gc,marking  ] GC(91) Concurrent Scan Root Regions 2.086ms
[2026-09-03T12:37:58.342+0800][6.803s][info][gc,marking  ] GC(91) Concurrent Mark
[2026-09-03T12:37:58.342+0800][6.803s][info][gc,marking  ] GC(91) Concurrent Mark From Roots
[2026-09-03T12:37:58.342+0800][6.803s][info][gc,task     ] GC(91) Concurrent Mark Using 2 of 2 Workers
[2026-09-03T12:37:58.348+0800][6.809s][info][gc,marking  ] GC(91) Concurrent Mark From Roots 6.032ms
[2026-09-03T12:37:58.348+0800][6.809s][info][gc,marking  ] GC(91) Concurrent Preclean
[2026-09-03T12:37:58.348+0800][6.809s][info][gc,marking  ] GC(91) Concurrent Preclean 0.011ms
[2026-09-03T12:37:58.348+0800][6.809s][info][gc,start    ] GC(91) Pause Remark
[2026-09-03T12:37:58.348+0800][6.810s][info][gc          ] GC(91) Pause Remark 152M->121M(256M) 0.459ms
[2026-09-03T12:37:58.348+0800][6.810s][info][gc,cpu      ] GC(91) User=0.00s Sys=0.00s Real=0.00s
[2026-09-03T12:37:58.348+0800][6.810s][info][safepoint   ] Safepoint "G1PauseRemark", Time since last: 8218250 ns, Reaching safepoint: 5208 ns, At safepoint: 498125 ns, Leaving safepoint: 14083 ns, Total: 517416 ns, Threads: 0 runnable, 42 total
[2026-09-03T12:37:58.348+0800][6.810s][info][gc,marking  ] GC(91) Concurrent Mark 6.733ms
[2026-09-03T12:37:58.348+0800][6.810s][info][gc,marking  ] GC(91) Concurrent Rebuild Remembered Sets and Scrub Regions
[2026-09-03T12:37:58.354+0800][6.815s][info][gc,marking  ] GC(91) Concurrent Rebuild Remembered Sets and Scrub Regions 5.364ms
[2026-09-03T12:37:58.354+0800][6.815s][info][gc,start    ] GC(91) Pause Cleanup
[2026-09-03T12:37:58.354+0800][6.815s][info][gc          ] GC(91) Pause Cleanup 126M->126M(256M) 0.041ms
[2026-09-03T12:37:58.354+0800][6.815s][info][gc,cpu      ] GC(91) User=0.00s Sys=0.00s Real=0.00s
[2026-09-03T12:37:58.354+0800][6.815s][info][safepoint   ] Safepoint "G1PauseCleanup", Time since last: 5543625 ns, Reaching safepoint: 2375 ns, At safepoint: 60250 ns, Leaving safepoint: 20209 ns, Total: 82834 ns, Threads: 0 runnable, 42 total
[2026-09-03T12:37:58.354+0800][6.815s][info][gc,marking  ] GC(91) Concurrent Clear Claimed Marks
[2026-09-03T12:37:58.354+0800][6.815s][info][gc,marking  ] GC(91) Concurrent Clear Claimed Marks 0.010ms
[2026-09-03T12:37:58.354+0800][6.815s][info][gc,marking  ] GC(91) Concurrent Cleanup for Next Mark
[2026-09-03T12:37:58.354+0800][6.815s][info][gc,marking  ] GC(91) Concurrent Cleanup for Next Mark 0.124ms
[2026-09-03T12:37:58.354+0800][6.815s][info][gc          ] GC(91) Concurrent Mark Cycle 14.589ms
[2026-09-03T12:37:58.417+0800][6.879s][info][gc,start    ] GC(92) Pause Young (Prepare Mixed) (G1 Evacuation Pause)
[2026-09-03T12:37:58.417+0800][6.879s][info][gc,task     ] GC(92) Using 9 workers of 9 for evacuation
[2026-09-03T12:37:58.420+0800][6.881s][info][gc,phases   ] GC(92)   Pre Evacuate Collection Set: 0.07ms
[2026-09-03T12:37:58.420+0800][6.881s][info][gc,phases   ] GC(92)   Merge Heap Roots: 0.05ms
[2026-09-03T12:37:58.420+0800][6.881s][info][gc,phases   ] GC(92)   Evacuate Collection Set: 1.78ms
[2026-09-03T12:37:58.420+0800][6.881s][info][gc,phases   ] GC(92)   Post Evacuate Collection Set: 0.09ms
[2026-09-03T12:37:58.420+0800][6.881s][info][gc,phases   ] GC(92)   Other: 0.09ms
[2026-09-03T12:37:58.420+0800][6.881s][info][gc,heap     ] GC(92) Eden regions: 79->0(90)
[2026-09-03T12:37:58.420+0800][6.881s][info][gc,heap     ] GC(92) Survivor regions: 14->12(12)
[2026-09-03T12:37:58.420+0800][6.881s][info][gc,heap     ] GC(92) Old regions: 98->116
[2026-09-03T12:37:58.420+0800][6.881s][info][gc,heap     ] GC(92) Humongous regions: 1->1
[2026-09-03T12:37:58.420+0800][6.881s][info][gc,metaspace] GC(92) Metaspace: 1060K(1216K)->1060K(1216K) NonClass: 996K(1088K)->996K(1088K) Class: 64K(128K)->64K(128K)
[2026-09-03T12:37:58.420+0800][6.881s][info][gc          ] GC(92) Pause Young (Prepare Mixed) (G1 Evacuation Pause) 191M->129M(256M) 2.178ms
[2026-09-03T12:37:58.420+0800][6.881s][info][gc,cpu      ] GC(92) User=0.02s Sys=0.00s Real=0.01s
[2026-09-03T12:37:58.420+0800][6.881s][info][safepoint   ] Safepoint "G1CollectForAllocation", Time since last: 63551916 ns, Reaching safepoint: 2334 ns, At safepoint: 2203458 ns, Leaving safepoint: 28250 ns, Total: 2234042 ns, Threads: 0 runnable, 42 total
[2026-09-03T12:37:58.505+0800][6.967s][info][gc,start    ] GC(93) Pause Young (Mixed) (G1 Evacuation Pause)
[2026-09-03T12:37:58.506+0800][6.967s][info][gc,task     ] GC(93) Using 9 workers of 9 for evacuation
[2026-09-03T12:37:58.508+0800][6.969s][info][gc,phases   ] GC(93)   Pre Evacuate Collection Set: 0.05ms
[2026-09-03T12:37:58.508+0800][6.969s][info][gc,phases   ] GC(93)   Merge Heap Roots: 0.02ms
[2026-09-03T12:37:58.508+0800][6.969s][info][gc,phases   ] GC(93)   Evacuate Collection Set: 1.85ms
[2026-09-03T12:37:58.508+0800][6.969s][info][gc,phases   ] GC(93)   Post Evacuate Collection Set: 0.11ms
[2026-09-03T12:37:58.508+0800][6.969s][info][gc,phases   ] GC(93)   Other: 0.07ms
[2026-09-03T12:37:58.508+0800][6.969s][info][gc,heap     ] GC(93) Eden regions: 90->0(95)
[2026-09-03T12:37:58.508+0800][6.969s][info][gc,heap     ] GC(93) Survivor regions: 12->13(13)
[2026-09-03T12:37:58.508+0800][6.969s][info][gc,heap     ] GC(93) Old regions: 116->108
[2026-09-03T12:37:58.508+0800][6.969s][info][gc,heap     ] GC(93) Humongous regions: 1->1
[2026-09-03T12:37:58.508+0800][6.969s][info][gc,metaspace] GC(93) Metaspace: 1060K(1216K)->1060K(1216K) NonClass: 996K(1088K)->996K(1088K) Class: 64K(128K)->64K(128K)
[2026-09-03T12:37:58.508+0800][6.969s][info][gc          ] GC(93) Pause Young (Mixed) (G1 Evacuation Pause) 219M->121M(256M) 2.440ms
[2026-09-03T12:37:58.508+0800][6.969s][info][gc,cpu      ] GC(93) User=0.02s Sys=0.00s Real=0.00s
[2026-09-03T12:37:58.508+0800][6.969s][info][safepoint   ] Safepoint "G1CollectForAllocation", Time since last: 85677458 ns, Reaching safepoint: 2584 ns, At safepoint: 2468916 ns, Leaving safepoint: 18584 ns, Total: 2490084 ns, Threads: 0 runnable, 42 total
[2026-09-03T12:37:58.596+0800][7.058s][info][gc,start    ] GC(94) Pause Young (Mixed) (G1 Evacuation Pause)
[2026-09-03T12:37:58.596+0800][7.058s][info][gc,task     ] GC(94) Using 9 workers of 9 for evacuation
[2026-09-03T12:37:58.598+0800][7.060s][info][gc,phases   ] GC(94)   Pre Evacuate Collection Set: 0.07ms
[2026-09-03T12:37:58.598+0800][7.060s][info][gc,phases   ] GC(94)   Merge Heap Roots: 0.03ms
[2026-09-03T12:37:58.598+0800][7.060s][info][gc,phases   ] GC(94)   Evacuate Collection Set: 1.85ms
[2026-09-03T12:37:58.598+0800][7.060s][info][gc,phases   ] GC(94)   Post Evacuate Collection Set: 0.11ms
[2026-09-03T12:37:58.598+0800][7.060s][info][gc,phases   ] GC(94)   Other: 0.06ms
[2026-09-03T12:37:58.599+0800][7.060s][info][gc,heap     ] GC(94) Eden regions: 95->0(91)
[2026-09-03T12:37:58.599+0800][7.060s][info][gc,heap     ] GC(94) Survivor regions: 13->14(14)
[2026-09-03T12:37:58.599+0800][7.060s][info][gc,heap     ] GC(94) Old regions: 108->112
[2026-09-03T12:37:58.599+0800][7.060s][info][gc,heap     ] GC(94) Humongous regions: 1->1
[2026-09-03T12:37:58.599+0800][7.060s][info][gc,metaspace] GC(94) Metaspace: 1060K(1216K)->1060K(1216K) NonClass: 996K(1088K)->996K(1088K) Class: 64K(128K)->64K(128K)
[2026-09-03T12:37:58.599+0800][7.060s][info][gc          ] GC(94) Pause Young (Mixed) (G1 Evacuation Pause) 216M->126M(256M) 2.255ms
[2026-09-03T12:37:58.599+0800][7.060s][info][gc,cpu      ] GC(94) User=0.02s Sys=0.00s Real=0.00s
[2026-09-03T12:37:58.599+0800][7.060s][info][safepoint   ] Safepoint "G1CollectForAllocation", Time since last: 88374291 ns, Reaching safepoint: 29167 ns, At safepoint: 2315375 ns, Leaving safepoint: 37208 ns, Total: 2381750 ns, Threads: 1 runnable, 42 total
[2026-09-03T12:37:58.683+0800][7.144s][info][gc,start    ] GC(95) Pause Young (Concurrent Start) (G1 Evacuation Pause)
[2026-09-03T12:37:58.683+0800][7.144s][info][gc,task     ] GC(95) Using 9 workers of 9 for evacuation
[2026-09-03T12:37:58.685+0800][7.147s][info][gc,phases   ] GC(95)   Pre Evacuate Collection Set: 0.08ms
[2026-09-03T12:37:58.685+0800][7.147s][info][gc,phases   ] GC(95)   Merge Heap Roots: 0.02ms
[2026-09-03T12:37:58.685+0800][7.147s][info][gc,phases   ] GC(95)   Evacuate Collection Set: 2.31ms
[2026-09-03T12:37:58.685+0800][7.147s][info][gc,phases   ] GC(95)   Post Evacuate Collection Set: 0.20ms
[2026-09-03T12:37:58.685+0800][7.147s][info][gc,phases   ] GC(95)   Other: 0.10ms
[2026-09-03T12:37:58.685+0800][7.147s][info][gc,heap     ] GC(95) Eden regions: 91->0(78)
[2026-09-03T12:37:58.685+0800][7.147s][info][gc,heap     ] GC(95) Survivor regions: 14->14(14)
[2026-09-03T12:37:58.685+0800][7.147s][info][gc,heap     ] GC(95) Old regions: 112->131
[2026-09-03T12:37:58.685+0800][7.147s][info][gc,heap     ] GC(95) Humongous regions: 1->1
[2026-09-03T12:37:58.685+0800][7.147s][info][gc,metaspace] GC(95) Metaspace: 1060K(1216K)->1060K(1216K) NonClass: 996K(1088K)->996K(1088K) Class: 64K(128K)->64K(128K)
[2026-09-03T12:37:58.685+0800][7.147s][info][gc          ] GC(95) Pause Young (Concurrent Start) (G1 Evacuation Pause) 217M->145M(256M) 2.862ms
[2026-09-03T12:37:58.685+0800][7.147s][info][gc          ] GC(96) Concurrent Mark Cycle
[2026-09-03T12:37:58.685+0800][7.147s][info][gc,cpu      ] GC(95) User=0.01s Sys=0.00s Real=0.00s
[2026-09-03T12:37:58.685+0800][7.147s][info][gc,marking  ] GC(96) Concurrent Scan Root Regions
[2026-09-03T12:37:58.686+0800][7.147s][info][safepoint   ] Safepoint "G1CollectForAllocation", Time since last: 83920959 ns, Reaching safepoint: 26875 ns, At safepoint: 2928833 ns, Leaving safepoint: 37750 ns, Total: 2993458 ns, Threads: 2 runnable, 42 total
[2026-09-03T12:37:58.687+0800][7.149s][info][gc,marking  ] GC(96) Concurrent Scan Root Regions 1.940ms
[2026-09-03T12:37:58.687+0800][7.149s][info][gc,marking  ] GC(96) Concurrent Mark
[2026-09-03T12:37:58.687+0800][7.149s][info][gc,marking  ] GC(96) Concurrent Mark From Roots
[2026-09-03T12:37:58.687+0800][7.149s][info][gc,task     ] GC(96) Concurrent Mark Using 2 of 2 Workers
[2026-09-03T12:37:58.693+0800][7.155s][info][gc,marking  ] GC(96) Concurrent Mark From Roots 6.024ms
[2026-09-03T12:37:58.694+0800][7.155s][info][gc,marking  ] GC(96) Concurrent Preclean
[2026-09-03T12:37:58.694+0800][7.155s][info][gc,marking  ] GC(96) Concurrent Preclean 0.101ms
[2026-09-03T12:37:58.694+0800][7.155s][info][gc,start    ] GC(96) Pause Remark
[2026-09-03T12:37:58.694+0800][7.155s][info][gc          ] GC(96) Pause Remark 154M->125M(256M) 0.344ms
[2026-09-03T12:37:58.694+0800][7.156s][info][gc,cpu      ] GC(96) User=0.00s Sys=0.00s Real=0.00s
[2026-09-03T12:37:58.694+0800][7.156s][info][safepoint   ] Safepoint "G1PauseRemark", Time since last: 8167167 ns, Reaching safepoint: 41041 ns, At safepoint: 382584 ns, Leaving safepoint: 20708 ns, Total: 444333 ns, Threads: 1 runnable, 42 total
[2026-09-03T12:37:58.694+0800][7.156s][info][gc,marking  ] GC(96) Concurrent Mark 6.693ms
[2026-09-03T12:37:58.694+0800][7.156s][info][gc,marking  ] GC(96) Concurrent Rebuild Remembered Sets and Scrub Regions
[2026-09-03T12:37:58.698+0800][7.160s][info][gc,marking  ] GC(96) Concurrent Rebuild Remembered Sets and Scrub Regions 4.127ms
[2026-09-03T12:37:58.698+0800][7.160s][info][gc,start    ] GC(96) Pause Cleanup
[2026-09-03T12:37:58.698+0800][7.160s][info][gc          ] GC(96) Pause Cleanup 130M->130M(256M) 0.069ms
[2026-09-03T12:37:58.698+0800][7.160s][info][gc,cpu      ] GC(96) User=0.00s Sys=0.00s Real=0.00s
[2026-09-03T12:37:58.698+0800][7.160s][info][safepoint   ] Safepoint "G1PauseCleanup", Time since last: 4207458 ns, Reaching safepoint: 2459 ns, At safepoint: 95958 ns, Leaving safepoint: 16500 ns, Total: 114917 ns, Threads: 0 runnable, 42 total
[2026-09-03T12:37:58.698+0800][7.160s][info][gc,marking  ] GC(96) Concurrent Clear Claimed Marks
[2026-09-03T12:37:58.698+0800][7.160s][info][gc,marking  ] GC(96) Concurrent Clear Claimed Marks 0.020ms
[2026-09-03T12:37:58.699+0800][7.160s][info][gc,marking  ] GC(96) Concurrent Cleanup for Next Mark
[2026-09-03T12:37:58.699+0800][7.160s][info][gc,marking  ] GC(96) Concurrent Cleanup for Next Mark 0.188ms
[2026-09-03T12:37:58.699+0800][7.160s][info][gc          ] GC(96) Concurrent Mark Cycle 13.311ms
[2026-09-03T12:37:58.759+0800][7.220s][info][gc,start    ] GC(97) Pause Young (Prepare Mixed) (G1 Evacuation Pause)
[2026-09-03T12:37:58.759+0800][7.220s][info][gc,task     ] GC(97) Using 9 workers of 9 for evacuation
[2026-09-03T12:37:58.761+0800][7.223s][info][gc,phases   ] GC(97)   Pre Evacuate Collection Set: 0.08ms
[2026-09-03T12:37:58.761+0800][7.223s][info][gc,phases   ] GC(97)   Merge Heap Roots: 0.04ms
[2026-09-03T12:37:58.761+0800][7.223s][info][gc,phases   ] GC(97)   Evacuate Collection Set: 1.83ms
[2026-09-03T12:37:58.761+0800][7.223s][info][gc,phases   ] GC(97)   Post Evacuate Collection Set: 0.09ms
[2026-09-03T12:37:58.761+0800][7.223s][info][gc,phases   ] GC(97)   Other: 0.07ms
[2026-09-03T12:37:58.761+0800][7.223s][info][gc,heap     ] GC(97) Eden regions: 78->0(87)
[2026-09-03T12:37:58.761+0800][7.223s][info][gc,heap     ] GC(97) Survivor regions: 14->12(12)
[2026-09-03T12:37:58.761+0800][7.223s][info][gc,heap     ] GC(97) Old regions: 102->120
[2026-09-03T12:37:58.761+0800][7.223s][info][gc,heap     ] GC(97) Humongous regions: 1->1
[2026-09-03T12:37:58.761+0800][7.223s][info][gc,metaspace] GC(97) Metaspace: 1060K(1216K)->1060K(1216K) NonClass: 996K(1088K)->996K(1088K) Class: 64K(128K)->64K(128K)
[2026-09-03T12:37:58.761+0800][7.223s][info][gc          ] GC(97) Pause Young (Prepare Mixed) (G1 Evacuation Pause) 194M->132M(256M) 2.291ms
[2026-09-03T12:37:58.761+0800][7.223s][info][gc,cpu      ] GC(97) User=0.01s Sys=0.00s Real=0.01s
[2026-09-03T12:37:58.761+0800][7.223s][info][safepoint   ] Safepoint "G1CollectForAllocation", Time since last: 60422000 ns, Reaching safepoint: 49083 ns, At safepoint: 2323709 ns, Leaving safepoint: 25875 ns, Total: 2398667 ns, Threads: 1 runnable, 42 total
[2026-09-03T12:37:58.842+0800][7.304s][info][gc,start    ] GC(98) Pause Young (Mixed) (G1 Evacuation Pause)
[2026-09-03T12:37:58.842+0800][7.304s][info][gc,task     ] GC(98) Using 9 workers of 9 for evacuation
[2026-09-03T12:37:58.845+0800][7.306s][info][gc,phases   ] GC(98)   Pre Evacuate Collection Set: 0.06ms
[2026-09-03T12:37:58.845+0800][7.306s][info][gc,phases   ] GC(98)   Merge Heap Roots: 0.05ms
[2026-09-03T12:37:58.845+0800][7.306s][info][gc,phases   ] GC(98)   Evacuate Collection Set: 1.90ms
[2026-09-03T12:37:58.845+0800][7.306s][info][gc,phases   ] GC(98)   Post Evacuate Collection Set: 0.12ms
[2026-09-03T12:37:58.845+0800][7.306s][info][gc,phases   ] GC(98)   Other: 0.06ms
[2026-09-03T12:37:58.845+0800][7.306s][info][gc,heap     ] GC(98) Eden regions: 87->0(93)
[2026-09-03T12:37:58.845+0800][7.306s][info][gc,heap     ] GC(98) Survivor regions: 12->13(13)
[2026-09-03T12:37:58.845+0800][7.306s][info][gc,heap     ] GC(98) Old regions: 120->111
[2026-09-03T12:37:58.845+0800][7.306s][info][gc,heap     ] GC(98) Humongous regions: 1->1
[2026-09-03T12:37:58.845+0800][7.306s][info][gc,metaspace] GC(98) Metaspace: 1060K(1216K)->1060K(1216K) NonClass: 996K(1088K)->996K(1088K) Class: 64K(128K)->64K(128K)
[2026-09-03T12:37:58.845+0800][7.306s][info][gc          ] GC(98) Pause Young (Mixed) (G1 Evacuation Pause) 219M->124M(256M) 2.318ms
[2026-09-03T12:37:58.845+0800][7.306s][info][gc,cpu      ] GC(98) User=0.01s Sys=0.01s Real=0.00s
[2026-09-03T12:37:58.845+0800][7.306s][info][safepoint   ] Safepoint "G1CollectForAllocation", Time since last: 80974791 ns, Reaching safepoint: 27375 ns, At safepoint: 2348834 ns, Leaving safepoint: 23166 ns, Total: 2399375 ns, Threads: 1 runnable, 42 total
[2026-09-03T12:37:58.930+0800][7.391s][info][gc,start    ] GC(99) Pause Young (Mixed) (G1 Evacuation Pause)
[2026-09-03T12:37:58.930+0800][7.391s][info][gc,task     ] GC(99) Using 9 workers of 9 for evacuation
[2026-09-03T12:37:58.932+0800][7.393s][info][gc,phases   ] GC(99)   Pre Evacuate Collection Set: 0.04ms
[2026-09-03T12:37:58.932+0800][7.394s][info][gc,phases   ] GC(99)   Merge Heap Roots: 0.03ms
[2026-09-03T12:37:58.932+0800][7.394s][info][gc,phases   ] GC(99)   Evacuate Collection Set: 1.83ms
[2026-09-03T12:37:58.932+0800][7.394s][info][gc,phases   ] GC(99)   Post Evacuate Collection Set: 0.10ms
[2026-09-03T12:37:58.932+0800][7.394s][info][gc,phases   ] GC(99)   Other: 0.06ms
[2026-09-03T12:37:58.932+0800][7.394s][info][gc,heap     ] GC(99) Eden regions: 93->0(93)
[2026-09-03T12:37:58.932+0800][7.394s][info][gc,heap     ] GC(99) Survivor regions: 13->14(14)
[2026-09-03T12:37:58.932+0800][7.394s][info][gc,heap     ] GC(99) Old regions: 111->110
[2026-09-03T12:37:58.932+0800][7.394s][info][gc,heap     ] GC(99) Humongous regions: 1->1
[2026-09-03T12:37:58.932+0800][7.394s][info][gc,metaspace] GC(99) Metaspace: 1060K(1216K)->1060K(1216K) NonClass: 996K(1088K)->996K(1088K) Class: 64K(128K)->64K(128K)
[2026-09-03T12:37:58.932+0800][7.394s][info][gc          ] GC(99) Pause Young (Mixed) (G1 Evacuation Pause) 217M->125M(256M) 2.194ms
[2026-09-03T12:37:58.932+0800][7.394s][info][gc,cpu      ] GC(99) User=0.01s Sys=0.00s Real=0.00s
[2026-09-03T12:37:58.932+0800][7.394s][info][safepoint   ] Safepoint "G1CollectForAllocation", Time since last: 85271084 ns, Reaching safepoint: 26458 ns, At safepoint: 2220417 ns, Leaving safepoint: 50041 ns, Total: 2296916 ns, Threads: 1 runnable, 42 total
[2026-09-03T12:37:59.024+0800][7.485s][info][gc,start    ] GC(100) Pause Young (Concurrent Start) (G1 Evacuation Pause)
[2026-09-03T12:37:59.024+0800][7.486s][info][gc,task     ] GC(100) Using 9 workers of 9 for evacuation
[2026-09-03T12:37:59.026+0800][7.488s][info][gc,phases   ] GC(100)   Pre Evacuate Collection Set: 0.12ms
[2026-09-03T12:37:59.026+0800][7.488s][info][gc,phases   ] GC(100)   Merge Heap Roots: 0.03ms
[2026-09-03T12:37:59.026+0800][7.488s][info][gc,phases   ] GC(100)   Evacuate Collection Set: 1.95ms
[2026-09-03T12:37:59.026+0800][7.488s][info][gc,phases   ] GC(100)   Post Evacuate Collection Set: 0.08ms
[2026-09-03T12:37:59.026+0800][7.488s][info][gc,phases   ] GC(100)   Other: 0.07ms
[2026-09-03T12:37:59.026+0800][7.488s][info][gc,heap     ] GC(100) Eden regions: 93->0(79)
[2026-09-03T12:37:59.026+0800][7.488s][info][gc,heap     ] GC(100) Survivor regions: 14->14(14)
[2026-09-03T12:37:59.026+0800][7.488s][info][gc,heap     ] GC(100) Old regions: 110->129
[2026-09-03T12:37:59.026+0800][7.488s][info][gc,heap     ] GC(100) Humongous regions: 1->1
[2026-09-03T12:37:59.026+0800][7.488s][info][gc,metaspace] GC(100) Metaspace: 1060K(1216K)->1060K(1216K) NonClass: 996K(1088K)->996K(1088K) Class: 64K(128K)->64K(128K)
[2026-09-03T12:37:59.026+0800][7.488s][info][gc          ] GC(100) Pause Young (Concurrent Start) (G1 Evacuation Pause) 218M->143M(256M) 2.400ms
[2026-09-03T12:37:59.026+0800][7.488s][info][gc,cpu      ] GC(100) User=0.01s Sys=0.00s Real=0.00s
[2026-09-03T12:37:59.026+0800][7.488s][info][gc          ] GC(101) Concurrent Mark Cycle
[2026-09-03T12:37:59.026+0800][7.488s][info][gc,marking  ] GC(101) Concurrent Scan Root Regions
[2026-09-03T12:37:59.027+0800][7.488s][info][safepoint   ] Safepoint "G1CollectForAllocation", Time since last: 91782625 ns, Reaching safepoint: 69834 ns, At safepoint: 2435708 ns, Leaving safepoint: 21750 ns, Total: 2527292 ns, Threads: 1 runnable, 42 total
[2026-09-03T12:37:59.029+0800][7.490s][info][gc,marking  ] GC(101) Concurrent Scan Root Regions 2.116ms
[2026-09-03T12:37:59.029+0800][7.490s][info][gc,marking  ] GC(101) Concurrent Mark
[2026-09-03T12:37:59.029+0800][7.490s][info][gc,marking  ] GC(101) Concurrent Mark From Roots
[2026-09-03T12:37:59.029+0800][7.490s][info][gc,task     ] GC(101) Concurrent Mark Using 2 of 2 Workers
[2026-09-03T12:37:59.034+0800][7.496s][info][gc,marking  ] GC(101) Concurrent Mark From Roots 5.504ms
[2026-09-03T12:37:59.034+0800][7.496s][info][gc,marking  ] GC(101) Concurrent Preclean
[2026-09-03T12:37:59.034+0800][7.496s][info][gc,marking  ] GC(101) Concurrent Preclean 0.025ms
[2026-09-03T12:37:59.034+0800][7.496s][info][gc,start    ] GC(101) Pause Remark
[2026-09-03T12:37:59.035+0800][7.496s][info][gc          ] GC(101) Pause Remark 152M->123M(256M) 0.349ms
[2026-09-03T12:37:59.035+0800][7.496s][info][gc,cpu      ] GC(101) User=0.00s Sys=0.00s Real=0.00s
[2026-09-03T12:37:59.035+0800][7.496s][info][safepoint   ] Safepoint "G1PauseRemark", Time since last: 7892542 ns, Reaching safepoint: 72333 ns, At safepoint: 384667 ns, Leaving safepoint: 17958 ns, Total: 474958 ns, Threads: 1 runnable, 42 total
[2026-09-03T12:37:59.035+0800][7.496s][info][gc,marking  ] GC(101) Concurrent Mark 6.313ms
[2026-09-03T12:37:59.035+0800][7.496s][info][gc,marking  ] GC(101) Concurrent Rebuild Remembered Sets and Scrub Regions
[2026-09-03T12:37:59.039+0800][7.501s][info][gc,marking  ] GC(101) Concurrent Rebuild Remembered Sets and Scrub Regions 4.445ms
[2026-09-03T12:37:59.040+0800][7.501s][info][gc,start    ] GC(101) Pause Cleanup
[2026-09-03T12:37:59.040+0800][7.501s][info][gc          ] GC(101) Pause Cleanup 127M->127M(256M) 0.067ms
[2026-09-03T12:37:59.040+0800][7.501s][info][gc,cpu      ] GC(101) User=0.00s Sys=0.00s Real=0.00s
[2026-09-03T12:37:59.040+0800][7.501s][info][safepoint   ] Safepoint "G1PauseCleanup", Time since last: 4649250 ns, Reaching safepoint: 23167 ns, At safepoint: 104333 ns, Leaving safepoint: 36167 ns, Total: 163667 ns, Threads: 2 runnable, 42 total
[2026-09-03T12:37:59.040+0800][7.501s][info][gc,marking  ] GC(101) Concurrent Clear Claimed Marks
[2026-09-03T12:37:59.040+0800][7.501s][info][gc,marking  ] GC(101) Concurrent Clear Claimed Marks 0.024ms
[2026-09-03T12:37:59.040+0800][7.501s][info][gc,marking  ] GC(101) Concurrent Cleanup for Next Mark
[2026-09-03T12:37:59.040+0800][7.501s][info][gc,marking  ] GC(101) Concurrent Cleanup for Next Mark 0.206ms
[2026-09-03T12:37:59.040+0800][7.501s][info][gc          ] GC(101) Concurrent Mark Cycle 13.533ms
[2026-09-03T12:37:59.104+0800][7.565s][info][gc,start    ] GC(102) Pause Young (Prepare Mixed) (G1 Evacuation Pause)
[2026-09-03T12:37:59.104+0800][7.565s][info][gc,task     ] GC(102) Using 9 workers of 9 for evacuation
[2026-09-03T12:37:59.106+0800][7.567s][info][gc,phases   ] GC(102)   Pre Evacuate Collection Set: 0.10ms
[2026-09-03T12:37:59.106+0800][7.567s][info][gc,phases   ] GC(102)   Merge Heap Roots: 0.03ms
[2026-09-03T12:37:59.106+0800][7.567s][info][gc,phases   ] GC(102)   Evacuate Collection Set: 1.68ms
[2026-09-03T12:37:59.106+0800][7.567s][info][gc,phases   ] GC(102)   Post Evacuate Collection Set: 0.09ms
[2026-09-03T12:37:59.106+0800][7.567s][info][gc,phases   ] GC(102)   Other: 0.06ms
[2026-09-03T12:37:59.106+0800][7.567s][info][gc,heap     ] GC(102) Eden regions: 79->0(88)
[2026-09-03T12:37:59.106+0800][7.567s][info][gc,heap     ] GC(102) Survivor regions: 14->12(12)
[2026-09-03T12:37:59.106+0800][7.567s][info][gc,heap     ] GC(102) Old regions: 100->118
[2026-09-03T12:37:59.106+0800][7.567s][info][gc,heap     ] GC(102) Humongous regions: 1->1
[2026-09-03T12:37:59.106+0800][7.567s][info][gc,metaspace] GC(102) Metaspace: 1060K(1216K)->1060K(1216K) NonClass: 996K(1088K)->996K(1088K) Class: 64K(128K)->64K(128K)
[2026-09-03T12:37:59.106+0800][7.567s][info][gc          ] GC(102) Pause Young (Prepare Mixed) (G1 Evacuation Pause) 193M->130M(256M) 2.083ms
[2026-09-03T12:37:59.106+0800][7.567s][info][gc,cpu      ] GC(102) User=0.02s Sys=0.00s Real=0.00s
[2026-09-03T12:37:59.106+0800][7.567s][info][safepoint   ] Safepoint "G1CollectForAllocation", Time since last: 63962500 ns, Reaching safepoint: 18333 ns, At safepoint: 2108417 ns, Leaving safepoint: 24041 ns, Total: 2150791 ns, Threads: 1 runnable, 42 total
[2026-09-03T12:37:59.190+0800][7.651s][info][gc,start    ] GC(103) Pause Young (Mixed) (G1 Evacuation Pause)
[2026-09-03T12:37:59.190+0800][7.651s][info][gc,task     ] GC(103) Using 9 workers of 9 for evacuation
[2026-09-03T12:37:59.192+0800][7.653s][info][gc,phases   ] GC(103)   Pre Evacuate Collection Set: 0.05ms
[2026-09-03T12:37:59.192+0800][7.654s][info][gc,phases   ] GC(103)   Merge Heap Roots: 0.03ms
[2026-09-03T12:37:59.192+0800][7.654s][info][gc,phases   ] GC(103)   Evacuate Collection Set: 1.89ms
[2026-09-03T12:37:59.192+0800][7.654s][info][gc,phases   ] GC(103)   Post Evacuate Collection Set: 0.11ms
[2026-09-03T12:37:59.192+0800][7.654s][info][gc,phases   ] GC(103)   Other: 0.06ms
[2026-09-03T12:37:59.192+0800][7.654s][info][gc,heap     ] GC(103) Eden regions: 88->0(94)
[2026-09-03T12:37:59.192+0800][7.654s][info][gc,heap     ] GC(103) Survivor regions: 12->13(13)
[2026-09-03T12:37:59.192+0800][7.654s][info][gc,heap     ] GC(103) Old regions: 118->109
[2026-09-03T12:37:59.192+0800][7.654s][info][gc,heap     ] GC(103) Humongous regions: 1->1
[2026-09-03T12:37:59.192+0800][7.654s][info][gc,metaspace] GC(103) Metaspace: 1060K(1216K)->1060K(1216K) NonClass: 996K(1088K)->996K(1088K) Class: 64K(128K)->64K(128K)
[2026-09-03T12:37:59.192+0800][7.654s][info][gc          ] GC(103) Pause Young (Mixed) (G1 Evacuation Pause) 218M->123M(256M) 2.260ms
[2026-09-03T12:37:59.192+0800][7.654s][info][gc,cpu      ] GC(103) User=0.02s Sys=0.01s Real=0.00s
[2026-09-03T12:37:59.192+0800][7.654s][info][safepoint   ] Safepoint "G1CollectForAllocation", Time since last: 84015584 ns, Reaching safepoint: 31958 ns, At safepoint: 2309833 ns, Leaving safepoint: 43125 ns, Total: 2384916 ns, Threads: 1 runnable, 42 total
[2026-09-03T12:37:59.285+0800][7.746s][info][gc,start    ] GC(104) Pause Young (Mixed) (G1 Evacuation Pause)
[2026-09-03T12:37:59.285+0800][7.746s][info][gc,task     ] GC(104) Using 9 workers of 9 for evacuation
[2026-09-03T12:37:59.287+0800][7.748s][info][gc,phases   ] GC(104)   Pre Evacuate Collection Set: 0.08ms
[2026-09-03T12:37:59.287+0800][7.748s][info][gc,phases   ] GC(104)   Merge Heap Roots: 0.04ms
[2026-09-03T12:37:59.287+0800][7.748s][info][gc,phases   ] GC(104)   Evacuate Collection Set: 1.93ms
[2026-09-03T12:37:59.287+0800][7.748s][info][gc,phases   ] GC(104)   Post Evacuate Collection Set: 0.12ms
[2026-09-03T12:37:59.287+0800][7.749s][info][gc,phases   ] GC(104)   Other: 0.09ms
[2026-09-03T12:37:59.287+0800][7.749s][info][gc,heap     ] GC(104) Eden regions: 94->0(91)
[2026-09-03T12:37:59.287+0800][7.749s][info][gc,heap     ] GC(104) Survivor regions: 13->14(14)
[2026-09-03T12:37:59.287+0800][7.749s][info][gc,heap     ] GC(104) Old regions: 109->112
[2026-09-03T12:37:59.287+0800][7.749s][info][gc,heap     ] GC(104) Humongous regions: 1->1
[2026-09-03T12:37:59.287+0800][7.749s][info][gc,metaspace] GC(104) Metaspace: 1060K(1216K)->1060K(1216K) NonClass: 996K(1088K)->996K(1088K) Class: 64K(128K)->64K(128K)
[2026-09-03T12:37:59.287+0800][7.749s][info][gc          ] GC(104) Pause Young (Mixed) (G1 Evacuation Pause) 217M->126M(256M) 2.403ms
[2026-09-03T12:37:59.287+0800][7.749s][info][gc,cpu      ] GC(104) User=0.01s Sys=0.00s Real=0.00s
[2026-09-03T12:37:59.287+0800][7.749s][info][safepoint   ] Safepoint "G1CollectForAllocation", Time since last: 92459542 ns, Reaching safepoint: 27375 ns, At safepoint: 2443000 ns, Leaving safepoint: 48208 ns, Total: 2518583 ns, Threads: 3 runnable, 42 total
[2026-09-03T12:37:59.373+0800][7.834s][info][gc,start    ] GC(105) Pause Young (Concurrent Start) (G1 Evacuation Pause)
[2026-09-03T12:37:59.373+0800][7.834s][info][gc,task     ] GC(105) Using 9 workers of 9 for evacuation
[2026-09-03T12:37:59.375+0800][7.837s][info][gc,phases   ] GC(105)   Pre Evacuate Collection Set: 0.07ms
[2026-09-03T12:37:59.375+0800][7.837s][info][gc,phases   ] GC(105)   Merge Heap Roots: 0.02ms
[2026-09-03T12:37:59.375+0800][7.837s][info][gc,phases   ] GC(105)   Evacuate Collection Set: 2.01ms
[2026-09-03T12:37:59.375+0800][7.837s][info][gc,phases   ] GC(105)   Post Evacuate Collection Set: 0.15ms
[2026-09-03T12:37:59.375+0800][7.837s][info][gc,phases   ] GC(105)   Other: 0.06ms
[2026-09-03T12:37:59.375+0800][7.837s][info][gc,heap     ] GC(105) Eden regions: 91->0(78)
[2026-09-03T12:37:59.375+0800][7.837s][info][gc,heap     ] GC(105) Survivor regions: 14->14(14)
[2026-09-03T12:37:59.375+0800][7.837s][info][gc,heap     ] GC(105) Old regions: 112->130
[2026-09-03T12:37:59.375+0800][7.837s][info][gc,heap     ] GC(105) Humongous regions: 1->1
[2026-09-03T12:37:59.375+0800][7.837s][info][gc,metaspace] GC(105) Metaspace: 1060K(1216K)->1060K(1216K) NonClass: 996K(1088K)->996K(1088K) Class: 64K(128K)->64K(128K)
[2026-09-03T12:37:59.375+0800][7.837s][info][gc          ] GC(105) Pause Young (Concurrent Start) (G1 Evacuation Pause) 217M->144M(256M) 2.448ms
[2026-09-03T12:37:59.375+0800][7.837s][info][gc,cpu      ] GC(105) User=0.01s Sys=0.00s Real=0.00s
[2026-09-03T12:37:59.375+0800][7.837s][info][gc          ] GC(106) Concurrent Mark Cycle
[2026-09-03T12:37:59.375+0800][7.837s][info][gc,marking  ] GC(106) Concurrent Scan Root Regions
[2026-09-03T12:37:59.375+0800][7.837s][info][safepoint   ] Safepoint "G1CollectForAllocation", Time since last: 85566917 ns, Reaching safepoint: 12417 ns, At safepoint: 2480500 ns, Leaving safepoint: 16375 ns, Total: 2509292 ns, Threads: 0 runnable, 42 total
[2026-09-03T12:37:59.377+0800][7.839s][info][gc,marking  ] GC(106) Concurrent Scan Root Regions 2.161ms
[2026-09-03T12:37:59.377+0800][7.839s][info][gc,marking  ] GC(106) Concurrent Mark
[2026-09-03T12:37:59.377+0800][7.839s][info][gc,marking  ] GC(106) Concurrent Mark From Roots
[2026-09-03T12:37:59.377+0800][7.839s][info][gc,task     ] GC(106) Concurrent Mark Using 2 of 2 Workers
[2026-09-03T12:37:59.381+0800][7.842s][info][gc,marking  ] GC(106) Concurrent Mark From Roots 3.612ms
[2026-09-03T12:37:59.381+0800][7.842s][info][gc,marking  ] GC(106) Concurrent Preclean
[2026-09-03T12:37:59.381+0800][7.842s][info][gc,marking  ] GC(106) Concurrent Preclean 0.009ms
[2026-09-03T12:37:59.381+0800][7.843s][info][gc,start    ] GC(106) Pause Remark
[2026-09-03T12:37:59.381+0800][7.843s][info][gc          ] GC(106) Pause Remark 151M->122M(256M) 0.324ms
[2026-09-03T12:37:59.381+0800][7.843s][info][gc,cpu      ] GC(106) User=0.00s Sys=0.00s Real=0.00s
[2026-09-03T12:37:59.381+0800][7.843s][info][safepoint   ] Safepoint "G1PauseRemark", Time since last: 5839958 ns, Reaching safepoint: 2833 ns, At safepoint: 348667 ns, Leaving safepoint: 21833 ns, Total: 373333 ns, Threads: 0 runnable, 42 total
[2026-09-03T12:37:59.382+0800][7.843s][info][gc,marking  ] GC(106) Concurrent Mark 4.100ms
[2026-09-03T12:37:59.382+0800][7.843s][info][gc,marking  ] GC(106) Concurrent Rebuild Remembered Sets and Scrub Regions
[2026-09-03T12:37:59.385+0800][7.847s][info][gc,marking  ] GC(106) Concurrent Rebuild Remembered Sets and Scrub Regions 3.943ms
[2026-09-03T12:37:59.386+0800][7.847s][info][gc,start    ] GC(106) Pause Cleanup
[2026-09-03T12:37:59.386+0800][7.847s][info][gc          ] GC(106) Pause Cleanup 126M->126M(256M) 0.039ms
[2026-09-03T12:37:59.386+0800][7.847s][info][gc,cpu      ] GC(106) User=0.00s Sys=0.00s Real=0.00s
[2026-09-03T12:37:59.386+0800][7.847s][info][safepoint   ] Safepoint "G1PauseCleanup", Time since last: 4043334 ns, Reaching safepoint: 26875 ns, At safepoint: 122666 ns, Leaving safepoint: 26709 ns, Total: 176250 ns, Threads: 4 runnable, 42 total
[2026-09-03T12:37:59.386+0800][7.847s][info][gc,marking  ] GC(106) Concurrent Clear Claimed Marks
[2026-09-03T12:37:59.386+0800][7.847s][info][gc,marking  ] GC(106) Concurrent Clear Claimed Marks 0.006ms
[2026-09-03T12:37:59.386+0800][7.847s][info][gc,marking  ] GC(106) Concurrent Cleanup for Next Mark
[2026-09-03T12:37:59.386+0800][7.847s][info][gc,marking  ] GC(106) Concurrent Cleanup for Next Mark 0.214ms
[2026-09-03T12:37:59.386+0800][7.847s][info][gc          ] GC(106) Concurrent Mark Cycle 10.741ms
[2026-09-03T12:37:59.449+0800][7.910s][info][gc,start    ] GC(107) Pause Young (Prepare Mixed) (G1 Evacuation Pause)
[2026-09-03T12:37:59.449+0800][7.910s][info][gc,task     ] GC(107) Using 9 workers of 9 for evacuation
[2026-09-03T12:37:59.451+0800][7.912s][info][gc,phases   ] GC(107)   Pre Evacuate Collection Set: 0.09ms
[2026-09-03T12:37:59.451+0800][7.912s][info][gc,phases   ] GC(107)   Merge Heap Roots: 0.02ms
[2026-09-03T12:37:59.451+0800][7.912s][info][gc,phases   ] GC(107)   Evacuate Collection Set: 1.73ms
[2026-09-03T12:37:59.451+0800][7.912s][info][gc,phases   ] GC(107)   Post Evacuate Collection Set: 0.09ms
[2026-09-03T12:37:59.451+0800][7.912s][info][gc,phases   ] GC(107)   Other: 0.06ms
[2026-09-03T12:37:59.451+0800][7.912s][info][gc,heap     ] GC(107) Eden regions: 78->0(87)
[2026-09-03T12:37:59.451+0800][7.912s][info][gc,heap     ] GC(107) Survivor regions: 14->12(12)
[2026-09-03T12:37:59.451+0800][7.912s][info][gc,heap     ] GC(107) Old regions: 101->119
[2026-09-03T12:37:59.451+0800][7.912s][info][gc,heap     ] GC(107) Humongous regions: 1->1
[2026-09-03T12:37:59.451+0800][7.912s][info][gc,metaspace] GC(107) Metaspace: 1060K(1216K)->1060K(1216K) NonClass: 996K(1088K)->996K(1088K) Class: 64K(128K)->64K(128K)
[2026-09-03T12:37:59.451+0800][7.912s][info][gc          ] GC(107) Pause Young (Prepare Mixed) (G1 Evacuation Pause) 193M->132M(256M) 2.089ms
[2026-09-03T12:37:59.451+0800][7.912s][info][gc,cpu      ] GC(107) User=0.01s Sys=0.00s Real=0.01s
[2026-09-03T12:37:59.451+0800][7.912s][info][safepoint   ] Safepoint "G1CollectForAllocation", Time since last: 62963791 ns, Reaching safepoint: 2917 ns, At safepoint: 2116375 ns, Leaving safepoint: 22833 ns, Total: 2142125 ns, Threads: 0 runnable, 42 total
[2026-09-03T12:37:59.533+0800][7.994s][info][gc,start    ] GC(108) Pause Young (Mixed) (G1 Evacuation Pause)
[2026-09-03T12:37:59.533+0800][7.994s][info][gc,task     ] GC(108) Using 9 workers of 9 for evacuation
[2026-09-03T12:37:59.535+0800][7.997s][info][gc,phases   ] GC(108)   Pre Evacuate Collection Set: 0.06ms
[2026-09-03T12:37:59.535+0800][7.997s][info][gc,phases   ] GC(108)   Merge Heap Roots: 0.02ms
[2026-09-03T12:37:59.535+0800][7.997s][info][gc,phases   ] GC(108)   Evacuate Collection Set: 2.09ms
[2026-09-03T12:37:59.535+0800][7.997s][info][gc,phases   ] GC(108)   Post Evacuate Collection Set: 0.15ms
[2026-09-03T12:37:59.535+0800][7.997s][info][gc,phases   ] GC(108)   Other: 0.07ms
[2026-09-03T12:37:59.535+0800][7.997s][info][gc,heap     ] GC(108) Eden regions: 87->0(94)
[2026-09-03T12:37:59.535+0800][7.997s][info][gc,heap     ] GC(108) Survivor regions: 12->13(13)
[2026-09-03T12:37:59.535+0800][7.997s][info][gc,heap     ] GC(108) Old regions: 119->109
[2026-09-03T12:37:59.535+0800][7.997s][info][gc,heap     ] GC(108) Humongous regions: 1->1
[2026-09-03T12:37:59.535+0800][7.997s][info][gc,metaspace] GC(108) Metaspace: 1060K(1216K)->1060K(1216K) NonClass: 996K(1088K)->996K(1088K) Class: 64K(128K)->64K(128K)
[2026-09-03T12:37:59.535+0800][7.997s][info][gc          ] GC(108) Pause Young (Mixed) (G1 Evacuation Pause) 219M->123M(256M) 2.510ms
[2026-09-03T12:37:59.535+0800][7.997s][info][gc,cpu      ] GC(108) User=0.02s Sys=0.00s Real=0.00s
[2026-09-03T12:37:59.535+0800][7.997s][info][safepoint   ] Safepoint "G1CollectForAllocation", Time since last: 81859875 ns, Reaching safepoint: 23750 ns, At safepoint: 2537375 ns, Leaving safepoint: 35042 ns, Total: 2596167 ns, Threads: 2 runnable, 42 total
[2026-09-03T12:37:59.624+0800][8.086s][info][gc,start    ] GC(109) Pause Young (Mixed) (G1 Evacuation Pause)
[2026-09-03T12:37:59.624+0800][8.086s][info][gc,task     ] GC(109) Using 9 workers of 9 for evacuation
[2026-09-03T12:37:59.627+0800][8.088s][info][gc,phases   ] GC(109)   Pre Evacuate Collection Set: 0.05ms
[2026-09-03T12:37:59.627+0800][8.088s][info][gc,phases   ] GC(109)   Merge Heap Roots: 0.02ms
[2026-09-03T12:37:59.627+0800][8.088s][info][gc,phases   ] GC(109)   Evacuate Collection Set: 2.17ms
[2026-09-03T12:37:59.627+0800][8.088s][info][gc,phases   ] GC(109)   Post Evacuate Collection Set: 0.14ms
[2026-09-03T12:37:59.627+0800][8.088s][info][gc,phases   ] GC(109)   Other: 0.06ms
[2026-09-03T12:37:59.627+0800][8.088s][info][gc,heap     ] GC(109) Eden regions: 94->0(93)
[2026-09-03T12:37:59.627+0800][8.088s][info][gc,heap     ] GC(109) Survivor regions: 13->14(14)
[2026-09-03T12:37:59.627+0800][8.088s][info][gc,heap     ] GC(109) Old regions: 109->109
[2026-09-03T12:37:59.627+0800][8.088s][info][gc,heap     ] GC(109) Humongous regions: 1->1
[2026-09-03T12:37:59.627+0800][8.088s][info][gc,metaspace] GC(109) Metaspace: 1060K(1216K)->1060K(1216K) NonClass: 996K(1088K)->996K(1088K) Class: 64K(128K)->64K(128K)
[2026-09-03T12:37:59.627+0800][8.088s][info][gc          ] GC(109) Pause Young (Mixed) (G1 Evacuation Pause) 217M->124M(256M) 2.555ms
[2026-09-03T12:37:59.627+0800][8.088s][info][gc,cpu      ] GC(109) User=0.02s Sys=0.00s Real=0.00s
[2026-09-03T12:37:59.627+0800][8.088s][info][safepoint   ] Safepoint "G1CollectForAllocation", Time since last: 88867125 ns, Reaching safepoint: 29500 ns, At safepoint: 2578542 ns, Leaving safepoint: 21416 ns, Total: 2629458 ns, Threads: 2 runnable, 42 total
[2026-09-03T12:37:59.714+0800][8.175s][info][gc,start    ] GC(110) Pause Young (Concurrent Start) (G1 Evacuation Pause)
[2026-09-03T12:37:59.714+0800][8.175s][info][gc,task     ] GC(110) Using 9 workers of 9 for evacuation
[2026-09-03T12:37:59.716+0800][8.177s][info][gc,phases   ] GC(110)   Pre Evacuate Collection Set: 0.06ms
[2026-09-03T12:37:59.716+0800][8.177s][info][gc,phases   ] GC(110)   Merge Heap Roots: 0.02ms
[2026-09-03T12:37:59.716+0800][8.177s][info][gc,phases   ] GC(110)   Evacuate Collection Set: 1.76ms
[2026-09-03T12:37:59.716+0800][8.177s][info][gc,phases   ] GC(110)   Post Evacuate Collection Set: 0.09ms
[2026-09-03T12:37:59.716+0800][8.177s][info][gc,phases   ] GC(110)   Other: 0.06ms
[2026-09-03T12:37:59.716+0800][8.177s][info][gc,heap     ] GC(110) Eden regions: 93->0(80)
[2026-09-03T12:37:59.716+0800][8.177s][info][gc,heap     ] GC(110) Survivor regions: 14->14(14)
[2026-09-03T12:37:59.716+0800][8.177s][info][gc,heap     ] GC(110) Old regions: 109->128
[2026-09-03T12:37:59.716+0800][8.177s][info][gc,heap     ] GC(110) Humongous regions: 1->1
[2026-09-03T12:37:59.716+0800][8.177s][info][gc,metaspace] GC(110) Metaspace: 1060K(1216K)->1060K(1216K) NonClass: 996K(1088K)->996K(1088K) Class: 64K(128K)->64K(128K)
[2026-09-03T12:37:59.716+0800][8.177s][info][gc          ] GC(110) Pause Young (Concurrent Start) (G1 Evacuation Pause) 217M->142M(256M) 2.100ms
[2026-09-03T12:37:59.716+0800][8.177s][info][gc,cpu      ] GC(110) User=0.02s Sys=0.00s Real=0.00s
[2026-09-03T12:37:59.716+0800][8.177s][info][gc          ] GC(111) Concurrent Mark Cycle
[2026-09-03T12:37:59.716+0800][8.177s][info][gc,marking  ] GC(111) Concurrent Scan Root Regions
[2026-09-03T12:37:59.716+0800][8.177s][info][safepoint   ] Safepoint "G1CollectForAllocation", Time since last: 86804084 ns, Reaching safepoint: 26583 ns, At safepoint: 2135750 ns, Leaving safepoint: 42083 ns, Total: 2204416 ns, Threads: 2 runnable, 42 total
[2026-09-03T12:37:59.718+0800][8.179s][info][gc,marking  ] GC(111) Concurrent Scan Root Regions 2.215ms
[2026-09-03T12:37:59.718+0800][8.179s][info][gc,marking  ] GC(111) Concurrent Mark
[2026-09-03T12:37:59.718+0800][8.179s][info][gc,marking  ] GC(111) Concurrent Mark From Roots
[2026-09-03T12:37:59.718+0800][8.179s][info][gc,task     ] GC(111) Concurrent Mark Using 2 of 2 Workers
[2026-09-03T12:37:59.722+0800][8.184s][info][gc,marking  ] GC(111) Concurrent Mark From Roots 4.396ms
[2026-09-03T12:37:59.722+0800][8.184s][info][gc,marking  ] GC(111) Concurrent Preclean
[2026-09-03T12:37:59.722+0800][8.184s][info][gc,marking  ] GC(111) Concurrent Preclean 0.011ms
[2026-09-03T12:37:59.723+0800][8.184s][info][gc,start    ] GC(111) Pause Remark
[2026-09-03T12:37:59.723+0800][8.184s][info][gc          ] GC(111) Pause Remark 149M->117M(256M) 0.409ms
[2026-09-03T12:37:59.723+0800][8.184s][info][gc,cpu      ] GC(111) User=0.00s Sys=0.00s Real=0.00s
[2026-09-03T12:37:59.723+0800][8.184s][info][safepoint   ] Safepoint "G1PauseRemark", Time since last: 6691709 ns, Reaching safepoint: 34625 ns, At safepoint: 439000 ns, Leaving safepoint: 25625 ns, Total: 499250 ns, Threads: 2 runnable, 42 total
[2026-09-03T12:37:59.723+0800][8.184s][info][gc,marking  ] GC(111) Concurrent Mark 5.064ms
[2026-09-03T12:37:59.723+0800][8.184s][info][gc,marking  ] GC(111) Concurrent Rebuild Remembered Sets and Scrub Regions
[2026-09-03T12:37:59.728+0800][8.189s][info][gc,marking  ] GC(111) Concurrent Rebuild Remembered Sets and Scrub Regions 4.515ms
[2026-09-03T12:37:59.728+0800][8.189s][info][gc,start    ] GC(111) Pause Cleanup
[2026-09-03T12:37:59.728+0800][8.189s][info][gc          ] GC(111) Pause Cleanup 122M->122M(256M) 0.039ms
[2026-09-03T12:37:59.728+0800][8.189s][info][gc,cpu      ] GC(111) User=0.00s Sys=0.00s Real=0.00s
[2026-09-03T12:37:59.728+0800][8.189s][info][safepoint   ] Safepoint "G1PauseCleanup", Time since last: 4645541 ns, Reaching safepoint: 25542 ns, At safepoint: 74333 ns, Leaving safepoint: 32792 ns, Total: 132667 ns, Threads: 1 runnable, 42 total
[2026-09-03T12:37:59.728+0800][8.189s][info][gc,marking  ] GC(111) Concurrent Clear Claimed Marks
[2026-09-03T12:37:59.728+0800][8.189s][info][gc,marking  ] GC(111) Concurrent Clear Claimed Marks 0.023ms
[2026-09-03T12:37:59.728+0800][8.189s][info][gc,marking  ] GC(111) Concurrent Cleanup for Next Mark
[2026-09-03T12:37:59.728+0800][8.189s][info][gc,marking  ] GC(111) Concurrent Cleanup for Next Mark 0.151ms
[2026-09-03T12:37:59.728+0800][8.189s][info][gc          ] GC(111) Concurrent Mark Cycle 12.253ms
[2026-09-03T12:37:59.793+0800][8.255s][info][gc,start    ] GC(112) Pause Young (Prepare Mixed) (G1 Evacuation Pause)
[2026-09-03T12:37:59.793+0800][8.255s][info][gc,task     ] GC(112) Using 9 workers of 9 for evacuation
[2026-09-03T12:37:59.795+0800][8.257s][info][gc,phases   ] GC(112)   Pre Evacuate Collection Set: 0.05ms
[2026-09-03T12:37:59.795+0800][8.257s][info][gc,phases   ] GC(112)   Merge Heap Roots: 0.03ms
[2026-09-03T12:37:59.795+0800][8.257s][info][gc,phases   ] GC(112)   Evacuate Collection Set: 1.62ms
[2026-09-03T12:37:59.795+0800][8.257s][info][gc,phases   ] GC(112)   Post Evacuate Collection Set: 0.10ms
[2026-09-03T12:37:59.795+0800][8.257s][info][gc,phases   ] GC(112)   Other: 0.06ms
[2026-09-03T12:37:59.795+0800][8.257s][info][gc,heap     ] GC(112) Eden regions: 80->0(91)
[2026-09-03T12:37:59.795+0800][8.257s][info][gc,heap     ] GC(112) Survivor regions: 14->12(12)
[2026-09-03T12:37:59.795+0800][8.257s][info][gc,heap     ] GC(112) Old regions: 96->114
[2026-09-03T12:37:59.795+0800][8.257s][info][gc,heap     ] GC(112) Humongous regions: 1->1
[2026-09-03T12:37:59.795+0800][8.257s][info][gc,metaspace] GC(112) Metaspace: 1060K(1216K)->1060K(1216K) NonClass: 996K(1088K)->996K(1088K) Class: 64K(128K)->64K(128K)
[2026-09-03T12:37:59.795+0800][8.257s][info][gc          ] GC(112) Pause Young (Prepare Mixed) (G1 Evacuation Pause) 190M->126M(256M) 1.968ms
[2026-09-03T12:37:59.795+0800][8.257s][info][gc,cpu      ] GC(112) User=0.01s Sys=0.00s Real=0.00s
[2026-09-03T12:37:59.795+0800][8.257s][info][safepoint   ] Safepoint "G1CollectForAllocation", Time since last: 65434792 ns, Reaching safepoint: 14291 ns, At safepoint: 1992625 ns, Leaving safepoint: 79459 ns, Total: 2086375 ns, Threads: 0 runnable, 42 total
[2026-09-03T12:37:59.881+0800][8.342s][info][gc,start    ] GC(113) Pause Young (Mixed) (G1 Evacuation Pause)
[2026-09-03T12:37:59.881+0800][8.342s][info][gc,task     ] GC(113) Using 9 workers of 9 for evacuation
[2026-09-03T12:37:59.883+0800][8.344s][info][gc,phases   ] GC(113)   Pre Evacuate Collection Set: 0.06ms
[2026-09-03T12:37:59.883+0800][8.344s][info][gc,phases   ] GC(113)   Merge Heap Roots: 0.04ms
[2026-09-03T12:37:59.883+0800][8.344s][info][gc,phases   ] GC(113)   Evacuate Collection Set: 1.74ms
[2026-09-03T12:37:59.883+0800][8.344s][info][gc,phases   ] GC(113)   Post Evacuate Collection Set: 0.10ms
[2026-09-03T12:37:59.883+0800][8.344s][info][gc,phases   ] GC(113)   Other: 0.06ms
[2026-09-03T12:37:59.883+0800][8.344s][info][gc,heap     ] GC(113) Eden regions: 91->0(100)
[2026-09-03T12:37:59.883+0800][8.344s][info][gc,heap     ] GC(113) Survivor regions: 12->13(13)
[2026-09-03T12:37:59.883+0800][8.344s][info][gc,heap     ] GC(113) Old regions: 114->101
[2026-09-03T12:37:59.883+0800][8.344s][info][gc,heap     ] GC(113) Humongous regions: 1->1
[2026-09-03T12:37:59.883+0800][8.344s][info][gc,metaspace] GC(113) Metaspace: 1060K(1216K)->1060K(1216K) NonClass: 996K(1088K)->996K(1088K) Class: 64K(128K)->64K(128K)
[2026-09-03T12:37:59.883+0800][8.344s][info][gc          ] GC(113) Pause Young (Mixed) (G1 Evacuation Pause) 217M->115M(256M) 2.129ms
[2026-09-03T12:37:59.883+0800][8.344s][info][gc,cpu      ] GC(113) User=0.02s Sys=0.00s Real=0.00s
[2026-09-03T12:37:59.883+0800][8.344s][info][safepoint   ] Safepoint "G1CollectForAllocation", Time since last: 85353416 ns, Reaching safepoint: 44875 ns, At safepoint: 2171209 ns, Leaving safepoint: 19666 ns, Total: 2235750 ns, Threads: 3 runnable, 42 total
[2026-09-03T12:37:59.978+0800][8.440s][info][gc,start    ] GC(114) Pause Young (Mixed) (G1 Evacuation Pause)
[2026-09-03T12:37:59.978+0800][8.440s][info][gc,task     ] GC(114) Using 9 workers of 9 for evacuation
[2026-09-03T12:37:59.980+0800][8.442s][info][gc,phases   ] GC(114)   Pre Evacuate Collection Set: 0.10ms
[2026-09-03T12:37:59.980+0800][8.442s][info][gc,phases   ] GC(114)   Merge Heap Roots: 0.03ms
[2026-09-03T12:37:59.980+0800][8.442s][info][gc,phases   ] GC(114)   Evacuate Collection Set: 1.88ms
[2026-09-03T12:37:59.980+0800][8.442s][info][gc,phases   ] GC(114)   Post Evacuate Collection Set: 0.11ms
[2026-09-03T12:37:59.980+0800][8.442s][info][gc,phases   ] GC(114)   Other: 0.06ms
[2026-09-03T12:37:59.981+0800][8.442s][info][gc,heap     ] GC(114) Eden regions: 100->0(91)
[2026-09-03T12:37:59.981+0800][8.442s][info][gc,heap     ] GC(114) Survivor regions: 13->15(15)
[2026-09-03T12:37:59.981+0800][8.442s][info][gc,heap     ] GC(114) Old regions: 101->111
[2026-09-03T12:37:59.981+0800][8.442s][info][gc,heap     ] GC(114) Humongous regions: 1->1
[2026-09-03T12:37:59.981+0800][8.442s][info][gc,metaspace] GC(114) Metaspace: 1060K(1216K)->1060K(1216K) NonClass: 996K(1088K)->996K(1088K) Class: 64K(128K)->64K(128K)
[2026-09-03T12:37:59.981+0800][8.442s][info][gc          ] GC(114) Pause Young (Mixed) (G1 Evacuation Pause) 215M->126M(256M) 2.276ms
[2026-09-03T12:37:59.981+0800][8.442s][info][gc,cpu      ] GC(114) User=0.02s Sys=0.00s Real=0.01s
[2026-09-03T12:37:59.981+0800][8.442s][info][safepoint   ] Safepoint "G1CollectForAllocation", Time since last: 95358625 ns, Reaching safepoint: 43834 ns, At safepoint: 2300625 ns, Leaving safepoint: 20583 ns, Total: 2365042 ns, Threads: 1 runnable, 42 total
[2026-09-03T12:38:00.067+0800][8.529s][info][gc,start    ] GC(115) Pause Young (Concurrent Start) (G1 Evacuation Pause)
[2026-09-03T12:38:00.067+0800][8.529s][info][gc,task     ] GC(115) Using 9 workers of 9 for evacuation
[2026-09-03T12:38:00.070+0800][8.531s][info][gc,phases   ] GC(115)   Pre Evacuate Collection Set: 0.06ms
[2026-09-03T12:38:00.070+0800][8.531s][info][gc,phases   ] GC(115)   Merge Heap Roots: 0.02ms
[2026-09-03T12:38:00.070+0800][8.531s][info][gc,phases   ] GC(115)   Evacuate Collection Set: 1.97ms
[2026-09-03T12:38:00.070+0800][8.531s][info][gc,phases   ] GC(115)   Post Evacuate Collection Set: 0.09ms
[2026-09-03T12:38:00.070+0800][8.531s][info][gc,phases   ] GC(115)   Other: 0.06ms
[2026-09-03T12:38:00.070+0800][8.531s][info][gc,heap     ] GC(115) Eden regions: 91->0(78)
[2026-09-03T12:38:00.070+0800][8.531s][info][gc,heap     ] GC(115) Survivor regions: 15->14(14)
[2026-09-03T12:38:00.070+0800][8.531s][info][gc,heap     ] GC(115) Old regions: 111->130
[2026-09-03T12:38:00.070+0800][8.531s][info][gc,heap     ] GC(115) Humongous regions: 1->1
[2026-09-03T12:38:00.070+0800][8.531s][info][gc,metaspace] GC(115) Metaspace: 1060K(1216K)->1060K(1216K) NonClass: 996K(1088K)->996K(1088K) Class: 64K(128K)->64K(128K)
[2026-09-03T12:38:00.070+0800][8.531s][info][gc          ] GC(115) Pause Young (Concurrent Start) (G1 Evacuation Pause) 217M->145M(256M) 2.324ms
[2026-09-03T12:38:00.070+0800][8.531s][info][gc,cpu      ] GC(115) User=0.02s Sys=0.00s Real=0.01s
[2026-09-03T12:38:00.070+0800][8.531s][info][gc          ] GC(116) Concurrent Mark Cycle
[2026-09-03T12:38:00.070+0800][8.531s][info][gc,marking  ] GC(116) Concurrent Scan Root Regions
[2026-09-03T12:38:00.070+0800][8.531s][info][safepoint   ] Safepoint "G1CollectForAllocation", Time since last: 86867958 ns, Reaching safepoint: 2917 ns, At safepoint: 2355667 ns, Leaving safepoint: 16291 ns, Total: 2374875 ns, Threads: 0 runnable, 42 total
[2026-09-03T12:38:00.072+0800][8.533s][info][gc,marking  ] GC(116) Concurrent Scan Root Regions 2.058ms
[2026-09-03T12:38:00.072+0800][8.533s][info][gc,marking  ] GC(116) Concurrent Mark
[2026-09-03T12:38:00.072+0800][8.533s][info][gc,marking  ] GC(116) Concurrent Mark From Roots
[2026-09-03T12:38:00.072+0800][8.533s][info][gc,task     ] GC(116) Concurrent Mark Using 2 of 2 Workers
[2026-09-03T12:38:00.077+0800][8.538s][info][gc,marking  ] GC(116) Concurrent Mark From Roots 4.648ms
[2026-09-03T12:38:00.077+0800][8.538s][info][gc,marking  ] GC(116) Concurrent Preclean
[2026-09-03T12:38:00.077+0800][8.538s][info][gc,marking  ] GC(116) Concurrent Preclean 0.012ms
[2026-09-03T12:38:00.077+0800][8.538s][info][gc,start    ] GC(116) Pause Remark
[2026-09-03T12:38:00.077+0800][8.538s][info][gc          ] GC(116) Pause Remark 152M->120M(256M) 0.376ms
[2026-09-03T12:38:00.077+0800][8.538s][info][gc,cpu      ] GC(116) User=0.00s Sys=0.00s Real=0.00s
[2026-09-03T12:38:00.077+0800][8.538s][info][safepoint   ] Safepoint "G1PauseRemark", Time since last: 6823792 ns, Reaching safepoint: 29708 ns, At safepoint: 402542 ns, Leaving safepoint: 20833 ns, Total: 453083 ns, Threads: 3 runnable, 42 total
[2026-09-03T12:38:00.077+0800][8.539s][info][gc,marking  ] GC(116) Concurrent Mark 5.261ms
[2026-09-03T12:38:00.077+0800][8.539s][info][gc,marking  ] GC(116) Concurrent Rebuild Remembered Sets and Scrub Regions
[2026-09-03T12:38:00.083+0800][8.544s][info][gc,marking  ] GC(116) Concurrent Rebuild Remembered Sets and Scrub Regions 5.423ms
[2026-09-03T12:38:00.083+0800][8.544s][info][gc,start    ] GC(116) Pause Cleanup
[2026-09-03T12:38:00.083+0800][8.544s][info][gc          ] GC(116) Pause Cleanup 126M->126M(256M) 0.073ms
[2026-09-03T12:38:00.083+0800][8.544s][info][gc,cpu      ] GC(116) User=0.00s Sys=0.00s Real=0.00s
[2026-09-03T12:38:00.083+0800][8.544s][info][safepoint   ] Safepoint "G1PauseCleanup", Time since last: 5591542 ns, Reaching safepoint: 52542 ns, At safepoint: 102750 ns, Leaving safepoint: 16208 ns, Total: 171500 ns, Threads: 2 runnable, 42 total
[2026-09-03T12:38:00.083+0800][8.544s][info][gc,marking  ] GC(116) Concurrent Clear Claimed Marks
[2026-09-03T12:38:00.083+0800][8.544s][info][gc,marking  ] GC(116) Concurrent Clear Claimed Marks 0.048ms
[2026-09-03T12:38:00.083+0800][8.544s][info][gc,marking  ] GC(116) Concurrent Cleanup for Next Mark
[2026-09-03T12:38:00.083+0800][8.545s][info][gc,marking  ] GC(116) Concurrent Cleanup for Next Mark 0.316ms
[2026-09-03T12:38:00.083+0800][8.545s][info][gc          ] GC(116) Concurrent Mark Cycle 13.693ms
[2026-09-03T12:38:00.147+0800][8.608s][info][gc,start    ] GC(117) Pause Young (Prepare Mixed) (G1 Evacuation Pause)
[2026-09-03T12:38:00.147+0800][8.608s][info][gc,task     ] GC(117) Using 9 workers of 9 for evacuation
[2026-09-03T12:38:00.149+0800][8.610s][info][gc,phases   ] GC(117)   Pre Evacuate Collection Set: 0.05ms
[2026-09-03T12:38:00.149+0800][8.610s][info][gc,phases   ] GC(117)   Merge Heap Roots: 0.02ms
[2026-09-03T12:38:00.149+0800][8.610s][info][gc,phases   ] GC(117)   Evacuate Collection Set: 1.75ms
[2026-09-03T12:38:00.149+0800][8.610s][info][gc,phases   ] GC(117)   Post Evacuate Collection Set: 0.09ms
[2026-09-03T12:38:00.149+0800][8.610s][info][gc,phases   ] GC(117)   Other: 0.06ms
[2026-09-03T12:38:00.149+0800][8.610s][info][gc,heap     ] GC(117) Eden regions: 78->0(90)
[2026-09-03T12:38:00.149+0800][8.610s][info][gc,heap     ] GC(117) Survivor regions: 14->12(12)
[2026-09-03T12:38:00.149+0800][8.610s][info][gc,heap     ] GC(117) Old regions: 98->116
[2026-09-03T12:38:00.149+0800][8.610s][info][gc,heap     ] GC(117) Humongous regions: 1->1
[2026-09-03T12:38:00.149+0800][8.610s][info][gc,metaspace] GC(117) Metaspace: 1060K(1216K)->1060K(1216K) NonClass: 996K(1088K)->996K(1088K) Class: 64K(128K)->64K(128K)
[2026-09-03T12:38:00.149+0800][8.610s][info][gc          ] GC(117) Pause Young (Prepare Mixed) (G1 Evacuation Pause) 191M->128M(256M) 2.079ms
[2026-09-03T12:38:00.149+0800][8.610s][info][gc,cpu      ] GC(117) User=0.02s Sys=0.00s Real=0.00s
[2026-09-03T12:38:00.149+0800][8.611s][info][safepoint   ] Safepoint "G1CollectForAllocation", Time since last: 64062833 ns, Reaching safepoint: 29750 ns, At safepoint: 2106250 ns, Leaving safepoint: 41292 ns, Total: 2177292 ns, Threads: 2 runnable, 42 total
[2026-09-03T12:38:00.236+0800][8.698s][info][gc,start    ] GC(118) Pause Young (Mixed) (G1 Evacuation Pause)
[2026-09-03T12:38:00.236+0800][8.698s][info][gc,task     ] GC(118) Using 9 workers of 9 for evacuation
[2026-09-03T12:38:00.238+0800][8.700s][info][gc,phases   ] GC(118)   Pre Evacuate Collection Set: 0.09ms
[2026-09-03T12:38:00.238+0800][8.700s][info][gc,phases   ] GC(118)   Merge Heap Roots: 0.03ms
[2026-09-03T12:38:00.238+0800][8.700s][info][gc,phases   ] GC(118)   Evacuate Collection Set: 1.86ms
[2026-09-03T12:38:00.238+0800][8.700s][info][gc,phases   ] GC(118)   Post Evacuate Collection Set: 0.11ms
[2026-09-03T12:38:00.238+0800][8.700s][info][gc,phases   ] GC(118)   Other: 0.06ms
[2026-09-03T12:38:00.238+0800][8.700s][info][gc,heap     ] GC(118) Eden regions: 90->0(95)
[2026-09-03T12:38:00.238+0800][8.700s][info][gc,heap     ] GC(118) Survivor regions: 12->13(13)
[2026-09-03T12:38:00.238+0800][8.700s][info][gc,heap     ] GC(118) Old regions: 116->107
[2026-09-03T12:38:00.238+0800][8.700s][info][gc,heap     ] GC(118) Humongous regions: 1->1
[2026-09-03T12:38:00.238+0800][8.700s][info][gc,metaspace] GC(118) Metaspace: 1060K(1216K)->1060K(1216K) NonClass: 996K(1088K)->996K(1088K) Class: 64K(128K)->64K(128K)
[2026-09-03T12:38:00.238+0800][8.700s][info][gc          ] GC(118) Pause Young (Mixed) (G1 Evacuation Pause) 218M->121M(256M) 2.255ms
[2026-09-03T12:38:00.238+0800][8.700s][info][gc,cpu      ] GC(118) User=0.01s Sys=0.00s Real=0.00s
[2026-09-03T12:38:00.238+0800][8.700s][info][safepoint   ] Safepoint "G1CollectForAllocation", Time since last: 86958542 ns, Reaching safepoint: 49291 ns, At safepoint: 2281167 ns, Leaving safepoint: 39792 ns, Total: 2370250 ns, Threads: 1 runnable, 42 total
[2026-09-03T12:38:00.324+0800][8.786s][info][gc,start    ] GC(119) Pause Young (Mixed) (G1 Evacuation Pause)
[2026-09-03T12:38:00.324+0800][8.786s][info][gc,task     ] GC(119) Using 9 workers of 9 for evacuation
[2026-09-03T12:38:00.327+0800][8.788s][info][gc,phases   ] GC(119)   Pre Evacuate Collection Set: 0.04ms
[2026-09-03T12:38:00.327+0800][8.788s][info][gc,phases   ] GC(119)   Merge Heap Roots: 0.04ms
[2026-09-03T12:38:00.327+0800][8.788s][info][gc,phases   ] GC(119)   Evacuate Collection Set: 2.27ms
[2026-09-03T12:38:00.327+0800][8.788s][info][gc,phases   ] GC(119)   Post Evacuate Collection Set: 0.13ms
[2026-09-03T12:38:00.327+0800][8.788s][info][gc,phases   ] GC(119)   Other: 0.06ms
[2026-09-03T12:38:00.327+0800][8.788s][info][gc,heap     ] GC(119) Eden regions: 95->0(92)
[2026-09-03T12:38:00.327+0800][8.788s][info][gc,heap     ] GC(119) Survivor regions: 13->14(14)
[2026-09-03T12:38:00.327+0800][8.788s][info][gc,heap     ] GC(119) Old regions: 107->111
[2026-09-03T12:38:00.327+0800][8.788s][info][gc,heap     ] GC(119) Humongous regions: 1->1
[2026-09-03T12:38:00.327+0800][8.788s][info][gc,metaspace] GC(119) Metaspace: 1060K(1216K)->1060K(1216K) NonClass: 996K(1088K)->996K(1088K) Class: 64K(128K)->64K(128K)
[2026-09-03T12:38:00.327+0800][8.788s][info][gc          ] GC(119) Pause Young (Mixed) (G1 Evacuation Pause) 216M->125M(256M) 2.664ms
[2026-09-03T12:38:00.327+0800][8.788s][info][gc,cpu      ] GC(119) User=0.02s Sys=0.00s Real=0.00s
[2026-09-03T12:38:00.327+0800][8.788s][info][safepoint   ] Safepoint "G1CollectForAllocation", Time since last: 85791500 ns, Reaching safepoint: 25375 ns, At safepoint: 2694166 ns, Leaving safepoint: 18834 ns, Total: 2738375 ns, Threads: 2 runnable, 42 total
[2026-09-03T12:38:00.410+0800][8.871s][info][gc,start    ] GC(120) Pause Young (Concurrent Start) (G1 Evacuation Pause)
[2026-09-03T12:38:00.410+0800][8.871s][info][gc,task     ] GC(120) Using 9 workers of 9 for evacuation
[2026-09-03T12:38:00.412+0800][8.874s][info][gc,phases   ] GC(120)   Pre Evacuate Collection Set: 0.10ms
[2026-09-03T12:38:00.412+0800][8.874s][info][gc,phases   ] GC(120)   Merge Heap Roots: 0.03ms
[2026-09-03T12:38:00.412+0800][8.874s][info][gc,phases   ] GC(120)   Evacuate Collection Set: 1.98ms
[2026-09-03T12:38:00.412+0800][8.874s][info][gc,phases   ] GC(120)   Post Evacuate Collection Set: 0.10ms
[2026-09-03T12:38:00.412+0800][8.874s][info][gc,phases   ] GC(120)   Other: 0.08ms
[2026-09-03T12:38:00.412+0800][8.874s][info][gc,heap     ] GC(120) Eden regions: 92->0(78)
[2026-09-03T12:38:00.412+0800][8.874s][info][gc,heap     ] GC(120) Survivor regions: 14->14(14)
[2026-09-03T12:38:00.412+0800][8.874s][info][gc,heap     ] GC(120) Old regions: 111->130
[2026-09-03T12:38:00.412+0800][8.874s][info][gc,heap     ] GC(120) Humongous regions: 1->1
[2026-09-03T12:38:00.412+0800][8.874s][info][gc,metaspace] GC(120) Metaspace: 1060K(1216K)->1060K(1216K) NonClass: 996K(1088K)->996K(1088K) Class: 64K(128K)->64K(128K)
[2026-09-03T12:38:00.412+0800][8.874s][info][gc          ] GC(120) Pause Young (Concurrent Start) (G1 Evacuation Pause) 217M->144M(256M) 2.426ms
[2026-09-03T12:38:00.412+0800][8.874s][info][gc,cpu      ] GC(120) User=0.01s Sys=0.00s Real=0.00s
[2026-09-03T12:38:00.412+0800][8.874s][info][gc          ] GC(121) Concurrent Mark Cycle
[2026-09-03T12:38:00.412+0800][8.874s][info][gc,marking  ] GC(121) Concurrent Scan Root Regions
[2026-09-03T12:38:00.412+0800][8.874s][info][safepoint   ] Safepoint "G1CollectForAllocation", Time since last: 83017083 ns, Reaching safepoint: 4625 ns, At safepoint: 2466667 ns, Leaving safepoint: 38291 ns, Total: 2509583 ns, Threads: 0 runnable, 42 total
[2026-09-03T12:38:00.414+0800][8.876s][info][gc,marking  ] GC(121) Concurrent Scan Root Regions 1.885ms
[2026-09-03T12:38:00.414+0800][8.876s][info][gc,marking  ] GC(121) Concurrent Mark
[2026-09-03T12:38:00.414+0800][8.876s][info][gc,marking  ] GC(121) Concurrent Mark From Roots
[2026-09-03T12:38:00.414+0800][8.876s][info][gc,task     ] GC(121) Concurrent Mark Using 2 of 2 Workers
[2026-09-03T12:38:00.420+0800][8.882s][info][gc,marking  ] GC(121) Concurrent Mark From Roots 6.027ms
[2026-09-03T12:38:00.420+0800][8.882s][info][gc,marking  ] GC(121) Concurrent Preclean
[2026-09-03T12:38:00.420+0800][8.882s][info][gc,marking  ] GC(121) Concurrent Preclean 0.011ms
[2026-09-03T12:38:00.420+0800][8.882s][info][gc,start    ] GC(121) Pause Remark
[2026-09-03T12:38:00.421+0800][8.882s][info][gc          ] GC(121) Pause Remark 153M->119M(256M) 0.377ms
[2026-09-03T12:38:00.421+0800][8.882s][info][gc,cpu      ] GC(121) User=0.00s Sys=0.00s Real=0.00s
[2026-09-03T12:38:00.421+0800][8.882s][info][safepoint   ] Safepoint "G1PauseRemark", Time since last: 7943334 ns, Reaching safepoint: 39125 ns, At safepoint: 416833 ns, Leaving safepoint: 16125 ns, Total: 472083 ns, Threads: 2 runnable, 42 total
[2026-09-03T12:38:00.421+0800][8.882s][info][gc,marking  ] GC(121) Concurrent Mark 6.566ms
[2026-09-03T12:38:00.421+0800][8.882s][info][gc,marking  ] GC(121) Concurrent Rebuild Remembered Sets and Scrub Regions
[2026-09-03T12:38:00.426+0800][8.888s][info][gc,marking  ] GC(121) Concurrent Rebuild Remembered Sets and Scrub Regions 5.291ms
[2026-09-03T12:38:00.426+0800][8.888s][info][gc,start    ] GC(121) Pause Cleanup
[2026-09-03T12:38:00.426+0800][8.888s][info][gc          ] GC(121) Pause Cleanup 124M->124M(256M) 0.043ms
[2026-09-03T12:38:00.426+0800][8.888s][info][gc,cpu      ] GC(121) User=0.00s Sys=0.00s Real=0.00s
[2026-09-03T12:38:00.426+0800][8.888s][info][safepoint   ] Safepoint "G1PauseCleanup", Time since last: 5352917 ns, Reaching safepoint: 63958 ns, At safepoint: 62292 ns, Leaving safepoint: 17000 ns, Total: 143250 ns, Threads: 4 runnable, 42 total
[2026-09-03T12:38:00.426+0800][8.888s][info][gc,marking  ] GC(121) Concurrent Clear Claimed Marks
[2026-09-03T12:38:00.426+0800][8.888s][info][gc,marking  ] GC(121) Concurrent Clear Claimed Marks 0.008ms
[2026-09-03T12:38:00.426+0800][8.888s][info][gc,marking  ] GC(121) Concurrent Cleanup for Next Mark
[2026-09-03T12:38:00.427+0800][8.888s][info][gc,marking  ] GC(121) Concurrent Cleanup for Next Mark 0.107ms
[2026-09-03T12:38:00.427+0800][8.888s][info][gc          ] GC(121) Concurrent Mark Cycle 14.108ms
[2026-09-03T12:38:00.486+0800][8.947s][info][gc,start    ] GC(122) Pause Young (Prepare Mixed) (G1 Evacuation Pause)
[2026-09-03T12:38:00.486+0800][8.947s][info][gc,task     ] GC(122) Using 9 workers of 9 for evacuation
[2026-09-03T12:38:00.488+0800][8.949s][info][gc,phases   ] GC(122)   Pre Evacuate Collection Set: 0.08ms
[2026-09-03T12:38:00.488+0800][8.949s][info][gc,phases   ] GC(122)   Merge Heap Roots: 0.03ms
[2026-09-03T12:38:00.488+0800][8.949s][info][gc,phases   ] GC(122)   Evacuate Collection Set: 1.68ms
[2026-09-03T12:38:00.488+0800][8.949s][info][gc,phases   ] GC(122)   Post Evacuate Collection Set: 0.10ms
[2026-09-03T12:38:00.488+0800][8.949s][info][gc,phases   ] GC(122)   Other: 0.06ms
[2026-09-03T12:38:00.488+0800][8.949s][info][gc,heap     ] GC(122) Eden regions: 78->0(91)
[2026-09-03T12:38:00.488+0800][8.949s][info][gc,heap     ] GC(122) Survivor regions: 14->12(12)
[2026-09-03T12:38:00.488+0800][8.949s][info][gc,heap     ] GC(122) Old regions: 96->114
[2026-09-03T12:38:00.488+0800][8.949s][info][gc,heap     ] GC(122) Humongous regions: 1->1
[2026-09-03T12:38:00.488+0800][8.949s][info][gc,metaspace] GC(122) Metaspace: 1060K(1216K)->1060K(1216K) NonClass: 996K(1088K)->996K(1088K) Class: 64K(128K)->64K(128K)
[2026-09-03T12:38:00.488+0800][8.949s][info][gc          ] GC(122) Pause Young (Prepare Mixed) (G1 Evacuation Pause) 188M->127M(256M) 2.063ms
[2026-09-03T12:38:00.488+0800][8.949s][info][gc,cpu      ] GC(122) User=0.01s Sys=0.00s Real=0.00s
[2026-09-03T12:38:00.488+0800][8.950s][info][safepoint   ] Safepoint "G1CollectForAllocation", Time since last: 59565625 ns, Reaching safepoint: 24458 ns, At safepoint: 2089333 ns, Leaving safepoint: 39042 ns, Total: 2152833 ns, Threads: 1 runnable, 42 total
[2026-09-03T12:38:00.576+0800][9.037s][info][gc,start    ] GC(123) Pause Young (Mixed) (G1 Evacuation Pause)
[2026-09-03T12:38:00.576+0800][9.037s][info][gc,task     ] GC(123) Using 9 workers of 9 for evacuation
[2026-09-03T12:38:00.578+0800][9.039s][info][gc,phases   ] GC(123)   Pre Evacuate Collection Set: 0.07ms
[2026-09-03T12:38:00.578+0800][9.039s][info][gc,phases   ] GC(123)   Merge Heap Roots: 0.04ms
[2026-09-03T12:38:00.578+0800][9.039s][info][gc,phases   ] GC(123)   Evacuate Collection Set: 1.85ms
[2026-09-03T12:38:00.578+0800][9.039s][info][gc,phases   ] GC(123)   Post Evacuate Collection Set: 0.11ms
[2026-09-03T12:38:00.578+0800][9.039s][info][gc,phases   ] GC(123)   Other: 0.06ms
[2026-09-03T12:38:00.578+0800][9.039s][info][gc,heap     ] GC(123) Eden regions: 91->0(99)
[2026-09-03T12:38:00.578+0800][9.039s][info][gc,heap     ] GC(123) Survivor regions: 12->13(13)
[2026-09-03T12:38:00.578+0800][9.039s][info][gc,heap     ] GC(123) Old regions: 114->102
[2026-09-03T12:38:00.578+0800][9.039s][info][gc,heap     ] GC(123) Humongous regions: 1->1
[2026-09-03T12:38:00.578+0800][9.039s][info][gc,metaspace] GC(123) Metaspace: 1060K(1216K)->1060K(1216K) NonClass: 996K(1088K)->996K(1088K) Class: 64K(128K)->64K(128K)
[2026-09-03T12:38:00.578+0800][9.039s][info][gc          ] GC(123) Pause Young (Mixed) (G1 Evacuation Pause) 218M->116M(256M) 2.250ms
[2026-09-03T12:38:00.578+0800][9.039s][info][gc,cpu      ] GC(123) User=0.01s Sys=0.00s Real=0.00s
[2026-09-03T12:38:00.578+0800][9.039s][info][safepoint   ] Safepoint "G1CollectForAllocation", Time since last: 87582000 ns, Reaching safepoint: 26958 ns, At safepoint: 2277459 ns, Leaving safepoint: 27291 ns, Total: 2331708 ns, Threads: 1 runnable, 42 total
[2026-09-03T12:38:00.673+0800][9.134s][info][gc,start    ] GC(124) Pause Young (Mixed) (G1 Evacuation Pause)
[2026-09-03T12:38:00.673+0800][9.134s][info][gc,task     ] GC(124) Using 9 workers of 9 for evacuation
[2026-09-03T12:38:00.675+0800][9.137s][info][gc,phases   ] GC(124)   Pre Evacuate Collection Set: 0.06ms
[2026-09-03T12:38:00.675+0800][9.137s][info][gc,phases   ] GC(124)   Merge Heap Roots: 0.04ms
[2026-09-03T12:38:00.675+0800][9.137s][info][gc,phases   ] GC(124)   Evacuate Collection Set: 2.02ms
[2026-09-03T12:38:00.675+0800][9.137s][info][gc,phases   ] GC(124)   Post Evacuate Collection Set: 0.11ms
[2026-09-03T12:38:00.675+0800][9.137s][info][gc,phases   ] GC(124)   Other: 0.08ms
[2026-09-03T12:38:00.675+0800][9.137s][info][gc,heap     ] GC(124) Eden regions: 99->0(90)
[2026-09-03T12:38:00.675+0800][9.137s][info][gc,heap     ] GC(124) Survivor regions: 13->14(14)
[2026-09-03T12:38:00.675+0800][9.137s][info][gc,heap     ] GC(124) Old regions: 102->113
[2026-09-03T12:38:00.675+0800][9.137s][info][gc,heap     ] GC(124) Humongous regions: 1->1
[2026-09-03T12:38:00.675+0800][9.137s][info][gc,metaspace] GC(124) Metaspace: 1060K(1216K)->1060K(1216K) NonClass: 996K(1088K)->996K(1088K) Class: 64K(128K)->64K(128K)
[2026-09-03T12:38:00.675+0800][9.137s][info][gc          ] GC(124) Pause Young (Mixed) (G1 Evacuation Pause) 215M->127M(256M) 2.472ms
[2026-09-03T12:38:00.675+0800][9.137s][info][gc,cpu      ] GC(124) User=0.02s Sys=0.00s Real=0.00s
[2026-09-03T12:38:00.675+0800][9.137s][info][safepoint   ] Safepoint "G1CollectForAllocation", Time since last: 94799292 ns, Reaching safepoint: 5375 ns, At safepoint: 2520708 ns, Leaving safepoint: 31084 ns, Total: 2557167 ns, Threads: 0 runnable, 42 total
[2026-09-03T12:38:00.762+0800][9.223s][info][gc,start    ] GC(125) Pause Young (Concurrent Start) (G1 Evacuation Pause)
[2026-09-03T12:38:00.762+0800][9.223s][info][gc,task     ] GC(125) Using 9 workers of 9 for evacuation
[2026-09-03T12:38:00.764+0800][9.225s][info][gc,phases   ] GC(125)   Pre Evacuate Collection Set: 0.07ms
[2026-09-03T12:38:00.764+0800][9.225s][info][gc,phases   ] GC(125)   Merge Heap Roots: 0.02ms
[2026-09-03T12:38:00.764+0800][9.225s][info][gc,phases   ] GC(125)   Evacuate Collection Set: 1.79ms
[2026-09-03T12:38:00.764+0800][9.225s][info][gc,phases   ] GC(125)   Post Evacuate Collection Set: 0.08ms
[2026-09-03T12:38:00.764+0800][9.225s][info][gc,phases   ] GC(125)   Other: 0.06ms
[2026-09-03T12:38:00.764+0800][9.225s][info][gc,heap     ] GC(125) Eden regions: 90->0(78)
[2026-09-03T12:38:00.764+0800][9.225s][info][gc,heap     ] GC(125) Survivor regions: 14->13(13)
[2026-09-03T12:38:00.764+0800][9.225s][info][gc,heap     ] GC(125) Old regions: 113->132
[2026-09-03T12:38:00.764+0800][9.225s][info][gc,heap     ] GC(125) Humongous regions: 1->1
[2026-09-03T12:38:00.764+0800][9.225s][info][gc,metaspace] GC(125) Metaspace: 1060K(1216K)->1060K(1216K) NonClass: 996K(1088K)->996K(1088K) Class: 64K(128K)->64K(128K)
[2026-09-03T12:38:00.764+0800][9.225s][info][gc          ] GC(125) Pause Young (Concurrent Start) (G1 Evacuation Pause) 217M->146M(256M) 2.123ms
[2026-09-03T12:38:00.764+0800][9.225s][info][gc          ] GC(126) Concurrent Mark Cycle
[2026-09-03T12:38:00.764+0800][9.225s][info][gc,cpu      ] GC(125) User=0.02s Sys=0.00s Real=0.00s
[2026-09-03T12:38:00.764+0800][9.225s][info][gc,marking  ] GC(126) Concurrent Scan Root Regions
[2026-09-03T12:38:00.764+0800][9.225s][info][safepoint   ] Safepoint "G1CollectForAllocation", Time since last: 86347333 ns, Reaching safepoint: 27125 ns, At safepoint: 2162417 ns, Leaving safepoint: 21000 ns, Total: 2210542 ns, Threads: 3 runnable, 42 total
[2026-09-03T12:38:00.766+0800][9.227s][info][gc,marking  ] GC(126) Concurrent Scan Root Regions 2.035ms
[2026-09-03T12:38:00.766+0800][9.227s][info][gc,marking  ] GC(126) Concurrent Mark
[2026-09-03T12:38:00.766+0800][9.227s][info][gc,marking  ] GC(126) Concurrent Mark From Roots
[2026-09-03T12:38:00.766+0800][9.227s][info][gc,task     ] GC(126) Concurrent Mark Using 2 of 2 Workers
[2026-09-03T12:38:00.771+0800][9.232s][info][gc,marking  ] GC(126) Concurrent Mark From Roots 4.793ms
[2026-09-03T12:38:00.771+0800][9.232s][info][gc,marking  ] GC(126) Concurrent Preclean
[2026-09-03T12:38:00.771+0800][9.232s][info][gc,marking  ] GC(126) Concurrent Preclean 0.010ms
[2026-09-03T12:38:00.771+0800][9.232s][info][gc,start    ] GC(126) Pause Remark
[2026-09-03T12:38:00.771+0800][9.233s][info][gc          ] GC(126) Pause Remark 153M->119M(256M) 0.394ms
[2026-09-03T12:38:00.771+0800][9.233s][info][gc,cpu      ] GC(126) User=0.00s Sys=0.00s Real=0.00s
[2026-09-03T12:38:00.771+0800][9.233s][info][safepoint   ] Safepoint "G1PauseRemark", Time since last: 6915208 ns, Reaching safepoint: 33708 ns, At safepoint: 417417 ns, Leaving safepoint: 23625 ns, Total: 474750 ns, Threads: 1 runnable, 42 total
[2026-09-03T12:38:00.771+0800][9.233s][info][gc,marking  ] GC(126) Concurrent Mark 5.408ms
[2026-09-03T12:38:00.771+0800][9.233s][info][gc,marking  ] GC(126) Concurrent Rebuild Remembered Sets and Scrub Regions
[2026-09-03T12:38:00.775+0800][9.237s][info][gc,marking  ] GC(126) Concurrent Rebuild Remembered Sets and Scrub Regions 3.761ms
[2026-09-03T12:38:00.775+0800][9.237s][info][gc,start    ] GC(126) Pause Cleanup
[2026-09-03T12:38:00.775+0800][9.237s][info][gc          ] GC(126) Pause Cleanup 123M->123M(256M) 0.098ms
[2026-09-03T12:38:00.775+0800][9.237s][info][gc,cpu      ] GC(126) User=0.00s Sys=0.00s Real=0.00s
[2026-09-03T12:38:00.775+0800][9.237s][info][safepoint   ] Safepoint "G1PauseCleanup", Time since last: 3892125 ns, Reaching safepoint: 5667 ns, At safepoint: 131125 ns, Leaving safepoint: 38375 ns, Total: 175167 ns, Threads: 2 runnable, 42 total
[2026-09-03T12:38:00.775+0800][9.237s][info][gc,marking  ] GC(126) Concurrent Clear Claimed Marks
[2026-09-03T12:38:00.775+0800][9.237s][info][gc,marking  ] GC(126) Concurrent Clear Claimed Marks 0.007ms
[2026-09-03T12:38:00.775+0800][9.237s][info][gc,marking  ] GC(126) Concurrent Cleanup for Next Mark
[2026-09-03T12:38:00.776+0800][9.237s][info][gc,marking  ] GC(126) Concurrent Cleanup for Next Mark 0.184ms
[2026-09-03T12:38:00.776+0800][9.237s][info][gc          ] GC(126) Concurrent Mark Cycle 11.789ms
[2026-09-03T12:38:00.840+0800][9.302s][info][gc,start    ] GC(127) Pause Young (Prepare Mixed) (G1 Evacuation Pause)
[2026-09-03T12:38:00.840+0800][9.302s][info][gc,task     ] GC(127) Using 9 workers of 9 for evacuation
[2026-09-03T12:38:00.843+0800][9.304s][info][gc,phases   ] GC(127)   Pre Evacuate Collection Set: 0.08ms
[2026-09-03T12:38:00.843+0800][9.304s][info][gc,phases   ] GC(127)   Merge Heap Roots: 0.01ms
[2026-09-03T12:38:00.843+0800][9.304s][info][gc,phases   ] GC(127)   Evacuate Collection Set: 1.90ms
[2026-09-03T12:38:00.843+0800][9.304s][info][gc,phases   ] GC(127)   Post Evacuate Collection Set: 0.10ms
[2026-09-03T12:38:00.843+0800][9.304s][info][gc,phases   ] GC(127)   Other: 0.07ms
[2026-09-03T12:38:00.843+0800][9.304s][info][gc,heap     ] GC(127) Eden regions: 78->0(90)
[2026-09-03T12:38:00.843+0800][9.304s][info][gc,heap     ] GC(127) Survivor regions: 13->12(12)
[2026-09-03T12:38:00.843+0800][9.304s][info][gc,heap     ] GC(127) Old regions: 98->115
[2026-09-03T12:38:00.843+0800][9.304s][info][gc,heap     ] GC(127) Humongous regions: 1->1
[2026-09-03T12:38:00.843+0800][9.304s][info][gc,metaspace] GC(127) Metaspace: 1060K(1216K)->1060K(1216K) NonClass: 996K(1088K)->996K(1088K) Class: 64K(128K)->64K(128K)
[2026-09-03T12:38:00.843+0800][9.304s][info][gc          ] GC(127) Pause Young (Prepare Mixed) (G1 Evacuation Pause) 190M->127M(256M) 2.277ms
[2026-09-03T12:38:00.843+0800][9.304s][info][gc,cpu      ] GC(127) User=0.01s Sys=0.00s Real=0.00s
[2026-09-03T12:38:00.843+0800][9.304s][info][safepoint   ] Safepoint "G1CollectForAllocation", Time since last: 64864333 ns, Reaching safepoint: 40542 ns, At safepoint: 2303708 ns, Leaving safepoint: 57875 ns, Total: 2402125 ns, Threads: 1 runnable, 42 total
[2026-09-03T12:38:00.928+0800][9.389s][info][gc,start    ] GC(128) Pause Young (Mixed) (G1 Evacuation Pause)
[2026-09-03T12:38:00.928+0800][9.389s][info][gc,task     ] GC(128) Using 9 workers of 9 for evacuation
[2026-09-03T12:38:00.930+0800][9.391s][info][gc,phases   ] GC(128)   Pre Evacuate Collection Set: 0.06ms
[2026-09-03T12:38:00.930+0800][9.391s][info][gc,phases   ] GC(128)   Merge Heap Roots: 0.02ms
[2026-09-03T12:38:00.930+0800][9.391s][info][gc,phases   ] GC(128)   Evacuate Collection Set: 1.79ms
[2026-09-03T12:38:00.930+0800][9.391s][info][gc,phases   ] GC(128)   Post Evacuate Collection Set: 0.10ms
[2026-09-03T12:38:00.930+0800][9.391s][info][gc,phases   ] GC(128)   Other: 0.06ms
[2026-09-03T12:38:00.930+0800][9.391s][info][gc,heap     ] GC(128) Eden regions: 90->0(96)
[2026-09-03T12:38:00.930+0800][9.391s][info][gc,heap     ] GC(128) Survivor regions: 12->13(13)
[2026-09-03T12:38:00.930+0800][9.391s][info][gc,heap     ] GC(128) Old regions: 115->106
[2026-09-03T12:38:00.930+0800][9.391s][info][gc,heap     ] GC(128) Humongous regions: 1->1
[2026-09-03T12:38:00.930+0800][9.391s][info][gc,metaspace] GC(128) Metaspace: 1060K(1216K)->1060K(1216K) NonClass: 996K(1088K)->996K(1088K) Class: 64K(128K)->64K(128K)
[2026-09-03T12:38:00.930+0800][9.391s][info][gc          ] GC(128) Pause Young (Mixed) (G1 Evacuation Pause) 217M->120M(256M) 2.139ms
[2026-09-03T12:38:00.930+0800][9.391s][info][gc,cpu      ] GC(128) User=0.02s Sys=0.00s Real=0.01s
[2026-09-03T12:38:00.930+0800][9.391s][info][safepoint   ] Safepoint "G1CollectForAllocation", Time since last: 85055708 ns, Reaching safepoint: 33459 ns, At safepoint: 2164541 ns, Leaving safepoint: 38459 ns, Total: 2236459 ns, Threads: 3 runnable, 42 total
[2026-09-03T12:38:01.022+0800][9.483s][info][gc,start    ] GC(129) Pause Young (Mixed) (G1 Evacuation Pause)
[2026-09-03T12:38:01.022+0800][9.483s][info][gc,task     ] GC(129) Using 9 workers of 9 for evacuation
[2026-09-03T12:38:01.024+0800][9.485s][info][gc,phases   ] GC(129)   Pre Evacuate Collection Set: 0.07ms
[2026-09-03T12:38:01.024+0800][9.485s][info][gc,phases   ] GC(129)   Merge Heap Roots: 0.03ms
[2026-09-03T12:38:01.024+0800][9.485s][info][gc,phases   ] GC(129)   Evacuate Collection Set: 1.82ms
[2026-09-03T12:38:01.024+0800][9.485s][info][gc,phases   ] GC(129)   Post Evacuate Collection Set: 0.09ms
[2026-09-03T12:38:01.024+0800][9.485s][info][gc,phases   ] GC(129)   Other: 0.06ms
[2026-09-03T12:38:01.024+0800][9.485s][info][gc,heap     ] GC(129) Eden regions: 96->0(92)
[2026-09-03T12:38:01.024+0800][9.485s][info][gc,heap     ] GC(129) Survivor regions: 13->14(14)
[2026-09-03T12:38:01.024+0800][9.485s][info][gc,heap     ] GC(129) Old regions: 106->111
[2026-09-03T12:38:01.024+0800][9.485s][info][gc,heap     ] GC(129) Humongous regions: 1->1
[2026-09-03T12:38:01.024+0800][9.485s][info][gc,metaspace] GC(129) Metaspace: 1060K(1216K)->1060K(1216K) NonClass: 996K(1088K)->996K(1088K) Class: 64K(128K)->64K(128K)
[2026-09-03T12:38:01.024+0800][9.485s][info][gc          ] GC(129) Pause Young (Mixed) (G1 Evacuation Pause) 216M->125M(256M) 2.184ms
[2026-09-03T12:38:01.024+0800][9.485s][info][gc,cpu      ] GC(129) User=0.02s Sys=0.00s Real=0.00s
[2026-09-03T12:38:01.024+0800][9.485s][info][safepoint   ] Safepoint "G1CollectForAllocation", Time since last: 91849500 ns, Reaching safepoint: 2791 ns, At safepoint: 2208917 ns, Leaving safepoint: 25417 ns, Total: 2237125 ns, Threads: 0 runnable, 42 total
[2026-09-03T12:38:01.112+0800][9.574s][info][gc,start    ] GC(130) Pause Young (Concurrent Start) (G1 Evacuation Pause)
[2026-09-03T12:38:01.112+0800][9.574s][info][gc,task     ] GC(130) Using 9 workers of 9 for evacuation
[2026-09-03T12:38:01.114+0800][9.576s][info][gc,phases   ] GC(130)   Pre Evacuate Collection Set: 0.11ms
[2026-09-03T12:38:01.114+0800][9.576s][info][gc,phases   ] GC(130)   Merge Heap Roots: 0.03ms
[2026-09-03T12:38:01.114+0800][9.576s][info][gc,phases   ] GC(130)   Evacuate Collection Set: 1.75ms
[2026-09-03T12:38:01.114+0800][9.576s][info][gc,phases   ] GC(130)   Post Evacuate Collection Set: 0.09ms
[2026-09-03T12:38:01.114+0800][9.576s][info][gc,phases   ] GC(130)   Other: 0.06ms
[2026-09-03T12:38:01.114+0800][9.576s][info][gc,heap     ] GC(130) Eden regions: 92->0(78)
[2026-09-03T12:38:01.114+0800][9.576s][info][gc,heap     ] GC(130) Survivor regions: 14->14(14)
[2026-09-03T12:38:01.114+0800][9.576s][info][gc,heap     ] GC(130) Old regions: 111->130
[2026-09-03T12:38:01.114+0800][9.576s][info][gc,heap     ] GC(130) Humongous regions: 1->1
[2026-09-03T12:38:01.114+0800][9.576s][info][gc,metaspace] GC(130) Metaspace: 1060K(1216K)->1060K(1216K) NonClass: 996K(1088K)->996K(1088K) Class: 64K(128K)->64K(128K)
[2026-09-03T12:38:01.114+0800][9.576s][info][gc          ] GC(130) Pause Young (Concurrent Start) (G1 Evacuation Pause) 217M->144M(256M) 2.138ms
[2026-09-03T12:38:01.114+0800][9.576s][info][gc,cpu      ] GC(130) User=0.02s Sys=0.00s Real=0.00s
[2026-09-03T12:38:01.114+0800][9.576s][info][gc          ] GC(131) Concurrent Mark Cycle
[2026-09-03T12:38:01.114+0800][9.576s][info][gc,marking  ] GC(131) Concurrent Scan Root Regions
[2026-09-03T12:38:01.114+0800][9.576s][info][safepoint   ] Safepoint "G1CollectForAllocation", Time since last: 88231375 ns, Reaching safepoint: 2666 ns, At safepoint: 2166042 ns, Leaving safepoint: 38500 ns, Total: 2207208 ns, Threads: 0 runnable, 42 total
[2026-09-03T12:38:01.116+0800][9.578s][info][gc,marking  ] GC(131) Concurrent Scan Root Regions 2.015ms
[2026-09-03T12:38:01.116+0800][9.578s][info][gc,marking  ] GC(131) Concurrent Mark
[2026-09-03T12:38:01.116+0800][9.578s][info][gc,marking  ] GC(131) Concurrent Mark From Roots
[2026-09-03T12:38:01.116+0800][9.578s][info][gc,task     ] GC(131) Concurrent Mark Using 2 of 2 Workers
[2026-09-03T12:38:01.121+0800][9.583s][info][gc,marking  ] GC(131) Concurrent Mark From Roots 4.641ms
[2026-09-03T12:38:01.121+0800][9.583s][info][gc,marking  ] GC(131) Concurrent Preclean
[2026-09-03T12:38:01.121+0800][9.583s][info][gc,marking  ] GC(131) Concurrent Preclean 0.018ms
[2026-09-03T12:38:01.121+0800][9.583s][info][gc,start    ] GC(131) Pause Remark
[2026-09-03T12:38:01.122+0800][9.583s][info][gc          ] GC(131) Pause Remark 152M->116M(256M) 0.331ms
[2026-09-03T12:38:01.122+0800][9.583s][info][gc,cpu      ] GC(131) User=0.00s Sys=0.00s Real=0.00s
[2026-09-03T12:38:01.122+0800][9.583s][info][safepoint   ] Safepoint "G1PauseRemark", Time since last: 6739500 ns, Reaching safepoint: 33500 ns, At safepoint: 377042 ns, Leaving safepoint: 19541 ns, Total: 430083 ns, Threads: 2 runnable, 42 total
[2026-09-03T12:38:01.122+0800][9.583s][info][gc,marking  ] GC(131) Concurrent Mark 5.219ms
[2026-09-03T12:38:01.122+0800][9.583s][info][gc,marking  ] GC(131) Concurrent Rebuild Remembered Sets and Scrub Regions
[2026-09-03T12:38:01.126+0800][9.587s][info][gc,marking  ] GC(131) Concurrent Rebuild Remembered Sets and Scrub Regions 4.165ms
[2026-09-03T12:38:01.126+0800][9.587s][info][gc,start    ] GC(131) Pause Cleanup
[2026-09-03T12:38:01.126+0800][9.587s][info][gc          ] GC(131) Pause Cleanup 121M->121M(256M) 0.052ms
[2026-09-03T12:38:01.126+0800][9.587s][info][gc,cpu      ] GC(131) User=0.00s Sys=0.00s Real=0.00s
[2026-09-03T12:38:01.126+0800][9.588s][info][safepoint   ] Safepoint "G1PauseCleanup", Time since last: 4318625 ns, Reaching safepoint: 24959 ns, At safepoint: 73708 ns, Leaving safepoint: 30792 ns, Total: 129459 ns, Threads: 3 runnable, 42 total
[2026-09-03T12:38:01.126+0800][9.588s][info][gc,marking  ] GC(131) Concurrent Clear Claimed Marks
[2026-09-03T12:38:01.126+0800][9.588s][info][gc,marking  ] GC(131) Concurrent Clear Claimed Marks 0.018ms
[2026-09-03T12:38:01.126+0800][9.588s][info][gc,marking  ] GC(131) Concurrent Cleanup for Next Mark
[2026-09-03T12:38:01.126+0800][9.588s][info][gc,marking  ] GC(131) Concurrent Cleanup for Next Mark 0.219ms
[2026-09-03T12:38:01.126+0800][9.588s][info][gc          ] GC(131) Concurrent Mark Cycle 12.024ms
[2026-09-03T12:38:01.191+0800][9.652s][info][gc,start    ] GC(132) Pause Young (Prepare Mixed) (G1 Evacuation Pause)
[2026-09-03T12:38:01.191+0800][9.652s][info][gc,task     ] GC(132) Using 9 workers of 9 for evacuation
[2026-09-03T12:38:01.193+0800][9.655s][info][gc,phases   ] GC(132)   Pre Evacuate Collection Set: 0.05ms
[2026-09-03T12:38:01.193+0800][9.655s][info][gc,phases   ] GC(132)   Merge Heap Roots: 0.02ms
[2026-09-03T12:38:01.193+0800][9.655s][info][gc,phases   ] GC(132)   Evacuate Collection Set: 2.13ms
[2026-09-03T12:38:01.193+0800][9.655s][info][gc,phases   ] GC(132)   Post Evacuate Collection Set: 0.14ms
[2026-09-03T12:38:01.193+0800][9.655s][info][gc,phases   ] GC(132)   Other: 0.09ms
[2026-09-03T12:38:01.193+0800][9.655s][info][gc,heap     ] GC(132) Eden regions: 78->0(92)
[2026-09-03T12:38:01.193+0800][9.655s][info][gc,heap     ] GC(132) Survivor regions: 14->12(12)
[2026-09-03T12:38:01.193+0800][9.655s][info][gc,heap     ] GC(132) Old regions: 94->112
[2026-09-03T12:38:01.193+0800][9.655s][info][gc,heap     ] GC(132) Humongous regions: 1->1
[2026-09-03T12:38:01.193+0800][9.655s][info][gc,metaspace] GC(132) Metaspace: 1060K(1216K)->1060K(1216K) NonClass: 996K(1088K)->996K(1088K) Class: 64K(128K)->64K(128K)
[2026-09-03T12:38:01.193+0800][9.655s][info][gc          ] GC(132) Pause Young (Prepare Mixed) (G1 Evacuation Pause) 186M->124M(256M) 2.584ms
[2026-09-03T12:38:01.193+0800][9.655s][info][gc,cpu      ] GC(132) User=0.01s Sys=0.00s Real=0.00s
[2026-09-03T12:38:01.193+0800][9.655s][info][safepoint   ] Safepoint "G1CollectForAllocation", Time since last: 64569666 ns, Reaching safepoint: 2625 ns, At safepoint: 2613959 ns, Leaving safepoint: 23458 ns, Total: 2640042 ns, Threads: 0 runnable, 42 total
[2026-09-03T12:38:01.285+0800][9.746s][info][gc,start    ] GC(133) Pause Young (Mixed) (G1 Evacuation Pause)
[2026-09-03T12:38:01.285+0800][9.746s][info][gc,task     ] GC(133) Using 9 workers of 9 for evacuation
[2026-09-03T12:38:01.287+0800][9.748s][info][gc,phases   ] GC(133)   Pre Evacuate Collection Set: 0.08ms
[2026-09-03T12:38:01.287+0800][9.748s][info][gc,phases   ] GC(133)   Merge Heap Roots: 0.04ms
[2026-09-03T12:38:01.287+0800][9.748s][info][gc,phases   ] GC(133)   Evacuate Collection Set: 1.85ms
[2026-09-03T12:38:01.287+0800][9.748s][info][gc,phases   ] GC(133)   Post Evacuate Collection Set: 0.11ms
[2026-09-03T12:38:01.287+0800][9.748s][info][gc,phases   ] GC(133)   Other: 0.06ms
[2026-09-03T12:38:01.287+0800][9.748s][info][gc,heap     ] GC(133) Eden regions: 92->0(100)
[2026-09-03T12:38:01.287+0800][9.748s][info][gc,heap     ] GC(133) Survivor regions: 12->13(13)
[2026-09-03T12:38:01.287+0800][9.748s][info][gc,heap     ] GC(133) Old regions: 112->100
[2026-09-03T12:38:01.287+0800][9.748s][info][gc,heap     ] GC(133) Humongous regions: 1->1
[2026-09-03T12:38:01.287+0800][9.748s][info][gc,metaspace] GC(133) Metaspace: 1060K(1216K)->1060K(1216K) NonClass: 996K(1088K)->996K(1088K) Class: 64K(128K)->64K(128K)
[2026-09-03T12:38:01.287+0800][9.748s][info][gc          ] GC(133) Pause Young (Mixed) (G1 Evacuation Pause) 216M->113M(256M) 2.257ms
[2026-09-03T12:38:01.287+0800][9.748s][info][gc,cpu      ] GC(133) User=0.02s Sys=0.00s Real=0.00s
[2026-09-03T12:38:01.287+0800][9.748s][info][safepoint   ] Safepoint "G1CollectForAllocation", Time since last: 91245250 ns, Reaching safepoint: 42125 ns, At safepoint: 2280625 ns, Leaving safepoint: 40583 ns, Total: 2363333 ns, Threads: 2 runnable, 42 total
[2026-09-03T12:38:01.381+0800][9.843s][info][gc,start    ] GC(134) Pause Young (Mixed) (G1 Evacuation Pause)
[2026-09-03T12:38:01.382+0800][9.843s][info][gc,task     ] GC(134) Using 9 workers of 9 for evacuation
[2026-09-03T12:38:01.384+0800][9.845s][info][gc,phases   ] GC(134)   Pre Evacuate Collection Set: 0.04ms
[2026-09-03T12:38:01.384+0800][9.845s][info][gc,phases   ] GC(134)   Merge Heap Roots: 0.03ms
[2026-09-03T12:38:01.384+0800][9.845s][info][gc,phases   ] GC(134)   Evacuate Collection Set: 2.22ms
[2026-09-03T12:38:01.384+0800][9.845s][info][gc,phases   ] GC(134)   Post Evacuate Collection Set: 0.08ms
[2026-09-03T12:38:01.384+0800][9.845s][info][gc,phases   ] GC(134)   Other: 0.07ms
[2026-09-03T12:38:01.384+0800][9.845s][info][gc,heap     ] GC(134) Eden regions: 100->0(91)
[2026-09-03T12:38:01.384+0800][9.845s][info][gc,heap     ] GC(134) Survivor regions: 13->15(15)
[2026-09-03T12:38:01.384+0800][9.845s][info][gc,heap     ] GC(134) Old regions: 100->111
[2026-09-03T12:38:01.384+0800][9.845s][info][gc,heap     ] GC(134) Humongous regions: 1->1
[2026-09-03T12:38:01.384+0800][9.845s][info][gc,metaspace] GC(134) Metaspace: 1060K(1216K)->1060K(1216K) NonClass: 996K(1088K)->996K(1088K) Class: 64K(128K)->64K(128K)
[2026-09-03T12:38:01.384+0800][9.845s][info][gc          ] GC(134) Pause Young (Mixed) (G1 Evacuation Pause) 213M->127M(256M) 2.590ms
[2026-09-03T12:38:01.384+0800][9.845s][info][gc,cpu      ] GC(134) User=0.01s Sys=0.00s Real=0.00s
[2026-09-03T12:38:01.384+0800][9.846s][info][safepoint   ] Safepoint "G1CollectForAllocation", Time since last: 94522167 ns, Reaching safepoint: 24333 ns, At safepoint: 2622792 ns, Leaving safepoint: 44958 ns, Total: 2692083 ns, Threads: 2 runnable, 42 total
[2026-09-03T12:38:01.464+0800][9.926s][info][gc,start    ] GC(135) Pause Young (Concurrent Start) (G1 Evacuation Pause)
[2026-09-03T12:38:01.464+0800][9.926s][info][gc,task     ] GC(135) Using 9 workers of 9 for evacuation
[2026-09-03T12:38:01.467+0800][9.928s][info][gc,phases   ] GC(135)   Pre Evacuate Collection Set: 0.06ms
[2026-09-03T12:38:01.467+0800][9.928s][info][gc,phases   ] GC(135)   Merge Heap Roots: 0.02ms
[2026-09-03T12:38:01.467+0800][9.928s][info][gc,phases   ] GC(135)   Evacuate Collection Set: 1.90ms
[2026-09-03T12:38:01.467+0800][9.928s][info][gc,phases   ] GC(135)   Post Evacuate Collection Set: 0.11ms
[2026-09-03T12:38:01.467+0800][9.928s][info][gc,phases   ] GC(135)   Other: 0.06ms
[2026-09-03T12:38:01.467+0800][9.928s][info][gc,heap     ] GC(135) Eden regions: 91->0(78)
[2026-09-03T12:38:01.467+0800][9.928s][info][gc,heap     ] GC(135) Survivor regions: 15->14(14)
[2026-09-03T12:38:01.467+0800][9.928s][info][gc,heap     ] GC(135) Old regions: 111->131
[2026-09-03T12:38:01.467+0800][9.928s][info][gc,heap     ] GC(135) Humongous regions: 1->1
[2026-09-03T12:38:01.467+0800][9.928s][info][gc,metaspace] GC(135) Metaspace: 1060K(1216K)->1060K(1216K) NonClass: 996K(1088K)->996K(1088K) Class: 64K(128K)->64K(128K)
[2026-09-03T12:38:01.467+0800][9.928s][info][gc          ] GC(135) Pause Young (Concurrent Start) (G1 Evacuation Pause) 218M->145M(256M) 2.301ms
[2026-09-03T12:38:01.467+0800][9.928s][info][gc          ] GC(136) Concurrent Mark Cycle
[2026-09-03T12:38:01.467+0800][9.928s][info][gc,cpu      ] GC(135) User=0.01s Sys=0.00s Real=0.00s
[2026-09-03T12:38:01.467+0800][9.928s][info][gc,marking  ] GC(136) Concurrent Scan Root Regions
[2026-09-03T12:38:01.467+0800][9.928s][info][safepoint   ] Safepoint "G1CollectForAllocation", Time since last: 80211167 ns, Reaching safepoint: 48333 ns, At safepoint: 2353750 ns, Leaving safepoint: 47375 ns, Total: 2449458 ns, Threads: 1 runnable, 42 total
[2026-09-03T12:38:01.469+0800][9.930s][info][gc,marking  ] GC(136) Concurrent Scan Root Regions 2.148ms
[2026-09-03T12:38:01.469+0800][9.930s][info][gc,marking  ] GC(136) Concurrent Mark
[2026-09-03T12:38:01.469+0800][9.930s][info][gc,marking  ] GC(136) Concurrent Mark From Roots
[2026-09-03T12:38:01.469+0800][9.930s][info][gc,task     ] GC(136) Concurrent Mark Using 2 of 2 Workers
[2026-09-03T12:38:01.472+0800][9.934s][info][gc,marking  ] GC(136) Concurrent Mark From Roots 3.422ms
[2026-09-03T12:38:01.472+0800][9.934s][info][gc,marking  ] GC(136) Concurrent Preclean
[2026-09-03T12:38:01.472+0800][9.934s][info][gc,marking  ] GC(136) Concurrent Preclean 0.009ms
[2026-09-03T12:38:01.472+0800][9.934s][info][gc,start    ] GC(136) Pause Remark
[2026-09-03T12:38:01.473+0800][9.934s][info][gc          ] GC(136) Pause Remark 151M->120M(256M) 0.348ms
[2026-09-03T12:38:01.473+0800][9.934s][info][gc,cpu      ] GC(136) User=0.00s Sys=0.00s Real=0.00s
[2026-09-03T12:38:01.473+0800][9.934s][info][safepoint   ] Safepoint "G1PauseRemark", Time since last: 5589625 ns, Reaching safepoint: 2084 ns, At safepoint: 369958 ns, Leaving safepoint: 27458 ns, Total: 399500 ns, Threads: 0 runnable, 42 total
[2026-09-03T12:38:01.473+0800][9.934s][info][gc,marking  ] GC(136) Concurrent Mark 3.876ms
[2026-09-03T12:38:01.473+0800][9.934s][info][gc,marking  ] GC(136) Concurrent Rebuild Remembered Sets and Scrub Regions
[2026-09-03T12:38:01.477+0800][9.939s][info][gc,marking  ] GC(136) Concurrent Rebuild Remembered Sets and Scrub Regions 4.411ms
[2026-09-03T12:38:01.477+0800][9.939s][info][gc,start    ] GC(136) Pause Cleanup
[2026-09-03T12:38:01.477+0800][9.939s][info][gc          ] GC(136) Pause Cleanup 125M->125M(256M) 0.035ms
[2026-09-03T12:38:01.477+0800][9.939s][info][gc,cpu      ] GC(136) User=0.00s Sys=0.00s Real=0.00s
[2026-09-03T12:38:01.477+0800][9.939s][info][safepoint   ] Safepoint "G1PauseCleanup", Time since last: 4456042 ns, Reaching safepoint: 2292 ns, At safepoint: 54333 ns, Leaving safepoint: 14042 ns, Total: 70667 ns, Threads: 0 runnable, 42 total
[2026-09-03T12:38:01.477+0800][9.939s][info][gc,marking  ] GC(136) Concurrent Clear Claimed Marks
[2026-09-03T12:38:01.477+0800][9.939s][info][gc,marking  ] GC(136) Concurrent Clear Claimed Marks 0.033ms
[2026-09-03T12:38:01.477+0800][9.939s][info][gc,marking  ] GC(136) Concurrent Cleanup for Next Mark
[2026-09-03T12:38:01.477+0800][9.939s][info][gc,marking  ] GC(136) Concurrent Cleanup for Next Mark 0.100ms
[2026-09-03T12:38:01.477+0800][9.939s][info][gc          ] GC(136) Concurrent Mark Cycle 10.754ms
[2026-09-03T12:38:01.540+0800][10.002s][info][gc,start    ] GC(137) Pause Young (Prepare Mixed) (G1 Evacuation Pause)
[2026-09-03T12:38:01.540+0800][10.002s][info][gc,task     ] GC(137) Using 9 workers of 9 for evacuation
[2026-09-03T12:38:01.542+0800][10.004s][info][gc,phases   ] GC(137)   Pre Evacuate Collection Set: 0.05ms
[2026-09-03T12:38:01.542+0800][10.004s][info][gc,phases   ] GC(137)   Merge Heap Roots: 0.03ms
[2026-09-03T12:38:01.542+0800][10.004s][info][gc,phases   ] GC(137)   Evacuate Collection Set: 1.87ms
[2026-09-03T12:38:01.542+0800][10.004s][info][gc,phases   ] GC(137)   Post Evacuate Collection Set: 0.10ms
[2026-09-03T12:38:01.542+0800][10.004s][info][gc,phases   ] GC(137)   Other: 0.05ms
[2026-09-03T12:38:01.542+0800][10.004s][info][gc,heap     ] GC(137) Eden regions: 78->0(88)
[2026-09-03T12:38:01.542+0800][10.004s][info][gc,heap     ] GC(137) Survivor regions: 14->12(12)
[2026-09-03T12:38:01.542+0800][10.004s][info][gc,heap     ] GC(137) Old regions: 100->118
[2026-09-03T12:38:01.542+0800][10.004s][info][gc,heap     ] GC(137) Humongous regions: 1->1
[2026-09-03T12:38:01.542+0800][10.004s][info][gc,metaspace] GC(137) Metaspace: 1060K(1216K)->1060K(1216K) NonClass: 996K(1088K)->996K(1088K) Class: 64K(128K)->64K(128K)
[2026-09-03T12:38:01.542+0800][10.004s][info][gc          ] GC(137) Pause Young (Prepare Mixed) (G1 Evacuation Pause) 192M->130M(256M) 2.210ms
[2026-09-03T12:38:01.542+0800][10.004s][info][gc,cpu      ] GC(137) User=0.02s Sys=0.00s Real=0.00s
[2026-09-03T12:38:01.542+0800][10.004s][info][safepoint   ] Safepoint "G1CollectForAllocation", Time since last: 62806791 ns, Reaching safepoint: 26417 ns, At safepoint: 2249375 ns, Leaving safepoint: 41750 ns, Total: 2317542 ns, Threads: 2 runnable, 42 total
[2026-09-03T12:38:01.626+0800][10.087s][info][gc,start    ] GC(138) Pause Young (Mixed) (G1 Evacuation Pause)
[2026-09-03T12:38:01.626+0800][10.087s][info][gc,task     ] GC(138) Using 9 workers of 9 for evacuation
[2026-09-03T12:38:01.628+0800][10.089s][info][gc,phases   ] GC(138)   Pre Evacuate Collection Set: 0.05ms
[2026-09-03T12:38:01.628+0800][10.089s][info][gc,phases   ] GC(138)   Merge Heap Roots: 0.04ms
[2026-09-03T12:38:01.628+0800][10.089s][info][gc,phases   ] GC(138)   Evacuate Collection Set: 1.86ms
[2026-09-03T12:38:01.628+0800][10.089s][info][gc,phases   ] GC(138)   Post Evacuate Collection Set: 0.10ms
[2026-09-03T12:38:01.628+0800][10.089s][info][gc,phases   ] GC(138)   Other: 0.06ms
[2026-09-03T12:38:01.628+0800][10.089s][info][gc,heap     ] GC(138) Eden regions: 88->0(94)
[2026-09-03T12:38:01.628+0800][10.089s][info][gc,heap     ] GC(138) Survivor regions: 12->13(13)
[2026-09-03T12:38:01.628+0800][10.089s][info][gc,heap     ] GC(138) Old regions: 118->109
[2026-09-03T12:38:01.628+0800][10.089s][info][gc,heap     ] GC(138) Humongous regions: 1->1
[2026-09-03T12:38:01.628+0800][10.089s][info][gc,metaspace] GC(138) Metaspace: 1060K(1216K)->1060K(1216K) NonClass: 996K(1088K)->996K(1088K) Class: 64K(128K)->64K(128K)
[2026-09-03T12:38:01.628+0800][10.089s][info][gc          ] GC(138) Pause Young (Mixed) (G1 Evacuation Pause) 218M->122M(256M) 2.228ms
[2026-09-03T12:38:01.628+0800][10.089s][info][gc,cpu      ] GC(138) User=0.01s Sys=0.00s Real=0.00s
[2026-09-03T12:38:01.628+0800][10.090s][info][safepoint   ] Safepoint "G1CollectForAllocation", Time since last: 83290375 ns, Reaching safepoint: 83958 ns, At safepoint: 2273000 ns, Leaving safepoint: 20917 ns, Total: 2377875 ns, Threads: 3 runnable, 42 total
[2026-09-03T12:38:01.718+0800][10.179s][info][gc,start    ] GC(139) Pause Young (Mixed) (G1 Evacuation Pause)
[2026-09-03T12:38:01.718+0800][10.179s][info][gc,task     ] GC(139) Using 9 workers of 9 for evacuation
[2026-09-03T12:38:01.720+0800][10.181s][info][gc,phases   ] GC(139)   Pre Evacuate Collection Set: 0.06ms
[2026-09-03T12:38:01.720+0800][10.181s][info][gc,phases   ] GC(139)   Merge Heap Roots: 0.04ms
[2026-09-03T12:38:01.720+0800][10.182s][info][gc,phases   ] GC(139)   Evacuate Collection Set: 1.93ms
[2026-09-03T12:38:01.720+0800][10.182s][info][gc,phases   ] GC(139)   Post Evacuate Collection Set: 0.10ms
[2026-09-03T12:38:01.720+0800][10.182s][info][gc,phases   ] GC(139)   Other: 0.10ms
[2026-09-03T12:38:01.720+0800][10.182s][info][gc,heap     ] GC(139) Eden regions: 94->0(92)
[2026-09-03T12:38:01.720+0800][10.182s][info][gc,heap     ] GC(139) Survivor regions: 13->14(14)
[2026-09-03T12:38:01.720+0800][10.182s][info][gc,heap     ] GC(139) Old regions: 109->111
[2026-09-03T12:38:01.720+0800][10.182s][info][gc,heap     ] GC(139) Humongous regions: 1->1
[2026-09-03T12:38:01.720+0800][10.182s][info][gc,metaspace] GC(139) Metaspace: 1060K(1216K)->1060K(1216K) NonClass: 996K(1088K)->996K(1088K) Class: 64K(128K)->64K(128K)
[2026-09-03T12:38:01.720+0800][10.182s][info][gc          ] GC(139) Pause Young (Mixed) (G1 Evacuation Pause) 216M->125M(256M) 2.374ms
[2026-09-03T12:38:01.720+0800][10.182s][info][gc,cpu      ] GC(139) User=0.01s Sys=0.00s Real=0.01s
[2026-09-03T12:38:01.720+0800][10.182s][info][safepoint   ] Safepoint "G1CollectForAllocation", Time since last: 89628708 ns, Reaching safepoint: 24459 ns, At safepoint: 2401166 ns, Leaving safepoint: 37459 ns, Total: 2463084 ns, Threads: 2 runnable, 42 total
[2026-09-03T12:38:01.808+0800][10.269s][info][gc,start    ] GC(140) Pause Young (Concurrent Start) (G1 Evacuation Pause)
[2026-09-03T12:38:01.808+0800][10.269s][info][gc,task     ] GC(140) Using 9 workers of 9 for evacuation
[2026-09-03T12:38:01.810+0800][10.271s][info][gc,phases   ] GC(140)   Pre Evacuate Collection Set: 0.10ms
[2026-09-03T12:38:01.810+0800][10.271s][info][gc,phases   ] GC(140)   Merge Heap Roots: 0.03ms
[2026-09-03T12:38:01.810+0800][10.271s][info][gc,phases   ] GC(140)   Evacuate Collection Set: 1.95ms
[2026-09-03T12:38:01.810+0800][10.271s][info][gc,phases   ] GC(140)   Post Evacuate Collection Set: 0.11ms
[2026-09-03T12:38:01.810+0800][10.271s][info][gc,phases   ] GC(140)   Other: 0.06ms
[2026-09-03T12:38:01.810+0800][10.271s][info][gc,heap     ] GC(140) Eden regions: 92->0(78)
[2026-09-03T12:38:01.810+0800][10.271s][info][gc,heap     ] GC(140) Survivor regions: 14->14(14)
[2026-09-03T12:38:01.810+0800][10.271s][info][gc,heap     ] GC(140) Old regions: 111->130
[2026-09-03T12:38:01.810+0800][10.271s][info][gc,heap     ] GC(140) Humongous regions: 1->1
[2026-09-03T12:38:01.810+0800][10.271s][info][gc,metaspace] GC(140) Metaspace: 1060K(1216K)->1060K(1216K) NonClass: 996K(1088K)->996K(1088K) Class: 64K(128K)->64K(128K)
[2026-09-03T12:38:01.810+0800][10.271s][info][gc          ] GC(140) Pause Young (Concurrent Start) (G1 Evacuation Pause) 217M->144M(256M) 2.381ms
[2026-09-03T12:38:01.810+0800][10.271s][info][gc,cpu      ] GC(140) User=0.01s Sys=0.00s Real=0.01s
[2026-09-03T12:38:01.810+0800][10.271s][info][gc          ] GC(141) Concurrent Mark Cycle
[2026-09-03T12:38:01.810+0800][10.271s][info][gc,marking  ] GC(141) Concurrent Scan Root Regions
[2026-09-03T12:38:01.810+0800][10.272s][info][safepoint   ] Safepoint "G1CollectForAllocation", Time since last: 87444791 ns, Reaching safepoint: 27125 ns, At safepoint: 2415917 ns, Leaving safepoint: 21875 ns, Total: 2464917 ns, Threads: 1 runnable, 42 total
[2026-09-03T12:38:01.812+0800][10.273s][info][gc,marking  ] GC(141) Concurrent Scan Root Regions 1.948ms
[2026-09-03T12:38:01.812+0800][10.273s][info][gc,marking  ] GC(141) Concurrent Mark
[2026-09-03T12:38:01.812+0800][10.273s][info][gc,marking  ] GC(141) Concurrent Mark From Roots
[2026-09-03T12:38:01.812+0800][10.273s][info][gc,task     ] GC(141) Concurrent Mark Using 2 of 2 Workers
[2026-09-03T12:38:01.817+0800][10.278s][info][gc,marking  ] GC(141) Concurrent Mark From Roots 4.710ms
[2026-09-03T12:38:01.817+0800][10.278s][info][gc,marking  ] GC(141) Concurrent Preclean
[2026-09-03T12:38:01.817+0800][10.278s][info][gc,marking  ] GC(141) Concurrent Preclean 0.011ms
[2026-09-03T12:38:01.817+0800][10.278s][info][gc,start    ] GC(141) Pause Remark
[2026-09-03T12:38:01.817+0800][10.279s][info][gc          ] GC(141) Pause Remark 152M->120M(256M) 0.364ms
[2026-09-03T12:38:01.817+0800][10.279s][info][gc,cpu      ] GC(141) User=0.00s Sys=0.01s Real=0.00s
[2026-09-03T12:38:01.817+0800][10.279s][info][safepoint   ] Safepoint "G1PauseRemark", Time since last: 6757083 ns, Reaching safepoint: 73334 ns, At safepoint: 388583 ns, Leaving safepoint: 20000 ns, Total: 481917 ns, Threads: 2 runnable, 42 total
[2026-09-03T12:38:01.817+0800][10.279s][info][gc,marking  ] GC(141) Concurrent Mark 5.357ms
[2026-09-03T12:38:01.817+0800][10.279s][info][gc,marking  ] GC(141) Concurrent Rebuild Remembered Sets and Scrub Regions
[2026-09-03T12:38:01.821+0800][10.282s][info][gc,marking  ] GC(141) Concurrent Rebuild Remembered Sets and Scrub Regions 3.546ms
[2026-09-03T12:38:01.821+0800][10.282s][info][gc,start    ] GC(141) Pause Cleanup
[2026-09-03T12:38:01.821+0800][10.283s][info][gc          ] GC(141) Pause Cleanup 123M->123M(256M) 0.035ms
[2026-09-03T12:38:01.821+0800][10.283s][info][gc,cpu      ] GC(141) User=0.00s Sys=0.00s Real=0.00s
[2026-09-03T12:38:01.821+0800][10.283s][info][safepoint   ] Safepoint "G1PauseCleanup", Time since last: 3684292 ns, Reaching safepoint: 39625 ns, At safepoint: 52208 ns, Leaving safepoint: 16542 ns, Total: 108375 ns, Threads: 1 runnable, 42 total
[2026-09-03T12:38:01.821+0800][10.283s][info][gc,marking  ] GC(141) Concurrent Clear Claimed Marks
[2026-09-03T12:38:01.821+0800][10.283s][info][gc,marking  ] GC(141) Concurrent Clear Claimed Marks 0.006ms
[2026-09-03T12:38:01.821+0800][10.283s][info][gc,marking  ] GC(141) Concurrent Cleanup for Next Mark
[2026-09-03T12:38:01.821+0800][10.283s][info][gc,marking  ] GC(141) Concurrent Cleanup for Next Mark 0.178ms
[2026-09-03T12:38:01.821+0800][10.283s][info][gc          ] GC(141) Concurrent Mark Cycle 11.354ms
[2026-09-03T12:38:01.885+0800][10.346s][info][gc,start    ] GC(142) Pause Young (Prepare Mixed) (G1 Evacuation Pause)
[2026-09-03T12:38:01.885+0800][10.346s][info][gc,task     ] GC(142) Using 9 workers of 9 for evacuation
[2026-09-03T12:38:01.887+0800][10.348s][info][gc,phases   ] GC(142)   Pre Evacuate Collection Set: 0.09ms
[2026-09-03T12:38:01.887+0800][10.348s][info][gc,phases   ] GC(142)   Merge Heap Roots: 0.02ms
[2026-09-03T12:38:01.887+0800][10.348s][info][gc,phases   ] GC(142)   Evacuate Collection Set: 1.69ms
[2026-09-03T12:38:01.887+0800][10.348s][info][gc,phases   ] GC(142)   Post Evacuate Collection Set: 0.10ms
[2026-09-03T12:38:01.887+0800][10.348s][info][gc,phases   ] GC(142)   Other: 0.07ms
[2026-09-03T12:38:01.887+0800][10.348s][info][gc,heap     ] GC(142) Eden regions: 78->0(90)
[2026-09-03T12:38:01.887+0800][10.348s][info][gc,heap     ] GC(142) Survivor regions: 14->12(12)
[2026-09-03T12:38:01.887+0800][10.348s][info][gc,heap     ] GC(142) Old regions: 98->115
[2026-09-03T12:38:01.887+0800][10.348s][info][gc,heap     ] GC(142) Humongous regions: 1->1
[2026-09-03T12:38:01.887+0800][10.348s][info][gc,metaspace] GC(142) Metaspace: 1060K(1216K)->1060K(1216K) NonClass: 996K(1088K)->996K(1088K) Class: 64K(128K)->64K(128K)
[2026-09-03T12:38:01.887+0800][10.349s][info][gc          ] GC(142) Pause Young (Prepare Mixed) (G1 Evacuation Pause) 190M->128M(256M) 2.065ms
[2026-09-03T12:38:01.887+0800][10.349s][info][gc,cpu      ] GC(142) User=0.01s Sys=0.01s Real=0.00s
[2026-09-03T12:38:01.887+0800][10.349s][info][safepoint   ] Safepoint "G1CollectForAllocation", Time since last: 63884583 ns, Reaching safepoint: 2208 ns, At safepoint: 2092000 ns, Leaving safepoint: 38542 ns, Total: 2132750 ns, Threads: 0 runnable, 42 total
[2026-09-03T12:38:01.973+0800][10.434s][info][gc,start    ] GC(143) Pause Young (Mixed) (G1 Evacuation Pause)
[2026-09-03T12:38:01.973+0800][10.434s][info][gc,task     ] GC(143) Using 9 workers of 9 for evacuation
[2026-09-03T12:38:01.975+0800][10.436s][info][gc,phases   ] GC(143)   Pre Evacuate Collection Set: 0.08ms
[2026-09-03T12:38:01.975+0800][10.436s][info][gc,phases   ] GC(143)   Merge Heap Roots: 0.04ms
[2026-09-03T12:38:01.975+0800][10.436s][info][gc,phases   ] GC(143)   Evacuate Collection Set: 1.92ms
[2026-09-03T12:38:01.975+0800][10.436s][info][gc,phases   ] GC(143)   Post Evacuate Collection Set: 0.11ms
[2026-09-03T12:38:01.975+0800][10.436s][info][gc,phases   ] GC(143)   Other: 0.06ms
[2026-09-03T12:38:01.975+0800][10.436s][info][gc,heap     ] GC(143) Eden regions: 90->0(98)
[2026-09-03T12:38:01.975+0800][10.436s][info][gc,heap     ] GC(143) Survivor regions: 12->13(13)
[2026-09-03T12:38:01.975+0800][10.436s][info][gc,heap     ] GC(143) Old regions: 115->103
[2026-09-03T12:38:01.975+0800][10.436s][info][gc,heap     ] GC(143) Humongous regions: 1->1
[2026-09-03T12:38:01.975+0800][10.436s][info][gc,metaspace] GC(143) Metaspace: 1060K(1216K)->1060K(1216K) NonClass: 996K(1088K)->996K(1088K) Class: 64K(128K)->64K(128K)
[2026-09-03T12:38:01.975+0800][10.436s][info][gc          ] GC(143) Pause Young (Mixed) (G1 Evacuation Pause) 218M->116M(256M) 2.313ms
[2026-09-03T12:38:01.975+0800][10.436s][info][gc,cpu      ] GC(143) User=0.02s Sys=0.00s Real=0.00s
[2026-09-03T12:38:01.975+0800][10.436s][info][safepoint   ] Safepoint "G1CollectForAllocation", Time since last: 85428583 ns, Reaching safepoint: 3000 ns, At safepoint: 2341709 ns, Leaving safepoint: 45250 ns, Total: 2389959 ns, Threads: 0 runnable, 42 total
[2026-09-03T12:38:02.123+0800][10.584s][info][gc,start    ] GC(144) Pause Young (Mixed) (G1 Evacuation Pause)
[2026-09-03T12:38:02.123+0800][10.584s][info][gc,task     ] GC(144) Using 9 workers of 9 for evacuation
[2026-09-03T12:38:02.125+0800][10.586s][info][gc,phases   ] GC(144)   Pre Evacuate Collection Set: 0.07ms
[2026-09-03T12:38:02.125+0800][10.586s][info][gc,phases   ] GC(144)   Merge Heap Roots: 0.03ms
[2026-09-03T12:38:02.125+0800][10.586s][info][gc,phases   ] GC(144)   Evacuate Collection Set: 1.87ms
[2026-09-03T12:38:02.125+0800][10.586s][info][gc,phases   ] GC(144)   Post Evacuate Collection Set: 0.09ms
[2026-09-03T12:38:02.125+0800][10.586s][info][gc,phases   ] GC(144)   Other: 0.06ms
[2026-09-03T12:38:02.125+0800][10.586s][info][gc,heap     ] GC(144) Eden regions: 98->0(92)
[2026-09-03T12:38:02.125+0800][10.587s][info][gc,heap     ] GC(144) Survivor regions: 13->14(14)
[2026-09-03T12:38:02.125+0800][10.587s][info][gc,heap     ] GC(144) Old regions: 103->111
[2026-09-03T12:38:02.125+0800][10.587s][info][gc,heap     ] GC(144) Humongous regions: 1->1
[2026-09-03T12:38:02.125+0800][10.587s][info][gc,metaspace] GC(144) Metaspace: 1060K(1216K)->1060K(1216K) NonClass: 996K(1088K)->996K(1088K) Class: 64K(128K)->64K(128K)
[2026-09-03T12:38:02.125+0800][10.587s][info][gc          ] GC(144) Pause Young (Mixed) (G1 Evacuation Pause) 214M->126M(256M) 2.269ms
[2026-09-03T12:38:02.125+0800][10.587s][info][gc,cpu      ] GC(144) User=0.02s Sys=0.00s Real=0.00s
[2026-09-03T12:38:02.125+0800][10.587s][info][safepoint   ] Safepoint "G1CollectForAllocation", Time since last: 147871833 ns, Reaching safepoint: 2292 ns, At safepoint: 2295250 ns, Leaving safepoint: 28708 ns, Total: 2326250 ns, Threads: 0 runnable, 42 total
[2026-09-03T12:38:02.404+0800][10.865s][info][gc,start    ] GC(145) Pause Young (Concurrent Start) (G1 Evacuation Pause)
[2026-09-03T12:38:02.404+0800][10.865s][info][gc,task     ] GC(145) Using 9 workers of 9 for evacuation
[2026-09-03T12:38:02.406+0800][10.867s][info][gc,phases   ] GC(145)   Pre Evacuate Collection Set: 0.08ms
[2026-09-03T12:38:02.406+0800][10.867s][info][gc,phases   ] GC(145)   Merge Heap Roots: 0.03ms
[2026-09-03T12:38:02.406+0800][10.867s][info][gc,phases   ] GC(145)   Evacuate Collection Set: 1.82ms
[2026-09-03T12:38:02.406+0800][10.867s][info][gc,phases   ] GC(145)   Post Evacuate Collection Set: 0.08ms
[2026-09-03T12:38:02.406+0800][10.867s][info][gc,phases   ] GC(145)   Other: 0.06ms
[2026-09-03T12:38:02.406+0800][10.867s][info][gc,heap     ] GC(145) Eden regions: 92->0(78)
[2026-09-03T12:38:02.406+0800][10.867s][info][gc,heap     ] GC(145) Survivor regions: 14->14(14)
[2026-09-03T12:38:02.406+0800][10.867s][info][gc,heap     ] GC(145) Old regions: 111->130
[2026-09-03T12:38:02.406+0800][10.867s][info][gc,heap     ] GC(145) Humongous regions: 1->1
[2026-09-03T12:38:02.406+0800][10.867s][info][gc,metaspace] GC(145) Metaspace: 1060K(1216K)->1060K(1216K) NonClass: 996K(1088K)->996K(1088K) Class: 64K(128K)->64K(128K)
[2026-09-03T12:38:02.406+0800][10.867s][info][gc          ] GC(145) Pause Young (Concurrent Start) (G1 Evacuation Pause) 218M->145M(256M) 2.168ms
[2026-09-03T12:38:02.406+0800][10.867s][info][gc,cpu      ] GC(145) User=0.01s Sys=0.00s Real=0.00s
[2026-09-03T12:38:02.406+0800][10.867s][info][gc          ] GC(146) Concurrent Mark Cycle
[2026-09-03T12:38:02.406+0800][10.867s][info][gc,marking  ] GC(146) Concurrent Scan Root Regions
[2026-09-03T12:38:02.406+0800][10.867s][info][safepoint   ] Safepoint "G1CollectForAllocation", Time since last: 278526667 ns, Reaching safepoint: 2125 ns, At safepoint: 2195583 ns, Leaving safepoint: 22125 ns, Total: 2219833 ns, Threads: 0 runnable, 42 total
[2026-09-03T12:38:02.408+0800][10.869s][info][gc,marking  ] GC(146) Concurrent Scan Root Regions 1.940ms
[2026-09-03T12:38:02.408+0800][10.869s][info][gc,marking  ] GC(146) Concurrent Mark
[2026-09-03T12:38:02.408+0800][10.869s][info][gc,marking  ] GC(146) Concurrent Mark From Roots
[2026-09-03T12:38:02.408+0800][10.869s][info][gc,task     ] GC(146) Concurrent Mark Using 2 of 2 Workers
[2026-09-03T12:38:02.412+0800][10.873s][info][gc,marking  ] GC(146) Concurrent Mark From Roots 3.788ms
[2026-09-03T12:38:02.412+0800][10.873s][info][gc,marking  ] GC(146) Concurrent Preclean
[2026-09-03T12:38:02.412+0800][10.873s][info][gc,marking  ] GC(146) Concurrent Preclean 0.011ms
[2026-09-03T12:38:02.412+0800][10.873s][info][gc,start    ] GC(146) Pause Remark
[2026-09-03T12:38:02.412+0800][10.873s][info][gc          ] GC(146) Pause Remark 148M->112M(256M) 0.346ms
[2026-09-03T12:38:02.412+0800][10.873s][info][gc,cpu      ] GC(146) User=0.01s Sys=0.00s Real=0.00s
[2026-09-03T12:38:02.412+0800][10.874s][info][safepoint   ] Safepoint "G1PauseRemark", Time since last: 5792167 ns, Reaching safepoint: 2125 ns, At safepoint: 371250 ns, Leaving safepoint: 17375 ns, Total: 390750 ns, Threads: 0 runnable, 42 total
[2026-09-03T12:38:02.412+0800][10.874s][info][gc,marking  ] GC(146) Concurrent Mark 4.285ms
[2026-09-03T12:38:02.412+0800][10.874s][info][gc,marking  ] GC(146) Concurrent Rebuild Remembered Sets and Scrub Regions
[2026-09-03T12:38:02.415+0800][10.876s][info][gc,marking  ] GC(146) Concurrent Rebuild Remembered Sets and Scrub Regions 2.857ms
[2026-09-03T12:38:02.415+0800][10.876s][info][gc,start    ] GC(146) Pause Cleanup
[2026-09-03T12:38:02.415+0800][10.876s][info][gc          ] GC(146) Pause Cleanup 114M->114M(256M) 0.031ms
[2026-09-03T12:38:02.415+0800][10.876s][info][gc,cpu      ] GC(146) User=0.00s Sys=0.00s Real=0.00s
[2026-09-03T12:38:02.415+0800][10.876s][info][safepoint   ] Safepoint "G1PauseCleanup", Time since last: 2926250 ns, Reaching safepoint: 1458 ns, At safepoint: 47125 ns, Leaving safepoint: 2458 ns, Total: 51041 ns, Threads: 0 runnable, 42 total
[2026-09-03T12:38:02.415+0800][10.876s][info][gc,marking  ] GC(146) Concurrent Clear Claimed Marks
[2026-09-03T12:38:02.415+0800][10.876s][info][gc,marking  ] GC(146) Concurrent Clear Claimed Marks 0.004ms
[2026-09-03T12:38:02.415+0800][10.876s][info][gc,marking  ] GC(146) Concurrent Cleanup for Next Mark
[2026-09-03T12:38:02.415+0800][10.877s][info][gc,marking  ] GC(146) Concurrent Cleanup for Next Mark 0.093ms
[2026-09-03T12:38:02.415+0800][10.877s][info][gc          ] GC(146) Concurrent Mark Cycle 9.310ms
[2026-09-03T12:38:02.640+0800][11.102s][info][gc,start    ] GC(147) Pause Young (Prepare Mixed) (G1 Evacuation Pause)
[2026-09-03T12:38:02.640+0800][11.102s][info][gc,task     ] GC(147) Using 9 workers of 9 for evacuation
[2026-09-03T12:38:02.643+0800][11.104s][info][gc,phases   ] GC(147)   Pre Evacuate Collection Set: 0.06ms
[2026-09-03T12:38:02.643+0800][11.104s][info][gc,phases   ] GC(147)   Merge Heap Roots: 0.03ms
[2026-09-03T12:38:02.643+0800][11.104s][info][gc,phases   ] GC(147)   Evacuate Collection Set: 2.15ms
[2026-09-03T12:38:02.643+0800][11.104s][info][gc,phases   ] GC(147)   Post Evacuate Collection Set: 0.10ms
[2026-09-03T12:38:02.643+0800][11.104s][info][gc,phases   ] GC(147)   Other: 0.06ms
[2026-09-03T12:38:02.643+0800][11.104s][info][gc,heap     ] GC(147) Eden regions: 78->0(92)
[2026-09-03T12:38:02.643+0800][11.104s][info][gc,heap     ] GC(147) Survivor regions: 14->12(12)
[2026-09-03T12:38:02.643+0800][11.104s][info][gc,heap     ] GC(147) Old regions: 94->112
[2026-09-03T12:38:02.643+0800][11.104s][info][gc,heap     ] GC(147) Humongous regions: 1->1
[2026-09-03T12:38:02.643+0800][11.104s][info][gc,metaspace] GC(147) Metaspace: 1060K(1216K)->1060K(1216K) NonClass: 996K(1088K)->996K(1088K) Class: 64K(128K)->64K(128K)
[2026-09-03T12:38:02.643+0800][11.104s][info][gc          ] GC(147) Pause Young (Prepare Mixed) (G1 Evacuation Pause) 187M->124M(256M) 2.531ms
[2026-09-03T12:38:02.643+0800][11.104s][info][gc,cpu      ] GC(147) User=0.01s Sys=0.00s Real=0.00s
[2026-09-03T12:38:02.643+0800][11.104s][info][safepoint   ] Safepoint "G1CollectForAllocation", Time since last: 225277084 ns, Reaching safepoint: 17208 ns, At safepoint: 2569542 ns, Leaving safepoint: 43416 ns, Total: 2630166 ns, Threads: 1 runnable, 42 total
[2026-09-03T12:38:02.918+0800][11.379s][info][gc,start    ] GC(148) Pause Young (Mixed) (G1 Evacuation Pause)
[2026-09-03T12:38:02.918+0800][11.379s][info][gc,task     ] GC(148) Using 9 workers of 9 for evacuation
[2026-09-03T12:38:02.920+0800][11.382s][info][gc,phases   ] GC(148)   Pre Evacuate Collection Set: 0.08ms
[2026-09-03T12:38:02.920+0800][11.382s][info][gc,phases   ] GC(148)   Merge Heap Roots: 0.05ms
[2026-09-03T12:38:02.920+0800][11.382s][info][gc,phases   ] GC(148)   Evacuate Collection Set: 1.95ms
[2026-09-03T12:38:02.920+0800][11.382s][info][gc,phases   ] GC(148)   Post Evacuate Collection Set: 0.11ms
[2026-09-03T12:38:02.920+0800][11.382s][info][gc,phases   ] GC(148)   Other: 0.07ms
[2026-09-03T12:38:02.920+0800][11.382s][info][gc,heap     ] GC(148) Eden regions: 92->0(100)
[2026-09-03T12:38:02.920+0800][11.382s][info][gc,heap     ] GC(148) Survivor regions: 12->13(13)
[2026-09-03T12:38:02.920+0800][11.382s][info][gc,heap     ] GC(148) Old regions: 112->100
[2026-09-03T12:38:02.920+0800][11.382s][info][gc,heap     ] GC(148) Humongous regions: 1->1
[2026-09-03T12:38:02.920+0800][11.382s][info][gc,metaspace] GC(148) Metaspace: 1060K(1216K)->1060K(1216K) NonClass: 996K(1088K)->996K(1088K) Class: 64K(128K)->64K(128K)
[2026-09-03T12:38:02.920+0800][11.382s][info][gc          ] GC(148) Pause Young (Mixed) (G1 Evacuation Pause) 216M->113M(256M) 2.380ms
[2026-09-03T12:38:02.920+0800][11.382s][info][gc,cpu      ] GC(148) User=0.02s Sys=0.00s Real=0.01s
[2026-09-03T12:38:02.920+0800][11.382s][info][safepoint   ] Safepoint "G1CollectForAllocation", Time since last: 275053417 ns, Reaching safepoint: 2792 ns, At safepoint: 2406083 ns, Leaving safepoint: 44333 ns, Total: 2453208 ns, Threads: 0 runnable, 42 total
[2026-09-03T12:38:03.221+0800][11.682s][info][gc,start    ] GC(149) Pause Young (Mixed) (G1 Evacuation Pause)
[2026-09-03T12:38:03.221+0800][11.682s][info][gc,task     ] GC(149) Using 9 workers of 9 for evacuation
[2026-09-03T12:38:03.223+0800][11.685s][info][gc,phases   ] GC(149)   Pre Evacuate Collection Set: 0.08ms
[2026-09-03T12:38:03.223+0800][11.685s][info][gc,phases   ] GC(149)   Merge Heap Roots: 0.04ms
[2026-09-03T12:38:03.223+0800][11.685s][info][gc,phases   ] GC(149)   Evacuate Collection Set: 1.87ms
[2026-09-03T12:38:03.223+0800][11.685s][info][gc,phases   ] GC(149)   Post Evacuate Collection Set: 0.10ms
[2026-09-03T12:38:03.223+0800][11.685s][info][gc,phases   ] GC(149)   Other: 0.06ms
[2026-09-03T12:38:03.223+0800][11.685s][info][gc,heap     ] GC(149) Eden regions: 100->0(91)
[2026-09-03T12:38:03.223+0800][11.685s][info][gc,heap     ] GC(149) Survivor regions: 13->15(15)
[2026-09-03T12:38:03.223+0800][11.685s][info][gc,heap     ] GC(149) Old regions: 100->111
[2026-09-03T12:38:03.223+0800][11.685s][info][gc,heap     ] GC(149) Humongous regions: 1->1
[2026-09-03T12:38:03.223+0800][11.685s][info][gc,metaspace] GC(149) Metaspace: 1060K(1216K)->1060K(1216K) NonClass: 996K(1088K)->996K(1088K) Class: 64K(128K)->64K(128K)
[2026-09-03T12:38:03.223+0800][11.685s][info][gc          ] GC(149) Pause Young (Mixed) (G1 Evacuation Pause) 213M->127M(256M) 2.277ms
[2026-09-03T12:38:03.223+0800][11.685s][info][gc,cpu      ] GC(149) User=0.02s Sys=0.00s Real=0.00s
[2026-09-03T12:38:03.223+0800][11.685s][info][safepoint   ] Safepoint "G1CollectForAllocation", Time since last: 300542042 ns, Reaching safepoint: 2250 ns, At safepoint: 2298792 ns, Leaving safepoint: 45666 ns, Total: 2346708 ns, Threads: 0 runnable, 42 total
[2026-09-03T12:38:03.497+0800][11.959s][info][gc,start    ] GC(150) Pause Young (Concurrent Start) (G1 Evacuation Pause)
[2026-09-03T12:38:03.497+0800][11.959s][info][gc,task     ] GC(150) Using 9 workers of 9 for evacuation
[2026-09-03T12:38:03.500+0800][11.961s][info][gc,phases   ] GC(150)   Pre Evacuate Collection Set: 0.07ms
[2026-09-03T12:38:03.500+0800][11.961s][info][gc,phases   ] GC(150)   Merge Heap Roots: 0.03ms
[2026-09-03T12:38:03.500+0800][11.961s][info][gc,phases   ] GC(150)   Evacuate Collection Set: 2.33ms
[2026-09-03T12:38:03.500+0800][11.961s][info][gc,phases   ] GC(150)   Post Evacuate Collection Set: 0.11ms
[2026-09-03T12:38:03.500+0800][11.961s][info][gc,phases   ] GC(150)   Other: 0.06ms
[2026-09-03T12:38:03.500+0800][11.961s][info][gc,heap     ] GC(150) Eden regions: 91->0(78)
[2026-09-03T12:38:03.500+0800][11.961s][info][gc,heap     ] GC(150) Survivor regions: 15->14(14)
[2026-09-03T12:38:03.500+0800][11.961s][info][gc,heap     ] GC(150) Old regions: 111->131
[2026-09-03T12:38:03.500+0800][11.961s][info][gc,heap     ] GC(150) Humongous regions: 1->1
[2026-09-03T12:38:03.500+0800][11.961s][info][gc,metaspace] GC(150) Metaspace: 1060K(1216K)->1060K(1216K) NonClass: 996K(1088K)->996K(1088K) Class: 64K(128K)->64K(128K)
[2026-09-03T12:38:03.500+0800][11.961s][info][gc          ] GC(150) Pause Young (Concurrent Start) (G1 Evacuation Pause) 218M->145M(256M) 2.829ms
[2026-09-03T12:38:03.500+0800][11.961s][info][gc          ] GC(151) Concurrent Mark Cycle
[2026-09-03T12:38:03.500+0800][11.961s][info][gc,cpu      ] GC(150) User=0.02s Sys=0.00s Real=0.01s
[2026-09-03T12:38:03.500+0800][11.961s][info][gc,marking  ] GC(151) Concurrent Scan Root Regions
[2026-09-03T12:38:03.500+0800][11.961s][info][safepoint   ] Safepoint "G1CollectForAllocation", Time since last: 273694834 ns, Reaching safepoint: 20291 ns, At safepoint: 2882834 ns, Leaving safepoint: 19708 ns, Total: 2922833 ns, Threads: 1 runnable, 42 total
[2026-09-03T12:38:03.502+0800][11.964s][info][gc,marking  ] GC(151) Concurrent Scan Root Regions 2.234ms
[2026-09-03T12:38:03.502+0800][11.964s][info][gc,marking  ] GC(151) Concurrent Mark
[2026-09-03T12:38:03.502+0800][11.964s][info][gc,marking  ] GC(151) Concurrent Mark From Roots
[2026-09-03T12:38:03.502+0800][11.964s][info][gc,task     ] GC(151) Concurrent Mark Using 2 of 2 Workers
[2026-09-03T12:38:03.506+0800][11.967s][info][gc,marking  ] GC(151) Concurrent Mark From Roots 3.523ms
[2026-09-03T12:38:03.506+0800][11.967s][info][gc,marking  ] GC(151) Concurrent Preclean
[2026-09-03T12:38:03.506+0800][11.967s][info][gc,marking  ] GC(151) Concurrent Preclean 0.007ms
[2026-09-03T12:38:03.506+0800][11.967s][info][gc,start    ] GC(151) Pause Remark
[2026-09-03T12:38:03.506+0800][11.968s][info][gc          ] GC(151) Pause Remark 149M->112M(256M) 0.317ms
[2026-09-03T12:38:03.506+0800][11.968s][info][gc,cpu      ] GC(151) User=0.00s Sys=0.00s Real=0.00s
[2026-09-03T12:38:03.506+0800][11.968s][info][safepoint   ] Safepoint "G1PauseRemark", Time since last: 5786833 ns, Reaching safepoint: 2625 ns, At safepoint: 338709 ns, Leaving safepoint: 13875 ns, Total: 355209 ns, Threads: 0 runnable, 42 total
[2026-09-03T12:38:03.506+0800][11.968s][info][gc,marking  ] GC(151) Concurrent Mark 3.990ms
[2026-09-03T12:38:03.506+0800][11.968s][info][gc,marking  ] GC(151) Concurrent Rebuild Remembered Sets and Scrub Regions
[2026-09-03T12:38:03.511+0800][11.972s][info][gc,marking  ] GC(151) Concurrent Rebuild Remembered Sets and Scrub Regions 4.476ms
[2026-09-03T12:38:03.511+0800][11.972s][info][gc,start    ] GC(151) Pause Cleanup
[2026-09-03T12:38:03.511+0800][11.972s][info][gc          ] GC(151) Pause Cleanup 114M->114M(256M) 0.039ms
[2026-09-03T12:38:03.511+0800][11.972s][info][gc,cpu      ] GC(151) User=0.00s Sys=0.00s Real=0.00s
[2026-09-03T12:38:03.511+0800][11.972s][info][safepoint   ] Safepoint "G1PauseCleanup", Time since last: 4626583 ns, Reaching safepoint: 28750 ns, At safepoint: 55833 ns, Leaving safepoint: 3625 ns, Total: 88208 ns, Threads: 1 runnable, 42 total
[2026-09-03T12:38:03.511+0800][11.972s][info][gc,marking  ] GC(151) Concurrent Clear Claimed Marks
[2026-09-03T12:38:03.511+0800][11.972s][info][gc,marking  ] GC(151) Concurrent Clear Claimed Marks 0.005ms
[2026-09-03T12:38:03.511+0800][11.972s][info][gc,marking  ] GC(151) Concurrent Cleanup for Next Mark
[2026-09-03T12:38:03.511+0800][11.972s][info][gc,marking  ] GC(151) Concurrent Cleanup for Next Mark 0.102ms
[2026-09-03T12:38:03.511+0800][11.972s][info][gc          ] GC(151) Concurrent Mark Cycle 11.034ms
[2026-09-03T12:38:03.734+0800][12.196s][info][gc,start    ] GC(152) Pause Young (Prepare Mixed) (G1 Evacuation Pause)
[2026-09-03T12:38:03.734+0800][12.196s][info][gc,task     ] GC(152) Using 9 workers of 9 for evacuation
[2026-09-03T12:38:03.736+0800][12.198s][info][gc,phases   ] GC(152)   Pre Evacuate Collection Set: 0.08ms
[2026-09-03T12:38:03.736+0800][12.198s][info][gc,phases   ] GC(152)   Merge Heap Roots: 0.02ms
[2026-09-03T12:38:03.736+0800][12.198s][info][gc,phases   ] GC(152)   Evacuate Collection Set: 1.66ms
[2026-09-03T12:38:03.736+0800][12.198s][info][gc,phases   ] GC(152)   Post Evacuate Collection Set: 0.09ms
[2026-09-03T12:38:03.736+0800][12.198s][info][gc,phases   ] GC(152)   Other: 0.06ms
[2026-09-03T12:38:03.736+0800][12.198s][info][gc,heap     ] GC(152) Eden regions: 78->0(92)
[2026-09-03T12:38:03.736+0800][12.198s][info][gc,heap     ] GC(152) Survivor regions: 14->12(12)
[2026-09-03T12:38:03.736+0800][12.198s][info][gc,heap     ] GC(152) Old regions: 94->112
[2026-09-03T12:38:03.736+0800][12.198s][info][gc,heap     ] GC(152) Humongous regions: 1->1
[2026-09-03T12:38:03.736+0800][12.198s][info][gc,metaspace] GC(152) Metaspace: 1060K(1216K)->1060K(1216K) NonClass: 996K(1088K)->996K(1088K) Class: 64K(128K)->64K(128K)
[2026-09-03T12:38:03.736+0800][12.198s][info][gc          ] GC(152) Pause Young (Prepare Mixed) (G1 Evacuation Pause) 186M->125M(256M) 2.036ms
[2026-09-03T12:38:03.736+0800][12.198s][info][gc,cpu      ] GC(152) User=0.02s Sys=0.00s Real=0.00s
[2026-09-03T12:38:03.736+0800][12.198s][info][safepoint   ] Safepoint "G1CollectForAllocation", Time since last: 223462209 ns, Reaching safepoint: 2208 ns, At safepoint: 2058417 ns, Leaving safepoint: 24750 ns, Total: 2085375 ns, Threads: 0 runnable, 42 total
[2026-09-03T12:38:04.013+0800][12.474s][info][gc,start    ] GC(153) Pause Young (Mixed) (G1 Evacuation Pause)
[2026-09-03T12:38:04.013+0800][12.474s][info][gc,task     ] GC(153) Using 9 workers of 9 for evacuation
[2026-09-03T12:38:04.015+0800][12.476s][info][gc,phases   ] GC(153)   Pre Evacuate Collection Set: 0.09ms
[2026-09-03T12:38:04.015+0800][12.476s][info][gc,phases   ] GC(153)   Merge Heap Roots: 0.03ms
[2026-09-03T12:38:04.015+0800][12.476s][info][gc,phases   ] GC(153)   Evacuate Collection Set: 1.80ms
[2026-09-03T12:38:04.015+0800][12.476s][info][gc,phases   ] GC(153)   Post Evacuate Collection Set: 0.11ms
[2026-09-03T12:38:04.015+0800][12.476s][info][gc,phases   ] GC(153)   Other: 0.06ms
[2026-09-03T12:38:04.015+0800][12.476s][info][gc,heap     ] GC(153) Eden regions: 92->0(100)
[2026-09-03T12:38:04.015+0800][12.476s][info][gc,heap     ] GC(153) Survivor regions: 12->13(13)
[2026-09-03T12:38:04.015+0800][12.476s][info][gc,heap     ] GC(153) Old regions: 112->100
[2026-09-03T12:38:04.015+0800][12.476s][info][gc,heap     ] GC(153) Humongous regions: 1->1
[2026-09-03T12:38:04.015+0800][12.476s][info][gc,metaspace] GC(153) Metaspace: 1060K(1216K)->1060K(1216K) NonClass: 996K(1088K)->996K(1088K) Class: 64K(128K)->64K(128K)
[2026-09-03T12:38:04.015+0800][12.476s][info][gc          ] GC(153) Pause Young (Mixed) (G1 Evacuation Pause) 217M->114M(256M) 2.199ms
[2026-09-03T12:38:04.015+0800][12.476s][info][gc,cpu      ] GC(153) User=0.01s Sys=0.00s Real=0.00s
[2026-09-03T12:38:04.015+0800][12.476s][info][safepoint   ] Safepoint "G1CollectForAllocation", Time since last: 276091541 ns, Reaching safepoint: 2500 ns, At safepoint: 2221459 ns, Leaving safepoint: 41208 ns, Total: 2265167 ns, Threads: 0 runnable, 42 total
[2026-09-03T12:38:04.316+0800][12.778s][info][gc,start    ] GC(154) Pause Young (Mixed) (G1 Evacuation Pause)
[2026-09-03T12:38:04.316+0800][12.778s][info][gc,task     ] GC(154) Using 9 workers of 9 for evacuation
[2026-09-03T12:38:04.319+0800][12.780s][info][gc,phases   ] GC(154)   Pre Evacuate Collection Set: 0.06ms
[2026-09-03T12:38:04.319+0800][12.780s][info][gc,phases   ] GC(154)   Merge Heap Roots: 0.02ms
[2026-09-03T12:38:04.319+0800][12.780s][info][gc,phases   ] GC(154)   Evacuate Collection Set: 2.11ms
[2026-09-03T12:38:04.319+0800][12.780s][info][gc,phases   ] GC(154)   Post Evacuate Collection Set: 0.10ms
[2026-09-03T12:38:04.319+0800][12.780s][info][gc,phases   ] GC(154)   Other: 0.06ms
[2026-09-03T12:38:04.319+0800][12.780s][info][gc,heap     ] GC(154) Eden regions: 100->0(90)
[2026-09-03T12:38:04.319+0800][12.780s][info][gc,heap     ] GC(154) Survivor regions: 13->15(15)
[2026-09-03T12:38:04.319+0800][12.780s][info][gc,heap     ] GC(154) Old regions: 100->112
[2026-09-03T12:38:04.319+0800][12.780s][info][gc,heap     ] GC(154) Humongous regions: 1->1
[2026-09-03T12:38:04.319+0800][12.780s][info][gc,metaspace] GC(154) Metaspace: 1060K(1216K)->1060K(1216K) NonClass: 996K(1088K)->996K(1088K) Class: 64K(128K)->64K(128K)
[2026-09-03T12:38:04.319+0800][12.780s][info][gc          ] GC(154) Pause Young (Mixed) (G1 Evacuation Pause) 214M->127M(256M) 2.457ms
[2026-09-03T12:38:04.319+0800][12.780s][info][gc,cpu      ] GC(154) User=0.02s Sys=0.01s Real=0.00s
[2026-09-03T12:38:04.319+0800][12.780s][info][safepoint   ] Safepoint "G1CollectForAllocation", Time since last: 301375875 ns, Reaching safepoint: 1625 ns, At safepoint: 2479083 ns, Leaving safepoint: 28542 ns, Total: 2509250 ns, Threads: 0 runnable, 42 total
[2026-09-03T12:38:04.588+0800][13.050s][info][gc,start    ] GC(155) Pause Young (Concurrent Start) (G1 Evacuation Pause)
[2026-09-03T12:38:04.588+0800][13.050s][info][gc,task     ] GC(155) Using 9 workers of 9 for evacuation
[2026-09-03T12:38:04.590+0800][13.052s][info][gc,phases   ] GC(155)   Pre Evacuate Collection Set: 0.05ms
[2026-09-03T12:38:04.590+0800][13.052s][info][gc,phases   ] GC(155)   Merge Heap Roots: 0.01ms
[2026-09-03T12:38:04.590+0800][13.052s][info][gc,phases   ] GC(155)   Evacuate Collection Set: 1.84ms
[2026-09-03T12:38:04.590+0800][13.052s][info][gc,phases   ] GC(155)   Post Evacuate Collection Set: 0.10ms
[2026-09-03T12:38:04.590+0800][13.052s][info][gc,phases   ] GC(155)   Other: 0.05ms
[2026-09-03T12:38:04.590+0800][13.052s][info][gc,heap     ] GC(155) Eden regions: 90->0(78)
[2026-09-03T12:38:04.590+0800][13.052s][info][gc,heap     ] GC(155) Survivor regions: 15->14(14)
[2026-09-03T12:38:04.590+0800][13.052s][info][gc,heap     ] GC(155) Old regions: 112->131
[2026-09-03T12:38:04.590+0800][13.052s][info][gc,heap     ] GC(155) Humongous regions: 1->1
[2026-09-03T12:38:04.590+0800][13.052s][info][gc,metaspace] GC(155) Metaspace: 1060K(1216K)->1060K(1216K) NonClass: 996K(1088K)->996K(1088K) Class: 64K(128K)->64K(128K)
[2026-09-03T12:38:04.590+0800][13.052s][info][gc          ] GC(155) Pause Young (Concurrent Start) (G1 Evacuation Pause) 217M->145M(256M) 2.177ms
[2026-09-03T12:38:04.590+0800][13.052s][info][gc,cpu      ] GC(155) User=0.02s Sys=0.01s Real=0.01s
[2026-09-03T12:38:04.590+0800][13.052s][info][gc          ] GC(156) Concurrent Mark Cycle
[2026-09-03T12:38:04.590+0800][13.052s][info][gc,marking  ] GC(156) Concurrent Scan Root Regions
[2026-09-03T12:38:04.590+0800][13.052s][info][safepoint   ] Safepoint "G1CollectForAllocation", Time since last: 269497458 ns, Reaching safepoint: 2667 ns, At safepoint: 2205917 ns, Leaving safepoint: 42500 ns, Total: 2251084 ns, Threads: 0 runnable, 42 total
[2026-09-03T12:38:04.592+0800][13.054s][info][gc,marking  ] GC(156) Concurrent Scan Root Regions 2.053ms
[2026-09-03T12:38:04.592+0800][13.054s][info][gc,marking  ] GC(156) Concurrent Mark
[2026-09-03T12:38:04.592+0800][13.054s][info][gc,marking  ] GC(156) Concurrent Mark From Roots
[2026-09-03T12:38:04.592+0800][13.054s][info][gc,task     ] GC(156) Concurrent Mark Using 2 of 2 Workers
[2026-09-03T12:38:04.596+0800][13.057s][info][gc,marking  ] GC(156) Concurrent Mark From Roots 3.655ms
[2026-09-03T12:38:04.596+0800][13.058s][info][gc,marking  ] GC(156) Concurrent Preclean
[2026-09-03T12:38:04.596+0800][13.058s][info][gc,marking  ] GC(156) Concurrent Preclean 0.008ms
[2026-09-03T12:38:04.596+0800][13.058s][info][gc,start    ] GC(156) Pause Remark
[2026-09-03T12:38:04.596+0800][13.058s][info][gc          ] GC(156) Pause Remark 149M->110M(256M) 0.306ms
[2026-09-03T12:38:04.596+0800][13.058s][info][gc,cpu      ] GC(156) User=0.00s Sys=0.00s Real=0.00s
[2026-09-03T12:38:04.596+0800][13.058s][info][safepoint   ] Safepoint "G1PauseRemark", Time since last: 5732666 ns, Reaching safepoint: 2125 ns, At safepoint: 326584 ns, Leaving safepoint: 12458 ns, Total: 341167 ns, Threads: 0 runnable, 42 total
[2026-09-03T12:38:04.596+0800][13.058s][info][gc,marking  ] GC(156) Concurrent Mark 4.072ms
[2026-09-03T12:38:04.597+0800][13.058s][info][gc,marking  ] GC(156) Concurrent Rebuild Remembered Sets and Scrub Regions
[2026-09-03T12:38:04.599+0800][13.061s][info][gc,marking  ] GC(156) Concurrent Rebuild Remembered Sets and Scrub Regions 2.833ms
[2026-09-03T12:38:04.599+0800][13.061s][info][gc,start    ] GC(156) Pause Cleanup
[2026-09-03T12:38:04.599+0800][13.061s][info][gc          ] GC(156) Pause Cleanup 111M->111M(256M) 0.044ms
[2026-09-03T12:38:04.599+0800][13.061s][info][gc,cpu      ] GC(156) User=0.00s Sys=0.00s Real=0.00s
[2026-09-03T12:38:04.599+0800][13.061s][info][safepoint   ] Safepoint "G1PauseCleanup", Time since last: 2906708 ns, Reaching safepoint: 2334 ns, At safepoint: 63416 ns, Leaving safepoint: 2667 ns, Total: 68417 ns, Threads: 0 runnable, 42 total
[2026-09-03T12:38:04.599+0800][13.061s][info][gc,marking  ] GC(156) Concurrent Clear Claimed Marks
[2026-09-03T12:38:04.599+0800][13.061s][info][gc,marking  ] GC(156) Concurrent Clear Claimed Marks 0.012ms
[2026-09-03T12:38:04.599+0800][13.061s][info][gc,marking  ] GC(156) Concurrent Cleanup for Next Mark
[2026-09-03T12:38:04.600+0800][13.061s][info][gc,marking  ] GC(156) Concurrent Cleanup for Next Mark 0.128ms
[2026-09-03T12:38:04.600+0800][13.061s][info][gc          ] GC(156) Concurrent Mark Cycle 9.273ms
[2026-09-03T12:38:04.822+0800][13.283s][info][gc,start    ] GC(157) Pause Young (Prepare Mixed) (G1 Evacuation Pause)
[2026-09-03T12:38:04.822+0800][13.284s][info][gc,task     ] GC(157) Using 9 workers of 9 for evacuation
[2026-09-03T12:38:04.824+0800][13.285s][info][gc,phases   ] GC(157)   Pre Evacuate Collection Set: 0.04ms
[2026-09-03T12:38:04.824+0800][13.285s][info][gc,phases   ] GC(157)   Merge Heap Roots: 0.03ms
[2026-09-03T12:38:04.824+0800][13.285s][info][gc,phases   ] GC(157)   Evacuate Collection Set: 1.70ms
[2026-09-03T12:38:04.824+0800][13.285s][info][gc,phases   ] GC(157)   Post Evacuate Collection Set: 0.09ms
[2026-09-03T12:38:04.824+0800][13.285s][info][gc,phases   ] GC(157)   Other: 0.06ms
[2026-09-03T12:38:04.824+0800][13.285s][info][gc,heap     ] GC(157) Eden regions: 78->0(94)
[2026-09-03T12:38:04.824+0800][13.285s][info][gc,heap     ] GC(157) Survivor regions: 14->12(12)
[2026-09-03T12:38:04.824+0800][13.285s][info][gc,heap     ] GC(157) Old regions: 92->110
[2026-09-03T12:38:04.824+0800][13.285s][info][gc,heap     ] GC(157) Humongous regions: 1->1
[2026-09-03T12:38:04.824+0800][13.285s][info][gc,metaspace] GC(157) Metaspace: 1060K(1216K)->1060K(1216K) NonClass: 996K(1088K)->996K(1088K) Class: 64K(128K)->64K(128K)
[2026-09-03T12:38:04.824+0800][13.286s][info][gc          ] GC(157) Pause Young (Prepare Mixed) (G1 Evacuation Pause) 184M->122M(256M) 2.023ms
[2026-09-03T12:38:04.824+0800][13.286s][info][gc,cpu      ] GC(157) User=0.01s Sys=0.00s Real=0.00s
[2026-09-03T12:38:04.824+0800][13.286s][info][safepoint   ] Safepoint "G1CollectForAllocation", Time since last: 222624167 ns, Reaching safepoint: 2666 ns, At safepoint: 2045750 ns, Leaving safepoint: 24625 ns, Total: 2073041 ns, Threads: 0 runnable, 42 total
[2026-09-03T12:38:05.108+0800][13.569s][info][gc,start    ] GC(158) Pause Young (Mixed) (G1 Evacuation Pause)
[2026-09-03T12:38:05.108+0800][13.569s][info][gc,task     ] GC(158) Using 9 workers of 9 for evacuation
[2026-09-03T12:38:05.110+0800][13.571s][info][gc,phases   ] GC(158)   Pre Evacuate Collection Set: 0.05ms
[2026-09-03T12:38:05.110+0800][13.571s][info][gc,phases   ] GC(158)   Merge Heap Roots: 0.03ms
[2026-09-03T12:38:05.110+0800][13.571s][info][gc,phases   ] GC(158)   Evacuate Collection Set: 1.91ms
[2026-09-03T12:38:05.110+0800][13.571s][info][gc,phases   ] GC(158)   Post Evacuate Collection Set: 0.10ms
[2026-09-03T12:38:05.110+0800][13.571s][info][gc,phases   ] GC(158)   Other: 0.06ms
[2026-09-03T12:38:05.110+0800][13.571s][info][gc,heap     ] GC(158) Eden regions: 94->0(101)
[2026-09-03T12:38:05.110+0800][13.571s][info][gc,heap     ] GC(158) Survivor regions: 12->14(14)
[2026-09-03T12:38:05.110+0800][13.571s][info][gc,heap     ] GC(158) Old regions: 110->98
[2026-09-03T12:38:05.110+0800][13.571s][info][gc,heap     ] GC(158) Humongous regions: 1->1
[2026-09-03T12:38:05.110+0800][13.571s][info][gc,metaspace] GC(158) Metaspace: 1060K(1216K)->1060K(1216K) NonClass: 996K(1088K)->996K(1088K) Class: 64K(128K)->64K(128K)
[2026-09-03T12:38:05.110+0800][13.571s][info][gc          ] GC(158) Pause Young (Mixed) (G1 Evacuation Pause) 216M->112M(256M) 2.296ms
[2026-09-03T12:38:05.110+0800][13.571s][info][gc,cpu      ] GC(158) User=0.02s Sys=0.00s Real=0.01s
[2026-09-03T12:38:05.110+0800][13.571s][info][safepoint   ] Safepoint "G1CollectForAllocation", Time since last: 283527334 ns, Reaching safepoint: 3541 ns, At safepoint: 2322375 ns, Leaving safepoint: 34334 ns, Total: 2360250 ns, Threads: 0 runnable, 42 total
[2026-09-03T12:38:05.416+0800][13.878s][info][gc,start    ] GC(159) Pause Young (Mixed) (G1 Evacuation Pause)
[2026-09-03T12:38:05.416+0800][13.878s][info][gc,task     ] GC(159) Using 9 workers of 9 for evacuation
[2026-09-03T12:38:05.419+0800][13.880s][info][gc,phases   ] GC(159)   Pre Evacuate Collection Set: 0.07ms
[2026-09-03T12:38:05.419+0800][13.880s][info][gc,phases   ] GC(159)   Merge Heap Roots: 0.03ms
[2026-09-03T12:38:05.419+0800][13.880s][info][gc,phases   ] GC(159)   Evacuate Collection Set: 2.06ms
[2026-09-03T12:38:05.419+0800][13.880s][info][gc,phases   ] GC(159)   Post Evacuate Collection Set: 0.10ms
[2026-09-03T12:38:05.419+0800][13.880s][info][gc,phases   ] GC(159)   Other: 0.05ms
[2026-09-03T12:38:05.419+0800][13.880s][info][gc,heap     ] GC(159) Eden regions: 101->0(90)
[2026-09-03T12:38:05.419+0800][13.880s][info][gc,heap     ] GC(159) Survivor regions: 14->15(15)
[2026-09-03T12:38:05.419+0800][13.880s][info][gc,heap     ] GC(159) Old regions: 98->113
[2026-09-03T12:38:05.419+0800][13.880s][info][gc,heap     ] GC(159) Humongous regions: 1->1
[2026-09-03T12:38:05.419+0800][13.880s][info][gc,metaspace] GC(159) Metaspace: 1060K(1216K)->1060K(1216K) NonClass: 996K(1088K)->996K(1088K) Class: 64K(128K)->64K(128K)
[2026-09-03T12:38:05.419+0800][13.880s][info][gc          ] GC(159) Pause Young (Mixed) (G1 Evacuation Pause) 213M->128M(256M) 2.423ms
[2026-09-03T12:38:05.419+0800][13.880s][info][gc,cpu      ] GC(159) User=0.01s Sys=0.00s Real=0.00s
[2026-09-03T12:38:05.419+0800][13.880s][info][safepoint   ] Safepoint "G1CollectForAllocation", Time since last: 306396791 ns, Reaching safepoint: 2500 ns, At safepoint: 2443834 ns, Leaving safepoint: 34583 ns, Total: 2480917 ns, Threads: 0 runnable, 42 total
[2026-09-03T12:38:05.692+0800][14.153s][info][gc,start    ] GC(160) Pause Young (Concurrent Start) (G1 Evacuation Pause)
[2026-09-03T12:38:05.692+0800][14.153s][info][gc,task     ] GC(160) Using 9 workers of 9 for evacuation
[2026-09-03T12:38:05.694+0800][14.155s][info][gc,phases   ] GC(160)   Pre Evacuate Collection Set: 0.07ms
[2026-09-03T12:38:05.694+0800][14.155s][info][gc,phases   ] GC(160)   Merge Heap Roots: 0.03ms
[2026-09-03T12:38:05.694+0800][14.155s][info][gc,phases   ] GC(160)   Evacuate Collection Set: 1.85ms
[2026-09-03T12:38:05.694+0800][14.155s][info][gc,phases   ] GC(160)   Post Evacuate Collection Set: 0.10ms
[2026-09-03T12:38:05.694+0800][14.155s][info][gc,phases   ] GC(160)   Other: 0.06ms
[2026-09-03T12:38:05.694+0800][14.155s][info][gc,heap     ] GC(160) Eden regions: 90->0(77)
[2026-09-03T12:38:05.694+0800][14.155s][info][gc,heap     ] GC(160) Survivor regions: 15->14(14)
[2026-09-03T12:38:05.694+0800][14.155s][info][gc,heap     ] GC(160) Old regions: 113->132
[2026-09-03T12:38:05.694+0800][14.155s][info][gc,heap     ] GC(160) Humongous regions: 1->1
[2026-09-03T12:38:05.694+0800][14.155s][info][gc,metaspace] GC(160) Metaspace: 1060K(1216K)->1060K(1216K) NonClass: 996K(1088K)->996K(1088K) Class: 64K(128K)->64K(128K)
[2026-09-03T12:38:05.694+0800][14.155s][info][gc          ] GC(160) Pause Young (Concurrent Start) (G1 Evacuation Pause) 218M->146M(256M) 2.217ms
[2026-09-03T12:38:05.694+0800][14.155s][info][gc,cpu      ] GC(160) User=0.02s Sys=0.00s Real=0.00s
[2026-09-03T12:38:05.694+0800][14.155s][info][gc          ] GC(161) Concurrent Mark Cycle
[2026-09-03T12:38:05.694+0800][14.155s][info][gc,marking  ] GC(161) Concurrent Scan Root Regions
[2026-09-03T12:38:05.694+0800][14.155s][info][safepoint   ] Safepoint "G1CollectForAllocation", Time since last: 272834958 ns, Reaching safepoint: 21292 ns, At safepoint: 2246333 ns, Leaving safepoint: 24292 ns, Total: 2291917 ns, Threads: 1 runnable, 42 total
[2026-09-03T12:38:05.696+0800][14.157s][info][gc,marking  ] GC(161) Concurrent Scan Root Regions 1.970ms
[2026-09-03T12:38:05.696+0800][14.157s][info][gc,marking  ] GC(161) Concurrent Mark
[2026-09-03T12:38:05.696+0800][14.157s][info][gc,marking  ] GC(161) Concurrent Mark From Roots
[2026-09-03T12:38:05.696+0800][14.157s][info][gc,task     ] GC(161) Concurrent Mark Using 2 of 2 Workers
[2026-09-03T12:38:05.699+0800][14.161s][info][gc,marking  ] GC(161) Concurrent Mark From Roots 3.355ms
[2026-09-03T12:38:05.699+0800][14.161s][info][gc,marking  ] GC(161) Concurrent Preclean
[2026-09-03T12:38:05.699+0800][14.161s][info][gc,marking  ] GC(161) Concurrent Preclean 0.007ms
[2026-09-03T12:38:05.699+0800][14.161s][info][gc,start    ] GC(161) Pause Remark
[2026-09-03T12:38:05.700+0800][14.161s][info][gc          ] GC(161) Pause Remark 150M->112M(256M) 0.331ms
[2026-09-03T12:38:05.700+0800][14.161s][info][gc,cpu      ] GC(161) User=0.00s Sys=0.00s Real=0.01s
[2026-09-03T12:38:05.700+0800][14.161s][info][safepoint   ] Safepoint "G1PauseRemark", Time since last: 5367250 ns, Reaching safepoint: 22833 ns, At safepoint: 362250 ns, Leaving safepoint: 20542 ns, Total: 405625 ns, Threads: 1 runnable, 42 total
[2026-09-03T12:38:05.700+0800][14.161s][info][gc,marking  ] GC(161) Concurrent Mark 3.873ms
[2026-09-03T12:38:05.700+0800][14.161s][info][gc,marking  ] GC(161) Concurrent Rebuild Remembered Sets and Scrub Regions
[2026-09-03T12:38:05.703+0800][14.165s][info][gc,marking  ] GC(161) Concurrent Rebuild Remembered Sets and Scrub Regions 3.446ms
[2026-09-03T12:38:05.703+0800][14.165s][info][gc,start    ] GC(161) Pause Cleanup
[2026-09-03T12:38:05.703+0800][14.165s][info][gc          ] GC(161) Pause Cleanup 114M->114M(256M) 0.033ms
[2026-09-03T12:38:05.703+0800][14.165s][info][gc,cpu      ] GC(161) User=0.00s Sys=0.00s Real=0.00s
[2026-09-03T12:38:05.703+0800][14.165s][info][safepoint   ] Safepoint "G1PauseCleanup", Time since last: 3574500 ns, Reaching safepoint: 1583 ns, At safepoint: 50125 ns, Leaving safepoint: 3292 ns, Total: 55000 ns, Threads: 0 runnable, 42 total
[2026-09-03T12:38:05.703+0800][14.165s][info][gc,marking  ] GC(161) Concurrent Clear Claimed Marks
[2026-09-03T12:38:05.703+0800][14.165s][info][gc,marking  ] GC(161) Concurrent Clear Claimed Marks 0.008ms
[2026-09-03T12:38:05.703+0800][14.165s][info][gc,marking  ] GC(161) Concurrent Cleanup for Next Mark
[2026-09-03T12:38:05.704+0800][14.165s][info][gc,marking  ] GC(161) Concurrent Cleanup for Next Mark 0.093ms
[2026-09-03T12:38:05.704+0800][14.165s][info][gc          ] GC(161) Concurrent Mark Cycle 9.573ms
[2026-09-03T12:38:05.927+0800][14.388s][info][gc,start    ] GC(162) Pause Young (Prepare Mixed) (G1 Evacuation Pause)
[2026-09-03T12:38:05.927+0800][14.388s][info][gc,task     ] GC(162) Using 9 workers of 9 for evacuation
[2026-09-03T12:38:05.929+0800][14.390s][info][gc,phases   ] GC(162)   Pre Evacuate Collection Set: 0.05ms
[2026-09-03T12:38:05.929+0800][14.390s][info][gc,phases   ] GC(162)   Merge Heap Roots: 0.03ms
[2026-09-03T12:38:05.929+0800][14.390s][info][gc,phases   ] GC(162)   Evacuate Collection Set: 1.58ms
[2026-09-03T12:38:05.929+0800][14.390s][info][gc,phases   ] GC(162)   Post Evacuate Collection Set: 0.10ms
[2026-09-03T12:38:05.929+0800][14.390s][info][gc,phases   ] GC(162)   Other: 0.06ms
[2026-09-03T12:38:05.929+0800][14.390s][info][gc,heap     ] GC(162) Eden regions: 77->0(92)
[2026-09-03T12:38:05.929+0800][14.390s][info][gc,heap     ] GC(162) Survivor regions: 14->12(12)
[2026-09-03T12:38:05.929+0800][14.390s][info][gc,heap     ] GC(162) Old regions: 94->112
[2026-09-03T12:38:05.929+0800][14.390s][info][gc,heap     ] GC(162) Humongous regions: 1->1
[2026-09-03T12:38:05.929+0800][14.390s][info][gc,metaspace] GC(162) Metaspace: 1060K(1216K)->1060K(1216K) NonClass: 996K(1088K)->996K(1088K) Class: 64K(128K)->64K(128K)
[2026-09-03T12:38:05.929+0800][14.390s][info][gc          ] GC(162) Pause Young (Prepare Mixed) (G1 Evacuation Pause) 185M->125M(256M) 1.914ms
[2026-09-03T12:38:05.929+0800][14.390s][info][gc,cpu      ] GC(162) User=0.01s Sys=0.00s Real=0.00s
[2026-09-03T12:38:05.929+0800][14.390s][info][safepoint   ] Safepoint "G1CollectForAllocation", Time since last: 223229042 ns, Reaching safepoint: 2833 ns, At safepoint: 1934167 ns, Leaving safepoint: 47833 ns, Total: 1984833 ns, Threads: 0 runnable, 42 total
[2026-09-03T12:38:06.207+0800][14.669s][info][gc,start    ] GC(163) Pause Young (Mixed) (G1 Evacuation Pause)
[2026-09-03T12:38:06.207+0800][14.669s][info][gc,task     ] GC(163) Using 9 workers of 9 for evacuation
[2026-09-03T12:38:06.210+0800][14.671s][info][gc,phases   ] GC(163)   Pre Evacuate Collection Set: 0.05ms
[2026-09-03T12:38:06.210+0800][14.671s][info][gc,phases   ] GC(163)   Merge Heap Roots: 0.03ms
[2026-09-03T12:38:06.210+0800][14.671s][info][gc,phases   ] GC(163)   Evacuate Collection Set: 2.01ms
[2026-09-03T12:38:06.210+0800][14.671s][info][gc,phases   ] GC(163)   Post Evacuate Collection Set: 0.11ms
[2026-09-03T12:38:06.210+0800][14.671s][info][gc,phases   ] GC(163)   Other: 0.06ms
[2026-09-03T12:38:06.210+0800][14.671s][info][gc,heap     ] GC(163) Eden regions: 92->0(99)
[2026-09-03T12:38:06.210+0800][14.671s][info][gc,heap     ] GC(163) Survivor regions: 12->13(13)
[2026-09-03T12:38:06.210+0800][14.671s][info][gc,heap     ] GC(163) Old regions: 112->101
[2026-09-03T12:38:06.210+0800][14.671s][info][gc,heap     ] GC(163) Humongous regions: 1->1
[2026-09-03T12:38:06.210+0800][14.671s][info][gc,metaspace] GC(163) Metaspace: 1060K(1216K)->1060K(1216K) NonClass: 996K(1088K)->996K(1088K) Class: 64K(128K)->64K(128K)
[2026-09-03T12:38:06.210+0800][14.671s][info][gc          ] GC(163) Pause Young (Mixed) (G1 Evacuation Pause) 217M->114M(256M) 2.378ms
[2026-09-03T12:38:06.210+0800][14.671s][info][gc,cpu      ] GC(163) User=0.02s Sys=0.00s Real=0.01s
[2026-09-03T12:38:06.210+0800][14.671s][info][safepoint   ] Safepoint "G1CollectForAllocation", Time since last: 278705167 ns, Reaching safepoint: 21291 ns, At safepoint: 2403750 ns, Leaving safepoint: 22584 ns, Total: 2447625 ns, Threads: 1 runnable, 42 total
[2026-09-03T12:38:06.510+0800][14.972s][info][gc,start    ] GC(164) Pause Young (Mixed) (G1 Evacuation Pause)
[2026-09-03T12:38:06.511+0800][14.972s][info][gc,task     ] GC(164) Using 9 workers of 9 for evacuation
[2026-09-03T12:38:06.513+0800][14.974s][info][gc,phases   ] GC(164)   Pre Evacuate Collection Set: 0.08ms
[2026-09-03T12:38:06.513+0800][14.974s][info][gc,phases   ] GC(164)   Merge Heap Roots: 0.03ms
[2026-09-03T12:38:06.513+0800][14.974s][info][gc,phases   ] GC(164)   Evacuate Collection Set: 1.77ms
[2026-09-03T12:38:06.513+0800][14.974s][info][gc,phases   ] GC(164)   Post Evacuate Collection Set: 0.12ms
[2026-09-03T12:38:06.513+0800][14.974s][info][gc,phases   ] GC(164)   Other: 0.06ms
[2026-09-03T12:38:06.513+0800][14.974s][info][gc,heap     ] GC(164) Eden regions: 99->0(89)
[2026-09-03T12:38:06.513+0800][14.974s][info][gc,heap     ] GC(164) Survivor regions: 13->14(14)
[2026-09-03T12:38:06.513+0800][14.974s][info][gc,heap     ] GC(164) Old regions: 101->114
[2026-09-03T12:38:06.513+0800][14.974s][info][gc,heap     ] GC(164) Humongous regions: 1->1
[2026-09-03T12:38:06.513+0800][14.974s][info][gc,metaspace] GC(164) Metaspace: 1060K(1216K)->1060K(1216K) NonClass: 996K(1088K)->996K(1088K) Class: 64K(128K)->64K(128K)
[2026-09-03T12:38:06.513+0800][14.974s][info][gc          ] GC(164) Pause Young (Mixed) (G1 Evacuation Pause) 213M->128M(256M) 2.160ms
[2026-09-03T12:38:06.513+0800][14.974s][info][gc,cpu      ] GC(164) User=0.02s Sys=0.00s Real=0.00s
[2026-09-03T12:38:06.513+0800][14.974s][info][safepoint   ] Safepoint "G1CollectForAllocation", Time since last: 300656500 ns, Reaching safepoint: 2041 ns, At safepoint: 2184292 ns, Leaving safepoint: 40250 ns, Total: 2226583 ns, Threads: 0 runnable, 42 total
[2026-09-03T12:38:06.783+0800][15.244s][info][gc,start    ] GC(165) Pause Young (Concurrent Start) (G1 Evacuation Pause)
[2026-09-03T12:38:06.783+0800][15.244s][info][gc,task     ] GC(165) Using 9 workers of 9 for evacuation
[2026-09-03T12:38:06.785+0800][15.247s][info][gc,phases   ] GC(165)   Pre Evacuate Collection Set: 0.11ms
[2026-09-03T12:38:06.785+0800][15.247s][info][gc,phases   ] GC(165)   Merge Heap Roots: 0.04ms
[2026-09-03T12:38:06.785+0800][15.247s][info][gc,phases   ] GC(165)   Evacuate Collection Set: 2.04ms
[2026-09-03T12:38:06.785+0800][15.247s][info][gc,phases   ] GC(165)   Post Evacuate Collection Set: 0.11ms
[2026-09-03T12:38:06.785+0800][15.247s][info][gc,phases   ] GC(165)   Other: 0.06ms
[2026-09-03T12:38:06.785+0800][15.247s][info][gc,heap     ] GC(165) Eden regions: 89->0(76)
[2026-09-03T12:38:06.785+0800][15.247s][info][gc,heap     ] GC(165) Survivor regions: 14->13(13)
[2026-09-03T12:38:06.785+0800][15.247s][info][gc,heap     ] GC(165) Old regions: 114->134
[2026-09-03T12:38:06.785+0800][15.247s][info][gc,heap     ] GC(165) Humongous regions: 1->1
[2026-09-03T12:38:06.785+0800][15.247s][info][gc,metaspace] GC(165) Metaspace: 1060K(1216K)->1060K(1216K) NonClass: 996K(1088K)->996K(1088K) Class: 64K(128K)->64K(128K)
[2026-09-03T12:38:06.785+0800][15.247s][info][gc          ] GC(165) Pause Young (Concurrent Start) (G1 Evacuation Pause) 217M->147M(256M) 2.454ms
[2026-09-03T12:38:06.785+0800][15.247s][info][gc          ] GC(166) Concurrent Mark Cycle
[2026-09-03T12:38:06.785+0800][15.247s][info][gc,cpu      ] GC(165) User=0.01s Sys=0.01s Real=0.00s
[2026-09-03T12:38:06.786+0800][15.247s][info][gc,marking  ] GC(166) Concurrent Scan Root Regions
[2026-09-03T12:38:06.786+0800][15.247s][info][safepoint   ] Safepoint "G1CollectForAllocation", Time since last: 270329750 ns, Reaching safepoint: 2292 ns, At safepoint: 2497083 ns, Leaving safepoint: 16958 ns, Total: 2516333 ns, Threads: 0 runnable, 42 total
[2026-09-03T12:38:06.787+0800][15.249s][info][gc,marking  ] GC(166) Concurrent Scan Root Regions 1.987ms
[2026-09-03T12:38:06.788+0800][15.249s][info][gc,marking  ] GC(166) Concurrent Mark
[2026-09-03T12:38:06.788+0800][15.249s][info][gc,marking  ] GC(166) Concurrent Mark From Roots
[2026-09-03T12:38:06.788+0800][15.249s][info][gc,task     ] GC(166) Concurrent Mark Using 2 of 2 Workers
[2026-09-03T12:38:06.791+0800][15.252s][info][gc,marking  ] GC(166) Concurrent Mark From Roots 3.387ms
[2026-09-03T12:38:06.791+0800][15.252s][info][gc,marking  ] GC(166) Concurrent Preclean
[2026-09-03T12:38:06.791+0800][15.252s][info][gc,marking  ] GC(166) Concurrent Preclean 0.009ms
[2026-09-03T12:38:06.791+0800][15.252s][info][gc,start    ] GC(166) Pause Remark
[2026-09-03T12:38:06.791+0800][15.253s][info][gc          ] GC(166) Pause Remark 151M->111M(256M) 0.356ms
[2026-09-03T12:38:06.791+0800][15.253s][info][gc,cpu      ] GC(166) User=0.00s Sys=0.00s Real=0.00s
[2026-09-03T12:38:06.791+0800][15.253s][info][safepoint   ] Safepoint "G1PauseRemark", Time since last: 5449250 ns, Reaching safepoint: 23625 ns, At safepoint: 393625 ns, Leaving safepoint: 20834 ns, Total: 438084 ns, Threads: 1 runnable, 42 total
[2026-09-03T12:38:06.791+0800][15.253s][info][gc,marking  ] GC(166) Concurrent Mark 3.933ms
[2026-09-03T12:38:06.791+0800][15.253s][info][gc,marking  ] GC(166) Concurrent Rebuild Remembered Sets and Scrub Regions
[2026-09-03T12:38:06.795+0800][15.256s][info][gc,marking  ] GC(166) Concurrent Rebuild Remembered Sets and Scrub Regions 3.430ms
[2026-09-03T12:38:06.795+0800][15.256s][info][gc,start    ] GC(166) Pause Cleanup
[2026-09-03T12:38:06.795+0800][15.256s][info][gc          ] GC(166) Pause Cleanup 113M->113M(256M) 0.035ms
[2026-09-03T12:38:06.795+0800][15.256s][info][gc,cpu      ] GC(166) User=0.00s Sys=0.00s Real=0.00s
[2026-09-03T12:38:06.795+0800][15.256s][info][safepoint   ] Safepoint "G1PauseCleanup", Time since last: 3523958 ns, Reaching safepoint: 19208 ns, At safepoint: 52209 ns, Leaving safepoint: 9166 ns, Total: 80583 ns, Threads: 1 runnable, 42 total
[2026-09-03T12:38:06.795+0800][15.256s][info][gc,marking  ] GC(166) Concurrent Clear Claimed Marks
[2026-09-03T12:38:06.795+0800][15.256s][info][gc,marking  ] GC(166) Concurrent Clear Claimed Marks 0.043ms
[2026-09-03T12:38:06.795+0800][15.256s][info][gc,marking  ] GC(166) Concurrent Cleanup for Next Mark
[2026-09-03T12:38:06.795+0800][15.257s][info][gc,marking  ] GC(166) Concurrent Cleanup for Next Mark 0.092ms
[2026-09-03T12:38:06.795+0800][15.257s][info][gc          ] GC(166) Concurrent Mark Cycle 9.690ms
[2026-09-03T12:38:07.012+0800][15.473s][info][gc,start    ] GC(167) Pause Young (Prepare Mixed) (G1 Evacuation Pause)
[2026-09-03T12:38:07.012+0800][15.473s][info][gc,task     ] GC(167) Using 9 workers of 9 for evacuation
[2026-09-03T12:38:07.014+0800][15.475s][info][gc,phases   ] GC(167)   Pre Evacuate Collection Set: 0.06ms
[2026-09-03T12:38:07.014+0800][15.475s][info][gc,phases   ] GC(167)   Merge Heap Roots: 0.03ms
[2026-09-03T12:38:07.014+0800][15.475s][info][gc,phases   ] GC(167)   Evacuate Collection Set: 1.56ms
[2026-09-03T12:38:07.014+0800][15.475s][info][gc,phases   ] GC(167)   Post Evacuate Collection Set: 0.07ms
[2026-09-03T12:38:07.014+0800][15.475s][info][gc,phases   ] GC(167)   Other: 0.06ms
[2026-09-03T12:38:07.014+0800][15.475s][info][gc,heap     ] GC(167) Eden regions: 76->0(94)
[2026-09-03T12:38:07.014+0800][15.475s][info][gc,heap     ] GC(167) Survivor regions: 13->12(12)
[2026-09-03T12:38:07.014+0800][15.475s][info][gc,heap     ] GC(167) Old regions: 94->110
[2026-09-03T12:38:07.014+0800][15.475s][info][gc,heap     ] GC(167) Humongous regions: 1->1
[2026-09-03T12:38:07.014+0800][15.475s][info][gc,metaspace] GC(167) Metaspace: 1060K(1216K)->1060K(1216K) NonClass: 996K(1088K)->996K(1088K) Class: 64K(128K)->64K(128K)
[2026-09-03T12:38:07.014+0800][15.475s][info][gc          ] GC(167) Pause Young (Prepare Mixed) (G1 Evacuation Pause) 183M->123M(256M) 1.898ms
[2026-09-03T12:38:07.014+0800][15.475s][info][gc,cpu      ] GC(167) User=0.01s Sys=0.01s Real=0.00s
[2026-09-03T12:38:07.014+0800][15.475s][info][safepoint   ] Safepoint "G1CollectForAllocation", Time since last: 216681167 ns, Reaching safepoint: 1958 ns, At safepoint: 1921542 ns, Leaving safepoint: 21708 ns, Total: 1945208 ns, Threads: 0 runnable, 42 total
[2026-09-03T12:38:07.297+0800][15.758s][info][gc,start    ] GC(168) Pause Young (Mixed) (G1 Evacuation Pause)
[2026-09-03T12:38:07.297+0800][15.758s][info][gc,task     ] GC(168) Using 9 workers of 9 for evacuation
[2026-09-03T12:38:07.299+0800][15.760s][info][gc,phases   ] GC(168)   Pre Evacuate Collection Set: 0.06ms
[2026-09-03T12:38:07.299+0800][15.760s][info][gc,phases   ] GC(168)   Merge Heap Roots: 0.04ms
[2026-09-03T12:38:07.299+0800][15.760s][info][gc,phases   ] GC(168)   Evacuate Collection Set: 1.79ms
[2026-09-03T12:38:07.299+0800][15.760s][info][gc,phases   ] GC(168)   Post Evacuate Collection Set: 0.10ms
[2026-09-03T12:38:07.299+0800][15.760s][info][gc,phases   ] GC(168)   Other: 0.07ms
[2026-09-03T12:38:07.299+0800][15.760s][info][gc,heap     ] GC(168) Eden regions: 94->0(102)
[2026-09-03T12:38:07.299+0800][15.760s][info][gc,heap     ] GC(168) Survivor regions: 12->14(14)
[2026-09-03T12:38:07.299+0800][15.760s][info][gc,heap     ] GC(168) Old regions: 110->97
[2026-09-03T12:38:07.299+0800][15.760s][info][gc,heap     ] GC(168) Humongous regions: 1->1
[2026-09-03T12:38:07.299+0800][15.760s][info][gc,metaspace] GC(168) Metaspace: 1060K(1216K)->1060K(1216K) NonClass: 996K(1088K)->996K(1088K) Class: 64K(128K)->64K(128K)
[2026-09-03T12:38:07.299+0800][15.761s][info][gc          ] GC(168) Pause Young (Mixed) (G1 Evacuation Pause) 217M->112M(256M) 2.172ms
[2026-09-03T12:38:07.299+0800][15.761s][info][gc,cpu      ] GC(168) User=0.02s Sys=0.00s Real=0.00s
[2026-09-03T12:38:07.299+0800][15.761s][info][safepoint   ] Safepoint "G1CollectForAllocation", Time since last: 283275667 ns, Reaching safepoint: 2208 ns, At safepoint: 2195292 ns, Leaving safepoint: 21583 ns, Total: 2219083 ns, Threads: 0 runnable, 42 total
[2026-09-03T12:38:07.608+0800][16.069s][info][gc,start    ] GC(169) Pause Young (Mixed) (G1 Evacuation Pause)
[2026-09-03T12:38:07.608+0800][16.069s][info][gc,task     ] GC(169) Using 9 workers of 9 for evacuation
[2026-09-03T12:38:07.610+0800][16.072s][info][gc,phases   ] GC(169)   Pre Evacuate Collection Set: 0.05ms
[2026-09-03T12:38:07.610+0800][16.072s][info][gc,phases   ] GC(169)   Merge Heap Roots: 0.04ms
[2026-09-03T12:38:07.610+0800][16.072s][info][gc,phases   ] GC(169)   Evacuate Collection Set: 2.13ms
[2026-09-03T12:38:07.610+0800][16.072s][info][gc,phases   ] GC(169)   Post Evacuate Collection Set: 0.07ms
[2026-09-03T12:38:07.610+0800][16.072s][info][gc,phases   ] GC(169)   Other: 0.06ms
[2026-09-03T12:38:07.610+0800][16.072s][info][gc,heap     ] GC(169) Eden regions: 102->0(90)
[2026-09-03T12:38:07.610+0800][16.072s][info][gc,heap     ] GC(169) Survivor regions: 14->15(15)
[2026-09-03T12:38:07.610+0800][16.072s][info][gc,heap     ] GC(169) Old regions: 97->112
[2026-09-03T12:38:07.610+0800][16.072s][info][gc,heap     ] GC(169) Humongous regions: 1->1
[2026-09-03T12:38:07.610+0800][16.072s][info][gc,metaspace] GC(169) Metaspace: 1060K(1216K)->1060K(1216K) NonClass: 996K(1088K)->996K(1088K) Class: 64K(128K)->64K(128K)
[2026-09-03T12:38:07.610+0800][16.072s][info][gc          ] GC(169) Pause Young (Mixed) (G1 Evacuation Pause) 214M->128M(256M) 2.469ms
[2026-09-03T12:38:07.610+0800][16.072s][info][gc,cpu      ] GC(169) User=0.02s Sys=0.00s Real=0.01s
[2026-09-03T12:38:07.610+0800][16.072s][info][safepoint   ] Safepoint "G1CollectForAllocation", Time since last: 308815667 ns, Reaching safepoint: 3500 ns, At safepoint: 2493917 ns, Leaving safepoint: 18666 ns, Total: 2516083 ns, Threads: 0 runnable, 42 total
[2026-09-03T12:38:07.883+0800][16.344s][info][gc,start    ] GC(170) Pause Young (Concurrent Start) (G1 Evacuation Pause)
[2026-09-03T12:38:07.883+0800][16.344s][info][gc,task     ] GC(170) Using 9 workers of 9 for evacuation
[2026-09-03T12:38:07.885+0800][16.347s][info][gc,phases   ] GC(170)   Pre Evacuate Collection Set: 0.06ms
[2026-09-03T12:38:07.885+0800][16.347s][info][gc,phases   ] GC(170)   Merge Heap Roots: 0.02ms
[2026-09-03T12:38:07.885+0800][16.347s][info][gc,phases   ] GC(170)   Evacuate Collection Set: 2.16ms
[2026-09-03T12:38:07.885+0800][16.347s][info][gc,phases   ] GC(170)   Post Evacuate Collection Set: 0.10ms
[2026-09-03T12:38:07.885+0800][16.347s][info][gc,phases   ] GC(170)   Other: 0.06ms
[2026-09-03T12:38:07.885+0800][16.347s][info][gc,heap     ] GC(170) Eden regions: 90->0(77)
[2026-09-03T12:38:07.885+0800][16.347s][info][gc,heap     ] GC(170) Survivor regions: 15->14(14)
[2026-09-03T12:38:07.885+0800][16.347s][info][gc,heap     ] GC(170) Old regions: 112->132
[2026-09-03T12:38:07.885+0800][16.347s][info][gc,heap     ] GC(170) Humongous regions: 1->1
[2026-09-03T12:38:07.885+0800][16.347s][info][gc,metaspace] GC(170) Metaspace: 1060K(1216K)->1060K(1216K) NonClass: 996K(1088K)->996K(1088K) Class: 64K(128K)->64K(128K)
[2026-09-03T12:38:07.885+0800][16.347s][info][gc          ] GC(170) Pause Young (Concurrent Start) (G1 Evacuation Pause) 218M->146M(256M) 2.494ms
[2026-09-03T12:38:07.885+0800][16.347s][info][gc,cpu      ] GC(170) User=0.01s Sys=0.00s Real=0.00s
[2026-09-03T12:38:07.885+0800][16.347s][info][gc          ] GC(171) Concurrent Mark Cycle
[2026-09-03T12:38:07.885+0800][16.347s][info][gc,marking  ] GC(171) Concurrent Scan Root Regions
[2026-09-03T12:38:07.885+0800][16.347s][info][safepoint   ] Safepoint "G1CollectForAllocation", Time since last: 272396625 ns, Reaching safepoint: 2709 ns, At safepoint: 2521333 ns, Leaving safepoint: 19500 ns, Total: 2543542 ns, Threads: 0 runnable, 42 total
[2026-09-03T12:38:07.887+0800][16.349s][info][gc,marking  ] GC(171) Concurrent Scan Root Regions 1.999ms
[2026-09-03T12:38:07.887+0800][16.349s][info][gc,marking  ] GC(171) Concurrent Mark
[2026-09-03T12:38:07.887+0800][16.349s][info][gc,marking  ] GC(171) Concurrent Mark From Roots
[2026-09-03T12:38:07.887+0800][16.349s][info][gc,task     ] GC(171) Concurrent Mark Using 2 of 2 Workers
[2026-09-03T12:38:07.891+0800][16.352s][info][gc,marking  ] GC(171) Concurrent Mark From Roots 3.480ms
[2026-09-03T12:38:07.891+0800][16.352s][info][gc,marking  ] GC(171) Concurrent Preclean
[2026-09-03T12:38:07.891+0800][16.352s][info][gc,marking  ] GC(171) Concurrent Preclean 0.008ms
[2026-09-03T12:38:07.891+0800][16.352s][info][gc,start    ] GC(171) Pause Remark
[2026-09-03T12:38:07.891+0800][16.353s][info][gc          ] GC(171) Pause Remark 149M->112M(256M) 0.373ms
[2026-09-03T12:38:07.891+0800][16.353s][info][gc,cpu      ] GC(171) User=0.00s Sys=0.00s Real=0.00s
[2026-09-03T12:38:07.891+0800][16.353s][info][safepoint   ] Safepoint "G1PauseRemark", Time since last: 5529500 ns, Reaching safepoint: 2667 ns, At safepoint: 395791 ns, Leaving safepoint: 15375 ns, Total: 413833 ns, Threads: 0 runnable, 42 total
[2026-09-03T12:38:07.891+0800][16.353s][info][gc,marking  ] GC(171) Concurrent Mark 3.974ms
[2026-09-03T12:38:07.891+0800][16.353s][info][gc,marking  ] GC(171) Concurrent Rebuild Remembered Sets and Scrub Regions
[2026-09-03T12:38:07.895+0800][16.356s][info][gc,marking  ] GC(171) Concurrent Rebuild Remembered Sets and Scrub Regions 3.602ms
[2026-09-03T12:38:07.895+0800][16.356s][info][gc,start    ] GC(171) Pause Cleanup
[2026-09-03T12:38:07.895+0800][16.356s][info][gc          ] GC(171) Pause Cleanup 114M->114M(256M) 0.034ms
[2026-09-03T12:38:07.895+0800][16.356s][info][gc,cpu      ] GC(171) User=0.00s Sys=0.00s Real=0.00s
[2026-09-03T12:38:07.895+0800][16.356s][info][safepoint   ] Safepoint "G1PauseCleanup", Time since last: 3675084 ns, Reaching safepoint: 1583 ns, At safepoint: 52792 ns, Leaving safepoint: 2458 ns, Total: 56833 ns, Threads: 0 runnable, 42 total
[2026-09-03T12:38:07.895+0800][16.356s][info][gc,marking  ] GC(171) Concurrent Clear Claimed Marks
[2026-09-03T12:38:07.895+0800][16.357s][info][gc,marking  ] GC(171) Concurrent Clear Claimed Marks 0.006ms
[2026-09-03T12:38:07.895+0800][16.357s][info][gc,marking  ] GC(171) Concurrent Cleanup for Next Mark
[2026-09-03T12:38:07.895+0800][16.357s][info][gc,marking  ] GC(171) Concurrent Cleanup for Next Mark 0.084ms
[2026-09-03T12:38:07.895+0800][16.357s][info][gc          ] GC(171) Concurrent Mark Cycle 9.812ms
[2026-09-03T12:38:08.118+0800][16.579s][info][gc,start    ] GC(172) Pause Young (Prepare Mixed) (G1 Evacuation Pause)
[2026-09-03T12:38:08.118+0800][16.579s][info][gc,task     ] GC(172) Using 9 workers of 9 for evacuation
[2026-09-03T12:38:08.120+0800][16.581s][info][gc,phases   ] GC(172)   Pre Evacuate Collection Set: 0.06ms
[2026-09-03T12:38:08.120+0800][16.581s][info][gc,phases   ] GC(172)   Merge Heap Roots: 0.02ms
[2026-09-03T12:38:08.120+0800][16.581s][info][gc,phases   ] GC(172)   Evacuate Collection Set: 1.58ms
[2026-09-03T12:38:08.120+0800][16.581s][info][gc,phases   ] GC(172)   Post Evacuate Collection Set: 0.10ms
[2026-09-03T12:38:08.120+0800][16.581s][info][gc,phases   ] GC(172)   Other: 0.05ms
[2026-09-03T12:38:08.120+0800][16.581s][info][gc,heap     ] GC(172) Eden regions: 77->0(92)
[2026-09-03T12:38:08.120+0800][16.581s][info][gc,heap     ] GC(172) Survivor regions: 14->12(12)
[2026-09-03T12:38:08.120+0800][16.581s][info][gc,heap     ] GC(172) Old regions: 95->112
[2026-09-03T12:38:08.120+0800][16.581s][info][gc,heap     ] GC(172) Humongous regions: 1->1
[2026-09-03T12:38:08.120+0800][16.581s][info][gc,metaspace] GC(172) Metaspace: 1060K(1216K)->1060K(1216K) NonClass: 996K(1088K)->996K(1088K) Class: 64K(128K)->64K(128K)
[2026-09-03T12:38:08.120+0800][16.581s][info][gc          ] GC(172) Pause Young (Prepare Mixed) (G1 Evacuation Pause) 186M->125M(256M) 1.909ms
[2026-09-03T12:38:08.120+0800][16.581s][info][gc,cpu      ] GC(172) User=0.01s Sys=0.00s Real=0.01s
[2026-09-03T12:38:08.120+0800][16.581s][info][safepoint   ] Safepoint "G1CollectForAllocation", Time since last: 222872583 ns, Reaching safepoint: 22750 ns, At safepoint: 1930917 ns, Leaving safepoint: 44667 ns, Total: 1998334 ns, Threads: 1 runnable, 42 total
[2026-09-03T12:38:08.399+0800][16.860s][info][gc,start    ] GC(173) Pause Young (Mixed) (G1 Evacuation Pause)
[2026-09-03T12:38:08.399+0800][16.860s][info][gc,task     ] GC(173) Using 9 workers of 9 for evacuation
[2026-09-03T12:38:08.401+0800][16.863s][info][gc,phases   ] GC(173)   Pre Evacuate Collection Set: 0.05ms
[2026-09-03T12:38:08.401+0800][16.863s][info][gc,phases   ] GC(173)   Merge Heap Roots: 0.03ms
[2026-09-03T12:38:08.401+0800][16.863s][info][gc,phases   ] GC(173)   Evacuate Collection Set: 2.14ms
[2026-09-03T12:38:08.401+0800][16.863s][info][gc,phases   ] GC(173)   Post Evacuate Collection Set: 0.11ms
[2026-09-03T12:38:08.401+0800][16.863s][info][gc,phases   ] GC(173)   Other: 0.06ms
[2026-09-03T12:38:08.401+0800][16.863s][info][gc,heap     ] GC(173) Eden regions: 92->0(100)
[2026-09-03T12:38:08.401+0800][16.863s][info][gc,heap     ] GC(173) Survivor regions: 12->13(13)
[2026-09-03T12:38:08.401+0800][16.863s][info][gc,heap     ] GC(173) Old regions: 112->100
[2026-09-03T12:38:08.401+0800][16.863s][info][gc,heap     ] GC(173) Humongous regions: 1->1
[2026-09-03T12:38:08.401+0800][16.863s][info][gc,metaspace] GC(173) Metaspace: 1060K(1216K)->1060K(1216K) NonClass: 996K(1088K)->996K(1088K) Class: 64K(128K)->64K(128K)
[2026-09-03T12:38:08.401+0800][16.863s][info][gc          ] GC(173) Pause Young (Mixed) (G1 Evacuation Pause) 217M->114M(256M) 2.488ms
[2026-09-03T12:38:08.401+0800][16.863s][info][gc,cpu      ] GC(173) User=0.02s Sys=0.00s Real=0.01s
[2026-09-03T12:38:08.401+0800][16.863s][info][safepoint   ] Safepoint "G1CollectForAllocation", Time since last: 278739541 ns, Reaching safepoint: 3042 ns, At safepoint: 2510375 ns, Leaving safepoint: 28708 ns, Total: 2542125 ns, Threads: 0 runnable, 42 total
[2026-09-03T12:38:08.706+0800][17.167s][info][gc,start    ] GC(174) Pause Young (Mixed) (G1 Evacuation Pause)
[2026-09-03T12:38:08.706+0800][17.167s][info][gc,task     ] GC(174) Using 9 workers of 9 for evacuation
[2026-09-03T12:38:08.708+0800][17.169s][info][gc,phases   ] GC(174)   Pre Evacuate Collection Set: 0.10ms
[2026-09-03T12:38:08.708+0800][17.169s][info][gc,phases   ] GC(174)   Merge Heap Roots: 0.02ms
[2026-09-03T12:38:08.708+0800][17.169s][info][gc,phases   ] GC(174)   Evacuate Collection Set: 1.83ms
[2026-09-03T12:38:08.708+0800][17.169s][info][gc,phases   ] GC(174)   Post Evacuate Collection Set: 0.10ms
[2026-09-03T12:38:08.708+0800][17.169s][info][gc,phases   ] GC(174)   Other: 0.05ms
[2026-09-03T12:38:08.708+0800][17.169s][info][gc,heap     ] GC(174) Eden regions: 100->0(90)
[2026-09-03T12:38:08.708+0800][17.169s][info][gc,heap     ] GC(174) Survivor regions: 13->15(15)
[2026-09-03T12:38:08.708+0800][17.169s][info][gc,heap     ] GC(174) Old regions: 100->112
[2026-09-03T12:38:08.708+0800][17.169s][info][gc,heap     ] GC(174) Humongous regions: 1->1
[2026-09-03T12:38:08.708+0800][17.169s][info][gc,metaspace] GC(174) Metaspace: 1060K(1216K)->1060K(1216K) NonClass: 996K(1088K)->996K(1088K) Class: 64K(128K)->64K(128K)
[2026-09-03T12:38:08.708+0800][17.169s][info][gc          ] GC(174) Pause Young (Mixed) (G1 Evacuation Pause) 214M->127M(256M) 2.202ms
[2026-09-03T12:38:08.708+0800][17.169s][info][gc,cpu      ] GC(174) User=0.02s Sys=0.00s Real=0.00s
[2026-09-03T12:38:08.708+0800][17.169s][info][safepoint   ] Safepoint "G1CollectForAllocation", Time since last: 304257667 ns, Reaching safepoint: 2250 ns, At safepoint: 2224375 ns, Leaving safepoint: 43458 ns, Total: 2270083 ns, Threads: 0 runnable, 42 total
[2026-09-03T12:38:08.981+0800][17.442s][info][gc,start    ] GC(175) Pause Young (Concurrent Start) (G1 Evacuation Pause)
[2026-09-03T12:38:08.981+0800][17.442s][info][gc,task     ] GC(175) Using 9 workers of 9 for evacuation
[2026-09-03T12:38:08.983+0800][17.444s][info][gc,phases   ] GC(175)   Pre Evacuate Collection Set: 0.05ms
[2026-09-03T12:38:08.983+0800][17.444s][info][gc,phases   ] GC(175)   Merge Heap Roots: 0.02ms
[2026-09-03T12:38:08.983+0800][17.444s][info][gc,phases   ] GC(175)   Evacuate Collection Set: 1.84ms
[2026-09-03T12:38:08.983+0800][17.444s][info][gc,phases   ] GC(175)   Post Evacuate Collection Set: 0.10ms
[2026-09-03T12:38:08.983+0800][17.444s][info][gc,phases   ] GC(175)   Other: 0.06ms
[2026-09-03T12:38:08.983+0800][17.444s][info][gc,heap     ] GC(175) Eden regions: 90->0(77)
[2026-09-03T12:38:08.983+0800][17.444s][info][gc,heap     ] GC(175) Survivor regions: 15->14(14)
[2026-09-03T12:38:08.983+0800][17.444s][info][gc,heap     ] GC(175) Old regions: 112->131
[2026-09-03T12:38:08.983+0800][17.444s][info][gc,heap     ] GC(175) Humongous regions: 1->1
[2026-09-03T12:38:08.983+0800][17.444s][info][gc,metaspace] GC(175) Metaspace: 1060K(1216K)->1060K(1216K) NonClass: 996K(1088K)->996K(1088K) Class: 64K(128K)->64K(128K)
[2026-09-03T12:38:08.983+0800][17.444s][info][gc          ] GC(175) Pause Young (Concurrent Start) (G1 Evacuation Pause) 217M->145M(256M) 2.189ms
[2026-09-03T12:38:08.983+0800][17.444s][info][gc,cpu      ] GC(175) User=0.01s Sys=0.00s Real=0.00s
[2026-09-03T12:38:08.983+0800][17.444s][info][gc          ] GC(176) Concurrent Mark Cycle
[2026-09-03T12:38:08.983+0800][17.444s][info][gc,marking  ] GC(176) Concurrent Scan Root Regions
[2026-09-03T12:38:08.983+0800][17.444s][info][safepoint   ] Safepoint "G1CollectForAllocation", Time since last: 272738917 ns, Reaching safepoint: 2500 ns, At safepoint: 2216208 ns, Leaving safepoint: 63125 ns, Total: 2281833 ns, Threads: 0 runnable, 42 total
[2026-09-03T12:38:08.985+0800][17.446s][info][gc,marking  ] GC(176) Concurrent Scan Root Regions 2.271ms
[2026-09-03T12:38:08.985+0800][17.446s][info][gc,marking  ] GC(176) Concurrent Mark
[2026-09-03T12:38:08.985+0800][17.446s][info][gc,marking  ] GC(176) Concurrent Mark From Roots
[2026-09-03T12:38:08.985+0800][17.446s][info][gc,task     ] GC(176) Concurrent Mark Using 2 of 2 Workers
[2026-09-03T12:38:08.988+0800][17.450s][info][gc,marking  ] GC(176) Concurrent Mark From Roots 3.342ms
[2026-09-03T12:38:08.988+0800][17.450s][info][gc,marking  ] GC(176) Concurrent Preclean
[2026-09-03T12:38:08.988+0800][17.450s][info][gc,marking  ] GC(176) Concurrent Preclean 0.010ms
[2026-09-03T12:38:08.988+0800][17.450s][info][gc,start    ] GC(176) Pause Remark
[2026-09-03T12:38:08.989+0800][17.450s][info][gc          ] GC(176) Pause Remark 149M->104M(256M) 0.278ms
[2026-09-03T12:38:08.989+0800][17.450s][info][gc,cpu      ] GC(176) User=0.00s Sys=0.00s Real=0.00s
[2026-09-03T12:38:08.989+0800][17.450s][info][safepoint   ] Safepoint "G1PauseRemark", Time since last: 5628917 ns, Reaching safepoint: 3208 ns, At safepoint: 303084 ns, Leaving safepoint: 16666 ns, Total: 322958 ns, Threads: 0 runnable, 42 total
[2026-09-03T12:38:08.989+0800][17.450s][info][gc,marking  ] GC(176) Concurrent Mark 3.753ms
[2026-09-03T12:38:08.989+0800][17.450s][info][gc,marking  ] GC(176) Concurrent Rebuild Remembered Sets and Scrub Regions
[2026-09-03T12:38:08.992+0800][17.453s][info][gc,marking  ] GC(176) Concurrent Rebuild Remembered Sets and Scrub Regions 2.982ms
[2026-09-03T12:38:08.992+0800][17.453s][info][gc,start    ] GC(176) Pause Cleanup
[2026-09-03T12:38:08.992+0800][17.453s][info][gc          ] GC(176) Pause Cleanup 106M->106M(256M) 0.034ms
[2026-09-03T12:38:08.992+0800][17.453s][info][gc,cpu      ] GC(176) User=0.00s Sys=0.00s Real=0.00s
[2026-09-03T12:38:08.992+0800][17.453s][info][safepoint   ] Safepoint "G1PauseCleanup", Time since last: 3045959 ns, Reaching safepoint: 1958 ns, At safepoint: 49958 ns, Leaving safepoint: 542 ns, Total: 52458 ns, Threads: 0 runnable, 42 total
[2026-09-03T12:38:08.992+0800][17.453s][info][gc,marking  ] GC(176) Concurrent Clear Claimed Marks
[2026-09-03T12:38:08.992+0800][17.453s][info][gc,marking  ] GC(176) Concurrent Clear Claimed Marks 0.013ms
[2026-09-03T12:38:08.992+0800][17.453s][info][gc,marking  ] GC(176) Concurrent Cleanup for Next Mark
[2026-09-03T12:38:08.992+0800][17.453s][info][gc,marking  ] GC(176) Concurrent Cleanup for Next Mark 0.094ms
[2026-09-03T12:38:08.992+0800][17.453s][info][gc          ] GC(176) Concurrent Mark Cycle 9.249ms
[2026-09-03T12:38:09.216+0800][17.677s][info][gc,start    ] GC(177) Pause Young (Prepare Mixed) (G1 Evacuation Pause)
[2026-09-03T12:38:09.216+0800][17.677s][info][gc,task     ] GC(177) Using 9 workers of 9 for evacuation
[2026-09-03T12:38:09.218+0800][17.679s][info][gc,phases   ] GC(177)   Pre Evacuate Collection Set: 0.05ms
[2026-09-03T12:38:09.218+0800][17.679s][info][gc,phases   ] GC(177)   Merge Heap Roots: 0.02ms
[2026-09-03T12:38:09.218+0800][17.679s][info][gc,phases   ] GC(177)   Evacuate Collection Set: 1.84ms
[2026-09-03T12:38:09.218+0800][17.679s][info][gc,phases   ] GC(177)   Post Evacuate Collection Set: 0.10ms
[2026-09-03T12:38:09.218+0800][17.679s][info][gc,phases   ] GC(177)   Other: 0.06ms
[2026-09-03T12:38:09.218+0800][17.679s][info][gc,heap     ] GC(177) Eden regions: 77->0(97)
[2026-09-03T12:38:09.218+0800][17.679s][info][gc,heap     ] GC(177) Survivor regions: 14->12(12)
[2026-09-03T12:38:09.218+0800][17.679s][info][gc,heap     ] GC(177) Old regions: 86->105
[2026-09-03T12:38:09.218+0800][17.679s][info][gc,heap     ] GC(177) Humongous regions: 1->1
[2026-09-03T12:38:09.218+0800][17.679s][info][gc,metaspace] GC(177) Metaspace: 1060K(1216K)->1060K(1216K) NonClass: 996K(1088K)->996K(1088K) Class: 64K(128K)->64K(128K)
[2026-09-03T12:38:09.218+0800][17.679s][info][gc          ] GC(177) Pause Young (Prepare Mixed) (G1 Evacuation Pause) 177M->117M(256M) 2.178ms
[2026-09-03T12:38:09.218+0800][17.679s][info][gc,cpu      ] GC(177) User=0.02s Sys=0.00s Real=0.00s
[2026-09-03T12:38:09.218+0800][17.679s][info][safepoint   ] Safepoint "G1CollectForAllocation", Time since last: 223820167 ns, Reaching safepoint: 1708 ns, At safepoint: 2202500 ns, Leaving safepoint: 23292 ns, Total: 2227500 ns, Threads: 0 runnable, 42 total
[2026-09-03T12:38:09.510+0800][17.972s][info][gc,start    ] GC(178) Pause Young (Mixed) (G1 Evacuation Pause)
[2026-09-03T12:38:09.510+0800][17.972s][info][gc,task     ] GC(178) Using 9 workers of 9 for evacuation
[2026-09-03T12:38:09.513+0800][17.974s][info][gc,phases   ] GC(178)   Pre Evacuate Collection Set: 0.05ms
[2026-09-03T12:38:09.513+0800][17.974s][info][gc,phases   ] GC(178)   Merge Heap Roots: 0.03ms
[2026-09-03T12:38:09.513+0800][17.974s][info][gc,phases   ] GC(178)   Evacuate Collection Set: 1.91ms
[2026-09-03T12:38:09.513+0800][17.974s][info][gc,phases   ] GC(178)   Post Evacuate Collection Set: 0.09ms
[2026-09-03T12:38:09.513+0800][17.974s][info][gc,phases   ] GC(178)   Other: 0.06ms
[2026-09-03T12:38:09.513+0800][17.974s][info][gc,heap     ] GC(178) Eden regions: 97->0(104)
[2026-09-03T12:38:09.513+0800][17.974s][info][gc,heap     ] GC(178) Survivor regions: 12->14(14)
[2026-09-03T12:38:09.513+0800][17.974s][info][gc,heap     ] GC(178) Old regions: 105->94
[2026-09-03T12:38:09.513+0800][17.974s][info][gc,heap     ] GC(178) Humongous regions: 1->1
[2026-09-03T12:38:09.513+0800][17.974s][info][gc,metaspace] GC(178) Metaspace: 1060K(1216K)->1060K(1216K) NonClass: 996K(1088K)->996K(1088K) Class: 64K(128K)->64K(128K)
[2026-09-03T12:38:09.513+0800][17.974s][info][gc          ] GC(178) Pause Young (Mixed) (G1 Evacuation Pause) 214M->109M(256M) 2.240ms
[2026-09-03T12:38:09.513+0800][17.974s][info][gc,cpu      ] GC(178) User=0.02s Sys=0.00s Real=0.00s
[2026-09-03T12:38:09.513+0800][17.974s][info][safepoint   ] Safepoint "G1CollectForAllocation", Time since last: 292544333 ns, Reaching safepoint: 1583 ns, At safepoint: 2263500 ns, Leaving safepoint: 35625 ns, Total: 2300708 ns, Threads: 0 runnable, 42 total
[2026-09-03T12:38:09.828+0800][18.289s][info][gc,start    ] GC(179) Pause Young (Concurrent Start) (G1 Evacuation Pause)
[2026-09-03T12:38:09.828+0800][18.290s][info][gc,task     ] GC(179) Using 9 workers of 9 for evacuation
[2026-09-03T12:38:09.830+0800][18.292s][info][gc,phases   ] GC(179)   Pre Evacuate Collection Set: 0.09ms
[2026-09-03T12:38:09.830+0800][18.292s][info][gc,phases   ] GC(179)   Merge Heap Roots: 0.03ms
[2026-09-03T12:38:09.830+0800][18.292s][info][gc,phases   ] GC(179)   Evacuate Collection Set: 1.87ms
[2026-09-03T12:38:09.830+0800][18.292s][info][gc,phases   ] GC(179)   Post Evacuate Collection Set: 0.10ms
[2026-09-03T12:38:09.830+0800][18.292s][info][gc,phases   ] GC(179)   Other: 0.06ms
[2026-09-03T12:38:09.830+0800][18.292s][info][gc,heap     ] GC(179) Eden regions: 104->0(88)
[2026-09-03T12:38:09.830+0800][18.292s][info][gc,heap     ] GC(179) Survivor regions: 14->15(15)
[2026-09-03T12:38:09.830+0800][18.292s][info][gc,heap     ] GC(179) Old regions: 94->115
[2026-09-03T12:38:09.830+0800][18.292s][info][gc,heap     ] GC(179) Humongous regions: 1->1
[2026-09-03T12:38:09.830+0800][18.292s][info][gc,metaspace] GC(179) Metaspace: 1060K(1216K)->1060K(1216K) NonClass: 996K(1088K)->996K(1088K) Class: 64K(128K)->64K(128K)
[2026-09-03T12:38:09.830+0800][18.292s][info][gc          ] GC(179) Pause Young (Concurrent Start) (G1 Evacuation Pause) 213M->130M(256M) 2.264ms
[2026-09-03T12:38:09.830+0800][18.292s][info][gc,cpu      ] GC(179) User=0.02s Sys=0.00s Real=0.01s
[2026-09-03T12:38:09.830+0800][18.292s][info][gc          ] GC(180) Concurrent Mark Cycle
[2026-09-03T12:38:09.830+0800][18.292s][info][gc,marking  ] GC(180) Concurrent Scan Root Regions
[2026-09-03T12:38:09.830+0800][18.292s][info][safepoint   ] Safepoint "G1CollectForAllocation", Time since last: 315347375 ns, Reaching safepoint: 1834 ns, At safepoint: 2290541 ns, Leaving safepoint: 39750 ns, Total: 2332125 ns, Threads: 0 runnable, 42 total
[2026-09-03T12:38:09.832+0800][18.294s][info][gc,marking  ] GC(180) Concurrent Scan Root Regions 2.060ms
[2026-09-03T12:38:09.832+0800][18.294s][info][gc,marking  ] GC(180) Concurrent Mark
[2026-09-03T12:38:09.832+0800][18.294s][info][gc,marking  ] GC(180) Concurrent Mark From Roots
[2026-09-03T12:38:09.832+0800][18.294s][info][gc,task     ] GC(180) Concurrent Mark Using 2 of 2 Workers
[2026-09-03T12:38:09.836+0800][18.298s][info][gc,marking  ] GC(180) Concurrent Mark From Roots 3.753ms
[2026-09-03T12:38:09.836+0800][18.298s][info][gc,marking  ] GC(180) Concurrent Preclean
[2026-09-03T12:38:09.836+0800][18.298s][info][gc,marking  ] GC(180) Concurrent Preclean 0.012ms
[2026-09-03T12:38:09.836+0800][18.298s][info][gc,start    ] GC(180) Pause Remark
[2026-09-03T12:38:09.837+0800][18.298s][info][gc          ] GC(180) Pause Remark 134M->101M(256M) 0.297ms
[2026-09-03T12:38:09.837+0800][18.298s][info][gc,cpu      ] GC(180) User=0.00s Sys=0.00s Real=0.00s
[2026-09-03T12:38:09.837+0800][18.298s][info][safepoint   ] Safepoint "G1PauseRemark", Time since last: 5853500 ns, Reaching safepoint: 18250 ns, At safepoint: 318167 ns, Leaving safepoint: 12333 ns, Total: 348750 ns, Threads: 2 runnable, 42 total
[2026-09-03T12:38:09.837+0800][18.298s][info][gc,marking  ] GC(180) Concurrent Mark 4.198ms
[2026-09-03T12:38:09.837+0800][18.298s][info][gc,marking  ] GC(180) Concurrent Rebuild Remembered Sets and Scrub Regions
[2026-09-03T12:38:09.840+0800][18.301s][info][gc,marking  ] GC(180) Concurrent Rebuild Remembered Sets and Scrub Regions 3.140ms
[2026-09-03T12:38:09.840+0800][18.301s][info][gc,start    ] GC(180) Pause Cleanup
[2026-09-03T12:38:09.840+0800][18.301s][info][gc          ] GC(180) Pause Cleanup 101M->101M(256M) 0.033ms
[2026-09-03T12:38:09.840+0800][18.301s][info][gc,cpu      ] GC(180) User=0.00s Sys=0.00s Real=0.00s
[2026-09-03T12:38:09.840+0800][18.301s][info][safepoint   ] Safepoint "G1PauseCleanup", Time since last: 3206417 ns, Reaching safepoint: 1917 ns, At safepoint: 50000 ns, Leaving safepoint: 3625 ns, Total: 55542 ns, Threads: 0 runnable, 42 total
[2026-09-03T12:38:09.840+0800][18.301s][info][gc,marking  ] GC(180) Concurrent Clear Claimed Marks
[2026-09-03T12:38:09.840+0800][18.301s][info][gc,marking  ] GC(180) Concurrent Clear Claimed Marks 0.004ms
[2026-09-03T12:38:09.840+0800][18.301s][info][gc,marking  ] GC(180) Concurrent Cleanup for Next Mark
[2026-09-03T12:38:09.840+0800][18.301s][info][gc,marking  ] GC(180) Concurrent Cleanup for Next Mark 0.087ms
[2026-09-03T12:38:09.840+0800][18.301s][info][gc          ] GC(180) Concurrent Mark Cycle 9.620ms
[2026-09-03T12:38:10.098+0800][18.559s][info][gc,start    ] GC(181) Pause Young (Prepare Mixed) (G1 Evacuation Pause)
[2026-09-03T12:38:10.098+0800][18.560s][info][gc,task     ] GC(181) Using 9 workers of 9 for evacuation
[2026-09-03T12:38:10.100+0800][18.562s][info][gc,phases   ] GC(181)   Pre Evacuate Collection Set: 0.05ms
[2026-09-03T12:38:10.100+0800][18.562s][info][gc,phases   ] GC(181)   Merge Heap Roots: 0.02ms
[2026-09-03T12:38:10.100+0800][18.562s][info][gc,phases   ] GC(181)   Evacuate Collection Set: 2.01ms
[2026-09-03T12:38:10.100+0800][18.562s][info][gc,phases   ] GC(181)   Post Evacuate Collection Set: 0.08ms
[2026-09-03T12:38:10.100+0800][18.562s][info][gc,phases   ] GC(181)   Other: 0.06ms
[2026-09-03T12:38:10.100+0800][18.562s][info][gc,heap     ] GC(181) Eden regions: 88->0(99)
[2026-09-03T12:38:10.100+0800][18.562s][info][gc,heap     ] GC(181) Survivor regions: 15->13(13)
[2026-09-03T12:38:10.100+0800][18.562s][info][gc,heap     ] GC(181) Old regions: 82->102
[2026-09-03T12:38:10.100+0800][18.562s][info][gc,heap     ] GC(181) Humongous regions: 1->1
[2026-09-03T12:38:10.100+0800][18.562s][info][gc,metaspace] GC(181) Metaspace: 1060K(1216K)->1060K(1216K) NonClass: 996K(1088K)->996K(1088K) Class: 64K(128K)->64K(128K)
[2026-09-03T12:38:10.100+0800][18.562s][info][gc          ] GC(181) Pause Young (Prepare Mixed) (G1 Evacuation Pause) 185M->115M(256M) 2.324ms
[2026-09-03T12:38:10.100+0800][18.562s][info][gc,cpu      ] GC(181) User=0.02s Sys=0.00s Real=0.01s
[2026-09-03T12:38:10.100+0800][18.562s][info][safepoint   ] Safepoint "G1CollectForAllocation", Time since last: 258180833 ns, Reaching safepoint: 1750 ns, At safepoint: 2345167 ns, Leaving safepoint: 26958 ns, Total: 2373875 ns, Threads: 0 runnable, 42 total
[2026-09-03T12:38:10.397+0800][18.859s][info][gc,start    ] GC(182) Pause Young (Mixed) (G1 Evacuation Pause)
[2026-09-03T12:38:10.397+0800][18.859s][info][gc,task     ] GC(182) Using 9 workers of 9 for evacuation
[2026-09-03T12:38:10.399+0800][18.861s][info][gc,phases   ] GC(182)   Pre Evacuate Collection Set: 0.05ms
[2026-09-03T12:38:10.399+0800][18.861s][info][gc,phases   ] GC(182)   Merge Heap Roots: 0.02ms
[2026-09-03T12:38:10.399+0800][18.861s][info][gc,phases   ] GC(182)   Evacuate Collection Set: 1.84ms
[2026-09-03T12:38:10.399+0800][18.861s][info][gc,phases   ] GC(182)   Post Evacuate Collection Set: 0.11ms
[2026-09-03T12:38:10.399+0800][18.861s][info][gc,phases   ] GC(182)   Other: 0.06ms
[2026-09-03T12:38:10.399+0800][18.861s][info][gc,heap     ] GC(182) Eden regions: 99->0(101)
[2026-09-03T12:38:10.399+0800][18.861s][info][gc,heap     ] GC(182) Survivor regions: 13->14(14)
[2026-09-03T12:38:10.399+0800][18.861s][info][gc,heap     ] GC(182) Old regions: 102->97
[2026-09-03T12:38:10.399+0800][18.861s][info][gc,heap     ] GC(182) Humongous regions: 1->1
[2026-09-03T12:38:10.399+0800][18.861s][info][gc,metaspace] GC(182) Metaspace: 1060K(1216K)->1060K(1216K) NonClass: 996K(1088K)->996K(1088K) Class: 64K(128K)->64K(128K)
[2026-09-03T12:38:10.399+0800][18.861s][info][gc          ] GC(182) Pause Young (Mixed) (G1 Evacuation Pause) 214M->112M(256M) 2.201ms
[2026-09-03T12:38:10.399+0800][18.861s][info][gc,cpu      ] GC(182) User=0.02s Sys=0.00s Real=0.00s
[2026-09-03T12:38:10.399+0800][18.861s][info][safepoint   ] Safepoint "G1CollectForAllocation", Time since last: 296758292 ns, Reaching safepoint: 1916 ns, At safepoint: 2223834 ns, Leaving safepoint: 41916 ns, Total: 2267666 ns, Threads: 0 runnable, 42 total
[2026-09-03T12:38:10.706+0800][19.168s][info][gc,start    ] GC(183) Pause Young (Concurrent Start) (G1 Evacuation Pause)
[2026-09-03T12:38:10.706+0800][19.168s][info][gc,task     ] GC(183) Using 9 workers of 9 for evacuation
[2026-09-03T12:38:10.709+0800][19.170s][info][gc,phases   ] GC(183)   Pre Evacuate Collection Set: 0.06ms
[2026-09-03T12:38:10.709+0800][19.170s][info][gc,phases   ] GC(183)   Merge Heap Roots: 0.03ms
[2026-09-03T12:38:10.709+0800][19.170s][info][gc,phases   ] GC(183)   Evacuate Collection Set: 1.96ms
[2026-09-03T12:38:10.709+0800][19.170s][info][gc,phases   ] GC(183)   Post Evacuate Collection Set: 0.12ms
[2026-09-03T12:38:10.709+0800][19.170s][info][gc,phases   ] GC(183)   Other: 0.06ms
[2026-09-03T12:38:10.709+0800][19.170s][info][gc,heap     ] GC(183) Eden regions: 101->0(86)
[2026-09-03T12:38:10.709+0800][19.170s][info][gc,heap     ] GC(183) Survivor regions: 14->15(15)
[2026-09-03T12:38:10.709+0800][19.170s][info][gc,heap     ] GC(183) Old regions: 97->118
[2026-09-03T12:38:10.709+0800][19.170s][info][gc,heap     ] GC(183) Humongous regions: 1->1
[2026-09-03T12:38:10.709+0800][19.170s][info][gc,metaspace] GC(183) Metaspace: 1060K(1216K)->1060K(1216K) NonClass: 996K(1088K)->996K(1088K) Class: 64K(128K)->64K(128K)
[2026-09-03T12:38:10.709+0800][19.170s][info][gc          ] GC(183) Pause Young (Concurrent Start) (G1 Evacuation Pause) 213M->133M(256M) 2.338ms
[2026-09-03T12:38:10.709+0800][19.170s][info][gc,cpu      ] GC(183) User=0.02s Sys=0.00s Real=0.00s
[2026-09-03T12:38:10.709+0800][19.170s][info][gc          ] GC(184) Concurrent Mark Cycle
[2026-09-03T12:38:10.709+0800][19.170s][info][gc,marking  ] GC(184) Concurrent Scan Root Regions
[2026-09-03T12:38:10.709+0800][19.170s][info][safepoint   ] Safepoint "G1CollectForAllocation", Time since last: 306958084 ns, Reaching safepoint: 2291 ns, At safepoint: 2369042 ns, Leaving safepoint: 58917 ns, Total: 2430250 ns, Threads: 0 runnable, 42 total
[2026-09-03T12:38:10.711+0800][19.173s][info][gc,marking  ] GC(184) Concurrent Scan Root Regions 2.390ms
[2026-09-03T12:38:10.711+0800][19.173s][info][gc,marking  ] GC(184) Concurrent Mark
[2026-09-03T12:38:10.711+0800][19.173s][info][gc,marking  ] GC(184) Concurrent Mark From Roots
[2026-09-03T12:38:10.711+0800][19.173s][info][gc,task     ] GC(184) Concurrent Mark Using 2 of 2 Workers
[2026-09-03T12:38:10.715+0800][19.176s][info][gc,marking  ] GC(184) Concurrent Mark From Roots 3.384ms
[2026-09-03T12:38:10.715+0800][19.176s][info][gc,marking  ] GC(184) Concurrent Preclean
[2026-09-03T12:38:10.715+0800][19.176s][info][gc,marking  ] GC(184) Concurrent Preclean 0.008ms
[2026-09-03T12:38:10.715+0800][19.176s][info][gc,start    ] GC(184) Pause Remark
[2026-09-03T12:38:10.715+0800][19.176s][info][gc          ] GC(184) Pause Remark 137M->104M(256M) 0.299ms
[2026-09-03T12:38:10.715+0800][19.176s][info][gc,cpu      ] GC(184) User=0.00s Sys=0.01s Real=0.00s
[2026-09-03T12:38:10.715+0800][19.176s][info][safepoint   ] Safepoint "G1PauseRemark", Time since last: 5797583 ns, Reaching safepoint: 1917 ns, At safepoint: 319708 ns, Leaving safepoint: 14750 ns, Total: 336375 ns, Threads: 0 runnable, 42 total
[2026-09-03T12:38:10.715+0800][19.176s][info][gc,marking  ] GC(184) Concurrent Mark 3.805ms
[2026-09-03T12:38:10.715+0800][19.176s][info][gc,marking  ] GC(184) Concurrent Rebuild Remembered Sets and Scrub Regions
[2026-09-03T12:38:10.719+0800][19.180s][info][gc,marking  ] GC(184) Concurrent Rebuild Remembered Sets and Scrub Regions 3.958ms
[2026-09-03T12:38:10.719+0800][19.180s][info][gc,start    ] GC(184) Pause Cleanup
[2026-09-03T12:38:10.719+0800][19.180s][info][gc          ] GC(184) Pause Cleanup 106M->106M(256M) 0.034ms
[2026-09-03T12:38:10.719+0800][19.180s][info][gc,cpu      ] GC(184) User=0.00s Sys=0.00s Real=0.00s
[2026-09-03T12:38:10.719+0800][19.180s][info][safepoint   ] Safepoint "G1PauseCleanup", Time since last: 4033875 ns, Reaching safepoint: 2250 ns, At safepoint: 51375 ns, Leaving safepoint: 2458 ns, Total: 56083 ns, Threads: 0 runnable, 42 total
[2026-09-03T12:38:10.719+0800][19.180s][info][gc,marking  ] GC(184) Concurrent Clear Claimed Marks
[2026-09-03T12:38:10.719+0800][19.180s][info][gc,marking  ] GC(184) Concurrent Clear Claimed Marks 0.007ms
[2026-09-03T12:38:10.719+0800][19.180s][info][gc,marking  ] GC(184) Concurrent Cleanup for Next Mark
[2026-09-03T12:38:10.719+0800][19.181s][info][gc,marking  ] GC(184) Concurrent Cleanup for Next Mark 0.101ms
[2026-09-03T12:38:10.719+0800][19.181s][info][gc          ] GC(184) Concurrent Mark Cycle 10.429ms
[2026-09-03T12:38:10.971+0800][19.432s][info][gc,start    ] GC(185) Pause Young (Prepare Mixed) (G1 Evacuation Pause)
[2026-09-03T12:38:10.971+0800][19.432s][info][gc,task     ] GC(185) Using 9 workers of 9 for evacuation
[2026-09-03T12:38:10.973+0800][19.434s][info][gc,phases   ] GC(185)   Pre Evacuate Collection Set: 0.09ms
[2026-09-03T12:38:10.973+0800][19.434s][info][gc,phases   ] GC(185)   Merge Heap Roots: 0.02ms
[2026-09-03T12:38:10.973+0800][19.434s][info][gc,phases   ] GC(185)   Evacuate Collection Set: 1.82ms
[2026-09-03T12:38:10.973+0800][19.434s][info][gc,phases   ] GC(185)   Post Evacuate Collection Set: 0.08ms
[2026-09-03T12:38:10.973+0800][19.434s][info][gc,phases   ] GC(185)   Other: 0.06ms
[2026-09-03T12:38:10.973+0800][19.434s][info][gc,heap     ] GC(185) Eden regions: 86->0(96)
[2026-09-03T12:38:10.973+0800][19.434s][info][gc,heap     ] GC(185) Survivor regions: 15->13(13)
[2026-09-03T12:38:10.973+0800][19.434s][info][gc,heap     ] GC(185) Old regions: 85->105
[2026-09-03T12:38:10.973+0800][19.434s][info][gc,heap     ] GC(185) Humongous regions: 1->1
[2026-09-03T12:38:10.973+0800][19.434s][info][gc,metaspace] GC(185) Metaspace: 1060K(1216K)->1060K(1216K) NonClass: 996K(1088K)->996K(1088K) Class: 64K(128K)->64K(128K)
[2026-09-03T12:38:10.973+0800][19.434s][info][gc          ] GC(185) Pause Young (Prepare Mixed) (G1 Evacuation Pause) 186M->118M(256M) 2.190ms
[2026-09-03T12:38:10.973+0800][19.434s][info][gc,cpu      ] GC(185) User=0.01s Sys=0.00s Real=0.00s
[2026-09-03T12:38:10.973+0800][19.434s][info][safepoint   ] Safepoint "G1CollectForAllocation", Time since last: 251500334 ns, Reaching safepoint: 2625 ns, At safepoint: 2213250 ns, Leaving safepoint: 24750 ns, Total: 2240625 ns, Threads: 0 runnable, 42 total
[2026-09-03T12:38:11.262+0800][19.724s][info][gc,start    ] GC(186) Pause Young (Mixed) (G1 Evacuation Pause)
[2026-09-03T12:38:11.263+0800][19.724s][info][gc,task     ] GC(186) Using 9 workers of 9 for evacuation
[2026-09-03T12:38:11.265+0800][19.726s][info][gc,phases   ] GC(186)   Pre Evacuate Collection Set: 0.05ms
[2026-09-03T12:38:11.265+0800][19.726s][info][gc,phases   ] GC(186)   Merge Heap Roots: 0.06ms
[2026-09-03T12:38:11.265+0800][19.726s][info][gc,phases   ] GC(186)   Evacuate Collection Set: 1.91ms
[2026-09-03T12:38:11.265+0800][19.726s][info][gc,phases   ] GC(186)   Post Evacuate Collection Set: 0.10ms
[2026-09-03T12:38:11.265+0800][19.726s][info][gc,phases   ] GC(186)   Other: 0.06ms
[2026-09-03T12:38:11.265+0800][19.726s][info][gc,heap     ] GC(186) Eden regions: 96->0(102)
[2026-09-03T12:38:11.265+0800][19.726s][info][gc,heap     ] GC(186) Survivor regions: 13->14(14)
[2026-09-03T12:38:11.265+0800][19.726s][info][gc,heap     ] GC(186) Old regions: 105->96
[2026-09-03T12:38:11.265+0800][19.726s][info][gc,heap     ] GC(186) Humongous regions: 1->1
[2026-09-03T12:38:11.265+0800][19.726s][info][gc,metaspace] GC(186) Metaspace: 1060K(1216K)->1060K(1216K) NonClass: 996K(1088K)->996K(1088K) Class: 64K(128K)->64K(128K)
[2026-09-03T12:38:11.265+0800][19.726s][info][gc          ] GC(186) Pause Young (Mixed) (G1 Evacuation Pause) 214M->110M(256M) 2.305ms
[2026-09-03T12:38:11.265+0800][19.726s][info][gc,cpu      ] GC(186) User=0.01s Sys=0.00s Real=0.00s
[2026-09-03T12:38:11.265+0800][19.726s][info][safepoint   ] Safepoint "G1CollectForAllocation", Time since last: 289648875 ns, Reaching safepoint: 2541 ns, At safepoint: 2329792 ns, Leaving safepoint: 41833 ns, Total: 2374166 ns, Threads: 0 runnable, 42 total
[2026-09-03T12:38:11.574+0800][20.036s][info][gc,start    ] GC(187) Pause Young (Concurrent Start) (G1 Evacuation Pause)
[2026-09-03T12:38:11.574+0800][20.036s][info][gc,task     ] GC(187) Using 9 workers of 9 for evacuation
[2026-09-03T12:38:11.576+0800][20.038s][info][gc,phases   ] GC(187)   Pre Evacuate Collection Set: 0.09ms
[2026-09-03T12:38:11.576+0800][20.038s][info][gc,phases   ] GC(187)   Merge Heap Roots: 0.03ms
[2026-09-03T12:38:11.576+0800][20.038s][info][gc,phases   ] GC(187)   Evacuate Collection Set: 1.90ms
[2026-09-03T12:38:11.576+0800][20.038s][info][gc,phases   ] GC(187)   Post Evacuate Collection Set: 0.10ms
[2026-09-03T12:38:11.576+0800][20.038s][info][gc,phases   ] GC(187)   Other: 0.06ms
[2026-09-03T12:38:11.576+0800][20.038s][info][gc,heap     ] GC(187) Eden regions: 102->0(87)
[2026-09-03T12:38:11.576+0800][20.038s][info][gc,heap     ] GC(187) Survivor regions: 14->15(15)
[2026-09-03T12:38:11.576+0800][20.038s][info][gc,heap     ] GC(187) Old regions: 96->116
[2026-09-03T12:38:11.576+0800][20.038s][info][gc,heap     ] GC(187) Humongous regions: 1->1
[2026-09-03T12:38:11.577+0800][20.038s][info][gc,metaspace] GC(187) Metaspace: 1060K(1216K)->1060K(1216K) NonClass: 996K(1088K)->996K(1088K) Class: 64K(128K)->64K(128K)
[2026-09-03T12:38:11.577+0800][20.038s][info][gc          ] GC(187) Pause Young (Concurrent Start) (G1 Evacuation Pause) 212M->131M(256M) 2.323ms
[2026-09-03T12:38:11.577+0800][20.038s][info][gc,cpu      ] GC(187) User=0.01s Sys=0.00s Real=0.00s
[2026-09-03T12:38:11.577+0800][20.038s][info][gc          ] GC(188) Concurrent Mark Cycle
[2026-09-03T12:38:11.577+0800][20.038s][info][gc,marking  ] GC(188) Concurrent Scan Root Regions
[2026-09-03T12:38:11.577+0800][20.038s][info][safepoint   ] Safepoint "G1CollectForAllocation", Time since last: 309322542 ns, Reaching safepoint: 2958 ns, At safepoint: 2355834 ns, Leaving safepoint: 20583 ns, Total: 2379375 ns, Threads: 0 runnable, 42 total
[2026-09-03T12:38:11.579+0800][20.040s][info][gc,marking  ] GC(188) Concurrent Scan Root Regions 2.086ms
[2026-09-03T12:38:11.579+0800][20.040s][info][gc,marking  ] GC(188) Concurrent Mark
[2026-09-03T12:38:11.579+0800][20.040s][info][gc,marking  ] GC(188) Concurrent Mark From Roots
[2026-09-03T12:38:11.579+0800][20.040s][info][gc,task     ] GC(188) Concurrent Mark Using 2 of 2 Workers
[2026-09-03T12:38:11.582+0800][20.043s][info][gc,marking  ] GC(188) Concurrent Mark From Roots 3.168ms
[2026-09-03T12:38:11.582+0800][20.043s][info][gc,marking  ] GC(188) Concurrent Preclean
[2026-09-03T12:38:11.582+0800][20.043s][info][gc,marking  ] GC(188) Concurrent Preclean 0.009ms
[2026-09-03T12:38:11.582+0800][20.043s][info][gc,start    ] GC(188) Pause Remark
[2026-09-03T12:38:11.582+0800][20.044s][info][gc          ] GC(188) Pause Remark 135M->99M(256M) 0.268ms
[2026-09-03T12:38:11.582+0800][20.044s][info][gc,cpu      ] GC(188) User=0.00s Sys=0.00s Real=0.00s
[2026-09-03T12:38:11.582+0800][20.044s][info][safepoint   ] Safepoint "G1PauseRemark", Time since last: 5304250 ns, Reaching safepoint: 22958 ns, At safepoint: 289125 ns, Leaving safepoint: 25500 ns, Total: 337583 ns, Threads: 1 runnable, 42 total
[2026-09-03T12:38:11.582+0800][20.044s][info][gc,marking  ] GC(188) Concurrent Mark 3.596ms
[2026-09-03T12:38:11.582+0800][20.044s][info][gc,marking  ] GC(188) Concurrent Rebuild Remembered Sets and Scrub Regions
[2026-09-03T12:38:11.586+0800][20.047s][info][gc,marking  ] GC(188) Concurrent Rebuild Remembered Sets and Scrub Regions 3.508ms
[2026-09-03T12:38:11.586+0800][20.047s][info][gc,start    ] GC(188) Pause Cleanup
[2026-09-03T12:38:11.586+0800][20.047s][info][gc          ] GC(188) Pause Cleanup 99M->99M(256M) 0.033ms
[2026-09-03T12:38:11.586+0800][20.047s][info][gc,cpu      ] GC(188) User=0.00s Sys=0.00s Real=0.00s
[2026-09-03T12:38:11.586+0800][20.047s][info][safepoint   ] Safepoint "G1PauseCleanup", Time since last: 3589667 ns, Reaching safepoint: 1667 ns, At safepoint: 52041 ns, Leaving safepoint: 5709 ns, Total: 59417 ns, Threads: 0 runnable, 42 total
[2026-09-03T12:38:11.586+0800][20.047s][info][gc,marking  ] GC(188) Concurrent Clear Claimed Marks
[2026-09-03T12:38:11.586+0800][20.047s][info][gc,marking  ] GC(188) Concurrent Clear Claimed Marks 0.005ms
[2026-09-03T12:38:11.586+0800][20.047s][info][gc,marking  ] GC(188) Concurrent Cleanup for Next Mark
[2026-09-03T12:38:11.586+0800][20.047s][info][gc,marking  ] GC(188) Concurrent Cleanup for Next Mark 0.085ms
[2026-09-03T12:38:11.586+0800][20.047s][info][gc          ] GC(188) Concurrent Mark Cycle 9.439ms
[2026-09-03T12:38:11.837+0800][20.299s][info][gc,start    ] GC(189) Pause Young (Prepare Mixed) (G1 Evacuation Pause)
[2026-09-03T12:38:11.837+0800][20.299s][info][gc,task     ] GC(189) Using 9 workers of 9 for evacuation
[2026-09-03T12:38:11.840+0800][20.301s][info][gc,phases   ] GC(189)   Pre Evacuate Collection Set: 0.04ms
[2026-09-03T12:38:11.840+0800][20.301s][info][gc,phases   ] GC(189)   Merge Heap Roots: 0.03ms
[2026-09-03T12:38:11.840+0800][20.301s][info][gc,phases   ] GC(189)   Evacuate Collection Set: 1.85ms
[2026-09-03T12:38:11.840+0800][20.301s][info][gc,phases   ] GC(189)   Post Evacuate Collection Set: 0.10ms
[2026-09-03T12:38:11.840+0800][20.301s][info][gc,phases   ] GC(189)   Other: 0.06ms
[2026-09-03T12:38:11.840+0800][20.301s][info][gc,heap     ] GC(189) Eden regions: 87->0(100)
[2026-09-03T12:38:11.840+0800][20.301s][info][gc,heap     ] GC(189) Survivor regions: 15->13(13)
[2026-09-03T12:38:11.840+0800][20.301s][info][gc,heap     ] GC(189) Old regions: 80->100
[2026-09-03T12:38:11.840+0800][20.301s][info][gc,heap     ] GC(189) Humongous regions: 1->1
[2026-09-03T12:38:11.840+0800][20.301s][info][gc,metaspace] GC(189) Metaspace: 1060K(1216K)->1060K(1216K) NonClass: 996K(1088K)->996K(1088K) Class: 64K(128K)->64K(128K)
[2026-09-03T12:38:11.840+0800][20.301s][info][gc          ] GC(189) Pause Young (Prepare Mixed) (G1 Evacuation Pause) 182M->113M(256M) 2.183ms
[2026-09-03T12:38:11.840+0800][20.301s][info][gc,cpu      ] GC(189) User=0.01s Sys=0.00s Real=0.01s
[2026-09-03T12:38:11.840+0800][20.301s][info][safepoint   ] Safepoint "G1CollectForAllocation", Time since last: 251583208 ns, Reaching safepoint: 2250 ns, At safepoint: 2205958 ns, Leaving safepoint: 32834 ns, Total: 2241042 ns, Threads: 0 runnable, 42 total
[2026-09-03T12:38:12.140+0800][20.601s][info][gc,start    ] GC(190) Pause Young (Mixed) (G1 Evacuation Pause)
[2026-09-03T12:38:12.140+0800][20.601s][info][gc,task     ] GC(190) Using 9 workers of 9 for evacuation
[2026-09-03T12:38:12.142+0800][20.604s][info][gc,phases   ] GC(190)   Pre Evacuate Collection Set: 0.05ms
[2026-09-03T12:38:12.142+0800][20.604s][info][gc,phases   ] GC(190)   Merge Heap Roots: 0.03ms
[2026-09-03T12:38:12.142+0800][20.604s][info][gc,phases   ] GC(190)   Evacuate Collection Set: 2.17ms
[2026-09-03T12:38:12.142+0800][20.604s][info][gc,phases   ] GC(190)   Post Evacuate Collection Set: 0.11ms
[2026-09-03T12:38:12.142+0800][20.604s][info][gc,phases   ] GC(190)   Other: 0.06ms
[2026-09-03T12:38:12.142+0800][20.604s][info][gc,heap     ] GC(190) Eden regions: 100->0(101)
[2026-09-03T12:38:12.142+0800][20.604s][info][gc,heap     ] GC(190) Survivor regions: 13->15(15)
[2026-09-03T12:38:12.142+0800][20.604s][info][gc,heap     ] GC(190) Old regions: 100->97
[2026-09-03T12:38:12.142+0800][20.604s][info][gc,heap     ] GC(190) Humongous regions: 1->1
[2026-09-03T12:38:12.142+0800][20.604s][info][gc,metaspace] GC(190) Metaspace: 1060K(1216K)->1060K(1216K) NonClass: 996K(1088K)->996K(1088K) Class: 64K(128K)->64K(128K)
[2026-09-03T12:38:12.142+0800][20.604s][info][gc          ] GC(190) Pause Young (Mixed) (G1 Evacuation Pause) 213M->113M(256M) 2.531ms
[2026-09-03T12:38:12.142+0800][20.604s][info][gc,cpu      ] GC(190) User=0.02s Sys=0.00s Real=0.00s
[2026-09-03T12:38:12.143+0800][20.604s][info][safepoint   ] Safepoint "G1CollectForAllocation", Time since last: 300245166 ns, Reaching safepoint: 2750 ns, At safepoint: 2556500 ns, Leaving safepoint: 24000 ns, Total: 2583250 ns, Threads: 0 runnable, 42 total
[2026-09-03T12:38:12.446+0800][20.907s][info][gc,start    ] GC(191) Pause Young (Concurrent Start) (G1 Evacuation Pause)
[2026-09-03T12:38:12.446+0800][20.907s][info][gc,task     ] GC(191) Using 9 workers of 9 for evacuation
[2026-09-03T12:38:12.448+0800][20.909s][info][gc,phases   ] GC(191)   Pre Evacuate Collection Set: 0.06ms
[2026-09-03T12:38:12.448+0800][20.909s][info][gc,phases   ] GC(191)   Merge Heap Roots: 0.03ms
[2026-09-03T12:38:12.448+0800][20.909s][info][gc,phases   ] GC(191)   Evacuate Collection Set: 1.88ms
[2026-09-03T12:38:12.448+0800][20.909s][info][gc,phases   ] GC(191)   Post Evacuate Collection Set: 0.08ms
[2026-09-03T12:38:12.448+0800][20.909s][info][gc,phases   ] GC(191)   Other: 0.06ms
[2026-09-03T12:38:12.448+0800][20.909s][info][gc,heap     ] GC(191) Eden regions: 101->0(87)
[2026-09-03T12:38:12.448+0800][20.909s][info][gc,heap     ] GC(191) Survivor regions: 15->15(15)
[2026-09-03T12:38:12.448+0800][20.909s][info][gc,heap     ] GC(191) Old regions: 97->117
[2026-09-03T12:38:12.448+0800][20.909s][info][gc,heap     ] GC(191) Humongous regions: 1->1
[2026-09-03T12:38:12.448+0800][20.909s][info][gc,metaspace] GC(191) Metaspace: 1060K(1216K)->1060K(1216K) NonClass: 996K(1088K)->996K(1088K) Class: 64K(128K)->64K(128K)
[2026-09-03T12:38:12.448+0800][20.909s][info][gc          ] GC(191) Pause Young (Concurrent Start) (G1 Evacuation Pause) 214M->133M(256M) 2.232ms
[2026-09-03T12:38:12.448+0800][20.909s][info][gc,cpu      ] GC(191) User=0.02s Sys=0.00s Real=0.00s
[2026-09-03T12:38:12.448+0800][20.909s][info][gc          ] GC(192) Concurrent Mark Cycle
[2026-09-03T12:38:12.448+0800][20.909s][info][gc,marking  ] GC(192) Concurrent Scan Root Regions
[2026-09-03T12:38:12.448+0800][20.909s][info][safepoint   ] Safepoint "G1CollectForAllocation", Time since last: 303223875 ns, Reaching safepoint: 2417 ns, At safepoint: 2262375 ns, Leaving safepoint: 20333 ns, Total: 2285125 ns, Threads: 0 runnable, 42 total
[2026-09-03T12:38:12.450+0800][20.911s][info][gc,marking  ] GC(192) Concurrent Scan Root Regions 2.090ms
[2026-09-03T12:38:12.450+0800][20.911s][info][gc,marking  ] GC(192) Concurrent Mark
[2026-09-03T12:38:12.450+0800][20.911s][info][gc,marking  ] GC(192) Concurrent Mark From Roots
[2026-09-03T12:38:12.450+0800][20.912s][info][gc,task     ] GC(192) Concurrent Mark Using 2 of 2 Workers
[2026-09-03T12:38:12.454+0800][20.915s][info][gc,marking  ] GC(192) Concurrent Mark From Roots 3.676ms
[2026-09-03T12:38:12.454+0800][20.915s][info][gc,marking  ] GC(192) Concurrent Preclean
[2026-09-03T12:38:12.454+0800][20.915s][info][gc,marking  ] GC(192) Concurrent Preclean 0.008ms
[2026-09-03T12:38:12.454+0800][20.915s][info][gc,start    ] GC(192) Pause Remark
[2026-09-03T12:38:12.454+0800][20.916s][info][gc          ] GC(192) Pause Remark 136M->104M(256M) 0.344ms
[2026-09-03T12:38:12.454+0800][20.916s][info][gc,cpu      ] GC(192) User=0.00s Sys=0.00s Real=0.00s
[2026-09-03T12:38:12.454+0800][20.916s][info][safepoint   ] Safepoint "G1PauseRemark", Time since last: 5822959 ns, Reaching safepoint: 2250 ns, At safepoint: 362916 ns, Leaving safepoint: 12500 ns, Total: 377666 ns, Threads: 0 runnable, 42 total
[2026-09-03T12:38:12.454+0800][20.916s][info][gc,marking  ] GC(192) Concurrent Mark 4.133ms
[2026-09-03T12:38:12.454+0800][20.916s][info][gc,marking  ] GC(192) Concurrent Rebuild Remembered Sets and Scrub Regions
[2026-09-03T12:38:12.457+0800][20.919s][info][gc,marking  ] GC(192) Concurrent Rebuild Remembered Sets and Scrub Regions 2.910ms
[2026-09-03T12:38:12.457+0800][20.919s][info][gc,start    ] GC(192) Pause Cleanup
[2026-09-03T12:38:12.457+0800][20.919s][info][gc          ] GC(192) Pause Cleanup 104M->104M(256M) 0.037ms
[2026-09-03T12:38:12.457+0800][20.919s][info][gc,cpu      ] GC(192) User=0.00s Sys=0.00s Real=0.00s
[2026-09-03T12:38:12.457+0800][20.919s][info][safepoint   ] Safepoint "G1PauseCleanup", Time since last: 2978542 ns, Reaching safepoint: 1708 ns, At safepoint: 54792 ns, Leaving safepoint: 667 ns, Total: 57167 ns, Threads: 0 runnable, 42 total
[2026-09-03T12:38:12.457+0800][20.919s][info][gc,marking  ] GC(192) Concurrent Clear Claimed Marks
[2026-09-03T12:38:12.457+0800][20.919s][info][gc,marking  ] GC(192) Concurrent Clear Claimed Marks 0.008ms
[2026-09-03T12:38:12.457+0800][20.919s][info][gc,marking  ] GC(192) Concurrent Cleanup for Next Mark
[2026-09-03T12:38:12.457+0800][20.919s][info][gc,marking  ] GC(192) Concurrent Cleanup for Next Mark 0.088ms
[2026-09-03T12:38:12.457+0800][20.919s][info][gc          ] GC(192) Concurrent Mark Cycle 9.385ms
[2026-09-03T12:38:12.710+0800][21.171s][info][gc,start    ] GC(193) Pause Young (Prepare Mixed) (G1 Evacuation Pause)
[2026-09-03T12:38:12.710+0800][21.171s][info][gc,task     ] GC(193) Using 9 workers of 9 for evacuation
[2026-09-03T12:38:12.712+0800][21.173s][info][gc,phases   ] GC(193)   Pre Evacuate Collection Set: 0.04ms
[2026-09-03T12:38:12.712+0800][21.174s][info][gc,phases   ] GC(193)   Merge Heap Roots: 0.02ms
[2026-09-03T12:38:12.712+0800][21.174s][info][gc,phases   ] GC(193)   Evacuate Collection Set: 1.81ms
[2026-09-03T12:38:12.712+0800][21.174s][info][gc,phases   ] GC(193)   Post Evacuate Collection Set: 0.12ms
[2026-09-03T12:38:12.712+0800][21.174s][info][gc,phases   ] GC(193)   Other: 0.05ms
[2026-09-03T12:38:12.712+0800][21.174s][info][gc,heap     ] GC(193) Eden regions: 87->0(97)
[2026-09-03T12:38:12.712+0800][21.174s][info][gc,heap     ] GC(193) Survivor regions: 15->13(13)
[2026-09-03T12:38:12.712+0800][21.174s][info][gc,heap     ] GC(193) Old regions: 85->105
[2026-09-03T12:38:12.712+0800][21.174s][info][gc,heap     ] GC(193) Humongous regions: 1->1
[2026-09-03T12:38:12.712+0800][21.174s][info][gc,metaspace] GC(193) Metaspace: 1060K(1216K)->1060K(1216K) NonClass: 996K(1088K)->996K(1088K) Class: 64K(128K)->64K(128K)
[2026-09-03T12:38:12.712+0800][21.174s][info][gc          ] GC(193) Pause Young (Prepare Mixed) (G1 Evacuation Pause) 188M->118M(256M) 2.153ms
[2026-09-03T12:38:12.712+0800][21.174s][info][gc,cpu      ] GC(193) User=0.02s Sys=0.00s Real=0.00s
[2026-09-03T12:38:12.712+0800][21.174s][info][safepoint   ] Safepoint "G1CollectForAllocation", Time since last: 252776791 ns, Reaching safepoint: 2542 ns, At safepoint: 2175917 ns, Leaving safepoint: 36583 ns, Total: 2215042 ns, Threads: 0 runnable, 42 total
[2026-09-03T12:38:13.003+0800][21.465s][info][gc,start    ] GC(194) Pause Young (Mixed) (G1 Evacuation Pause)
[2026-09-03T12:38:13.003+0800][21.465s][info][gc,task     ] GC(194) Using 9 workers of 9 for evacuation
[2026-09-03T12:38:13.006+0800][21.467s][info][gc,phases   ] GC(194)   Pre Evacuate Collection Set: 0.05ms
[2026-09-03T12:38:13.006+0800][21.467s][info][gc,phases   ] GC(194)   Merge Heap Roots: 0.05ms
[2026-09-03T12:38:13.006+0800][21.467s][info][gc,phases   ] GC(194)   Evacuate Collection Set: 2.02ms
[2026-09-03T12:38:13.006+0800][21.467s][info][gc,phases   ] GC(194)   Post Evacuate Collection Set: 0.09ms
[2026-09-03T12:38:13.006+0800][21.467s][info][gc,phases   ] GC(194)   Other: 0.06ms
[2026-09-03T12:38:13.006+0800][21.467s][info][gc,heap     ] GC(194) Eden regions: 97->0(103)
[2026-09-03T12:38:13.006+0800][21.467s][info][gc,heap     ] GC(194) Survivor regions: 13->14(14)
[2026-09-03T12:38:13.006+0800][21.467s][info][gc,heap     ] GC(194) Old regions: 105->95
[2026-09-03T12:38:13.006+0800][21.467s][info][gc,heap     ] GC(194) Humongous regions: 1->1
[2026-09-03T12:38:13.006+0800][21.467s][info][gc,metaspace] GC(194) Metaspace: 1060K(1216K)->1060K(1216K) NonClass: 996K(1088K)->996K(1088K) Class: 64K(128K)->64K(128K)
[2026-09-03T12:38:13.006+0800][21.467s][info][gc          ] GC(194) Pause Young (Mixed) (G1 Evacuation Pause) 215M->110M(256M) 2.419ms
[2026-09-03T12:38:13.006+0800][21.467s][info][gc,cpu      ] GC(194) User=0.01s Sys=0.00s Real=0.00s
[2026-09-03T12:38:13.006+0800][21.467s][info][safepoint   ] Safepoint "G1CollectForAllocation", Time since last: 291065958 ns, Reaching safepoint: 2625 ns, At safepoint: 2446000 ns, Leaving safepoint: 17459 ns, Total: 2466084 ns, Threads: 0 runnable, 42 total
[2026-09-03T12:38:13.315+0800][21.776s][info][gc,start    ] GC(195) Pause Young (Concurrent Start) (G1 Evacuation Pause)
[2026-09-03T12:38:13.315+0800][21.776s][info][gc,task     ] GC(195) Using 9 workers of 9 for evacuation
[2026-09-03T12:38:13.317+0800][21.778s][info][gc,phases   ] GC(195)   Pre Evacuate Collection Set: 0.06ms
[2026-09-03T12:38:13.317+0800][21.778s][info][gc,phases   ] GC(195)   Merge Heap Roots: 0.03ms
[2026-09-03T12:38:13.317+0800][21.778s][info][gc,phases   ] GC(195)   Evacuate Collection Set: 2.01ms
[2026-09-03T12:38:13.317+0800][21.778s][info][gc,phases   ] GC(195)   Post Evacuate Collection Set: 0.12ms
[2026-09-03T12:38:13.317+0800][21.778s][info][gc,phases   ] GC(195)   Other: 0.06ms
[2026-09-03T12:38:13.317+0800][21.778s][info][gc,heap     ] GC(195) Eden regions: 103->0(87)
[2026-09-03T12:38:13.317+0800][21.778s][info][gc,heap     ] GC(195) Survivor regions: 14->15(15)
[2026-09-03T12:38:13.317+0800][21.778s][info][gc,heap     ] GC(195) Old regions: 95->116
[2026-09-03T12:38:13.317+0800][21.778s][info][gc,heap     ] GC(195) Humongous regions: 1->1
[2026-09-03T12:38:13.317+0800][21.778s][info][gc,metaspace] GC(195) Metaspace: 1060K(1216K)->1060K(1216K) NonClass: 996K(1088K)->996K(1088K) Class: 64K(128K)->64K(128K)
[2026-09-03T12:38:13.317+0800][21.778s][info][gc          ] GC(195) Pause Young (Concurrent Start) (G1 Evacuation Pause) 213M->131M(256M) 2.434ms
[2026-09-03T12:38:13.317+0800][21.778s][info][gc,cpu      ] GC(195) User=0.01s Sys=0.00s Real=0.00s
[2026-09-03T12:38:13.317+0800][21.778s][info][gc          ] GC(196) Concurrent Mark Cycle
[2026-09-03T12:38:13.317+0800][21.779s][info][gc,marking  ] GC(196) Concurrent Scan Root Regions
[2026-09-03T12:38:13.317+0800][21.779s][info][safepoint   ] Safepoint "G1CollectForAllocation", Time since last: 308869416 ns, Reaching safepoint: 2750 ns, At safepoint: 2464584 ns, Leaving safepoint: 86125 ns, Total: 2553459 ns, Threads: 0 runnable, 42 total
[2026-09-03T12:38:13.320+0800][21.781s][info][gc,marking  ] GC(196) Concurrent Scan Root Regions 2.475ms
[2026-09-03T12:38:13.320+0800][21.781s][info][gc,marking  ] GC(196) Concurrent Mark
[2026-09-03T12:38:13.320+0800][21.781s][info][gc,marking  ] GC(196) Concurrent Mark From Roots
[2026-09-03T12:38:13.320+0800][21.781s][info][gc,task     ] GC(196) Concurrent Mark Using 2 of 2 Workers
[2026-09-03T12:38:13.323+0800][21.784s][info][gc,marking  ] GC(196) Concurrent Mark From Roots 3.174ms
[2026-09-03T12:38:13.323+0800][21.784s][info][gc,marking  ] GC(196) Concurrent Preclean
[2026-09-03T12:38:13.323+0800][21.784s][info][gc,marking  ] GC(196) Concurrent Preclean 0.008ms
[2026-09-03T12:38:13.323+0800][21.784s][info][gc,start    ] GC(196) Pause Remark
[2026-09-03T12:38:13.323+0800][21.785s][info][gc          ] GC(196) Pause Remark 135M->101M(256M) 0.310ms
[2026-09-03T12:38:13.323+0800][21.785s][info][gc,cpu      ] GC(196) User=0.00s Sys=0.01s Real=0.00s
[2026-09-03T12:38:13.323+0800][21.785s][info][safepoint   ] Safepoint "G1PauseRemark", Time since last: 5648625 ns, Reaching safepoint: 2250 ns, At safepoint: 342791 ns, Leaving safepoint: 18167 ns, Total: 363208 ns, Threads: 0 runnable, 42 total
[2026-09-03T12:38:13.323+0800][21.785s][info][gc,marking  ] GC(196) Concurrent Mark 3.628ms
[2026-09-03T12:38:13.323+0800][21.785s][info][gc,marking  ] GC(196) Concurrent Rebuild Remembered Sets and Scrub Regions
[2026-09-03T12:38:13.327+0800][21.789s][info][gc,marking  ] GC(196) Concurrent Rebuild Remembered Sets and Scrub Regions 4.019ms
[2026-09-03T12:38:13.327+0800][21.789s][info][gc,start    ] GC(196) Pause Cleanup
[2026-09-03T12:38:13.327+0800][21.789s][info][gc          ] GC(196) Pause Cleanup 103M->103M(256M) 0.042ms
[2026-09-03T12:38:13.327+0800][21.789s][info][gc,cpu      ] GC(196) User=0.00s Sys=0.00s Real=0.00s
[2026-09-03T12:38:13.327+0800][21.789s][info][safepoint   ] Safepoint "G1PauseCleanup", Time since last: 4121833 ns, Reaching safepoint: 2167 ns, At safepoint: 63250 ns, Leaving safepoint: 3958 ns, Total: 69375 ns, Threads: 0 runnable, 42 total
[2026-09-03T12:38:13.327+0800][21.789s][info][gc,marking  ] GC(196) Concurrent Clear Claimed Marks
[2026-09-03T12:38:13.327+0800][21.789s][info][gc,marking  ] GC(196) Concurrent Clear Claimed Marks 0.010ms
[2026-09-03T12:38:13.327+0800][21.789s][info][gc,marking  ] GC(196) Concurrent Cleanup for Next Mark
[2026-09-03T12:38:13.328+0800][21.789s][info][gc,marking  ] GC(196) Concurrent Cleanup for Next Mark 0.092ms
[2026-09-03T12:38:13.328+0800][21.789s][info][gc          ] GC(196) Concurrent Mark Cycle 10.432ms
[2026-09-03T12:38:13.579+0800][22.041s][info][gc,start    ] GC(197) Pause Young (Prepare Mixed) (G1 Evacuation Pause)
[2026-09-03T12:38:13.579+0800][22.041s][info][gc,task     ] GC(197) Using 9 workers of 9 for evacuation
[2026-09-03T12:38:13.582+0800][22.043s][info][gc,phases   ] GC(197)   Pre Evacuate Collection Set: 0.09ms
[2026-09-03T12:38:13.582+0800][22.043s][info][gc,phases   ] GC(197)   Merge Heap Roots: 0.03ms
[2026-09-03T12:38:13.582+0800][22.043s][info][gc,phases   ] GC(197)   Evacuate Collection Set: 1.78ms
[2026-09-03T12:38:13.582+0800][22.043s][info][gc,phases   ] GC(197)   Post Evacuate Collection Set: 0.09ms
[2026-09-03T12:38:13.582+0800][22.043s][info][gc,phases   ] GC(197)   Other: 0.06ms
[2026-09-03T12:38:13.582+0800][22.043s][info][gc,heap     ] GC(197) Eden regions: 87->0(100)
[2026-09-03T12:38:13.582+0800][22.043s][info][gc,heap     ] GC(197) Survivor regions: 15->13(13)
[2026-09-03T12:38:13.582+0800][22.043s][info][gc,heap     ] GC(197) Old regions: 82->101
[2026-09-03T12:38:13.582+0800][22.043s][info][gc,heap     ] GC(197) Humongous regions: 1->1
[2026-09-03T12:38:13.582+0800][22.043s][info][gc,metaspace] GC(197) Metaspace: 1060K(1216K)->1060K(1216K) NonClass: 996K(1088K)->996K(1088K) Class: 64K(128K)->64K(128K)
[2026-09-03T12:38:13.582+0800][22.043s][info][gc          ] GC(197) Pause Young (Prepare Mixed) (G1 Evacuation Pause) 184M->114M(256M) 2.182ms
[2026-09-03T12:38:13.582+0800][22.043s][info][gc,cpu      ] GC(197) User=0.02s Sys=0.00s Real=0.01s
[2026-09-03T12:38:13.582+0800][22.043s][info][safepoint   ] Safepoint "G1CollectForAllocation", Time since last: 252019709 ns, Reaching safepoint: 2583 ns, At safepoint: 2205792 ns, Leaving safepoint: 42333 ns, Total: 2250708 ns, Threads: 0 runnable, 42 total
[2026-09-03T12:38:13.883+0800][22.344s][info][gc,start    ] GC(198) Pause Young (Mixed) (G1 Evacuation Pause)
[2026-09-03T12:38:13.883+0800][22.344s][info][gc,task     ] GC(198) Using 9 workers of 9 for evacuation
[2026-09-03T12:38:13.885+0800][22.347s][info][gc,phases   ] GC(198)   Pre Evacuate Collection Set: 0.05ms
[2026-09-03T12:38:13.885+0800][22.347s][info][gc,phases   ] GC(198)   Merge Heap Roots: 0.04ms
[2026-09-03T12:38:13.885+0800][22.347s][info][gc,phases   ] GC(198)   Evacuate Collection Set: 2.09ms
[2026-09-03T12:38:13.885+0800][22.347s][info][gc,phases   ] GC(198)   Post Evacuate Collection Set: 0.10ms
[2026-09-03T12:38:13.885+0800][22.347s][info][gc,phases   ] GC(198)   Other: 0.06ms
[2026-09-03T12:38:13.885+0800][22.347s][info][gc,heap     ] GC(198) Eden regions: 100->0(102)
[2026-09-03T12:38:13.885+0800][22.347s][info][gc,heap     ] GC(198) Survivor regions: 13->15(15)
[2026-09-03T12:38:13.885+0800][22.347s][info][gc,heap     ] GC(198) Old regions: 101->96
[2026-09-03T12:38:13.885+0800][22.347s][info][gc,heap     ] GC(198) Humongous regions: 1->1
[2026-09-03T12:38:13.885+0800][22.347s][info][gc,metaspace] GC(198) Metaspace: 1060K(1216K)->1060K(1216K) NonClass: 996K(1088K)->996K(1088K) Class: 64K(128K)->64K(128K)
[2026-09-03T12:38:13.885+0800][22.347s][info][gc          ] GC(198) Pause Young (Mixed) (G1 Evacuation Pause) 214M->111M(256M) 2.455ms
[2026-09-03T12:38:13.885+0800][22.347s][info][gc,cpu      ] GC(198) User=0.02s Sys=0.00s Real=0.00s
[2026-09-03T12:38:13.885+0800][22.347s][info][safepoint   ] Safepoint "G1CollectForAllocation", Time since last: 301225875 ns, Reaching safepoint: 2042 ns, At safepoint: 2483208 ns, Leaving safepoint: 28583 ns, Total: 2513833 ns, Threads: 0 runnable, 42 total
[2026-09-03T12:38:14.192+0800][22.653s][info][gc,start    ] GC(199) Pause Young (Concurrent Start) (G1 Evacuation Pause)
[2026-09-03T12:38:14.192+0800][22.654s][info][gc,task     ] GC(199) Using 9 workers of 9 for evacuation
[2026-09-03T12:38:14.195+0800][22.656s][info][gc,phases   ] GC(199)   Pre Evacuate Collection Set: 0.10ms
[2026-09-03T12:38:14.195+0800][22.656s][info][gc,phases   ] GC(199)   Merge Heap Roots: 0.03ms
[2026-09-03T12:38:14.195+0800][22.656s][info][gc,phases   ] GC(199)   Evacuate Collection Set: 2.16ms
[2026-09-03T12:38:14.195+0800][22.656s][info][gc,phases   ] GC(199)   Post Evacuate Collection Set: 0.10ms
[2026-09-03T12:38:14.195+0800][22.656s][info][gc,phases   ] GC(199)   Other: 0.07ms
[2026-09-03T12:38:14.195+0800][22.656s][info][gc,heap     ] GC(199) Eden regions: 102->0(88)
[2026-09-03T12:38:14.195+0800][22.656s][info][gc,heap     ] GC(199) Survivor regions: 15->15(15)
[2026-09-03T12:38:14.195+0800][22.656s][info][gc,heap     ] GC(199) Old regions: 96->116
[2026-09-03T12:38:14.195+0800][22.656s][info][gc,heap     ] GC(199) Humongous regions: 1->1
[2026-09-03T12:38:14.195+0800][22.656s][info][gc,metaspace] GC(199) Metaspace: 1060K(1216K)->1060K(1216K) NonClass: 996K(1088K)->996K(1088K) Class: 64K(128K)->64K(128K)
[2026-09-03T12:38:14.195+0800][22.656s][info][gc          ] GC(199) Pause Young (Concurrent Start) (G1 Evacuation Pause) 213M->131M(256M) 2.612ms
[2026-09-03T12:38:14.195+0800][22.656s][info][gc,cpu      ] GC(199) User=0.02s Sys=0.00s Real=0.00s
[2026-09-03T12:38:14.195+0800][22.656s][info][gc          ] GC(200) Concurrent Mark Cycle
[2026-09-03T12:38:14.195+0800][22.656s][info][gc,marking  ] GC(200) Concurrent Scan Root Regions
[2026-09-03T12:38:14.195+0800][22.656s][info][safepoint   ] Safepoint "G1CollectForAllocation", Time since last: 306657125 ns, Reaching safepoint: 21167 ns, At safepoint: 2646208 ns, Leaving safepoint: 28417 ns, Total: 2695792 ns, Threads: 1 runnable, 42 total
[2026-09-03T12:38:14.197+0800][22.658s][info][gc,marking  ] GC(200) Concurrent Scan Root Regions 2.135ms
[2026-09-03T12:38:14.197+0800][22.658s][info][gc,marking  ] GC(200) Concurrent Mark
[2026-09-03T12:38:14.197+0800][22.658s][info][gc,marking  ] GC(200) Concurrent Mark From Roots
[2026-09-03T12:38:14.197+0800][22.658s][info][gc,task     ] GC(200) Concurrent Mark Using 2 of 2 Workers
[2026-09-03T12:38:14.200+0800][22.662s][info][gc,marking  ] GC(200) Concurrent Mark From Roots 3.415ms
[2026-09-03T12:38:14.200+0800][22.662s][info][gc,marking  ] GC(200) Concurrent Preclean
[2026-09-03T12:38:14.200+0800][22.662s][info][gc,marking  ] GC(200) Concurrent Preclean 0.013ms
[2026-09-03T12:38:14.200+0800][22.662s][info][gc,start    ] GC(200) Pause Remark
[2026-09-03T12:38:14.201+0800][22.662s][info][gc          ] GC(200) Pause Remark 135M->102M(256M) 0.490ms
[2026-09-03T12:38:14.201+0800][22.662s][info][gc,cpu      ] GC(200) User=0.00s Sys=0.00s Real=0.00s
[2026-09-03T12:38:14.201+0800][22.662s][info][safepoint   ] Safepoint "G1PauseRemark", Time since last: 5610083 ns, Reaching safepoint: 18125 ns, At safepoint: 515459 ns, Leaving safepoint: 21083 ns, Total: 554667 ns, Threads: 1 runnable, 42 total
[2026-09-03T12:38:14.201+0800][22.662s][info][gc,marking  ] GC(200) Concurrent Mark 4.135ms
[2026-09-03T12:38:14.201+0800][22.662s][info][gc,marking  ] GC(200) Concurrent Rebuild Remembered Sets and Scrub Regions
[2026-09-03T12:38:14.205+0800][22.667s][info][gc,marking  ] GC(200) Concurrent Rebuild Remembered Sets and Scrub Regions 4.393ms
[2026-09-03T12:38:14.206+0800][22.667s][info][gc,start    ] GC(200) Pause Cleanup
[2026-09-03T12:38:14.206+0800][22.667s][info][gc          ] GC(200) Pause Cleanup 104M->104M(256M) 0.039ms
[2026-09-03T12:38:14.206+0800][22.667s][info][gc,cpu      ] GC(200) User=0.00s Sys=0.00s Real=0.00s
[2026-09-03T12:38:14.206+0800][22.667s][info][safepoint   ] Safepoint "G1PauseCleanup", Time since last: 4616833 ns, Reaching safepoint: 19125 ns, At safepoint: 58417 ns, Leaving safepoint: 8042 ns, Total: 85584 ns, Threads: 1 runnable, 42 total
[2026-09-03T12:38:14.206+0800][22.667s][info][gc,marking  ] GC(200) Concurrent Clear Claimed Marks
[2026-09-03T12:38:14.206+0800][22.667s][info][gc,marking  ] GC(200) Concurrent Clear Claimed Marks 0.012ms
[2026-09-03T12:38:14.206+0800][22.667s][info][gc,marking  ] GC(200) Concurrent Cleanup for Next Mark
[2026-09-03T12:38:14.206+0800][22.667s][info][gc,marking  ] GC(200) Concurrent Cleanup for Next Mark 0.136ms
[2026-09-03T12:38:14.206+0800][22.667s][info][gc          ] GC(200) Concurrent Mark Cycle 11.114ms
[2026-09-03T12:38:14.463+0800][22.925s][info][gc,start    ] GC(201) Pause Young (Prepare Mixed) (G1 Evacuation Pause)
[2026-09-03T12:38:14.464+0800][22.925s][info][gc,task     ] GC(201) Using 9 workers of 9 for evacuation
[2026-09-03T12:38:14.465+0800][22.927s][info][gc,phases   ] GC(201)   Pre Evacuate Collection Set: 0.04ms
[2026-09-03T12:38:14.466+0800][22.927s][info][gc,phases   ] GC(201)   Merge Heap Roots: 0.03ms
[2026-09-03T12:38:14.466+0800][22.927s][info][gc,phases   ] GC(201)   Evacuate Collection Set: 1.76ms
[2026-09-03T12:38:14.466+0800][22.927s][info][gc,phases   ] GC(201)   Post Evacuate Collection Set: 0.09ms
[2026-09-03T12:38:14.466+0800][22.927s][info][gc,phases   ] GC(201)   Other: 0.06ms
[2026-09-03T12:38:14.466+0800][22.927s][info][gc,heap     ] GC(201) Eden regions: 88->0(98)
[2026-09-03T12:38:14.466+0800][22.927s][info][gc,heap     ] GC(201) Survivor regions: 15->13(13)
[2026-09-03T12:38:14.466+0800][22.927s][info][gc,heap     ] GC(201) Old regions: 83->103
[2026-09-03T12:38:14.466+0800][22.927s][info][gc,heap     ] GC(201) Humongous regions: 1->1
[2026-09-03T12:38:14.466+0800][22.927s][info][gc,metaspace] GC(201) Metaspace: 1060K(1216K)->1060K(1216K) NonClass: 996K(1088K)->996K(1088K) Class: 64K(128K)->64K(128K)
[2026-09-03T12:38:14.466+0800][22.927s][info][gc          ] GC(201) Pause Young (Prepare Mixed) (G1 Evacuation Pause) 186M->117M(256M) 2.084ms
[2026-09-03T12:38:14.466+0800][22.927s][info][gc,cpu      ] GC(201) User=0.02s Sys=0.00s Real=0.00s
[2026-09-03T12:38:14.466+0800][22.927s][info][safepoint   ] Safepoint "G1CollectForAllocation", Time since last: 257797708 ns, Reaching safepoint: 34375 ns, At safepoint: 2106000 ns, Leaving safepoint: 22458 ns, Total: 2162833 ns, Threads: 1 runnable, 42 total
[2026-09-03T12:38:14.762+0800][23.224s][info][gc,start    ] GC(202) Pause Young (Mixed) (G1 Evacuation Pause)
[2026-09-03T12:38:14.762+0800][23.224s][info][gc,task     ] GC(202) Using 9 workers of 9 for evacuation
[2026-09-03T12:38:14.764+0800][23.226s][info][gc,phases   ] GC(202)   Pre Evacuate Collection Set: 0.04ms
[2026-09-03T12:38:14.765+0800][23.226s][info][gc,phases   ] GC(202)   Merge Heap Roots: 0.05ms
[2026-09-03T12:38:14.765+0800][23.226s][info][gc,phases   ] GC(202)   Evacuate Collection Set: 1.89ms
[2026-09-03T12:38:14.765+0800][23.226s][info][gc,phases   ] GC(202)   Post Evacuate Collection Set: 0.12ms
[2026-09-03T12:38:14.765+0800][23.226s][info][gc,phases   ] GC(202)   Other: 0.06ms
[2026-09-03T12:38:14.765+0800][23.226s][info][gc,heap     ] GC(202) Eden regions: 98->0(103)
[2026-09-03T12:38:14.765+0800][23.226s][info][gc,heap     ] GC(202) Survivor regions: 13->14(14)
[2026-09-03T12:38:14.765+0800][23.226s][info][gc,heap     ] GC(202) Old regions: 103->95
[2026-09-03T12:38:14.765+0800][23.226s][info][gc,heap     ] GC(202) Humongous regions: 1->1
[2026-09-03T12:38:14.765+0800][23.226s][info][gc,metaspace] GC(202) Metaspace: 1060K(1216K)->1060K(1216K) NonClass: 996K(1088K)->996K(1088K) Class: 64K(128K)->64K(128K)
[2026-09-03T12:38:14.765+0800][23.226s][info][gc          ] GC(202) Pause Young (Mixed) (G1 Evacuation Pause) 215M->110M(256M) 2.276ms
[2026-09-03T12:38:14.765+0800][23.226s][info][gc,cpu      ] GC(202) User=0.01s Sys=0.00s Real=0.00s
[2026-09-03T12:38:14.765+0800][23.226s][info][safepoint   ] Safepoint "G1CollectForAllocation", Time since last: 296654417 ns, Reaching safepoint: 19542 ns, At safepoint: 2301041 ns, Leaving safepoint: 57542 ns, Total: 2378125 ns, Threads: 1 runnable, 42 total
[2026-09-03T12:38:15.076+0800][23.537s][info][gc,start    ] GC(203) Pause Young (Concurrent Start) (G1 Evacuation Pause)
[2026-09-03T12:38:15.076+0800][23.538s][info][gc,task     ] GC(203) Using 9 workers of 9 for evacuation
[2026-09-03T12:38:15.078+0800][23.540s][info][gc,phases   ] GC(203)   Pre Evacuate Collection Set: 0.08ms
[2026-09-03T12:38:15.078+0800][23.540s][info][gc,phases   ] GC(203)   Merge Heap Roots: 0.04ms
[2026-09-03T12:38:15.078+0800][23.540s][info][gc,phases   ] GC(203)   Evacuate Collection Set: 1.82ms
[2026-09-03T12:38:15.078+0800][23.540s][info][gc,phases   ] GC(203)   Post Evacuate Collection Set: 0.11ms
[2026-09-03T12:38:15.078+0800][23.540s][info][gc,phases   ] GC(203)   Other: 0.06ms
[2026-09-03T12:38:15.078+0800][23.540s][info][gc,heap     ] GC(203) Eden regions: 103->0(88)
[2026-09-03T12:38:15.078+0800][23.540s][info][gc,heap     ] GC(203) Survivor regions: 14->15(15)
[2026-09-03T12:38:15.078+0800][23.540s][info][gc,heap     ] GC(203) Old regions: 95->115
[2026-09-03T12:38:15.078+0800][23.540s][info][gc,heap     ] GC(203) Humongous regions: 1->1
[2026-09-03T12:38:15.078+0800][23.540s][info][gc,metaspace] GC(203) Metaspace: 1060K(1216K)->1060K(1216K) NonClass: 996K(1088K)->996K(1088K) Class: 64K(128K)->64K(128K)
[2026-09-03T12:38:15.078+0800][23.540s][info][gc          ] GC(203) Pause Young (Concurrent Start) (G1 Evacuation Pause) 213M->130M(256M) 2.252ms
[2026-09-03T12:38:15.078+0800][23.540s][info][gc,cpu      ] GC(203) User=0.02s Sys=0.00s Real=0.00s
[2026-09-03T12:38:15.078+0800][23.540s][info][gc          ] GC(204) Concurrent Mark Cycle
[2026-09-03T12:38:15.078+0800][23.540s][info][gc,marking  ] GC(204) Concurrent Scan Root Regions
[2026-09-03T12:38:15.078+0800][23.540s][info][safepoint   ] Safepoint "G1CollectForAllocation", Time since last: 311388750 ns, Reaching safepoint: 61625 ns, At safepoint: 2283167 ns, Leaving safepoint: 45875 ns, Total: 2390667 ns, Threads: 1 runnable, 42 total
[2026-09-03T12:38:15.080+0800][23.542s][info][gc,marking  ] GC(204) Concurrent Scan Root Regions 2.098ms
[2026-09-03T12:38:15.080+0800][23.542s][info][gc,marking  ] GC(204) Concurrent Mark
[2026-09-03T12:38:15.081+0800][23.542s][info][gc,marking  ] GC(204) Concurrent Mark From Roots
[2026-09-03T12:38:15.081+0800][23.542s][info][gc,task     ] GC(204) Concurrent Mark Using 2 of 2 Workers
[2026-09-03T12:38:15.084+0800][23.545s][info][gc,marking  ] GC(204) Concurrent Mark From Roots 3.388ms
[2026-09-03T12:38:15.084+0800][23.545s][info][gc,marking  ] GC(204) Concurrent Preclean
[2026-09-03T12:38:15.084+0800][23.545s][info][gc,marking  ] GC(204) Concurrent Preclean 0.008ms
[2026-09-03T12:38:15.084+0800][23.545s][info][gc,start    ] GC(204) Pause Remark
[2026-09-03T12:38:15.084+0800][23.546s][info][gc          ] GC(204) Pause Remark 134M->100M(256M) 0.451ms
[2026-09-03T12:38:15.084+0800][23.546s][info][gc,cpu      ] GC(204) User=0.00s Sys=0.00s Real=0.00s
[2026-09-03T12:38:15.084+0800][23.546s][info][safepoint   ] Safepoint "G1PauseRemark", Time since last: 5517208 ns, Reaching safepoint: 20333 ns, At safepoint: 472917 ns, Leaving safepoint: 18333 ns, Total: 511583 ns, Threads: 1 runnable, 42 total
[2026-09-03T12:38:15.085+0800][23.546s][info][gc,marking  ] GC(204) Concurrent Mark 4.019ms
[2026-09-03T12:38:15.085+0800][23.546s][info][gc,marking  ] GC(204) Concurrent Rebuild Remembered Sets and Scrub Regions
[2026-09-03T12:38:15.088+0800][23.549s][info][gc,marking  ] GC(204) Concurrent Rebuild Remembered Sets and Scrub Regions 3.164ms
[2026-09-03T12:38:15.088+0800][23.549s][info][gc,start    ] GC(204) Pause Cleanup
[2026-09-03T12:38:15.088+0800][23.549s][info][gc          ] GC(204) Pause Cleanup 100M->100M(256M) 0.036ms
[2026-09-03T12:38:15.088+0800][23.549s][info][gc,cpu      ] GC(204) User=0.00s Sys=0.00s Real=0.00s
[2026-09-03T12:38:15.088+0800][23.549s][info][safepoint   ] Safepoint "G1PauseCleanup", Time since last: 3298042 ns, Reaching safepoint: 1958 ns, At safepoint: 55375 ns, Leaving safepoint: 2625 ns, Total: 59958 ns, Threads: 0 runnable, 42 total
[2026-09-03T12:38:15.088+0800][23.549s][info][gc,marking  ] GC(204) Concurrent Clear Claimed Marks
[2026-09-03T12:38:15.088+0800][23.549s][info][gc,marking  ] GC(204) Concurrent Clear Claimed Marks 0.007ms
[2026-09-03T12:38:15.088+0800][23.549s][info][gc,marking  ] GC(204) Concurrent Cleanup for Next Mark
[2026-09-03T12:38:15.088+0800][23.549s][info][gc,marking  ] GC(204) Concurrent Cleanup for Next Mark 0.096ms
[2026-09-03T12:38:15.088+0800][23.549s][info][gc          ] GC(204) Concurrent Mark Cycle 9.568ms
[2026-09-03T12:38:15.347+0800][23.808s][info][gc,start    ] GC(205) Pause Young (Prepare Mixed) (G1 Evacuation Pause)
[2026-09-03T12:38:15.347+0800][23.808s][info][gc,task     ] GC(205) Using 9 workers of 9 for evacuation
[2026-09-03T12:38:15.349+0800][23.810s][info][gc,phases   ] GC(205)   Pre Evacuate Collection Set: 0.04ms
[2026-09-03T12:38:15.349+0800][23.810s][info][gc,phases   ] GC(205)   Merge Heap Roots: 0.02ms
[2026-09-03T12:38:15.349+0800][23.810s][info][gc,phases   ] GC(205)   Evacuate Collection Set: 1.81ms
[2026-09-03T12:38:15.349+0800][23.810s][info][gc,phases   ] GC(205)   Post Evacuate Collection Set: 0.10ms
[2026-09-03T12:38:15.349+0800][23.810s][info][gc,phases   ] GC(205)   Other: 0.06ms
[2026-09-03T12:38:15.349+0800][23.810s][info][gc,heap     ] GC(205) Eden regions: 88->0(99)
[2026-09-03T12:38:15.349+0800][23.810s][info][gc,heap     ] GC(205) Survivor regions: 15->13(13)
[2026-09-03T12:38:15.349+0800][23.810s][info][gc,heap     ] GC(205) Old regions: 81->101
[2026-09-03T12:38:15.349+0800][23.810s][info][gc,heap     ] GC(205) Humongous regions: 1->1
[2026-09-03T12:38:15.349+0800][23.810s][info][gc,metaspace] GC(205) Metaspace: 1060K(1216K)->1060K(1216K) NonClass: 996K(1088K)->996K(1088K) Class: 64K(128K)->64K(128K)
[2026-09-03T12:38:15.349+0800][23.810s][info][gc          ] GC(205) Pause Young (Prepare Mixed) (G1 Evacuation Pause) 184M->115M(256M) 2.132ms
[2026-09-03T12:38:15.349+0800][23.810s][info][gc,cpu      ] GC(205) User=0.02s Sys=0.00s Real=0.00s
[2026-09-03T12:38:15.349+0800][23.810s][info][safepoint   ] Safepoint "G1CollectForAllocation", Time since last: 259076417 ns, Reaching safepoint: 2042 ns, At safepoint: 2153958 ns, Leaving safepoint: 42792 ns, Total: 2198792 ns, Threads: 0 runnable, 42 total
[2026-09-03T12:38:15.646+0800][24.107s][info][gc,start    ] GC(206) Pause Young (Mixed) (G1 Evacuation Pause)
[2026-09-03T12:38:15.646+0800][24.107s][info][gc,task     ] GC(206) Using 9 workers of 9 for evacuation
[2026-09-03T12:38:15.648+0800][24.109s][info][gc,phases   ] GC(206)   Pre Evacuate Collection Set: 0.08ms
[2026-09-03T12:38:15.648+0800][24.109s][info][gc,phases   ] GC(206)   Merge Heap Roots: 0.04ms
[2026-09-03T12:38:15.648+0800][24.109s][info][gc,phases   ] GC(206)   Evacuate Collection Set: 1.83ms
[2026-09-03T12:38:15.648+0800][24.109s][info][gc,phases   ] GC(206)   Post Evacuate Collection Set: 0.08ms
[2026-09-03T12:38:15.648+0800][24.109s][info][gc,phases   ] GC(206)   Other: 0.06ms
[2026-09-03T12:38:15.648+0800][24.109s][info][gc,heap     ] GC(206) Eden regions: 99->0(102)
[2026-09-03T12:38:15.648+0800][24.109s][info][gc,heap     ] GC(206) Survivor regions: 13->14(14)
[2026-09-03T12:38:15.648+0800][24.109s][info][gc,heap     ] GC(206) Old regions: 101->96
[2026-09-03T12:38:15.648+0800][24.109s][info][gc,heap     ] GC(206) Humongous regions: 1->1
[2026-09-03T12:38:15.648+0800][24.109s][info][gc,metaspace] GC(206) Metaspace: 1060K(1216K)->1060K(1216K) NonClass: 996K(1088K)->996K(1088K) Class: 64K(128K)->64K(128K)
[2026-09-03T12:38:15.648+0800][24.110s][info][gc          ] GC(206) Pause Young (Mixed) (G1 Evacuation Pause) 214M->110M(256M) 2.206ms
[2026-09-03T12:38:15.648+0800][24.110s][info][gc,cpu      ] GC(206) User=0.02s Sys=0.00s Real=0.00s
[2026-09-03T12:38:15.648+0800][24.110s][info][safepoint   ] Safepoint "G1CollectForAllocation", Time since last: 296843083 ns, Reaching safepoint: 2042 ns, At safepoint: 2229583 ns, Leaving safepoint: 35667 ns, Total: 2267292 ns, Threads: 0 runnable, 42 total
[2026-09-03T12:38:15.959+0800][24.420s][info][gc,start    ] GC(207) Pause Young (Concurrent Start) (G1 Evacuation Pause)
[2026-09-03T12:38:15.959+0800][24.420s][info][gc,task     ] GC(207) Using 9 workers of 9 for evacuation
[2026-09-03T12:38:15.961+0800][24.422s][info][gc,phases   ] GC(207)   Pre Evacuate Collection Set: 0.12ms
[2026-09-03T12:38:15.961+0800][24.422s][info][gc,phases   ] GC(207)   Merge Heap Roots: 0.03ms
[2026-09-03T12:38:15.961+0800][24.422s][info][gc,phases   ] GC(207)   Evacuate Collection Set: 1.94ms
[2026-09-03T12:38:15.961+0800][24.422s][info][gc,phases   ] GC(207)   Post Evacuate Collection Set: 0.09ms
[2026-09-03T12:38:15.961+0800][24.422s][info][gc,phases   ] GC(207)   Other: 0.05ms
[2026-09-03T12:38:15.961+0800][24.422s][info][gc,heap     ] GC(207) Eden regions: 102->0(88)
[2026-09-03T12:38:15.961+0800][24.422s][info][gc,heap     ] GC(207) Survivor regions: 14->15(15)
[2026-09-03T12:38:15.961+0800][24.422s][info][gc,heap     ] GC(207) Old regions: 96->115
[2026-09-03T12:38:15.961+0800][24.422s][info][gc,heap     ] GC(207) Humongous regions: 1->1
[2026-09-03T12:38:15.961+0800][24.422s][info][gc,metaspace] GC(207) Metaspace: 1060K(1216K)->1060K(1216K) NonClass: 996K(1088K)->996K(1088K) Class: 64K(128K)->64K(128K)
[2026-09-03T12:38:15.961+0800][24.422s][info][gc          ] GC(207) Pause Young (Concurrent Start) (G1 Evacuation Pause) 212M->131M(256M) 2.361ms
[2026-09-03T12:38:15.961+0800][24.423s][info][gc,cpu      ] GC(207) User=0.02s Sys=0.00s Real=0.01s
[2026-09-03T12:38:15.961+0800][24.423s][info][gc          ] GC(208) Concurrent Mark Cycle
[2026-09-03T12:38:15.961+0800][24.423s][info][gc,marking  ] GC(208) Concurrent Scan Root Regions
[2026-09-03T12:38:15.961+0800][24.423s][info][safepoint   ] Safepoint "G1CollectForAllocation", Time since last: 310573541 ns, Reaching safepoint: 2375 ns, At safepoint: 2391000 ns, Leaving safepoint: 26167 ns, Total: 2419542 ns, Threads: 0 runnable, 42 total
[2026-09-03T12:38:15.963+0800][24.425s][info][gc,marking  ] GC(208) Concurrent Scan Root Regions 2.039ms
[2026-09-03T12:38:15.963+0800][24.425s][info][gc,marking  ] GC(208) Concurrent Mark
[2026-09-03T12:38:15.963+0800][24.425s][info][gc,marking  ] GC(208) Concurrent Mark From Roots
[2026-09-03T12:38:15.963+0800][24.425s][info][gc,task     ] GC(208) Concurrent Mark Using 2 of 2 Workers
[2026-09-03T12:38:15.967+0800][24.428s][info][gc,marking  ] GC(208) Concurrent Mark From Roots 3.441ms
[2026-09-03T12:38:15.967+0800][24.428s][info][gc,marking  ] GC(208) Concurrent Preclean
[2026-09-03T12:38:15.967+0800][24.428s][info][gc,marking  ] GC(208) Concurrent Preclean 0.010ms
[2026-09-03T12:38:15.967+0800][24.428s][info][gc,start    ] GC(208) Pause Remark
[2026-09-03T12:38:15.967+0800][24.428s][info][gc          ] GC(208) Pause Remark 134M->104M(256M) 0.383ms
[2026-09-03T12:38:15.967+0800][24.428s][info][gc,cpu      ] GC(208) User=0.00s Sys=0.00s Real=0.00s
[2026-09-03T12:38:15.967+0800][24.429s][info][safepoint   ] Safepoint "G1PauseRemark", Time since last: 5536500 ns, Reaching safepoint: 2417 ns, At safepoint: 406041 ns, Leaving safepoint: 33500 ns, Total: 441958 ns, Threads: 0 runnable, 42 total
[2026-09-03T12:38:15.967+0800][24.429s][info][gc,marking  ] GC(208) Concurrent Mark 4.020ms
[2026-09-03T12:38:15.967+0800][24.429s][info][gc,marking  ] GC(208) Concurrent Rebuild Remembered Sets and Scrub Regions
[2026-09-03T12:38:15.970+0800][24.432s][info][gc,marking  ] GC(208) Concurrent Rebuild Remembered Sets and Scrub Regions 3.196ms
[2026-09-03T12:38:15.971+0800][24.432s][info][gc,start    ] GC(208) Pause Cleanup
[2026-09-03T12:38:15.971+0800][24.432s][info][gc          ] GC(208) Pause Cleanup 105M->105M(256M) 0.033ms
[2026-09-03T12:38:15.971+0800][24.432s][info][gc,cpu      ] GC(208) User=0.00s Sys=0.00s Real=0.00s
[2026-09-03T12:38:15.971+0800][24.432s][info][safepoint   ] Safepoint "G1PauseCleanup", Time since last: 3340917 ns, Reaching safepoint: 18542 ns, At safepoint: 50958 ns, Leaving safepoint: 2500 ns, Total: 72000 ns, Threads: 1 runnable, 42 total
[2026-09-03T12:38:15.971+0800][24.432s][info][gc,marking  ] GC(208) Concurrent Clear Claimed Marks
[2026-09-03T12:38:15.971+0800][24.432s][info][gc,marking  ] GC(208) Concurrent Clear Claimed Marks 0.004ms
[2026-09-03T12:38:15.971+0800][24.432s][info][gc,marking  ] GC(208) Concurrent Cleanup for Next Mark
[2026-09-03T12:38:15.971+0800][24.432s][info][gc,marking  ] GC(208) Concurrent Cleanup for Next Mark 0.100ms
[2026-09-03T12:38:15.971+0800][24.432s][info][gc          ] GC(208) Concurrent Mark Cycle 9.551ms
[2026-09-03T12:38:16.227+0800][24.688s][info][gc,start    ] GC(209) Pause Young (Prepare Mixed) (G1 Evacuation Pause)
[2026-09-03T12:38:16.227+0800][24.688s][info][gc,task     ] GC(209) Using 9 workers of 9 for evacuation
[2026-09-03T12:38:16.229+0800][24.690s][info][gc,phases   ] GC(209)   Pre Evacuate Collection Set: 0.07ms
[2026-09-03T12:38:16.229+0800][24.690s][info][gc,phases   ] GC(209)   Merge Heap Roots: 0.04ms
[2026-09-03T12:38:16.229+0800][24.690s][info][gc,phases   ] GC(209)   Evacuate Collection Set: 1.71ms
[2026-09-03T12:38:16.229+0800][24.690s][info][gc,phases   ] GC(209)   Post Evacuate Collection Set: 0.10ms
[2026-09-03T12:38:16.229+0800][24.690s][info][gc,phases   ] GC(209)   Other: 0.06ms
[2026-09-03T12:38:16.229+0800][24.690s][info][gc,heap     ] GC(209) Eden regions: 88->0(96)
[2026-09-03T12:38:16.229+0800][24.690s][info][gc,heap     ] GC(209) Survivor regions: 15->13(13)
[2026-09-03T12:38:16.229+0800][24.690s][info][gc,heap     ] GC(209) Old regions: 85->106
[2026-09-03T12:38:16.229+0800][24.690s][info][gc,heap     ] GC(209) Humongous regions: 1->1
[2026-09-03T12:38:16.229+0800][24.690s][info][gc,metaspace] GC(209) Metaspace: 1060K(1216K)->1060K(1216K) NonClass: 996K(1088K)->996K(1088K) Class: 64K(128K)->64K(128K)
[2026-09-03T12:38:16.229+0800][24.690s][info][gc          ] GC(209) Pause Young (Prepare Mixed) (G1 Evacuation Pause) 189M->119M(256M) 2.098ms
[2026-09-03T12:38:16.229+0800][24.690s][info][gc,cpu      ] GC(209) User=0.02s Sys=0.00s Real=0.00s
[2026-09-03T12:38:16.229+0800][24.690s][info][safepoint   ] Safepoint "G1CollectForAllocation", Time since last: 256155500 ns, Reaching safepoint: 1917 ns, At safepoint: 2121500 ns, Leaving safepoint: 44291 ns, Total: 2167708 ns, Threads: 0 runnable, 42 total
[2026-09-03T12:38:16.520+0800][24.982s][info][gc,start    ] GC(210) Pause Young (Mixed) (G1 Evacuation Pause)
[2026-09-03T12:38:16.520+0800][24.982s][info][gc,task     ] GC(210) Using 9 workers of 9 for evacuation
[2026-09-03T12:38:16.522+0800][24.984s][info][gc,phases   ] GC(210)   Pre Evacuate Collection Set: 0.07ms
[2026-09-03T12:38:16.522+0800][24.984s][info][gc,phases   ] GC(210)   Merge Heap Roots: 0.05ms
[2026-09-03T12:38:16.522+0800][24.984s][info][gc,phases   ] GC(210)   Evacuate Collection Set: 1.83ms
[2026-09-03T12:38:16.522+0800][24.984s][info][gc,phases   ] GC(210)   Post Evacuate Collection Set: 0.08ms
[2026-09-03T12:38:16.522+0800][24.984s][info][gc,phases   ] GC(210)   Other: 0.06ms
[2026-09-03T12:38:16.522+0800][24.984s][info][gc,heap     ] GC(210) Eden regions: 96->0(100)
[2026-09-03T12:38:16.522+0800][24.984s][info][gc,heap     ] GC(210) Survivor regions: 13->14(14)
[2026-09-03T12:38:16.522+0800][24.984s][info][gc,heap     ] GC(210) Old regions: 106->99
[2026-09-03T12:38:16.522+0800][24.984s][info][gc,heap     ] GC(210) Humongous regions: 1->1
[2026-09-03T12:38:16.522+0800][24.984s][info][gc,metaspace] GC(210) Metaspace: 1060K(1216K)->1060K(1216K) NonClass: 996K(1088K)->996K(1088K) Class: 64K(128K)->64K(128K)
[2026-09-03T12:38:16.522+0800][24.984s][info][gc          ] GC(210) Pause Young (Mixed) (G1 Evacuation Pause) 215M->113M(256M) 2.197ms
[2026-09-03T12:38:16.522+0800][24.984s][info][gc,cpu      ] GC(210) User=0.02s Sys=0.00s Real=0.00s
[2026-09-03T12:38:16.522+0800][24.984s][info][safepoint   ] Safepoint "G1CollectForAllocation", Time since last: 291230375 ns, Reaching safepoint: 2250 ns, At safepoint: 2219292 ns, Leaving safepoint: 21583 ns, Total: 2243125 ns, Threads: 0 runnable, 42 total
[2026-09-03T12:38:16.826+0800][25.287s][info][gc,start    ] GC(211) Pause Young (Mixed) (G1 Evacuation Pause)
[2026-09-03T12:38:16.826+0800][25.287s][info][gc,task     ] GC(211) Using 9 workers of 9 for evacuation
[2026-09-03T12:38:16.828+0800][25.289s][info][gc,phases   ] GC(211)   Pre Evacuate Collection Set: 0.05ms
[2026-09-03T12:38:16.828+0800][25.289s][info][gc,phases   ] GC(211)   Merge Heap Roots: 0.03ms
[2026-09-03T12:38:16.828+0800][25.289s][info][gc,phases   ] GC(211)   Evacuate Collection Set: 1.83ms
[2026-09-03T12:38:16.828+0800][25.289s][info][gc,phases   ] GC(211)   Post Evacuate Collection Set: 0.11ms
[2026-09-03T12:38:16.828+0800][25.289s][info][gc,phases   ] GC(211)   Other: 0.06ms
[2026-09-03T12:38:16.828+0800][25.289s][info][gc,heap     ] GC(211) Eden regions: 100->0(89)
[2026-09-03T12:38:16.828+0800][25.289s][info][gc,heap     ] GC(211) Survivor regions: 14->15(15)
[2026-09-03T12:38:16.828+0800][25.289s][info][gc,heap     ] GC(211) Old regions: 99->114
[2026-09-03T12:38:16.828+0800][25.289s][info][gc,heap     ] GC(211) Humongous regions: 1->1
[2026-09-03T12:38:16.828+0800][25.289s][info][gc,metaspace] GC(211) Metaspace: 1060K(1216K)->1060K(1216K) NonClass: 996K(1088K)->996K(1088K) Class: 64K(128K)->64K(128K)
[2026-09-03T12:38:16.828+0800][25.289s][info][gc          ] GC(211) Pause Young (Mixed) (G1 Evacuation Pause) 213M->130M(256M) 2.205ms
[2026-09-03T12:38:16.828+0800][25.289s][info][gc,cpu      ] GC(211) User=0.02s Sys=0.00s Real=0.00s
[2026-09-03T12:38:16.828+0800][25.289s][info][safepoint   ] Safepoint "G1CollectForAllocation", Time since last: 303429000 ns, Reaching safepoint: 2625 ns, At safepoint: 2241792 ns, Leaving safepoint: 43750 ns, Total: 2288167 ns, Threads: 0 runnable, 42 total
[2026-09-03T12:38:17.095+0800][25.557s][info][gc,start    ] GC(212) Pause Young (Concurrent Start) (G1 Evacuation Pause)
[2026-09-03T12:38:17.095+0800][25.557s][info][gc,task     ] GC(212) Using 9 workers of 9 for evacuation
[2026-09-03T12:38:17.097+0800][25.559s][info][gc,phases   ] GC(212)   Pre Evacuate Collection Set: 0.06ms
[2026-09-03T12:38:17.097+0800][25.559s][info][gc,phases   ] GC(212)   Merge Heap Roots: 0.03ms
[2026-09-03T12:38:17.097+0800][25.559s][info][gc,phases   ] GC(212)   Evacuate Collection Set: 1.76ms
[2026-09-03T12:38:17.097+0800][25.559s][info][gc,phases   ] GC(212)   Post Evacuate Collection Set: 0.10ms
[2026-09-03T12:38:17.097+0800][25.559s][info][gc,phases   ] GC(212)   Other: 0.05ms
[2026-09-03T12:38:17.097+0800][25.559s][info][gc,heap     ] GC(212) Eden regions: 89->0(76)
[2026-09-03T12:38:17.097+0800][25.559s][info][gc,heap     ] GC(212) Survivor regions: 15->13(13)
[2026-09-03T12:38:17.097+0800][25.559s][info][gc,heap     ] GC(212) Old regions: 114->134
[2026-09-03T12:38:17.097+0800][25.559s][info][gc,heap     ] GC(212) Humongous regions: 1->1
[2026-09-03T12:38:17.097+0800][25.559s][info][gc,metaspace] GC(212) Metaspace: 1060K(1216K)->1060K(1216K) NonClass: 996K(1088K)->996K(1088K) Class: 64K(128K)->64K(128K)
[2026-09-03T12:38:17.097+0800][25.559s][info][gc          ] GC(212) Pause Young (Concurrent Start) (G1 Evacuation Pause) 219M->148M(256M) 2.130ms
[2026-09-03T12:38:17.097+0800][25.559s][info][gc,cpu      ] GC(212) User=0.02s Sys=0.00s Real=0.00s
[2026-09-03T12:38:17.097+0800][25.559s][info][gc          ] GC(213) Concurrent Mark Cycle
[2026-09-03T12:38:17.097+0800][25.559s][info][gc,marking  ] GC(213) Concurrent Scan Root Regions
[2026-09-03T12:38:17.097+0800][25.559s][info][safepoint   ] Safepoint "G1CollectForAllocation", Time since last: 267191250 ns, Reaching safepoint: 2000 ns, At safepoint: 2161667 ns, Leaving safepoint: 24166 ns, Total: 2187833 ns, Threads: 0 runnable, 42 total
[2026-09-03T12:38:17.099+0800][25.561s][info][gc,marking  ] GC(213) Concurrent Scan Root Regions 2.003ms
[2026-09-03T12:38:17.099+0800][25.561s][info][gc,marking  ] GC(213) Concurrent Mark
[2026-09-03T12:38:17.099+0800][25.561s][info][gc,marking  ] GC(213) Concurrent Mark From Roots
[2026-09-03T12:38:17.099+0800][25.561s][info][gc,task     ] GC(213) Concurrent Mark Using 2 of 2 Workers
[2026-09-03T12:38:17.103+0800][25.565s][info][gc,marking  ] GC(213) Concurrent Mark From Roots 3.815ms
[2026-09-03T12:38:17.103+0800][25.565s][info][gc,marking  ] GC(213) Concurrent Preclean
[2026-09-03T12:38:17.103+0800][25.565s][info][gc,marking  ] GC(213) Concurrent Preclean 0.009ms
[2026-09-03T12:38:17.103+0800][25.565s][info][gc,start    ] GC(213) Pause Remark
[2026-09-03T12:38:17.104+0800][25.565s][info][gc          ] GC(213) Pause Remark 151M->108M(256M) 0.306ms
[2026-09-03T12:38:17.104+0800][25.565s][info][gc,cpu      ] GC(213) User=0.00s Sys=0.00s Real=0.00s
[2026-09-03T12:38:17.104+0800][25.565s][info][safepoint   ] Safepoint "G1PauseRemark", Time since last: 5866209 ns, Reaching safepoint: 2833 ns, At safepoint: 336208 ns, Leaving safepoint: 13625 ns, Total: 352666 ns, Threads: 0 runnable, 42 total
[2026-09-03T12:38:17.104+0800][25.565s][info][gc,marking  ] GC(213) Concurrent Mark 4.246ms
[2026-09-03T12:38:17.104+0800][25.565s][info][gc,marking  ] GC(213) Concurrent Rebuild Remembered Sets and Scrub Regions
[2026-09-03T12:38:17.107+0800][25.568s][info][gc,marking  ] GC(213) Concurrent Rebuild Remembered Sets and Scrub Regions 3.054ms
[2026-09-03T12:38:17.107+0800][25.568s][info][gc,start    ] GC(213) Pause Cleanup
[2026-09-03T12:38:17.107+0800][25.568s][info][gc          ] GC(213) Pause Cleanup 110M->110M(256M) 0.033ms
[2026-09-03T12:38:17.107+0800][25.568s][info][gc,cpu      ] GC(213) User=0.00s Sys=0.00s Real=0.00s
[2026-09-03T12:38:17.107+0800][25.568s][info][safepoint   ] Safepoint "G1PauseCleanup", Time since last: 3113292 ns, Reaching safepoint: 1708 ns, At safepoint: 48667 ns, Leaving safepoint: 1583 ns, Total: 51958 ns, Threads: 0 runnable, 42 total
[2026-09-03T12:38:17.107+0800][25.568s][info][gc,marking  ] GC(213) Concurrent Clear Claimed Marks
[2026-09-03T12:38:17.107+0800][25.568s][info][gc,marking  ] GC(213) Concurrent Clear Claimed Marks 0.010ms
[2026-09-03T12:38:17.107+0800][25.568s][info][gc,marking  ] GC(213) Concurrent Cleanup for Next Mark
[2026-09-03T12:38:17.107+0800][25.568s][info][gc,marking  ] GC(213) Concurrent Cleanup for Next Mark 0.093ms
[2026-09-03T12:38:17.107+0800][25.568s][info][gc          ] GC(213) Concurrent Mark Cycle 9.543ms
[2026-09-03T12:38:17.327+0800][25.788s][info][gc,start    ] GC(214) Pause Young (Prepare Mixed) (G1 Evacuation Pause)
[2026-09-03T12:38:17.327+0800][25.788s][info][gc,task     ] GC(214) Using 9 workers of 9 for evacuation
[2026-09-03T12:38:17.329+0800][25.790s][info][gc,phases   ] GC(214)   Pre Evacuate Collection Set: 0.06ms
[2026-09-03T12:38:17.329+0800][25.790s][info][gc,phases   ] GC(214)   Merge Heap Roots: 0.03ms
[2026-09-03T12:38:17.329+0800][25.790s][info][gc,phases   ] GC(214)   Evacuate Collection Set: 1.59ms
[2026-09-03T12:38:17.329+0800][25.790s][info][gc,phases   ] GC(214)   Post Evacuate Collection Set: 0.10ms
[2026-09-03T12:38:17.329+0800][25.790s][info][gc,phases   ] GC(214)   Other: 0.06ms
[2026-09-03T12:38:17.329+0800][25.790s][info][gc,heap     ] GC(214) Eden regions: 76->0(95)
[2026-09-03T12:38:17.329+0800][25.790s][info][gc,heap     ] GC(214) Survivor regions: 13->12(12)
[2026-09-03T12:38:17.329+0800][25.790s][info][gc,heap     ] GC(214) Old regions: 91->108
[2026-09-03T12:38:17.329+0800][25.790s][info][gc,heap     ] GC(214) Humongous regions: 1->1
[2026-09-03T12:38:17.329+0800][25.790s][info][gc,metaspace] GC(214) Metaspace: 1060K(1216K)->1060K(1216K) NonClass: 996K(1088K)->996K(1088K) Class: 64K(128K)->64K(128K)
[2026-09-03T12:38:17.329+0800][25.790s][info][gc          ] GC(214) Pause Young (Prepare Mixed) (G1 Evacuation Pause) 181M->121M(256M) 1.936ms
[2026-09-03T12:38:17.329+0800][25.790s][info][gc,cpu      ] GC(214) User=0.01s Sys=0.00s Real=0.00s
[2026-09-03T12:38:17.329+0800][25.790s][info][safepoint   ] Safepoint "G1CollectForAllocation", Time since last: 219874667 ns, Reaching safepoint: 2208 ns, At safepoint: 1959167 ns, Leaving safepoint: 74083 ns, Total: 2035458 ns, Threads: 0 runnable, 42 total
[2026-09-03T12:38:17.617+0800][26.078s][info][gc,start    ] GC(215) Pause Young (Mixed) (G1 Evacuation Pause)
[2026-09-03T12:38:17.617+0800][26.078s][info][gc,task     ] GC(215) Using 9 workers of 9 for evacuation
[2026-09-03T12:38:17.619+0800][26.080s][info][gc,phases   ] GC(215)   Pre Evacuate Collection Set: 0.06ms
[2026-09-03T12:38:17.619+0800][26.080s][info][gc,phases   ] GC(215)   Merge Heap Roots: 0.04ms
[2026-09-03T12:38:17.619+0800][26.080s][info][gc,phases   ] GC(215)   Evacuate Collection Set: 1.91ms
[2026-09-03T12:38:17.619+0800][26.080s][info][gc,phases   ] GC(215)   Post Evacuate Collection Set: 0.09ms
[2026-09-03T12:38:17.619+0800][26.080s][info][gc,phases   ] GC(215)   Other: 0.06ms
[2026-09-03T12:38:17.619+0800][26.080s][info][gc,heap     ] GC(215) Eden regions: 95->0(102)
[2026-09-03T12:38:17.619+0800][26.080s][info][gc,heap     ] GC(215) Survivor regions: 12->14(14)
[2026-09-03T12:38:17.619+0800][26.080s][info][gc,heap     ] GC(215) Old regions: 108->96
[2026-09-03T12:38:17.619+0800][26.080s][info][gc,heap     ] GC(215) Humongous regions: 1->1
[2026-09-03T12:38:17.619+0800][26.080s][info][gc,metaspace] GC(215) Metaspace: 1060K(1216K)->1060K(1216K) NonClass: 996K(1088K)->996K(1088K) Class: 64K(128K)->64K(128K)
[2026-09-03T12:38:17.619+0800][26.080s][info][gc          ] GC(215) Pause Young (Mixed) (G1 Evacuation Pause) 216M->111M(256M) 2.269ms
[2026-09-03T12:38:17.619+0800][26.080s][info][gc,cpu      ] GC(215) User=0.02s Sys=0.00s Real=0.00s
[2026-09-03T12:38:17.619+0800][26.080s][info][safepoint   ] Safepoint "G1CollectForAllocation", Time since last: 287767084 ns, Reaching safepoint: 2541 ns, At safepoint: 2294459 ns, Leaving safepoint: 31375 ns, Total: 2328375 ns, Threads: 0 runnable, 42 total
[2026-09-03T12:38:17.929+0800][26.391s][info][gc,start    ] GC(216) Pause Young (Mixed) (G1 Evacuation Pause)
[2026-09-03T12:38:17.929+0800][26.391s][info][gc,task     ] GC(216) Using 9 workers of 9 for evacuation
[2026-09-03T12:38:17.932+0800][26.393s][info][gc,phases   ] GC(216)   Pre Evacuate Collection Set: 0.06ms
[2026-09-03T12:38:17.932+0800][26.393s][info][gc,phases   ] GC(216)   Merge Heap Roots: 0.04ms
[2026-09-03T12:38:17.932+0800][26.393s][info][gc,phases   ] GC(216)   Evacuate Collection Set: 2.03ms
[2026-09-03T12:38:17.932+0800][26.393s][info][gc,phases   ] GC(216)   Post Evacuate Collection Set: 0.10ms
[2026-09-03T12:38:17.932+0800][26.393s][info][gc,phases   ] GC(216)   Other: 0.05ms
[2026-09-03T12:38:17.932+0800][26.393s][info][gc,heap     ] GC(216) Eden regions: 102->0(89)
[2026-09-03T12:38:17.932+0800][26.393s][info][gc,heap     ] GC(216) Survivor regions: 14->15(15)
[2026-09-03T12:38:17.932+0800][26.393s][info][gc,heap     ] GC(216) Old regions: 96->114
[2026-09-03T12:38:17.932+0800][26.393s][info][gc,heap     ] GC(216) Humongous regions: 1->1
[2026-09-03T12:38:17.932+0800][26.393s][info][gc,metaspace] GC(216) Metaspace: 1060K(1216K)->1060K(1216K) NonClass: 996K(1088K)->996K(1088K) Class: 64K(128K)->64K(128K)
[2026-09-03T12:38:17.932+0800][26.393s][info][gc          ] GC(216) Pause Young (Mixed) (G1 Evacuation Pause) 213M->129M(256M) 2.401ms
[2026-09-03T12:38:17.932+0800][26.393s][info][gc,cpu      ] GC(216) User=0.02s Sys=0.00s Real=0.01s
[2026-09-03T12:38:17.932+0800][26.393s][info][safepoint   ] Safepoint "G1CollectForAllocation", Time since last: 310494958 ns, Reaching safepoint: 2500 ns, At safepoint: 2424375 ns, Leaving safepoint: 44833 ns, Total: 2471708 ns, Threads: 0 runnable, 42 total
[2026-09-03T12:38:18.198+0800][26.660s][info][gc,start    ] GC(217) Pause Young (Concurrent Start) (G1 Evacuation Pause)
[2026-09-03T12:38:18.198+0800][26.660s][info][gc,task     ] GC(217) Using 9 workers of 9 for evacuation
[2026-09-03T12:38:18.201+0800][26.662s][info][gc,phases   ] GC(217)   Pre Evacuate Collection Set: 0.08ms
[2026-09-03T12:38:18.201+0800][26.662s][info][gc,phases   ] GC(217)   Merge Heap Roots: 0.04ms
[2026-09-03T12:38:18.201+0800][26.662s][info][gc,phases   ] GC(217)   Evacuate Collection Set: 2.02ms
[2026-09-03T12:38:18.201+0800][26.662s][info][gc,phases   ] GC(217)   Post Evacuate Collection Set: 0.09ms
[2026-09-03T12:38:18.201+0800][26.662s][info][gc,phases   ] GC(217)   Other: 0.06ms
[2026-09-03T12:38:18.201+0800][26.662s][info][gc,heap     ] GC(217) Eden regions: 89->0(75)
[2026-09-03T12:38:18.201+0800][26.662s][info][gc,heap     ] GC(217) Survivor regions: 15->13(13)
[2026-09-03T12:38:18.201+0800][26.662s][info][gc,heap     ] GC(217) Old regions: 114->135
[2026-09-03T12:38:18.201+0800][26.662s][info][gc,heap     ] GC(217) Humongous regions: 1->1
[2026-09-03T12:38:18.201+0800][26.662s][info][gc,metaspace] GC(217) Metaspace: 1060K(1216K)->1060K(1216K) NonClass: 996K(1088K)->996K(1088K) Class: 64K(128K)->64K(128K)
[2026-09-03T12:38:18.201+0800][26.662s][info][gc          ] GC(217) Pause Young (Concurrent Start) (G1 Evacuation Pause) 218M->148M(256M) 2.405ms
[2026-09-03T12:38:18.201+0800][26.662s][info][gc,cpu      ] GC(217) User=0.02s Sys=0.00s Real=0.01s
[2026-09-03T12:38:18.201+0800][26.662s][info][gc          ] GC(218) Concurrent Mark Cycle
[2026-09-03T12:38:18.201+0800][26.662s][info][gc,marking  ] GC(218) Concurrent Scan Root Regions
[2026-09-03T12:38:18.201+0800][26.662s][info][safepoint   ] Safepoint "G1CollectForAllocation", Time since last: 266514542 ns, Reaching safepoint: 2083 ns, At safepoint: 2435375 ns, Leaving safepoint: 22750 ns, Total: 2460208 ns, Threads: 0 runnable, 42 total
[2026-09-03T12:38:18.203+0800][26.664s][info][gc,marking  ] GC(218) Concurrent Scan Root Regions 2.006ms
[2026-09-03T12:38:18.203+0800][26.664s][info][gc,marking  ] GC(218) Concurrent Mark
[2026-09-03T12:38:18.203+0800][26.664s][info][gc,marking  ] GC(218) Concurrent Mark From Roots
[2026-09-03T12:38:18.203+0800][26.664s][info][gc,task     ] GC(218) Concurrent Mark Using 2 of 2 Workers
[2026-09-03T12:38:18.206+0800][26.668s][info][gc,marking  ] GC(218) Concurrent Mark From Roots 3.428ms
[2026-09-03T12:38:18.206+0800][26.668s][info][gc,marking  ] GC(218) Concurrent Preclean
[2026-09-03T12:38:18.206+0800][26.668s][info][gc,marking  ] GC(218) Concurrent Preclean 0.010ms
[2026-09-03T12:38:18.206+0800][26.668s][info][gc,start    ] GC(218) Pause Remark
[2026-09-03T12:38:18.207+0800][26.668s][info][gc          ] GC(218) Pause Remark 151M->104M(256M) 0.295ms
[2026-09-03T12:38:18.207+0800][26.668s][info][gc,cpu      ] GC(218) User=0.00s Sys=0.00s Real=0.00s
[2026-09-03T12:38:18.207+0800][26.668s][info][safepoint   ] Safepoint "G1PauseRemark", Time since last: 5491000 ns, Reaching safepoint: 2125 ns, At safepoint: 316875 ns, Leaving safepoint: 12834 ns, Total: 331834 ns, Threads: 0 runnable, 42 total
[2026-09-03T12:38:18.207+0800][26.668s][info][gc,marking  ] GC(218) Concurrent Mark 3.846ms
[2026-09-03T12:38:18.207+0800][26.668s][info][gc,marking  ] GC(218) Concurrent Rebuild Remembered Sets and Scrub Regions
[2026-09-03T12:38:18.210+0800][26.672s][info][gc,marking  ] GC(218) Concurrent Rebuild Remembered Sets and Scrub Regions 3.482ms
[2026-09-03T12:38:18.210+0800][26.672s][info][gc,start    ] GC(218) Pause Cleanup
[2026-09-03T12:38:18.210+0800][26.672s][info][gc          ] GC(218) Pause Cleanup 106M->106M(256M) 0.034ms
[2026-09-03T12:38:18.210+0800][26.672s][info][gc,cpu      ] GC(218) User=0.00s Sys=0.00s Real=0.00s
[2026-09-03T12:38:18.210+0800][26.672s][info][safepoint   ] Safepoint "G1PauseCleanup", Time since last: 3546125 ns, Reaching safepoint: 19416 ns, At safepoint: 52292 ns, Leaving safepoint: 1750 ns, Total: 73458 ns, Threads: 1 runnable, 42 total
[2026-09-03T12:38:18.210+0800][26.672s][info][gc,marking  ] GC(218) Concurrent Clear Claimed Marks
[2026-09-03T12:38:18.210+0800][26.672s][info][gc,marking  ] GC(218) Concurrent Clear Claimed Marks 0.004ms
[2026-09-03T12:38:18.210+0800][26.672s][info][gc,marking  ] GC(218) Concurrent Cleanup for Next Mark
[2026-09-03T12:38:18.210+0800][26.672s][info][gc,marking  ] GC(218) Concurrent Cleanup for Next Mark 0.088ms
[2026-09-03T12:38:18.210+0800][26.672s][info][gc          ] GC(218) Concurrent Mark Cycle 9.584ms
[2026-09-03T12:38:18.427+0800][26.888s][info][gc,start    ] GC(219) Pause Young (Prepare Mixed) (G1 Evacuation Pause)
[2026-09-03T12:38:18.427+0800][26.888s][info][gc,task     ] GC(219) Using 9 workers of 9 for evacuation
[2026-09-03T12:38:18.428+0800][26.890s][info][gc,phases   ] GC(219)   Pre Evacuate Collection Set: 0.05ms
[2026-09-03T12:38:18.428+0800][26.890s][info][gc,phases   ] GC(219)   Merge Heap Roots: 0.02ms
[2026-09-03T12:38:18.428+0800][26.890s][info][gc,phases   ] GC(219)   Evacuate Collection Set: 1.65ms
[2026-09-03T12:38:18.428+0800][26.890s][info][gc,phases   ] GC(219)   Post Evacuate Collection Set: 0.08ms
[2026-09-03T12:38:18.428+0800][26.890s][info][gc,phases   ] GC(219)   Other: 0.06ms
[2026-09-03T12:38:18.428+0800][26.890s][info][gc,heap     ] GC(219) Eden regions: 75->0(98)
[2026-09-03T12:38:18.428+0800][26.890s][info][gc,heap     ] GC(219) Survivor regions: 13->11(11)
[2026-09-03T12:38:18.428+0800][26.890s][info][gc,heap     ] GC(219) Old regions: 88->105
[2026-09-03T12:38:18.428+0800][26.890s][info][gc,heap     ] GC(219) Humongous regions: 1->1
[2026-09-03T12:38:18.428+0800][26.890s][info][gc,metaspace] GC(219) Metaspace: 1060K(1216K)->1060K(1216K) NonClass: 996K(1088K)->996K(1088K) Class: 64K(128K)->64K(128K)
[2026-09-03T12:38:18.429+0800][26.890s][info][gc          ] GC(219) Pause Young (Prepare Mixed) (G1 Evacuation Pause) 176M->116M(256M) 1.983ms
[2026-09-03T12:38:18.429+0800][26.890s][info][gc,cpu      ] GC(219) User=0.01s Sys=0.00s Real=0.00s
[2026-09-03T12:38:18.429+0800][26.890s][info][safepoint   ] Safepoint "G1CollectForAllocation", Time since last: 216271542 ns, Reaching safepoint: 2375 ns, At safepoint: 2005583 ns, Leaving safepoint: 26500 ns, Total: 2034458 ns, Threads: 0 runnable, 42 total
[2026-09-03T12:38:18.725+0800][27.186s][info][gc,start    ] GC(220) Pause Young (Mixed) (G1 Evacuation Pause)
[2026-09-03T12:38:18.725+0800][27.186s][info][gc,task     ] GC(220) Using 9 workers of 9 for evacuation
[2026-09-03T12:38:18.727+0800][27.188s][info][gc,phases   ] GC(220)   Pre Evacuate Collection Set: 0.05ms
[2026-09-03T12:38:18.727+0800][27.188s][info][gc,phases   ] GC(220)   Merge Heap Roots: 0.05ms
[2026-09-03T12:38:18.727+0800][27.188s][info][gc,phases   ] GC(220)   Evacuate Collection Set: 1.92ms
[2026-09-03T12:38:18.727+0800][27.188s][info][gc,phases   ] GC(220)   Post Evacuate Collection Set: 0.10ms
[2026-09-03T12:38:18.727+0800][27.188s][info][gc,phases   ] GC(220)   Other: 0.06ms
[2026-09-03T12:38:18.727+0800][27.188s][info][gc,heap     ] GC(220) Eden regions: 98->0(103)
[2026-09-03T12:38:18.727+0800][27.188s][info][gc,heap     ] GC(220) Survivor regions: 11->14(14)
[2026-09-03T12:38:18.727+0800][27.188s][info][gc,heap     ] GC(220) Old regions: 105->95
[2026-09-03T12:38:18.727+0800][27.188s][info][gc,heap     ] GC(220) Humongous regions: 1->1
[2026-09-03T12:38:18.727+0800][27.188s][info][gc,metaspace] GC(220) Metaspace: 1060K(1216K)->1060K(1216K) NonClass: 996K(1088K)->996K(1088K) Class: 64K(128K)->64K(128K)
[2026-09-03T12:38:18.727+0800][27.188s][info][gc          ] GC(220) Pause Young (Mixed) (G1 Evacuation Pause) 214M->110M(256M) 2.318ms
[2026-09-03T12:38:18.727+0800][27.188s][info][gc,cpu      ] GC(220) User=0.02s Sys=0.00s Real=0.00s
[2026-09-03T12:38:18.727+0800][27.188s][info][safepoint   ] Safepoint "G1CollectForAllocation", Time since last: 296033792 ns, Reaching safepoint: 3083 ns, At safepoint: 2345000 ns, Leaving safepoint: 23917 ns, Total: 2372000 ns, Threads: 0 runnable, 42 total
[2026-09-03T12:38:19.039+0800][27.501s][info][gc,start    ] GC(221) Pause Young (Concurrent Start) (G1 Evacuation Pause)
[2026-09-03T12:38:19.039+0800][27.501s][info][gc,task     ] GC(221) Using 9 workers of 9 for evacuation
[2026-09-03T12:38:19.041+0800][27.503s][info][gc,phases   ] GC(221)   Pre Evacuate Collection Set: 0.06ms
[2026-09-03T12:38:19.041+0800][27.503s][info][gc,phases   ] GC(221)   Merge Heap Roots: 0.02ms
[2026-09-03T12:38:19.041+0800][27.503s][info][gc,phases   ] GC(221)   Evacuate Collection Set: 1.95ms
[2026-09-03T12:38:19.041+0800][27.503s][info][gc,phases   ] GC(221)   Post Evacuate Collection Set: 0.10ms
[2026-09-03T12:38:19.041+0800][27.503s][info][gc,phases   ] GC(221)   Other: 0.06ms
[2026-09-03T12:38:19.041+0800][27.503s][info][gc,heap     ] GC(221) Eden regions: 103->0(88)
[2026-09-03T12:38:19.041+0800][27.503s][info][gc,heap     ] GC(221) Survivor regions: 14->15(15)
[2026-09-03T12:38:19.041+0800][27.503s][info][gc,heap     ] GC(221) Old regions: 95->115
[2026-09-03T12:38:19.041+0800][27.503s][info][gc,heap     ] GC(221) Humongous regions: 1->1
[2026-09-03T12:38:19.041+0800][27.503s][info][gc,metaspace] GC(221) Metaspace: 1060K(1216K)->1060K(1216K) NonClass: 996K(1088K)->996K(1088K) Class: 64K(128K)->64K(128K)
[2026-09-03T12:38:19.041+0800][27.503s][info][gc          ] GC(221) Pause Young (Concurrent Start) (G1 Evacuation Pause) 213M->131M(256M) 2.310ms
[2026-09-03T12:38:19.041+0800][27.503s][info][gc,cpu      ] GC(221) User=0.02s Sys=0.00s Real=0.01s
[2026-09-03T12:38:19.041+0800][27.503s][info][gc          ] GC(222) Concurrent Mark Cycle
[2026-09-03T12:38:19.041+0800][27.503s][info][gc,marking  ] GC(222) Concurrent Scan Root Regions
[2026-09-03T12:38:19.042+0800][27.503s][info][safepoint   ] Safepoint "G1CollectForAllocation", Time since last: 312175625 ns, Reaching safepoint: 2583 ns, At safepoint: 2336708 ns, Leaving safepoint: 40125 ns, Total: 2379416 ns, Threads: 0 runnable, 42 total
[2026-09-03T12:38:19.044+0800][27.505s][info][gc,marking  ] GC(222) Concurrent Scan Root Regions 2.587ms
[2026-09-03T12:38:19.044+0800][27.505s][info][gc,marking  ] GC(222) Concurrent Mark
[2026-09-03T12:38:19.044+0800][27.505s][info][gc,marking  ] GC(222) Concurrent Mark From Roots
[2026-09-03T12:38:19.044+0800][27.505s][info][gc,task     ] GC(222) Concurrent Mark Using 2 of 2 Workers
[2026-09-03T12:38:19.047+0800][27.509s][info][gc,marking  ] GC(222) Concurrent Mark From Roots 3.105ms
[2026-09-03T12:38:19.047+0800][27.509s][info][gc,marking  ] GC(222) Concurrent Preclean
[2026-09-03T12:38:19.047+0800][27.509s][info][gc,marking  ] GC(222) Concurrent Preclean 0.008ms
[2026-09-03T12:38:19.047+0800][27.509s][info][gc,start    ] GC(222) Pause Remark
[2026-09-03T12:38:19.048+0800][27.509s][info][gc          ] GC(222) Pause Remark 135M->105M(256M) 0.290ms
[2026-09-03T12:38:19.048+0800][27.509s][info][gc,cpu      ] GC(222) User=0.00s Sys=0.00s Real=0.00s
[2026-09-03T12:38:19.048+0800][27.509s][info][safepoint   ] Safepoint "G1PauseRemark", Time since last: 5723959 ns, Reaching safepoint: 2083 ns, At safepoint: 317917 ns, Leaving safepoint: 14375 ns, Total: 334375 ns, Threads: 0 runnable, 42 total
[2026-09-03T12:38:19.048+0800][27.509s][info][gc,marking  ] GC(222) Concurrent Mark 3.522ms
[2026-09-03T12:38:19.048+0800][27.509s][info][gc,marking  ] GC(222) Concurrent Rebuild Remembered Sets and Scrub Regions
[2026-09-03T12:38:19.051+0800][27.512s][info][gc,marking  ] GC(222) Concurrent Rebuild Remembered Sets and Scrub Regions 3.229ms
[2026-09-03T12:38:19.051+0800][27.512s][info][gc,start    ] GC(222) Pause Cleanup
[2026-09-03T12:38:19.051+0800][27.512s][info][gc          ] GC(222) Pause Cleanup 105M->105M(256M) 0.041ms
[2026-09-03T12:38:19.051+0800][27.512s][info][gc,cpu      ] GC(222) User=0.00s Sys=0.00s Real=0.00s
[2026-09-03T12:38:19.051+0800][27.512s][info][safepoint   ] Safepoint "G1PauseCleanup", Time since last: 3305333 ns, Reaching safepoint: 8875 ns, At safepoint: 67208 ns, Leaving safepoint: 5959 ns, Total: 82042 ns, Threads: 0 runnable, 42 total
[2026-09-03T12:38:19.051+0800][27.512s][info][gc,marking  ] GC(222) Concurrent Clear Claimed Marks
[2026-09-03T12:38:19.051+0800][27.512s][info][gc,marking  ] GC(222) Concurrent Clear Claimed Marks 0.009ms
[2026-09-03T12:38:19.051+0800][27.512s][info][gc,marking  ] GC(222) Concurrent Cleanup for Next Mark
[2026-09-03T12:38:19.051+0800][27.512s][info][gc,marking  ] GC(222) Concurrent Cleanup for Next Mark 0.116ms
[2026-09-03T12:38:19.051+0800][27.512s][info][gc          ] GC(222) Concurrent Mark Cycle 9.656ms
[2026-09-03T12:38:19.310+0800][27.772s][info][gc,start    ] GC(223) Pause Young (Prepare Mixed) (G1 Evacuation Pause)
[2026-09-03T12:38:19.311+0800][27.772s][info][gc,task     ] GC(223) Using 9 workers of 9 for evacuation
[2026-09-03T12:38:19.313+0800][27.774s][info][gc,phases   ] GC(223)   Pre Evacuate Collection Set: 0.05ms
[2026-09-03T12:38:19.313+0800][27.774s][info][gc,phases   ] GC(223)   Merge Heap Roots: 0.02ms
[2026-09-03T12:38:19.313+0800][27.774s][info][gc,phases   ] GC(223)   Evacuate Collection Set: 1.76ms
[2026-09-03T12:38:19.313+0800][27.774s][info][gc,phases   ] GC(223)   Post Evacuate Collection Set: 0.10ms
[2026-09-03T12:38:19.313+0800][27.774s][info][gc,phases   ] GC(223)   Other: 0.06ms
[2026-09-03T12:38:19.313+0800][27.774s][info][gc,heap     ] GC(223) Eden regions: 88->0(96)
[2026-09-03T12:38:19.313+0800][27.774s][info][gc,heap     ] GC(223) Survivor regions: 15->13(13)
[2026-09-03T12:38:19.313+0800][27.774s][info][gc,heap     ] GC(223) Old regions: 85->106
[2026-09-03T12:38:19.313+0800][27.774s][info][gc,heap     ] GC(223) Humongous regions: 1->1
[2026-09-03T12:38:19.313+0800][27.774s][info][gc,metaspace] GC(223) Metaspace: 1060K(1216K)->1060K(1216K) NonClass: 996K(1088K)->996K(1088K) Class: 64K(128K)->64K(128K)
[2026-09-03T12:38:19.313+0800][27.774s][info][gc          ] GC(223) Pause Young (Prepare Mixed) (G1 Evacuation Pause) 189M->119M(256M) 2.123ms
[2026-09-03T12:38:19.313+0800][27.774s][info][gc,cpu      ] GC(223) User=0.01s Sys=0.00s Real=0.00s
[2026-09-03T12:38:19.313+0800][27.774s][info][safepoint   ] Safepoint "G1CollectForAllocation", Time since last: 259507250 ns, Reaching safepoint: 2208 ns, At safepoint: 2145708 ns, Leaving safepoint: 43334 ns, Total: 2191250 ns, Threads: 0 runnable, 42 total
[2026-09-03T12:38:19.603+0800][28.065s][info][gc,start    ] GC(224) Pause Young (Mixed) (G1 Evacuation Pause)
[2026-09-03T12:38:19.603+0800][28.065s][info][gc,task     ] GC(224) Using 9 workers of 9 for evacuation
[2026-09-03T12:38:19.606+0800][28.067s][info][gc,phases   ] GC(224)   Pre Evacuate Collection Set: 0.08ms
[2026-09-03T12:38:19.606+0800][28.067s][info][gc,phases   ] GC(224)   Merge Heap Roots: 0.04ms
[2026-09-03T12:38:19.606+0800][28.067s][info][gc,phases   ] GC(224)   Evacuate Collection Set: 1.98ms
[2026-09-03T12:38:19.606+0800][28.067s][info][gc,phases   ] GC(224)   Post Evacuate Collection Set: 0.16ms
[2026-09-03T12:38:19.606+0800][28.067s][info][gc,phases   ] GC(224)   Other: 0.06ms
[2026-09-03T12:38:19.606+0800][28.067s][info][gc,heap     ] GC(224) Eden regions: 96->0(102)
[2026-09-03T12:38:19.606+0800][28.067s][info][gc,heap     ] GC(224) Survivor regions: 13->14(14)
[2026-09-03T12:38:19.606+0800][28.067s][info][gc,heap     ] GC(224) Old regions: 106->96
[2026-09-03T12:38:19.606+0800][28.067s][info][gc,heap     ] GC(224) Humongous regions: 1->1
[2026-09-03T12:38:19.606+0800][28.067s][info][gc,metaspace] GC(224) Metaspace: 1060K(1216K)->1060K(1216K) NonClass: 996K(1088K)->996K(1088K) Class: 64K(128K)->64K(128K)
[2026-09-03T12:38:19.606+0800][28.067s][info][gc          ] GC(224) Pause Young (Mixed) (G1 Evacuation Pause) 215M->110M(256M) 2.427ms
[2026-09-03T12:38:19.606+0800][28.067s][info][gc,cpu      ] GC(224) User=0.01s Sys=0.00s Real=0.00s
[2026-09-03T12:38:19.606+0800][28.067s][info][safepoint   ] Safepoint "G1CollectForAllocation", Time since last: 290741125 ns, Reaching safepoint: 2708 ns, At safepoint: 2453375 ns, Leaving safepoint: 21375 ns, Total: 2477458 ns, Threads: 0 runnable, 42 total
[2026-09-03T12:38:19.915+0800][28.376s][info][gc,start    ] GC(225) Pause Young (Concurrent Start) (G1 Evacuation Pause)
[2026-09-03T12:38:19.915+0800][28.376s][info][gc,task     ] GC(225) Using 9 workers of 9 for evacuation
[2026-09-03T12:38:19.917+0800][28.378s][info][gc,phases   ] GC(225)   Pre Evacuate Collection Set: 0.08ms
[2026-09-03T12:38:19.917+0800][28.378s][info][gc,phases   ] GC(225)   Merge Heap Roots: 0.02ms
[2026-09-03T12:38:19.917+0800][28.378s][info][gc,phases   ] GC(225)   Evacuate Collection Set: 2.13ms
[2026-09-03T12:38:19.917+0800][28.378s][info][gc,phases   ] GC(225)   Post Evacuate Collection Set: 0.10ms
[2026-09-03T12:38:19.917+0800][28.378s][info][gc,phases   ] GC(225)   Other: 0.06ms
[2026-09-03T12:38:19.917+0800][28.378s][info][gc,heap     ] GC(225) Eden regions: 102->0(87)
[2026-09-03T12:38:19.917+0800][28.378s][info][gc,heap     ] GC(225) Survivor regions: 14->15(15)
[2026-09-03T12:38:19.917+0800][28.378s][info][gc,heap     ] GC(225) Old regions: 96->116
[2026-09-03T12:38:19.917+0800][28.378s][info][gc,heap     ] GC(225) Humongous regions: 1->1
[2026-09-03T12:38:19.917+0800][28.378s][info][gc,metaspace] GC(225) Metaspace: 1060K(1216K)->1060K(1216K) NonClass: 996K(1088K)->996K(1088K) Class: 64K(128K)->64K(128K)
[2026-09-03T12:38:19.917+0800][28.379s][info][gc          ] GC(225) Pause Young (Concurrent Start) (G1 Evacuation Pause) 212M->131M(256M) 2.522ms
[2026-09-03T12:38:19.917+0800][28.379s][info][gc,cpu      ] GC(225) User=0.01s Sys=0.00s Real=0.00s
[2026-09-03T12:38:19.917+0800][28.379s][info][gc          ] GC(226) Concurrent Mark Cycle
[2026-09-03T12:38:19.917+0800][28.379s][info][gc,marking  ] GC(226) Concurrent Scan Root Regions
[2026-09-03T12:38:19.917+0800][28.379s][info][safepoint   ] Safepoint "G1CollectForAllocation", Time since last: 308736875 ns, Reaching safepoint: 2417 ns, At safepoint: 2549541 ns, Leaving safepoint: 25084 ns, Total: 2577042 ns, Threads: 0 runnable, 42 total
[2026-09-03T12:38:19.919+0800][28.381s][info][gc,marking  ] GC(226) Concurrent Scan Root Regions 2.079ms
[2026-09-03T12:38:19.919+0800][28.381s][info][gc,marking  ] GC(226) Concurrent Mark
[2026-09-03T12:38:19.919+0800][28.381s][info][gc,marking  ] GC(226) Concurrent Mark From Roots
[2026-09-03T12:38:19.919+0800][28.381s][info][gc,task     ] GC(226) Concurrent Mark Using 2 of 2 Workers
[2026-09-03T12:38:19.923+0800][28.384s][info][gc,marking  ] GC(226) Concurrent Mark From Roots 3.254ms
[2026-09-03T12:38:19.923+0800][28.384s][info][gc,marking  ] GC(226) Concurrent Preclean
[2026-09-03T12:38:19.923+0800][28.384s][info][gc,marking  ] GC(226) Concurrent Preclean 0.007ms
[2026-09-03T12:38:19.923+0800][28.384s][info][gc,start    ] GC(226) Pause Remark
[2026-09-03T12:38:19.923+0800][28.384s][info][gc          ] GC(226) Pause Remark 135M->100M(256M) 0.337ms
[2026-09-03T12:38:19.923+0800][28.384s][info][gc,cpu      ] GC(226) User=0.00s Sys=0.00s Real=0.00s
[2026-09-03T12:38:19.923+0800][28.384s][info][safepoint   ] Safepoint "G1PauseRemark", Time since last: 5370375 ns, Reaching safepoint: 21583 ns, At safepoint: 364667 ns, Leaving safepoint: 15250 ns, Total: 401500 ns, Threads: 1 runnable, 42 total
[2026-09-03T12:38:19.923+0800][28.384s][info][gc,marking  ] GC(226) Concurrent Mark 3.734ms
[2026-09-03T12:38:19.923+0800][28.384s][info][gc,marking  ] GC(226) Concurrent Rebuild Remembered Sets and Scrub Regions
[2026-09-03T12:38:19.927+0800][28.388s][info][gc,marking  ] GC(226) Concurrent Rebuild Remembered Sets and Scrub Regions 3.940ms
[2026-09-03T12:38:19.927+0800][28.388s][info][gc,start    ] GC(226) Pause Cleanup
[2026-09-03T12:38:19.927+0800][28.388s][info][gc          ] GC(226) Pause Cleanup 101M->101M(256M) 0.035ms
[2026-09-03T12:38:19.927+0800][28.388s][info][gc,cpu      ] GC(226) User=0.00s Sys=0.00s Real=0.00s
[2026-09-03T12:38:19.927+0800][28.388s][info][safepoint   ] Safepoint "G1PauseCleanup", Time since last: 4044291 ns, Reaching safepoint: 1500 ns, At safepoint: 52375 ns, Leaving safepoint: 3542 ns, Total: 57417 ns, Threads: 0 runnable, 42 total
[2026-09-03T12:38:19.927+0800][28.388s][info][gc,marking  ] GC(226) Concurrent Clear Claimed Marks
[2026-09-03T12:38:19.927+0800][28.388s][info][gc,marking  ] GC(226) Concurrent Clear Claimed Marks 0.009ms
[2026-09-03T12:38:19.927+0800][28.388s][info][gc,marking  ] GC(226) Concurrent Cleanup for Next Mark
[2026-09-03T12:38:19.927+0800][28.389s][info][gc,marking  ] GC(226) Concurrent Cleanup for Next Mark 0.091ms
[2026-09-03T12:38:19.927+0800][28.389s][info][gc          ] GC(226) Concurrent Mark Cycle 10.029ms
[2026-09-03T12:38:20.178+0800][28.639s][info][gc,start    ] GC(227) Pause Young (Prepare Mixed) (G1 Evacuation Pause)
[2026-09-03T12:38:20.178+0800][28.639s][info][gc,task     ] GC(227) Using 9 workers of 9 for evacuation
[2026-09-03T12:38:20.180+0800][28.641s][info][gc,phases   ] GC(227)   Pre Evacuate Collection Set: 0.08ms
[2026-09-03T12:38:20.180+0800][28.641s][info][gc,phases   ] GC(227)   Merge Heap Roots: 0.04ms
[2026-09-03T12:38:20.180+0800][28.641s][info][gc,phases   ] GC(227)   Evacuate Collection Set: 1.73ms
[2026-09-03T12:38:20.180+0800][28.641s][info][gc,phases   ] GC(227)   Post Evacuate Collection Set: 0.10ms
[2026-09-03T12:38:20.180+0800][28.641s][info][gc,phases   ] GC(227)   Other: 0.05ms
[2026-09-03T12:38:20.180+0800][28.641s][info][gc,heap     ] GC(227) Eden regions: 87->0(100)
[2026-09-03T12:38:20.180+0800][28.641s][info][gc,heap     ] GC(227) Survivor regions: 15->13(13)
[2026-09-03T12:38:20.180+0800][28.641s][info][gc,heap     ] GC(227) Old regions: 81->100
[2026-09-03T12:38:20.180+0800][28.641s][info][gc,heap     ] GC(227) Humongous regions: 1->1
[2026-09-03T12:38:20.180+0800][28.641s][info][gc,metaspace] GC(227) Metaspace: 1060K(1216K)->1060K(1216K) NonClass: 996K(1088K)->996K(1088K) Class: 64K(128K)->64K(128K)
[2026-09-03T12:38:20.180+0800][28.641s][info][gc          ] GC(227) Pause Young (Prepare Mixed) (G1 Evacuation Pause) 183M->113M(256M) 2.098ms
[2026-09-03T12:38:20.180+0800][28.641s][info][gc,cpu      ] GC(227) User=0.02s Sys=0.00s Real=0.01s
[2026-09-03T12:38:20.180+0800][28.641s][info][safepoint   ] Safepoint "G1CollectForAllocation", Time since last: 250424167 ns, Reaching safepoint: 1958 ns, At safepoint: 2121167 ns, Leaving safepoint: 22875 ns, Total: 2146000 ns, Threads: 0 runnable, 42 total
[2026-09-03T12:38:20.480+0800][28.941s][info][gc,start    ] GC(228) Pause Young (Mixed) (G1 Evacuation Pause)
[2026-09-03T12:38:20.480+0800][28.941s][info][gc,task     ] GC(228) Using 9 workers of 9 for evacuation
[2026-09-03T12:38:20.482+0800][28.944s][info][gc,phases   ] GC(228)   Pre Evacuate Collection Set: 0.05ms
[2026-09-03T12:38:20.482+0800][28.944s][info][gc,phases   ] GC(228)   Merge Heap Roots: 0.05ms
[2026-09-03T12:38:20.482+0800][28.944s][info][gc,phases   ] GC(228)   Evacuate Collection Set: 1.96ms
[2026-09-03T12:38:20.482+0800][28.944s][info][gc,phases   ] GC(228)   Post Evacuate Collection Set: 0.12ms
[2026-09-03T12:38:20.482+0800][28.944s][info][gc,phases   ] GC(228)   Other: 0.06ms
[2026-09-03T12:38:20.482+0800][28.944s][info][gc,heap     ] GC(228) Eden regions: 100->0(103)
[2026-09-03T12:38:20.482+0800][28.944s][info][gc,heap     ] GC(228) Survivor regions: 13->15(15)
[2026-09-03T12:38:20.482+0800][28.944s][info][gc,heap     ] GC(228) Old regions: 100->94
[2026-09-03T12:38:20.482+0800][28.944s][info][gc,heap     ] GC(228) Humongous regions: 1->1
[2026-09-03T12:38:20.482+0800][28.944s][info][gc,metaspace] GC(228) Metaspace: 1060K(1216K)->1060K(1216K) NonClass: 996K(1088K)->996K(1088K) Class: 64K(128K)->64K(128K)
[2026-09-03T12:38:20.482+0800][28.944s][info][gc          ] GC(228) Pause Young (Mixed) (G1 Evacuation Pause) 213M->109M(256M) 2.357ms
[2026-09-03T12:38:20.482+0800][28.944s][info][gc,cpu      ] GC(228) User=0.01s Sys=0.00s Real=0.00s
[2026-09-03T12:38:20.482+0800][28.944s][info][safepoint   ] Safepoint "G1CollectForAllocation", Time since last: 300393333 ns, Reaching safepoint: 20083 ns, At safepoint: 2380625 ns, Leaving safepoint: 42375 ns, Total: 2443083 ns, Threads: 1 runnable, 42 total
[2026-09-03T12:38:20.792+0800][29.254s][info][gc,start    ] GC(229) Pause Young (Concurrent Start) (G1 Evacuation Pause)
[2026-09-03T12:38:20.792+0800][29.254s][info][gc,task     ] GC(229) Using 9 workers of 9 for evacuation
[2026-09-03T12:38:20.795+0800][29.256s][info][gc,phases   ] GC(229)   Pre Evacuate Collection Set: 0.09ms
[2026-09-03T12:38:20.795+0800][29.256s][info][gc,phases   ] GC(229)   Merge Heap Roots: 0.05ms
[2026-09-03T12:38:20.795+0800][29.256s][info][gc,phases   ] GC(229)   Evacuate Collection Set: 2.07ms
[2026-09-03T12:38:20.795+0800][29.256s][info][gc,phases   ] GC(229)   Post Evacuate Collection Set: 0.09ms
[2026-09-03T12:38:20.795+0800][29.256s][info][gc,phases   ] GC(229)   Other: 0.06ms
[2026-09-03T12:38:20.795+0800][29.256s][info][gc,heap     ] GC(229) Eden regions: 103->0(88)
[2026-09-03T12:38:20.795+0800][29.256s][info][gc,heap     ] GC(229) Survivor regions: 15->15(15)
[2026-09-03T12:38:20.795+0800][29.256s][info][gc,heap     ] GC(229) Old regions: 94->115
[2026-09-03T12:38:20.795+0800][29.256s][info][gc,heap     ] GC(229) Humongous regions: 1->1
[2026-09-03T12:38:20.795+0800][29.256s][info][gc,metaspace] GC(229) Metaspace: 1060K(1216K)->1060K(1216K) NonClass: 996K(1088K)->996K(1088K) Class: 64K(128K)->64K(128K)
[2026-09-03T12:38:20.795+0800][29.256s][info][gc          ] GC(229) Pause Young (Concurrent Start) (G1 Evacuation Pause) 212M->130M(256M) 2.473ms
[2026-09-03T12:38:20.795+0800][29.256s][info][gc,cpu      ] GC(229) User=0.01s Sys=0.00s Real=0.00s
[2026-09-03T12:38:20.795+0800][29.256s][info][gc          ] GC(230) Concurrent Mark Cycle
[2026-09-03T12:38:20.795+0800][29.256s][info][gc,marking  ] GC(230) Concurrent Scan Root Regions
[2026-09-03T12:38:20.795+0800][29.256s][info][safepoint   ] Safepoint "G1CollectForAllocation", Time since last: 309702000 ns, Reaching safepoint: 20292 ns, At safepoint: 2501708 ns, Leaving safepoint: 22542 ns, Total: 2544542 ns, Threads: 1 runnable, 42 total
[2026-09-03T12:38:20.797+0800][29.258s][info][gc,marking  ] GC(230) Concurrent Scan Root Regions 2.165ms
[2026-09-03T12:38:20.797+0800][29.258s][info][gc,marking  ] GC(230) Concurrent Mark
[2026-09-03T12:38:20.797+0800][29.258s][info][gc,marking  ] GC(230) Concurrent Mark From Roots
[2026-09-03T12:38:20.797+0800][29.258s][info][gc,task     ] GC(230) Concurrent Mark Using 2 of 2 Workers
[2026-09-03T12:38:20.800+0800][29.261s][info][gc,marking  ] GC(230) Concurrent Mark From Roots 3.202ms
[2026-09-03T12:38:20.800+0800][29.261s][info][gc,marking  ] GC(230) Concurrent Preclean
[2026-09-03T12:38:20.800+0800][29.261s][info][gc,marking  ] GC(230) Concurrent Preclean 0.010ms
[2026-09-03T12:38:20.800+0800][29.262s][info][gc,start    ] GC(230) Pause Remark
[2026-09-03T12:38:20.800+0800][29.262s][info][gc          ] GC(230) Pause Remark 134M->102M(256M) 0.328ms
[2026-09-03T12:38:20.801+0800][29.262s][info][gc,cpu      ] GC(230) User=0.00s Sys=0.01s Real=0.00s
[2026-09-03T12:38:20.801+0800][29.262s][info][safepoint   ] Safepoint "G1PauseRemark", Time since last: 5428875 ns, Reaching safepoint: 2000 ns, At safepoint: 359542 ns, Leaving safepoint: 13750 ns, Total: 375292 ns, Threads: 0 runnable, 42 total
[2026-09-03T12:38:20.801+0800][29.262s][info][gc,marking  ] GC(230) Concurrent Mark 3.665ms
[2026-09-03T12:38:20.801+0800][29.262s][info][gc,marking  ] GC(230) Concurrent Rebuild Remembered Sets and Scrub Regions
[2026-09-03T12:38:20.804+0800][29.265s][info][gc,marking  ] GC(230) Concurrent Rebuild Remembered Sets and Scrub Regions 3.295ms
[2026-09-03T12:38:20.804+0800][29.265s][info][gc,start    ] GC(230) Pause Cleanup
[2026-09-03T12:38:20.804+0800][29.265s][info][gc          ] GC(230) Pause Cleanup 102M->102M(256M) 0.036ms
[2026-09-03T12:38:20.804+0800][29.265s][info][gc,cpu      ] GC(230) User=0.00s Sys=0.00s Real=0.00s
[2026-09-03T12:38:20.804+0800][29.265s][info][safepoint   ] Safepoint "G1PauseCleanup", Time since last: 3368541 ns, Reaching safepoint: 2084 ns, At safepoint: 54333 ns, Leaving safepoint: 250 ns, Total: 56667 ns, Threads: 0 runnable, 42 total
[2026-09-03T12:38:20.804+0800][29.265s][info][gc,marking  ] GC(230) Concurrent Clear Claimed Marks
[2026-09-03T12:38:20.804+0800][29.265s][info][gc,marking  ] GC(230) Concurrent Clear Claimed Marks 0.005ms
[2026-09-03T12:38:20.804+0800][29.265s][info][gc,marking  ] GC(230) Concurrent Cleanup for Next Mark
[2026-09-03T12:38:20.804+0800][29.265s][info][gc,marking  ] GC(230) Concurrent Cleanup for Next Mark 0.085ms
[2026-09-03T12:38:20.804+0800][29.265s][info][gc          ] GC(230) Concurrent Mark Cycle 9.374ms
[2026-09-03T12:38:21.062+0800][29.523s][info][gc,start    ] GC(231) Pause Young (Prepare Mixed) (G1 Evacuation Pause)
[2026-09-03T12:38:21.062+0800][29.523s][info][gc,task     ] GC(231) Using 9 workers of 9 for evacuation
[2026-09-03T12:38:21.064+0800][29.525s][info][gc,phases   ] GC(231)   Pre Evacuate Collection Set: 0.06ms
[2026-09-03T12:38:21.064+0800][29.525s][info][gc,phases   ] GC(231)   Merge Heap Roots: 0.02ms
[2026-09-03T12:38:21.064+0800][29.525s][info][gc,phases   ] GC(231)   Evacuate Collection Set: 1.82ms
[2026-09-03T12:38:21.064+0800][29.525s][info][gc,phases   ] GC(231)   Post Evacuate Collection Set: 0.10ms
[2026-09-03T12:38:21.064+0800][29.525s][info][gc,phases   ] GC(231)   Other: 0.06ms
[2026-09-03T12:38:21.064+0800][29.525s][info][gc,heap     ] GC(231) Eden regions: 88->0(98)
[2026-09-03T12:38:21.064+0800][29.525s][info][gc,heap     ] GC(231) Survivor regions: 15->13(13)
[2026-09-03T12:38:21.064+0800][29.525s][info][gc,heap     ] GC(231) Old regions: 83->103
[2026-09-03T12:38:21.064+0800][29.525s][info][gc,heap     ] GC(231) Humongous regions: 1->1
[2026-09-03T12:38:21.064+0800][29.525s][info][gc,metaspace] GC(231) Metaspace: 1060K(1216K)->1060K(1216K) NonClass: 996K(1088K)->996K(1088K) Class: 64K(128K)->64K(128K)
[2026-09-03T12:38:21.064+0800][29.525s][info][gc          ] GC(231) Pause Young (Prepare Mixed) (G1 Evacuation Pause) 186M->117M(256M) 2.188ms
[2026-09-03T12:38:21.064+0800][29.525s][info][gc,cpu      ] GC(231) User=0.02s Sys=0.01s Real=0.00s
[2026-09-03T12:38:21.064+0800][29.525s][info][safepoint   ] Safepoint "G1CollectForAllocation", Time since last: 257566083 ns, Reaching safepoint: 3084 ns, At safepoint: 2214000 ns, Leaving safepoint: 26500 ns, Total: 2243584 ns, Threads: 0 runnable, 42 total
[2026-09-03T12:38:21.361+0800][29.822s][info][gc,start    ] GC(232) Pause Young (Mixed) (G1 Evacuation Pause)
[2026-09-03T12:38:21.361+0800][29.822s][info][gc,task     ] GC(232) Using 9 workers of 9 for evacuation
[2026-09-03T12:38:21.363+0800][29.825s][info][gc,phases   ] GC(232)   Pre Evacuate Collection Set: 0.09ms
[2026-09-03T12:38:21.363+0800][29.825s][info][gc,phases   ] GC(232)   Merge Heap Roots: 0.03ms
[2026-09-03T12:38:21.363+0800][29.825s][info][gc,phases   ] GC(232)   Evacuate Collection Set: 2.01ms
[2026-09-03T12:38:21.363+0800][29.825s][info][gc,phases   ] GC(232)   Post Evacuate Collection Set: 0.09ms
[2026-09-03T12:38:21.363+0800][29.825s][info][gc,phases   ] GC(232)   Other: 0.06ms
[2026-09-03T12:38:21.363+0800][29.825s][info][gc,heap     ] GC(232) Eden regions: 98->0(102)
[2026-09-03T12:38:21.363+0800][29.825s][info][gc,heap     ] GC(232) Survivor regions: 13->14(14)
[2026-09-03T12:38:21.363+0800][29.825s][info][gc,heap     ] GC(232) Old regions: 103->96
[2026-09-03T12:38:21.363+0800][29.825s][info][gc,heap     ] GC(232) Humongous regions: 1->1
[2026-09-03T12:38:21.363+0800][29.825s][info][gc,metaspace] GC(232) Metaspace: 1060K(1216K)->1060K(1216K) NonClass: 996K(1088K)->996K(1088K) Class: 64K(128K)->64K(128K)
[2026-09-03T12:38:21.363+0800][29.825s][info][gc          ] GC(232) Pause Young (Mixed) (G1 Evacuation Pause) 215M->110M(256M) 2.413ms
[2026-09-03T12:38:21.363+0800][29.825s][info][gc,cpu      ] GC(232) User=0.01s Sys=0.00s Real=0.00s
[2026-09-03T12:38:21.363+0800][29.825s][info][safepoint   ] Safepoint "G1CollectForAllocation", Time since last: 297120208 ns, Reaching safepoint: 2375 ns, At safepoint: 2438583 ns, Leaving safepoint: 30834 ns, Total: 2471792 ns, Threads: 0 runnable, 42 total
[2026-09-03T12:38:21.672+0800][30.133s][info][gc,start    ] GC(233) Pause Young (Concurrent Start) (G1 Evacuation Pause)
[2026-09-03T12:38:21.672+0800][30.133s][info][gc,task     ] GC(233) Using 9 workers of 9 for evacuation
[2026-09-03T12:38:21.674+0800][30.136s][info][gc,phases   ] GC(233)   Pre Evacuate Collection Set: 0.06ms
[2026-09-03T12:38:21.674+0800][30.136s][info][gc,phases   ] GC(233)   Merge Heap Roots: 0.03ms
[2026-09-03T12:38:21.674+0800][30.136s][info][gc,phases   ] GC(233)   Evacuate Collection Set: 2.00ms
[2026-09-03T12:38:21.674+0800][30.136s][info][gc,phases   ] GC(233)   Post Evacuate Collection Set: 0.10ms
[2026-09-03T12:38:21.674+0800][30.136s][info][gc,phases   ] GC(233)   Other: 0.05ms
[2026-09-03T12:38:21.674+0800][30.136s][info][gc,heap     ] GC(233) Eden regions: 102->0(87)
[2026-09-03T12:38:21.674+0800][30.136s][info][gc,heap     ] GC(233) Survivor regions: 14->15(15)
[2026-09-03T12:38:21.674+0800][30.136s][info][gc,heap     ] GC(233) Old regions: 96->116
[2026-09-03T12:38:21.674+0800][30.136s][info][gc,heap     ] GC(233) Humongous regions: 1->1
[2026-09-03T12:38:21.674+0800][30.136s][info][gc,metaspace] GC(233) Metaspace: 1060K(1216K)->1060K(1216K) NonClass: 996K(1088K)->996K(1088K) Class: 64K(128K)->64K(128K)
[2026-09-03T12:38:21.674+0800][30.136s][info][gc          ] GC(233) Pause Young (Concurrent Start) (G1 Evacuation Pause) 212M->132M(256M) 2.356ms
[2026-09-03T12:38:21.674+0800][30.136s][info][gc,cpu      ] GC(233) User=0.02s Sys=0.00s Real=0.00s
[2026-09-03T12:38:21.674+0800][30.136s][info][gc          ] GC(234) Concurrent Mark Cycle
[2026-09-03T12:38:21.674+0800][30.136s][info][gc,marking  ] GC(234) Concurrent Scan Root Regions
[2026-09-03T12:38:21.674+0800][30.136s][info][safepoint   ] Safepoint "G1CollectForAllocation", Time since last: 308626041 ns, Reaching safepoint: 2417 ns, At safepoint: 2383208 ns, Leaving safepoint: 64000 ns, Total: 2449625 ns, Threads: 0 runnable, 42 total
[2026-09-03T12:38:21.677+0800][30.138s][info][gc,marking  ] GC(234) Concurrent Scan Root Regions 2.342ms
[2026-09-03T12:38:21.677+0800][30.138s][info][gc,marking  ] GC(234) Concurrent Mark
[2026-09-03T12:38:21.677+0800][30.138s][info][gc,marking  ] GC(234) Concurrent Mark From Roots
[2026-09-03T12:38:21.677+0800][30.138s][info][gc,task     ] GC(234) Concurrent Mark Using 2 of 2 Workers
[2026-09-03T12:38:21.680+0800][30.141s][info][gc,marking  ] GC(234) Concurrent Mark From Roots 3.368ms
[2026-09-03T12:38:21.680+0800][30.141s][info][gc,marking  ] GC(234) Concurrent Preclean
[2026-09-03T12:38:21.680+0800][30.142s][info][gc,marking  ] GC(234) Concurrent Preclean 0.008ms
[2026-09-03T12:38:21.680+0800][30.142s][info][gc,start    ] GC(234) Pause Remark
[2026-09-03T12:38:21.680+0800][30.142s][info][gc          ] GC(234) Pause Remark 135M->102M(256M) 0.316ms
[2026-09-03T12:38:21.681+0800][30.142s][info][gc,cpu      ] GC(234) User=0.00s Sys=0.00s Real=0.00s
[2026-09-03T12:38:21.681+0800][30.142s][info][safepoint   ] Safepoint "G1PauseRemark", Time since last: 5741000 ns, Reaching safepoint: 2250 ns, At safepoint: 338500 ns, Leaving safepoint: 14000 ns, Total: 354750 ns, Threads: 0 runnable, 42 total
[2026-09-03T12:38:21.681+0800][30.142s][info][gc,marking  ] GC(234) Concurrent Mark 3.811ms
[2026-09-03T12:38:21.681+0800][30.142s][info][gc,marking  ] GC(234) Concurrent Rebuild Remembered Sets and Scrub Regions
[2026-09-03T12:38:21.684+0800][30.145s][info][gc,marking  ] GC(234) Concurrent Rebuild Remembered Sets and Scrub Regions 3.141ms
[2026-09-03T12:38:21.684+0800][30.145s][info][gc,start    ] GC(234) Pause Cleanup
[2026-09-03T12:38:21.684+0800][30.145s][info][gc          ] GC(234) Pause Cleanup 103M->103M(256M) 0.041ms
[2026-09-03T12:38:21.684+0800][30.145s][info][gc,cpu      ] GC(234) User=0.00s Sys=0.00s Real=0.00s
[2026-09-03T12:38:21.684+0800][30.145s][info][safepoint   ] Safepoint "G1PauseCleanup", Time since last: 3234792 ns, Reaching safepoint: 2250 ns, At safepoint: 61333 ns, Leaving safepoint: 2875 ns, Total: 66458 ns, Threads: 0 runnable, 42 total
[2026-09-03T12:38:21.684+0800][30.145s][info][gc,marking  ] GC(234) Concurrent Clear Claimed Marks
[2026-09-03T12:38:21.684+0800][30.145s][info][gc,marking  ] GC(234) Concurrent Clear Claimed Marks 0.009ms
[2026-09-03T12:38:21.684+0800][30.145s][info][gc,marking  ] GC(234) Concurrent Cleanup for Next Mark
[2026-09-03T12:38:21.684+0800][30.145s][info][gc,marking  ] GC(234) Concurrent Cleanup for Next Mark 0.106ms
[2026-09-03T12:38:21.684+0800][30.145s][info][gc          ] GC(234) Concurrent Mark Cycle 9.611ms
[2026-09-03T12:38:21.935+0800][30.397s][info][gc,start    ] GC(235) Pause Young (Prepare Mixed) (G1 Evacuation Pause)
[2026-09-03T12:38:21.935+0800][30.397s][info][gc,task     ] GC(235) Using 9 workers of 9 for evacuation
[2026-09-03T12:38:21.937+0800][30.399s][info][gc,phases   ] GC(235)   Pre Evacuate Collection Set: 0.10ms
[2026-09-03T12:38:21.937+0800][30.399s][info][gc,phases   ] GC(235)   Merge Heap Roots: 0.03ms
[2026-09-03T12:38:21.937+0800][30.399s][info][gc,phases   ] GC(235)   Evacuate Collection Set: 1.78ms
[2026-09-03T12:38:21.937+0800][30.399s][info][gc,phases   ] GC(235)   Post Evacuate Collection Set: 0.12ms
[2026-09-03T12:38:21.937+0800][30.399s][info][gc,phases   ] GC(235)   Other: 0.12ms
[2026-09-03T12:38:21.937+0800][30.399s][info][gc,heap     ] GC(235) Eden regions: 87->0(97)
[2026-09-03T12:38:21.937+0800][30.399s][info][gc,heap     ] GC(235) Survivor regions: 15->13(13)
[2026-09-03T12:38:21.937+0800][30.399s][info][gc,heap     ] GC(235) Old regions: 83->104
[2026-09-03T12:38:21.937+0800][30.399s][info][gc,heap     ] GC(235) Humongous regions: 1->1
[2026-09-03T12:38:21.937+0800][30.399s][info][gc,metaspace] GC(235) Metaspace: 1060K(1216K)->1060K(1216K) NonClass: 996K(1088K)->996K(1088K) Class: 64K(128K)->64K(128K)
[2026-09-03T12:38:21.937+0800][30.399s][info][gc          ] GC(235) Pause Young (Prepare Mixed) (G1 Evacuation Pause) 186M->117M(256M) 2.273ms
[2026-09-03T12:38:21.937+0800][30.399s][info][gc,cpu      ] GC(235) User=0.02s Sys=0.00s Real=0.00s
[2026-09-03T12:38:21.938+0800][30.399s][info][safepoint   ] Safepoint "G1CollectForAllocation", Time since last: 251322084 ns, Reaching safepoint: 3291 ns, At safepoint: 2309334 ns, Leaving safepoint: 47333 ns, Total: 2359958 ns, Threads: 0 runnable, 42 total
[2026-09-03T12:38:22.229+0800][30.690s][info][gc,start    ] GC(236) Pause Young (Mixed) (G1 Evacuation Pause)
[2026-09-03T12:38:22.229+0800][30.690s][info][gc,task     ] GC(236) Using 9 workers of 9 for evacuation
[2026-09-03T12:38:22.231+0800][30.692s][info][gc,phases   ] GC(236)   Pre Evacuate Collection Set: 0.07ms
[2026-09-03T12:38:22.231+0800][30.692s][info][gc,phases   ] GC(236)   Merge Heap Roots: 0.04ms
[2026-09-03T12:38:22.231+0800][30.692s][info][gc,phases   ] GC(236)   Evacuate Collection Set: 1.85ms
[2026-09-03T12:38:22.231+0800][30.692s][info][gc,phases   ] GC(236)   Post Evacuate Collection Set: 0.12ms
[2026-09-03T12:38:22.231+0800][30.692s][info][gc,phases   ] GC(236)   Other: 0.06ms
[2026-09-03T12:38:22.231+0800][30.692s][info][gc,heap     ] GC(236) Eden regions: 97->0(102)
[2026-09-03T12:38:22.231+0800][30.692s][info][gc,heap     ] GC(236) Survivor regions: 13->14(14)
[2026-09-03T12:38:22.231+0800][30.692s][info][gc,heap     ] GC(236) Old regions: 104->96
[2026-09-03T12:38:22.231+0800][30.692s][info][gc,heap     ] GC(236) Humongous regions: 1->1
[2026-09-03T12:38:22.231+0800][30.692s][info][gc,metaspace] GC(236) Metaspace: 1060K(1216K)->1060K(1216K) NonClass: 996K(1088K)->996K(1088K) Class: 64K(128K)->64K(128K)
[2026-09-03T12:38:22.231+0800][30.692s][info][gc          ] GC(236) Pause Young (Mixed) (G1 Evacuation Pause) 214M->110M(256M) 2.298ms
[2026-09-03T12:38:22.231+0800][30.692s][info][gc,cpu      ] GC(236) User=0.02s Sys=0.00s Real=0.01s
[2026-09-03T12:38:22.231+0800][30.692s][info][safepoint   ] Safepoint "G1CollectForAllocation", Time since last: 290990667 ns, Reaching safepoint: 2875 ns, At safepoint: 2324916 ns, Leaving safepoint: 40667 ns, Total: 2368458 ns, Threads: 0 runnable, 42 total
[2026-09-03T12:38:22.540+0800][31.001s][info][gc,start    ] GC(237) Pause Young (Concurrent Start) (G1 Evacuation Pause)
[2026-09-03T12:38:22.540+0800][31.001s][info][gc,task     ] GC(237) Using 9 workers of 9 for evacuation
[2026-09-03T12:38:22.542+0800][31.003s][info][gc,phases   ] GC(237)   Pre Evacuate Collection Set: 0.07ms
[2026-09-03T12:38:22.542+0800][31.003s][info][gc,phases   ] GC(237)   Merge Heap Roots: 0.03ms
[2026-09-03T12:38:22.542+0800][31.003s][info][gc,phases   ] GC(237)   Evacuate Collection Set: 2.07ms
[2026-09-03T12:38:22.542+0800][31.003s][info][gc,phases   ] GC(237)   Post Evacuate Collection Set: 0.11ms
[2026-09-03T12:38:22.542+0800][31.003s][info][gc,phases   ] GC(237)   Other: 0.06ms
[2026-09-03T12:38:22.542+0800][31.003s][info][gc,heap     ] GC(237) Eden regions: 102->0(88)
[2026-09-03T12:38:22.542+0800][31.003s][info][gc,heap     ] GC(237) Survivor regions: 14->15(15)
[2026-09-03T12:38:22.542+0800][31.003s][info][gc,heap     ] GC(237) Old regions: 96->115
[2026-09-03T12:38:22.542+0800][31.003s][info][gc,heap     ] GC(237) Humongous regions: 1->1
[2026-09-03T12:38:22.542+0800][31.003s][info][gc,metaspace] GC(237) Metaspace: 1060K(1216K)->1060K(1216K) NonClass: 996K(1088K)->996K(1088K) Class: 64K(128K)->64K(128K)
[2026-09-03T12:38:22.542+0800][31.003s][info][gc          ] GC(237) Pause Young (Concurrent Start) (G1 Evacuation Pause) 212M->131M(256M) 2.458ms
[2026-09-03T12:38:22.542+0800][31.003s][info][gc,cpu      ] GC(237) User=0.02s Sys=0.00s Real=0.00s
[2026-09-03T12:38:22.542+0800][31.003s][info][gc          ] GC(238) Concurrent Mark Cycle
[2026-09-03T12:38:22.542+0800][31.003s][info][gc,marking  ] GC(238) Concurrent Scan Root Regions
[2026-09-03T12:38:22.542+0800][31.003s][info][safepoint   ] Safepoint "G1CollectForAllocation", Time since last: 308646875 ns, Reaching safepoint: 2667 ns, At safepoint: 2487958 ns, Leaving safepoint: 95167 ns, Total: 2585792 ns, Threads: 0 runnable, 42 total
[2026-09-03T12:38:22.544+0800][31.006s][info][gc,marking  ] GC(238) Concurrent Scan Root Regions 2.206ms
[2026-09-03T12:38:22.544+0800][31.006s][info][gc,marking  ] GC(238) Concurrent Mark
[2026-09-03T12:38:22.544+0800][31.006s][info][gc,marking  ] GC(238) Concurrent Mark From Roots
[2026-09-03T12:38:22.544+0800][31.006s][info][gc,task     ] GC(238) Concurrent Mark Using 2 of 2 Workers
[2026-09-03T12:38:22.547+0800][31.009s][info][gc,marking  ] GC(238) Concurrent Mark From Roots 3.206ms
[2026-09-03T12:38:22.547+0800][31.009s][info][gc,marking  ] GC(238) Concurrent Preclean
[2026-09-03T12:38:22.547+0800][31.009s][info][gc,marking  ] GC(238) Concurrent Preclean 0.007ms
[2026-09-03T12:38:22.547+0800][31.009s][info][gc,start    ] GC(238) Pause Remark
[2026-09-03T12:38:22.548+0800][31.009s][info][gc          ] GC(238) Pause Remark 134M->100M(256M) 0.283ms
[2026-09-03T12:38:22.548+0800][31.009s][info][gc,cpu      ] GC(238) User=0.00s Sys=0.00s Real=0.00s
[2026-09-03T12:38:22.548+0800][31.009s][info][safepoint   ] Safepoint "G1PauseRemark", Time since last: 5378000 ns, Reaching safepoint: 2541 ns, At safepoint: 315250 ns, Leaving safepoint: 13459 ns, Total: 331250 ns, Threads: 0 runnable, 42 total
[2026-09-03T12:38:22.548+0800][31.009s][info][gc,marking  ] GC(238) Concurrent Mark 3.606ms
[2026-09-03T12:38:22.548+0800][31.009s][info][gc,marking  ] GC(238) Concurrent Rebuild Remembered Sets and Scrub Regions
[2026-09-03T12:38:22.552+0800][31.013s][info][gc,marking  ] GC(238) Concurrent Rebuild Remembered Sets and Scrub Regions 3.669ms
[2026-09-03T12:38:22.552+0800][31.013s][info][gc,start    ] GC(238) Pause Cleanup
[2026-09-03T12:38:22.552+0800][31.013s][info][gc          ] GC(238) Pause Cleanup 101M->101M(256M) 0.041ms
[2026-09-03T12:38:22.552+0800][31.013s][info][gc,cpu      ] GC(238) User=0.00s Sys=0.00s Real=0.00s
[2026-09-03T12:38:22.552+0800][31.013s][info][safepoint   ] Safepoint "G1PauseCleanup", Time since last: 3781416 ns, Reaching safepoint: 2000 ns, At safepoint: 63167 ns, Leaving safepoint: 4167 ns, Total: 69334 ns, Threads: 0 runnable, 42 total
[2026-09-03T12:38:22.552+0800][31.013s][info][gc,marking  ] GC(238) Concurrent Clear Claimed Marks
[2026-09-03T12:38:22.552+0800][31.013s][info][gc,marking  ] GC(238) Concurrent Clear Claimed Marks 0.008ms
[2026-09-03T12:38:22.552+0800][31.013s][info][gc,marking  ] GC(238) Concurrent Cleanup for Next Mark
[2026-09-03T12:38:22.552+0800][31.013s][info][gc,marking  ] GC(238) Concurrent Cleanup for Next Mark 0.097ms
[2026-09-03T12:38:22.552+0800][31.013s][info][gc          ] GC(238) Concurrent Mark Cycle 9.793ms
[2026-09-03T12:38:22.808+0800][31.270s][info][gc,start    ] GC(239) Pause Young (Prepare Mixed) (G1 Evacuation Pause)
[2026-09-03T12:38:22.809+0800][31.270s][info][gc,task     ] GC(239) Using 9 workers of 9 for evacuation
[2026-09-03T12:38:22.811+0800][31.272s][info][gc,phases   ] GC(239)   Pre Evacuate Collection Set: 0.10ms
[2026-09-03T12:38:22.811+0800][31.272s][info][gc,phases   ] GC(239)   Merge Heap Roots: 0.02ms
[2026-09-03T12:38:22.811+0800][31.272s][info][gc,phases   ] GC(239)   Evacuate Collection Set: 1.86ms
[2026-09-03T12:38:22.811+0800][31.272s][info][gc,phases   ] GC(239)   Post Evacuate Collection Set: 0.10ms
[2026-09-03T12:38:22.811+0800][31.272s][info][gc,phases   ] GC(239)   Other: 0.06ms
[2026-09-03T12:38:22.811+0800][31.272s][info][gc,heap     ] GC(239) Eden regions: 88->0(99)
[2026-09-03T12:38:22.811+0800][31.272s][info][gc,heap     ] GC(239) Survivor regions: 15->13(13)
[2026-09-03T12:38:22.811+0800][31.272s][info][gc,heap     ] GC(239) Old regions: 81->102
[2026-09-03T12:38:22.811+0800][31.272s][info][gc,heap     ] GC(239) Humongous regions: 1->1
[2026-09-03T12:38:22.811+0800][31.272s][info][gc,metaspace] GC(239) Metaspace: 1060K(1216K)->1060K(1216K) NonClass: 996K(1088K)->996K(1088K) Class: 64K(128K)->64K(128K)
[2026-09-03T12:38:22.811+0800][31.272s][info][gc          ] GC(239) Pause Young (Prepare Mixed) (G1 Evacuation Pause) 185M->115M(256M) 2.231ms
[2026-09-03T12:38:22.811+0800][31.272s][info][gc,cpu      ] GC(239) User=0.01s Sys=0.00s Real=0.01s
[2026-09-03T12:38:22.811+0800][31.272s][info][safepoint   ] Safepoint "G1CollectForAllocation", Time since last: 256820250 ns, Reaching safepoint: 2000 ns, At safepoint: 2252375 ns, Leaving safepoint: 28916 ns, Total: 2283291 ns, Threads: 0 runnable, 42 total
[2026-09-03T12:38:23.109+0800][31.570s][info][gc,start    ] GC(240) Pause Young (Mixed) (G1 Evacuation Pause)
[2026-09-03T12:38:23.109+0800][31.570s][info][gc,task     ] GC(240) Using 9 workers of 9 for evacuation
[2026-09-03T12:38:23.111+0800][31.572s][info][gc,phases   ] GC(240)   Pre Evacuate Collection Set: 0.08ms
[2026-09-03T12:38:23.111+0800][31.572s][info][gc,phases   ] GC(240)   Merge Heap Roots: 0.03ms
[2026-09-03T12:38:23.111+0800][31.572s][info][gc,phases   ] GC(240)   Evacuate Collection Set: 1.94ms
[2026-09-03T12:38:23.111+0800][31.572s][info][gc,phases   ] GC(240)   Post Evacuate Collection Set: 0.09ms
[2026-09-03T12:38:23.111+0800][31.572s][info][gc,phases   ] GC(240)   Other: 0.05ms
[2026-09-03T12:38:23.111+0800][31.572s][info][gc,heap     ] GC(240) Eden regions: 99->0(102)
[2026-09-03T12:38:23.111+0800][31.572s][info][gc,heap     ] GC(240) Survivor regions: 13->14(14)
[2026-09-03T12:38:23.111+0800][31.572s][info][gc,heap     ] GC(240) Old regions: 102->97
[2026-09-03T12:38:23.111+0800][31.572s][info][gc,heap     ] GC(240) Humongous regions: 1->1
[2026-09-03T12:38:23.111+0800][31.572s][info][gc,metaspace] GC(240) Metaspace: 1060K(1216K)->1060K(1216K) NonClass: 996K(1088K)->996K(1088K) Class: 64K(128K)->64K(128K)
[2026-09-03T12:38:23.111+0800][31.572s][info][gc          ] GC(240) Pause Young (Mixed) (G1 Evacuation Pause) 214M->112M(256M) 2.318ms
[2026-09-03T12:38:23.111+0800][31.572s][info][gc,cpu      ] GC(240) User=0.01s Sys=0.00s Real=0.01s
[2026-09-03T12:38:23.111+0800][31.572s][info][safepoint   ] Safepoint "G1CollectForAllocation", Time since last: 297819500 ns, Reaching safepoint: 1875 ns, At safepoint: 2340959 ns, Leaving safepoint: 29416 ns, Total: 2372250 ns, Threads: 0 runnable, 42 total
[2026-09-03T12:38:23.417+0800][31.879s][info][gc,start    ] GC(241) Pause Young (Concurrent Start) (G1 Evacuation Pause)
[2026-09-03T12:38:23.417+0800][31.879s][info][gc,task     ] GC(241) Using 9 workers of 9 for evacuation
[2026-09-03T12:38:23.420+0800][31.881s][info][gc,phases   ] GC(241)   Pre Evacuate Collection Set: 0.06ms
[2026-09-03T12:38:23.420+0800][31.881s][info][gc,phases   ] GC(241)   Merge Heap Roots: 0.03ms
[2026-09-03T12:38:23.420+0800][31.881s][info][gc,phases   ] GC(241)   Evacuate Collection Set: 1.93ms
[2026-09-03T12:38:23.420+0800][31.881s][info][gc,phases   ] GC(241)   Post Evacuate Collection Set: 0.11ms
[2026-09-03T12:38:23.420+0800][31.881s][info][gc,phases   ] GC(241)   Other: 0.07ms
[2026-09-03T12:38:23.420+0800][31.881s][info][gc,heap     ] GC(241) Eden regions: 102->0(87)
[2026-09-03T12:38:23.420+0800][31.881s][info][gc,heap     ] GC(241) Survivor regions: 14->15(15)
[2026-09-03T12:38:23.420+0800][31.881s][info][gc,heap     ] GC(241) Old regions: 97->117
[2026-09-03T12:38:23.420+0800][31.881s][info][gc,heap     ] GC(241) Humongous regions: 1->1
[2026-09-03T12:38:23.420+0800][31.881s][info][gc,metaspace] GC(241) Metaspace: 1060K(1216K)->1060K(1216K) NonClass: 996K(1088K)->996K(1088K) Class: 64K(128K)->64K(128K)
[2026-09-03T12:38:23.420+0800][31.881s][info][gc          ] GC(241) Pause Young (Concurrent Start) (G1 Evacuation Pause) 214M->132M(256M) 2.306ms
[2026-09-03T12:38:23.420+0800][31.881s][info][gc,cpu      ] GC(241) User=0.01s Sys=0.00s Real=0.01s
[2026-09-03T12:38:23.420+0800][31.881s][info][gc          ] GC(242) Concurrent Mark Cycle
[2026-09-03T12:38:23.420+0800][31.881s][info][gc,marking  ] GC(242) Concurrent Scan Root Regions
[2026-09-03T12:38:23.420+0800][31.881s][info][safepoint   ] Safepoint "G1CollectForAllocation", Time since last: 306332084 ns, Reaching safepoint: 2083 ns, At safepoint: 2333125 ns, Leaving safepoint: 20042 ns, Total: 2355250 ns, Threads: 0 runnable, 42 total
[2026-09-03T12:38:23.422+0800][31.883s][info][gc,marking  ] GC(242) Concurrent Scan Root Regions 2.139ms
[2026-09-03T12:38:23.422+0800][31.883s][info][gc,marking  ] GC(242) Concurrent Mark
[2026-09-03T12:38:23.422+0800][31.883s][info][gc,marking  ] GC(242) Concurrent Mark From Roots
[2026-09-03T12:38:23.422+0800][31.883s][info][gc,task     ] GC(242) Concurrent Mark Using 2 of 2 Workers
[2026-09-03T12:38:23.425+0800][31.887s][info][gc,marking  ] GC(242) Concurrent Mark From Roots 3.407ms
[2026-09-03T12:38:23.425+0800][31.887s][info][gc,marking  ] GC(242) Concurrent Preclean
[2026-09-03T12:38:23.425+0800][31.887s][info][gc,marking  ] GC(242) Concurrent Preclean 0.008ms
[2026-09-03T12:38:23.425+0800][31.887s][info][gc,start    ] GC(242) Pause Remark
[2026-09-03T12:38:23.426+0800][31.887s][info][gc          ] GC(242) Pause Remark 136M->104M(256M) 0.298ms
[2026-09-03T12:38:23.426+0800][31.887s][info][gc,cpu      ] GC(242) User=0.00s Sys=0.00s Real=0.00s
[2026-09-03T12:38:23.426+0800][31.887s][info][safepoint   ] Safepoint "G1PauseRemark", Time since last: 5614291 ns, Reaching safepoint: 2709 ns, At safepoint: 321833 ns, Leaving safepoint: 14917 ns, Total: 339459 ns, Threads: 0 runnable, 42 total
[2026-09-03T12:38:23.426+0800][31.887s][info][gc,marking  ] GC(242) Concurrent Mark 3.836ms
[2026-09-03T12:38:23.426+0800][31.887s][info][gc,marking  ] GC(242) Concurrent Rebuild Remembered Sets and Scrub Regions
[2026-09-03T12:38:23.429+0800][31.890s][info][gc,marking  ] GC(242) Concurrent Rebuild Remembered Sets and Scrub Regions 3.262ms
[2026-09-03T12:38:23.429+0800][31.890s][info][gc,start    ] GC(242) Pause Cleanup
[2026-09-03T12:38:23.429+0800][31.890s][info][gc          ] GC(242) Pause Cleanup 104M->104M(256M) 0.037ms
[2026-09-03T12:38:23.429+0800][31.890s][info][gc,cpu      ] GC(242) User=0.00s Sys=0.00s Real=0.00s
[2026-09-03T12:38:23.429+0800][31.890s][info][safepoint   ] Safepoint "G1PauseCleanup", Time since last: 3331500 ns, Reaching safepoint: 2041 ns, At safepoint: 55750 ns, Leaving safepoint: 2000 ns, Total: 59791 ns, Threads: 0 runnable, 42 total
[2026-09-03T12:38:23.429+0800][31.890s][info][gc,marking  ] GC(242) Concurrent Clear Claimed Marks
[2026-09-03T12:38:23.429+0800][31.890s][info][gc,marking  ] GC(242) Concurrent Clear Claimed Marks 0.005ms
[2026-09-03T12:38:23.429+0800][31.890s][info][gc,marking  ] GC(242) Concurrent Cleanup for Next Mark
[2026-09-03T12:38:23.429+0800][31.890s][info][gc,marking  ] GC(242) Concurrent Cleanup for Next Mark 0.109ms
[2026-09-03T12:38:23.429+0800][31.890s][info][gc          ] GC(242) Concurrent Mark Cycle 9.528ms
[2026-09-03T12:38:23.682+0800][32.143s][info][gc,start    ] GC(243) Pause Young (Prepare Mixed) (G1 Evacuation Pause)
[2026-09-03T12:38:23.682+0800][32.143s][info][gc,task     ] GC(243) Using 9 workers of 9 for evacuation
[2026-09-03T12:38:23.684+0800][32.145s][info][gc,phases   ] GC(243)   Pre Evacuate Collection Set: 0.07ms
[2026-09-03T12:38:23.684+0800][32.145s][info][gc,phases   ] GC(243)   Merge Heap Roots: 0.03ms
[2026-09-03T12:38:23.684+0800][32.145s][info][gc,phases   ] GC(243)   Evacuate Collection Set: 1.77ms
[2026-09-03T12:38:23.684+0800][32.145s][info][gc,phases   ] GC(243)   Post Evacuate Collection Set: 0.10ms
[2026-09-03T12:38:23.684+0800][32.145s][info][gc,phases   ] GC(243)   Other: 0.05ms
[2026-09-03T12:38:23.684+0800][32.145s][info][gc,heap     ] GC(243) Eden regions: 87->0(97)
[2026-09-03T12:38:23.684+0800][32.145s][info][gc,heap     ] GC(243) Survivor regions: 15->13(13)
[2026-09-03T12:38:23.684+0800][32.145s][info][gc,heap     ] GC(243) Old regions: 85->105
[2026-09-03T12:38:23.684+0800][32.145s][info][gc,heap     ] GC(243) Humongous regions: 1->1
[2026-09-03T12:38:23.684+0800][32.145s][info][gc,metaspace] GC(243) Metaspace: 1060K(1216K)->1060K(1216K) NonClass: 996K(1088K)->996K(1088K) Class: 64K(128K)->64K(128K)
[2026-09-03T12:38:23.684+0800][32.145s][info][gc          ] GC(243) Pause Young (Prepare Mixed) (G1 Evacuation Pause) 187M->118M(256M) 2.139ms
[2026-09-03T12:38:23.684+0800][32.145s][info][gc,cpu      ] GC(243) User=0.01s Sys=0.00s Real=0.00s
[2026-09-03T12:38:23.684+0800][32.145s][info][safepoint   ] Safepoint "G1CollectForAllocation", Time since last: 252539542 ns, Reaching safepoint: 1875 ns, At safepoint: 2162375 ns, Leaving safepoint: 44750 ns, Total: 2209000 ns, Threads: 0 runnable, 42 total
[2026-09-03T12:38:23.975+0800][32.436s][info][gc,start    ] GC(244) Pause Young (Mixed) (G1 Evacuation Pause)
[2026-09-03T12:38:23.975+0800][32.436s][info][gc,task     ] GC(244) Using 9 workers of 9 for evacuation
[2026-09-03T12:38:23.977+0800][32.439s][info][gc,phases   ] GC(244)   Pre Evacuate Collection Set: 0.07ms
[2026-09-03T12:38:23.977+0800][32.439s][info][gc,phases   ] GC(244)   Merge Heap Roots: 0.04ms
[2026-09-03T12:38:23.977+0800][32.439s][info][gc,phases   ] GC(244)   Evacuate Collection Set: 1.95ms
[2026-09-03T12:38:23.977+0800][32.439s][info][gc,phases   ] GC(244)   Post Evacuate Collection Set: 0.10ms
[2026-09-03T12:38:23.977+0800][32.439s][info][gc,phases   ] GC(244)   Other: 0.06ms
[2026-09-03T12:38:23.977+0800][32.439s][info][gc,heap     ] GC(244) Eden regions: 97->0(103)
[2026-09-03T12:38:23.977+0800][32.439s][info][gc,heap     ] GC(244) Survivor regions: 13->14(14)
[2026-09-03T12:38:23.977+0800][32.439s][info][gc,heap     ] GC(244) Old regions: 105->95
[2026-09-03T12:38:23.977+0800][32.439s][info][gc,heap     ] GC(244) Humongous regions: 1->1
[2026-09-03T12:38:23.977+0800][32.439s][info][gc,metaspace] GC(244) Metaspace: 1060K(1216K)->1060K(1216K) NonClass: 996K(1088K)->996K(1088K) Class: 64K(128K)->64K(128K)
[2026-09-03T12:38:23.977+0800][32.439s][info][gc          ] GC(244) Pause Young (Mixed) (G1 Evacuation Pause) 215M->109M(256M) 2.342ms
[2026-09-03T12:38:23.977+0800][32.439s][info][gc,cpu      ] GC(244) User=0.01s Sys=0.01s Real=0.00s
[2026-09-03T12:38:23.977+0800][32.439s][info][safepoint   ] Safepoint "G1CollectForAllocation", Time since last: 291255750 ns, Reaching safepoint: 2250 ns, At safepoint: 2365833 ns, Leaving safepoint: 23250 ns, Total: 2391333 ns, Threads: 0 runnable, 42 total
[2026-09-03T12:38:24.286+0800][32.748s][info][gc,start    ] GC(245) Pause Young (Mixed) (G1 Evacuation Pause)
[2026-09-03T12:38:24.286+0800][32.748s][info][gc,task     ] GC(245) Using 9 workers of 9 for evacuation
[2026-09-03T12:38:24.288+0800][32.750s][info][gc,phases   ] GC(245)   Pre Evacuate Collection Set: 0.08ms
[2026-09-03T12:38:24.289+0800][32.750s][info][gc,phases   ] GC(245)   Merge Heap Roots: 0.04ms
[2026-09-03T12:38:24.289+0800][32.750s][info][gc,phases   ] GC(245)   Evacuate Collection Set: 1.84ms
[2026-09-03T12:38:24.289+0800][32.750s][info][gc,phases   ] GC(245)   Post Evacuate Collection Set: 0.09ms
[2026-09-03T12:38:24.289+0800][32.750s][info][gc,phases   ] GC(245)   Other: 0.06ms
[2026-09-03T12:38:24.289+0800][32.750s][info][gc,heap     ] GC(245) Eden regions: 103->0(89)
[2026-09-03T12:38:24.289+0800][32.750s][info][gc,heap     ] GC(245) Survivor regions: 14->15(15)
[2026-09-03T12:38:24.289+0800][32.750s][info][gc,heap     ] GC(245) Old regions: 95->114
[2026-09-03T12:38:24.289+0800][32.750s][info][gc,heap     ] GC(245) Humongous regions: 1->1
[2026-09-03T12:38:24.289+0800][32.750s][info][gc,metaspace] GC(245) Metaspace: 1060K(1216K)->1060K(1216K) NonClass: 996K(1088K)->996K(1088K) Class: 64K(128K)->64K(128K)
[2026-09-03T12:38:24.289+0800][32.750s][info][gc          ] GC(245) Pause Young (Mixed) (G1 Evacuation Pause) 212M->129M(256M) 2.208ms
[2026-09-03T12:38:24.289+0800][32.750s][info][gc,cpu      ] GC(245) User=0.02s Sys=0.00s Real=0.00s
[2026-09-03T12:38:24.289+0800][32.750s][info][safepoint   ] Safepoint "G1CollectForAllocation", Time since last: 308942584 ns, Reaching safepoint: 2291 ns, At safepoint: 2232000 ns, Leaving safepoint: 22750 ns, Total: 2257041 ns, Threads: 0 runnable, 42 total
[2026-09-03T12:38:24.557+0800][33.019s][info][gc,start    ] GC(246) Pause Young (Concurrent Start) (G1 Evacuation Pause)
[2026-09-03T12:38:24.557+0800][33.019s][info][gc,task     ] GC(246) Using 9 workers of 9 for evacuation
[2026-09-03T12:38:24.560+0800][33.021s][info][gc,phases   ] GC(246)   Pre Evacuate Collection Set: 0.07ms
[2026-09-03T12:38:24.560+0800][33.021s][info][gc,phases   ] GC(246)   Merge Heap Roots: 0.03ms
[2026-09-03T12:38:24.560+0800][33.021s][info][gc,phases   ] GC(246)   Evacuate Collection Set: 1.92ms
[2026-09-03T12:38:24.560+0800][33.021s][info][gc,phases   ] GC(246)   Post Evacuate Collection Set: 0.13ms
[2026-09-03T12:38:24.560+0800][33.021s][info][gc,phases   ] GC(246)   Other: 0.06ms
[2026-09-03T12:38:24.560+0800][33.021s][info][gc,heap     ] GC(246) Eden regions: 89->0(76)
[2026-09-03T12:38:24.560+0800][33.021s][info][gc,heap     ] GC(246) Survivor regions: 15->13(13)
[2026-09-03T12:38:24.560+0800][33.021s][info][gc,heap     ] GC(246) Old regions: 114->134
[2026-09-03T12:38:24.560+0800][33.021s][info][gc,heap     ] GC(246) Humongous regions: 1->1
[2026-09-03T12:38:24.560+0800][33.021s][info][gc,metaspace] GC(246) Metaspace: 1060K(1216K)->1060K(1216K) NonClass: 996K(1088K)->996K(1088K) Class: 64K(128K)->64K(128K)
[2026-09-03T12:38:24.560+0800][33.021s][info][gc          ] GC(246) Pause Young (Concurrent Start) (G1 Evacuation Pause) 218M->147M(256M) 2.314ms
[2026-09-03T12:38:24.560+0800][33.021s][info][gc,cpu      ] GC(246) User=0.02s Sys=0.00s Real=0.01s
[2026-09-03T12:38:24.560+0800][33.021s][info][gc          ] GC(247) Concurrent Mark Cycle
[2026-09-03T12:38:24.560+0800][33.021s][info][gc,marking  ] GC(247) Concurrent Scan Root Regions
[2026-09-03T12:38:24.560+0800][33.021s][info][safepoint   ] Safepoint "G1CollectForAllocation", Time since last: 268759417 ns, Reaching safepoint: 2333 ns, At safepoint: 2345167 ns, Leaving safepoint: 30042 ns, Total: 2377542 ns, Threads: 0 runnable, 42 total
[2026-09-03T12:38:24.562+0800][33.023s][info][gc,marking  ] GC(247) Concurrent Scan Root Regions 1.984ms
[2026-09-03T12:38:24.562+0800][33.023s][info][gc,marking  ] GC(247) Concurrent Mark
[2026-09-03T12:38:24.562+0800][33.023s][info][gc,marking  ] GC(247) Concurrent Mark From Roots
[2026-09-03T12:38:24.562+0800][33.023s][info][gc,task     ] GC(247) Concurrent Mark Using 2 of 2 Workers
[2026-09-03T12:38:24.565+0800][33.027s][info][gc,marking  ] GC(247) Concurrent Mark From Roots 3.452ms
[2026-09-03T12:38:24.565+0800][33.027s][info][gc,marking  ] GC(247) Concurrent Preclean
[2026-09-03T12:38:24.565+0800][33.027s][info][gc,marking  ] GC(247) Concurrent Preclean 0.008ms
[2026-09-03T12:38:24.565+0800][33.027s][info][gc,start    ] GC(247) Pause Remark
[2026-09-03T12:38:24.566+0800][33.027s][info][gc          ] GC(247) Pause Remark 151M->110M(256M) 0.329ms
[2026-09-03T12:38:24.566+0800][33.027s][info][gc,cpu      ] GC(247) User=0.00s Sys=0.01s Real=0.00s
[2026-09-03T12:38:24.566+0800][33.027s][info][safepoint   ] Safepoint "G1PauseRemark", Time since last: 5513958 ns, Reaching safepoint: 34083 ns, At safepoint: 346959 ns, Leaving safepoint: 38458 ns, Total: 419500 ns, Threads: 1 runnable, 42 total
[2026-09-03T12:38:24.566+0800][33.027s][info][gc,marking  ] GC(247) Concurrent Mark 3.965ms
[2026-09-03T12:38:24.566+0800][33.027s][info][gc,marking  ] GC(247) Concurrent Rebuild Remembered Sets and Scrub Regions
[2026-09-03T12:38:24.569+0800][33.031s][info][gc,marking  ] GC(247) Concurrent Rebuild Remembered Sets and Scrub Regions 3.527ms
[2026-09-03T12:38:24.569+0800][33.031s][info][gc,start    ] GC(247) Pause Cleanup
[2026-09-03T12:38:24.569+0800][33.031s][info][gc          ] GC(247) Pause Cleanup 112M->112M(256M) 0.035ms
[2026-09-03T12:38:24.569+0800][33.031s][info][gc,cpu      ] GC(247) User=0.00s Sys=0.00s Real=0.00s
[2026-09-03T12:38:24.569+0800][33.031s][info][safepoint   ] Safepoint "G1PauseCleanup", Time since last: 3616958 ns, Reaching safepoint: 19625 ns, At safepoint: 56209 ns, Leaving safepoint: 3666 ns, Total: 79500 ns, Threads: 1 runnable, 42 total
[2026-09-03T12:38:24.569+0800][33.031s][info][gc,marking  ] GC(247) Concurrent Clear Claimed Marks
[2026-09-03T12:38:24.569+0800][33.031s][info][gc,marking  ] GC(247) Concurrent Clear Claimed Marks 0.008ms
[2026-09-03T12:38:24.569+0800][33.031s][info][gc,marking  ] GC(247) Concurrent Cleanup for Next Mark
[2026-09-03T12:38:24.569+0800][33.031s][info][gc,marking  ] GC(247) Concurrent Cleanup for Next Mark 0.106ms
[2026-09-03T12:38:24.570+0800][33.031s][info][gc          ] GC(247) Concurrent Mark Cycle 9.808ms
[2026-09-03T12:38:24.787+0800][33.248s][info][gc,start    ] GC(248) Pause Young (Prepare Mixed) (G1 Evacuation Pause)
[2026-09-03T12:38:24.787+0800][33.248s][info][gc,task     ] GC(248) Using 9 workers of 9 for evacuation
[2026-09-03T12:38:24.788+0800][33.250s][info][gc,phases   ] GC(248)   Pre Evacuate Collection Set: 0.07ms
[2026-09-03T12:38:24.788+0800][33.250s][info][gc,phases   ] GC(248)   Merge Heap Roots: 0.02ms
[2026-09-03T12:38:24.788+0800][33.250s][info][gc,phases   ] GC(248)   Evacuate Collection Set: 1.54ms
[2026-09-03T12:38:24.788+0800][33.250s][info][gc,phases   ] GC(248)   Post Evacuate Collection Set: 0.08ms
[2026-09-03T12:38:24.788+0800][33.250s][info][gc,phases   ] GC(248)   Other: 0.06ms
[2026-09-03T12:38:24.788+0800][33.250s][info][gc,heap     ] GC(248) Eden regions: 76->0(94)
[2026-09-03T12:38:24.788+0800][33.250s][info][gc,heap     ] GC(248) Survivor regions: 13->12(12)
[2026-09-03T12:38:24.788+0800][33.250s][info][gc,heap     ] GC(248) Old regions: 93->110
[2026-09-03T12:38:24.788+0800][33.250s][info][gc,heap     ] GC(248) Humongous regions: 1->1
[2026-09-03T12:38:24.788+0800][33.250s][info][gc,metaspace] GC(248) Metaspace: 1060K(1216K)->1060K(1216K) NonClass: 996K(1088K)->996K(1088K) Class: 64K(128K)->64K(128K)
[2026-09-03T12:38:24.788+0800][33.250s][info][gc          ] GC(248) Pause Young (Prepare Mixed) (G1 Evacuation Pause) 182M->122M(256M) 1.857ms
[2026-09-03T12:38:24.788+0800][33.250s][info][gc,cpu      ] GC(248) User=0.01s Sys=0.00s Real=0.00s
[2026-09-03T12:38:24.788+0800][33.250s][info][safepoint   ] Safepoint "G1CollectForAllocation", Time since last: 217175875 ns, Reaching safepoint: 1875 ns, At safepoint: 1880750 ns, Leaving safepoint: 23625 ns, Total: 1906250 ns, Threads: 0 runnable, 42 total
[2026-09-03T12:38:25.071+0800][33.532s][info][gc,start    ] GC(249) Pause Young (Mixed) (G1 Evacuation Pause)
[2026-09-03T12:38:25.071+0800][33.532s][info][gc,task     ] GC(249) Using 9 workers of 9 for evacuation
[2026-09-03T12:38:25.073+0800][33.535s][info][gc,phases   ] GC(249)   Pre Evacuate Collection Set: 0.06ms
[2026-09-03T12:38:25.073+0800][33.535s][info][gc,phases   ] GC(249)   Merge Heap Roots: 0.03ms
[2026-09-03T12:38:25.073+0800][33.535s][info][gc,phases   ] GC(249)   Evacuate Collection Set: 1.89ms
[2026-09-03T12:38:25.073+0800][33.535s][info][gc,phases   ] GC(249)   Post Evacuate Collection Set: 0.11ms
[2026-09-03T12:38:25.073+0800][33.535s][info][gc,phases   ] GC(249)   Other: 0.05ms
[2026-09-03T12:38:25.073+0800][33.535s][info][gc,heap     ] GC(249) Eden regions: 94->0(101)
[2026-09-03T12:38:25.073+0800][33.535s][info][gc,heap     ] GC(249) Survivor regions: 12->14(14)
[2026-09-03T12:38:25.073+0800][33.535s][info][gc,heap     ] GC(249) Old regions: 110->98
[2026-09-03T12:38:25.073+0800][33.535s][info][gc,heap     ] GC(249) Humongous regions: 1->1
[2026-09-03T12:38:25.073+0800][33.535s][info][gc,metaspace] GC(249) Metaspace: 1060K(1216K)->1060K(1216K) NonClass: 996K(1088K)->996K(1088K) Class: 64K(128K)->64K(128K)
[2026-09-03T12:38:25.073+0800][33.535s][info][gc          ] GC(249) Pause Young (Mixed) (G1 Evacuation Pause) 216M->112M(256M) 2.248ms
[2026-09-03T12:38:25.073+0800][33.535s][info][gc,cpu      ] GC(249) User=0.02s Sys=0.00s Real=0.00s
[2026-09-03T12:38:25.073+0800][33.535s][info][safepoint   ] Safepoint "G1CollectForAllocation", Time since last: 282537167 ns, Reaching safepoint: 2083 ns, At safepoint: 2271084 ns, Leaving safepoint: 42708 ns, Total: 2315875 ns, Threads: 0 runnable, 42 total
[2026-09-03T12:38:25.379+0800][33.841s][info][gc,start    ] GC(250) Pause Young (Mixed) (G1 Evacuation Pause)
[2026-09-03T12:38:25.380+0800][33.841s][info][gc,task     ] GC(250) Using 9 workers of 9 for evacuation
[2026-09-03T12:38:25.382+0800][33.843s][info][gc,phases   ] GC(250)   Pre Evacuate Collection Set: 0.05ms
[2026-09-03T12:38:25.382+0800][33.843s][info][gc,phases   ] GC(250)   Merge Heap Roots: 0.02ms
[2026-09-03T12:38:25.382+0800][33.843s][info][gc,phases   ] GC(250)   Evacuate Collection Set: 1.97ms
[2026-09-03T12:38:25.382+0800][33.843s][info][gc,phases   ] GC(250)   Post Evacuate Collection Set: 0.11ms
[2026-09-03T12:38:25.382+0800][33.843s][info][gc,phases   ] GC(250)   Other: 0.05ms
[2026-09-03T12:38:25.382+0800][33.843s][info][gc,heap     ] GC(250) Eden regions: 101->0(90)
[2026-09-03T12:38:25.382+0800][33.843s][info][gc,heap     ] GC(250) Survivor regions: 14->15(15)
[2026-09-03T12:38:25.382+0800][33.843s][info][gc,heap     ] GC(250) Old regions: 98->113
[2026-09-03T12:38:25.382+0800][33.843s][info][gc,heap     ] GC(250) Humongous regions: 1->1
[2026-09-03T12:38:25.382+0800][33.843s][info][gc,metaspace] GC(250) Metaspace: 1060K(1216K)->1060K(1216K) NonClass: 996K(1088K)->996K(1088K) Class: 64K(128K)->64K(128K)
[2026-09-03T12:38:25.382+0800][33.843s][info][gc          ] GC(250) Pause Young (Mixed) (G1 Evacuation Pause) 213M->128M(256M) 2.299ms
[2026-09-03T12:38:25.382+0800][33.843s][info][gc,cpu      ] GC(250) User=0.02s Sys=0.00s Real=0.01s
[2026-09-03T12:38:25.382+0800][33.843s][info][safepoint   ] Safepoint "G1CollectForAllocation", Time since last: 306176417 ns, Reaching safepoint: 2250 ns, At safepoint: 2319375 ns, Leaving safepoint: 74958 ns, Total: 2396583 ns, Threads: 0 runnable, 42 total
[2026-09-03T12:38:25.655+0800][34.116s][info][gc,start    ] GC(251) Pause Young (Concurrent Start) (G1 Evacuation Pause)
[2026-09-03T12:38:25.655+0800][34.116s][info][gc,task     ] GC(251) Using 9 workers of 9 for evacuation
[2026-09-03T12:38:25.657+0800][34.118s][info][gc,phases   ] GC(251)   Pre Evacuate Collection Set: 0.05ms
[2026-09-03T12:38:25.657+0800][34.118s][info][gc,phases   ] GC(251)   Merge Heap Roots: 0.02ms
[2026-09-03T12:38:25.657+0800][34.118s][info][gc,phases   ] GC(251)   Evacuate Collection Set: 1.89ms
[2026-09-03T12:38:25.657+0800][34.118s][info][gc,phases   ] GC(251)   Post Evacuate Collection Set: 0.11ms
[2026-09-03T12:38:25.657+0800][34.118s][info][gc,phases   ] GC(251)   Other: 0.06ms
[2026-09-03T12:38:25.657+0800][34.119s][info][gc,heap     ] GC(251) Eden regions: 90->0(76)
[2026-09-03T12:38:25.657+0800][34.119s][info][gc,heap     ] GC(251) Survivor regions: 15->14(14)
[2026-09-03T12:38:25.657+0800][34.119s][info][gc,heap     ] GC(251) Old regions: 113->133
[2026-09-03T12:38:25.657+0800][34.119s][info][gc,heap     ] GC(251) Humongous regions: 1->1
[2026-09-03T12:38:25.657+0800][34.119s][info][gc,metaspace] GC(251) Metaspace: 1060K(1216K)->1060K(1216K) NonClass: 996K(1088K)->996K(1088K) Class: 64K(128K)->64K(128K)
[2026-09-03T12:38:25.657+0800][34.119s][info][gc          ] GC(251) Pause Young (Concurrent Start) (G1 Evacuation Pause) 218M->148M(256M) 2.254ms
[2026-09-03T12:38:25.657+0800][34.119s][info][gc,cpu      ] GC(251) User=0.01s Sys=0.00s Real=0.00s
[2026-09-03T12:38:25.657+0800][34.119s][info][gc          ] GC(252) Concurrent Mark Cycle
[2026-09-03T12:38:25.657+0800][34.119s][info][gc,marking  ] GC(252) Concurrent Scan Root Regions
[2026-09-03T12:38:25.657+0800][34.119s][info][safepoint   ] Safepoint "G1CollectForAllocation", Time since last: 273057250 ns, Reaching safepoint: 1958 ns, At safepoint: 2282667 ns, Leaving safepoint: 69417 ns, Total: 2354042 ns, Threads: 0 runnable, 42 total
[2026-09-03T12:38:25.659+0800][34.121s][info][gc,marking  ] GC(252) Concurrent Scan Root Regions 2.141ms
[2026-09-03T12:38:25.659+0800][34.121s][info][gc,marking  ] GC(252) Concurrent Mark
[2026-09-03T12:38:25.659+0800][34.121s][info][gc,marking  ] GC(252) Concurrent Mark From Roots
[2026-09-03T12:38:25.659+0800][34.121s][info][gc,task     ] GC(252) Concurrent Mark Using 2 of 2 Workers
[2026-09-03T12:38:25.663+0800][34.124s][info][gc,marking  ] GC(252) Concurrent Mark From Roots 3.555ms
[2026-09-03T12:38:25.663+0800][34.124s][info][gc,marking  ] GC(252) Concurrent Preclean
[2026-09-03T12:38:25.663+0800][34.124s][info][gc,marking  ] GC(252) Concurrent Preclean 0.008ms
[2026-09-03T12:38:25.663+0800][34.124s][info][gc,start    ] GC(252) Pause Remark
[2026-09-03T12:38:25.663+0800][34.125s][info][gc          ] GC(252) Pause Remark 151M->97M(256M) 0.290ms
[2026-09-03T12:38:25.663+0800][34.125s][info][gc,cpu      ] GC(252) User=0.01s Sys=0.00s Real=0.00s
[2026-09-03T12:38:25.663+0800][34.125s][info][safepoint   ] Safepoint "G1PauseRemark", Time since last: 5705416 ns, Reaching safepoint: 2459 ns, At safepoint: 311791 ns, Leaving safepoint: 10625 ns, Total: 324875 ns, Threads: 0 runnable, 42 total
[2026-09-03T12:38:25.663+0800][34.125s][info][gc,marking  ] GC(252) Concurrent Mark 3.947ms
[2026-09-03T12:38:25.663+0800][34.125s][info][gc,marking  ] GC(252) Concurrent Rebuild Remembered Sets and Scrub Regions
[2026-09-03T12:38:25.666+0800][34.128s][info][gc,marking  ] GC(252) Concurrent Rebuild Remembered Sets and Scrub Regions 3.122ms
[2026-09-03T12:38:25.667+0800][34.128s][info][gc,start    ] GC(252) Pause Cleanup
[2026-09-03T12:38:25.667+0800][34.128s][info][gc          ] GC(252) Pause Cleanup 99M->99M(256M) 0.036ms
[2026-09-03T12:38:25.667+0800][34.128s][info][gc,cpu      ] GC(252) User=0.00s Sys=0.00s Real=0.00s
[2026-09-03T12:38:25.667+0800][34.128s][info][safepoint   ] Safepoint "G1PauseCleanup", Time since last: 3214459 ns, Reaching safepoint: 1291 ns, At safepoint: 53209 ns, Leaving safepoint: 6333 ns, Total: 60833 ns, Threads: 0 runnable, 42 total
[2026-09-03T12:38:25.667+0800][34.128s][info][gc,marking  ] GC(252) Concurrent Clear Claimed Marks
[2026-09-03T12:38:25.667+0800][34.128s][info][gc,marking  ] GC(252) Concurrent Clear Claimed Marks 0.010ms
[2026-09-03T12:38:25.667+0800][34.128s][info][gc,marking  ] GC(252) Concurrent Cleanup for Next Mark
[2026-09-03T12:38:25.667+0800][34.128s][info][gc,marking  ] GC(252) Concurrent Cleanup for Next Mark 0.126ms
[2026-09-03T12:38:25.667+0800][34.128s][info][gc          ] GC(252) Concurrent Mark Cycle 9.542ms
[2026-09-03T12:38:25.886+0800][34.348s][info][gc,start    ] GC(253) Pause Young (Prepare Mixed) (G1 Evacuation Pause)
[2026-09-03T12:38:25.886+0800][34.348s][info][gc,task     ] GC(253) Using 9 workers of 9 for evacuation
[2026-09-03T12:38:25.888+0800][34.349s][info][gc,phases   ] GC(253)   Pre Evacuate Collection Set: 0.04ms
[2026-09-03T12:38:25.888+0800][34.349s][info][gc,phases   ] GC(253)   Merge Heap Roots: 0.04ms
[2026-09-03T12:38:25.888+0800][34.349s][info][gc,phases   ] GC(253)   Evacuate Collection Set: 1.58ms
[2026-09-03T12:38:25.888+0800][34.349s][info][gc,phases   ] GC(253)   Post Evacuate Collection Set: 0.09ms
[2026-09-03T12:38:25.888+0800][34.349s][info][gc,phases   ] GC(253)   Other: 0.05ms
[2026-09-03T12:38:25.888+0800][34.349s][info][gc,heap     ] GC(253) Eden regions: 76->0(104)
[2026-09-03T12:38:25.888+0800][34.349s][info][gc,heap     ] GC(253) Survivor regions: 14->12(12)
[2026-09-03T12:38:25.888+0800][34.349s][info][gc,heap     ] GC(253) Old regions: 79->96
[2026-09-03T12:38:25.888+0800][34.349s][info][gc,heap     ] GC(253) Humongous regions: 1->1
[2026-09-03T12:38:25.888+0800][34.349s][info][gc,metaspace] GC(253) Metaspace: 1060K(1216K)->1060K(1216K) NonClass: 996K(1088K)->996K(1088K) Class: 64K(128K)->64K(128K)
[2026-09-03T12:38:25.888+0800][34.350s][info][gc          ] GC(253) Pause Young (Prepare Mixed) (G1 Evacuation Pause) 170M->109M(256M) 1.906ms
[2026-09-03T12:38:25.888+0800][34.350s][info][gc,cpu      ] GC(253) User=0.01s Sys=0.00s Real=0.00s
[2026-09-03T12:38:25.888+0800][34.350s][info][safepoint   ] Safepoint "G1CollectForAllocation", Time since last: 219647125 ns, Reaching safepoint: 20375 ns, At safepoint: 1928542 ns, Leaving safepoint: 21916 ns, Total: 1970833 ns, Threads: 1 runnable, 42 total
[2026-09-03T12:38:26.201+0800][34.663s][info][gc,start    ] GC(254) Pause Young (Mixed) (G1 Evacuation Pause)
[2026-09-03T12:38:26.201+0800][34.663s][info][gc,task     ] GC(254) Using 9 workers of 9 for evacuation
[2026-09-03T12:38:26.203+0800][34.665s][info][gc,phases   ] GC(254)   Pre Evacuate Collection Set: 0.10ms
[2026-09-03T12:38:26.203+0800][34.665s][info][gc,phases   ] GC(254)   Merge Heap Roots: 0.03ms
[2026-09-03T12:38:26.203+0800][34.665s][info][gc,phases   ] GC(254)   Evacuate Collection Set: 1.88ms
[2026-09-03T12:38:26.203+0800][34.665s][info][gc,phases   ] GC(254)   Post Evacuate Collection Set: 0.10ms
[2026-09-03T12:38:26.203+0800][34.665s][info][gc,phases   ] GC(254)   Other: 0.06ms
[2026-09-03T12:38:26.203+0800][34.665s][info][gc,heap     ] GC(254) Eden regions: 104->0(102)
[2026-09-03T12:38:26.203+0800][34.665s][info][gc,heap     ] GC(254) Survivor regions: 12->15(15)
[2026-09-03T12:38:26.203+0800][34.665s][info][gc,heap     ] GC(254) Old regions: 96->95
[2026-09-03T12:38:26.203+0800][34.665s][info][gc,heap     ] GC(254) Humongous regions: 1->1
[2026-09-03T12:38:26.203+0800][34.665s][info][gc,metaspace] GC(254) Metaspace: 1060K(1216K)->1060K(1216K) NonClass: 996K(1088K)->996K(1088K) Class: 64K(128K)->64K(128K)
[2026-09-03T12:38:26.203+0800][34.665s][info][gc          ] GC(254) Pause Young (Mixed) (G1 Evacuation Pause) 213M->110M(256M) 2.266ms
[2026-09-03T12:38:26.203+0800][34.665s][info][gc,cpu      ] GC(254) User=0.02s Sys=0.00s Real=0.00s
[2026-09-03T12:38:26.204+0800][34.665s][info][safepoint   ] Safepoint "G1CollectForAllocation", Time since last: 312964917 ns, Reaching safepoint: 2500 ns, At safepoint: 2293500 ns, Leaving safepoint: 45500 ns, Total: 2341500 ns, Threads: 0 runnable, 42 total
[2026-09-03T12:38:26.513+0800][34.974s][info][gc,start    ] GC(255) Pause Young (Concurrent Start) (G1 Evacuation Pause)
[2026-09-03T12:38:26.513+0800][34.974s][info][gc,task     ] GC(255) Using 9 workers of 9 for evacuation
[2026-09-03T12:38:26.515+0800][34.977s][info][gc,phases   ] GC(255)   Pre Evacuate Collection Set: 0.09ms
[2026-09-03T12:38:26.515+0800][34.977s][info][gc,phases   ] GC(255)   Merge Heap Roots: 0.04ms
[2026-09-03T12:38:26.515+0800][34.977s][info][gc,phases   ] GC(255)   Evacuate Collection Set: 1.91ms
[2026-09-03T12:38:26.515+0800][34.977s][info][gc,phases   ] GC(255)   Post Evacuate Collection Set: 0.10ms
[2026-09-03T12:38:26.515+0800][34.977s][info][gc,phases   ] GC(255)   Other: 0.06ms
[2026-09-03T12:38:26.515+0800][34.977s][info][gc,heap     ] GC(255) Eden regions: 102->0(87)
[2026-09-03T12:38:26.515+0800][34.977s][info][gc,heap     ] GC(255) Survivor regions: 15->15(15)
[2026-09-03T12:38:26.515+0800][34.977s][info][gc,heap     ] GC(255) Old regions: 95->116
[2026-09-03T12:38:26.515+0800][34.977s][info][gc,heap     ] GC(255) Humongous regions: 1->1
[2026-09-03T12:38:26.515+0800][34.977s][info][gc,metaspace] GC(255) Metaspace: 1060K(1216K)->1060K(1216K) NonClass: 996K(1088K)->996K(1088K) Class: 64K(128K)->64K(128K)
[2026-09-03T12:38:26.515+0800][34.977s][info][gc          ] GC(255) Pause Young (Concurrent Start) (G1 Evacuation Pause) 212M->131M(256M) 2.321ms
[2026-09-03T12:38:26.515+0800][34.977s][info][gc,cpu      ] GC(255) User=0.02s Sys=0.00s Real=0.00s
[2026-09-03T12:38:26.515+0800][34.977s][info][gc          ] GC(256) Concurrent Mark Cycle
[2026-09-03T12:38:26.515+0800][34.977s][info][gc,marking  ] GC(256) Concurrent Scan Root Regions
[2026-09-03T12:38:26.515+0800][34.977s][info][safepoint   ] Safepoint "G1CollectForAllocation", Time since last: 309537042 ns, Reaching safepoint: 2583 ns, At safepoint: 2348750 ns, Leaving safepoint: 44917 ns, Total: 2396250 ns, Threads: 0 runnable, 42 total
[2026-09-03T12:38:26.518+0800][34.979s][info][gc,marking  ] GC(256) Concurrent Scan Root Regions 2.393ms
[2026-09-03T12:38:26.518+0800][34.979s][info][gc,marking  ] GC(256) Concurrent Mark
[2026-09-03T12:38:26.518+0800][34.979s][info][gc,marking  ] GC(256) Concurrent Mark From Roots
[2026-09-03T12:38:26.518+0800][34.979s][info][gc,task     ] GC(256) Concurrent Mark Using 2 of 2 Workers
[2026-09-03T12:38:26.521+0800][34.982s][info][gc,marking  ] GC(256) Concurrent Mark From Roots 3.225ms
[2026-09-03T12:38:26.521+0800][34.982s][info][gc,marking  ] GC(256) Concurrent Preclean
[2026-09-03T12:38:26.521+0800][34.982s][info][gc,marking  ] GC(256) Concurrent Preclean 0.009ms
[2026-09-03T12:38:26.521+0800][34.982s][info][gc,start    ] GC(256) Pause Remark
[2026-09-03T12:38:26.521+0800][34.983s][info][gc          ] GC(256) Pause Remark 135M->102M(256M) 0.295ms
[2026-09-03T12:38:26.521+0800][34.983s][info][gc,cpu      ] GC(256) User=0.00s Sys=0.00s Real=0.00s
[2026-09-03T12:38:26.521+0800][34.983s][info][safepoint   ] Safepoint "G1PauseRemark", Time since last: 5659791 ns, Reaching safepoint: 2459 ns, At safepoint: 320583 ns, Leaving safepoint: 13125 ns, Total: 336167 ns, Threads: 0 runnable, 42 total
[2026-09-03T12:38:26.521+0800][34.983s][info][gc,marking  ] GC(256) Concurrent Mark 3.653ms
[2026-09-03T12:38:26.521+0800][34.983s][info][gc,marking  ] GC(256) Concurrent Rebuild Remembered Sets and Scrub Regions
[2026-09-03T12:38:26.524+0800][34.986s][info][gc,marking  ] GC(256) Concurrent Rebuild Remembered Sets and Scrub Regions 2.706ms
[2026-09-03T12:38:26.524+0800][34.986s][info][gc,start    ] GC(256) Pause Cleanup
[2026-09-03T12:38:26.524+0800][34.986s][info][gc          ] GC(256) Pause Cleanup 102M->102M(256M) 0.036ms
[2026-09-03T12:38:26.524+0800][34.986s][info][gc,cpu      ] GC(256) User=0.00s Sys=0.00s Real=0.00s
[2026-09-03T12:38:26.524+0800][34.986s][info][safepoint   ] Safepoint "G1PauseCleanup", Time since last: 2776125 ns, Reaching safepoint: 2042 ns, At safepoint: 53708 ns, Leaving safepoint: 5750 ns, Total: 61500 ns, Threads: 0 runnable, 42 total
[2026-09-03T12:38:26.524+0800][34.986s][info][gc,marking  ] GC(256) Concurrent Clear Claimed Marks
[2026-09-03T12:38:26.524+0800][34.986s][info][gc,marking  ] GC(256) Concurrent Clear Claimed Marks 0.009ms
[2026-09-03T12:38:26.524+0800][34.986s][info][gc,marking  ] GC(256) Concurrent Cleanup for Next Mark
[2026-09-03T12:38:26.524+0800][34.986s][info][gc,marking  ] GC(256) Concurrent Cleanup for Next Mark 0.146ms
[2026-09-03T12:38:26.524+0800][34.986s][info][gc          ] GC(256) Concurrent Mark Cycle 9.081ms
[2026-09-03T12:38:26.779+0800][35.240s][info][gc,start    ] GC(257) Pause Young (Prepare Mixed) (G1 Evacuation Pause)
[2026-09-03T12:38:26.779+0800][35.240s][info][gc,task     ] GC(257) Using 9 workers of 9 for evacuation
[2026-09-03T12:38:26.781+0800][35.242s][info][gc,phases   ] GC(257)   Pre Evacuate Collection Set: 0.04ms
[2026-09-03T12:38:26.781+0800][35.242s][info][gc,phases   ] GC(257)   Merge Heap Roots: 0.02ms
[2026-09-03T12:38:26.781+0800][35.242s][info][gc,phases   ] GC(257)   Evacuate Collection Set: 1.81ms
[2026-09-03T12:38:26.781+0800][35.242s][info][gc,phases   ] GC(257)   Post Evacuate Collection Set: 0.08ms
[2026-09-03T12:38:26.781+0800][35.242s][info][gc,phases   ] GC(257)   Other: 0.06ms
[2026-09-03T12:38:26.781+0800][35.242s][info][gc,heap     ] GC(257) Eden regions: 87->0(99)
[2026-09-03T12:38:26.781+0800][35.242s][info][gc,heap     ] GC(257) Survivor regions: 15->13(13)
[2026-09-03T12:38:26.781+0800][35.242s][info][gc,heap     ] GC(257) Old regions: 83->102
[2026-09-03T12:38:26.781+0800][35.242s][info][gc,heap     ] GC(257) Humongous regions: 1->1
[2026-09-03T12:38:26.781+0800][35.242s][info][gc,metaspace] GC(257) Metaspace: 1060K(1216K)->1060K(1216K) NonClass: 996K(1088K)->996K(1088K) Class: 64K(128K)->64K(128K)
[2026-09-03T12:38:26.781+0800][35.242s][info][gc          ] GC(257) Pause Young (Prepare Mixed) (G1 Evacuation Pause) 185M->116M(256M) 2.137ms
[2026-09-03T12:38:26.781+0800][35.242s][info][gc,cpu      ] GC(257) User=0.01s Sys=0.00s Real=0.01s
[2026-09-03T12:38:26.781+0800][35.242s][info][safepoint   ] Safepoint "G1CollectForAllocation", Time since last: 254231250 ns, Reaching safepoint: 35250 ns, At safepoint: 2161458 ns, Leaving safepoint: 18000 ns, Total: 2214708 ns, Threads: 1 runnable, 42 total
[2026-09-03T12:38:27.078+0800][35.540s][info][gc,start    ] GC(258) Pause Young (Mixed) (G1 Evacuation Pause)
[2026-09-03T12:38:27.078+0800][35.540s][info][gc,task     ] GC(258) Using 9 workers of 9 for evacuation
[2026-09-03T12:38:27.080+0800][35.542s][info][gc,phases   ] GC(258)   Pre Evacuate Collection Set: 0.05ms
[2026-09-03T12:38:27.080+0800][35.542s][info][gc,phases   ] GC(258)   Merge Heap Roots: 0.04ms
[2026-09-03T12:38:27.080+0800][35.542s][info][gc,phases   ] GC(258)   Evacuate Collection Set: 1.89ms
[2026-09-03T12:38:27.080+0800][35.542s][info][gc,phases   ] GC(258)   Post Evacuate Collection Set: 0.11ms
[2026-09-03T12:38:27.080+0800][35.542s][info][gc,phases   ] GC(258)   Other: 0.06ms
[2026-09-03T12:38:27.081+0800][35.542s][info][gc,heap     ] GC(258) Eden regions: 99->0(102)
[2026-09-03T12:38:27.081+0800][35.542s][info][gc,heap     ] GC(258) Survivor regions: 13->14(14)
[2026-09-03T12:38:27.081+0800][35.542s][info][gc,heap     ] GC(258) Old regions: 102->97
[2026-09-03T12:38:27.081+0800][35.542s][info][gc,heap     ] GC(258) Humongous regions: 1->1
[2026-09-03T12:38:27.081+0800][35.542s][info][gc,metaspace] GC(258) Metaspace: 1060K(1216K)->1060K(1216K) NonClass: 996K(1088K)->996K(1088K) Class: 64K(128K)->64K(128K)
[2026-09-03T12:38:27.081+0800][35.542s][info][gc          ] GC(258) Pause Young (Mixed) (G1 Evacuation Pause) 215M->111M(256M) 2.274ms
[2026-09-03T12:38:27.081+0800][35.542s][info][gc,cpu      ] GC(258) User=0.02s Sys=0.01s Real=0.01s
[2026-09-03T12:38:27.081+0800][35.542s][info][safepoint   ] Safepoint "G1CollectForAllocation", Time since last: 297495834 ns, Reaching safepoint: 18666 ns, At safepoint: 2299625 ns, Leaving safepoint: 21500 ns, Total: 2339791 ns, Threads: 1 runnable, 42 total
[2026-09-03T12:38:27.388+0800][35.849s][info][gc,start    ] GC(259) Pause Young (Concurrent Start) (G1 Evacuation Pause)
[2026-09-03T12:38:27.388+0800][35.849s][info][gc,task     ] GC(259) Using 9 workers of 9 for evacuation
[2026-09-03T12:38:27.390+0800][35.851s][info][gc,phases   ] GC(259)   Pre Evacuate Collection Set: 0.05ms
[2026-09-03T12:38:27.390+0800][35.851s][info][gc,phases   ] GC(259)   Merge Heap Roots: 0.02ms
[2026-09-03T12:38:27.390+0800][35.851s][info][gc,phases   ] GC(259)   Evacuate Collection Set: 1.93ms
[2026-09-03T12:38:27.390+0800][35.851s][info][gc,phases   ] GC(259)   Post Evacuate Collection Set: 0.10ms
[2026-09-03T12:38:27.390+0800][35.851s][info][gc,phases   ] GC(259)   Other: 0.06ms
[2026-09-03T12:38:27.390+0800][35.851s][info][gc,heap     ] GC(259) Eden regions: 102->0(87)
[2026-09-03T12:38:27.390+0800][35.851s][info][gc,heap     ] GC(259) Survivor regions: 14->15(15)
[2026-09-03T12:38:27.390+0800][35.851s][info][gc,heap     ] GC(259) Old regions: 97->116
[2026-09-03T12:38:27.390+0800][35.851s][info][gc,heap     ] GC(259) Humongous regions: 1->1
[2026-09-03T12:38:27.390+0800][35.851s][info][gc,metaspace] GC(259) Metaspace: 1060K(1216K)->1060K(1216K) NonClass: 996K(1088K)->996K(1088K) Class: 64K(128K)->64K(128K)
[2026-09-03T12:38:27.390+0800][35.851s][info][gc          ] GC(259) Pause Young (Concurrent Start) (G1 Evacuation Pause) 213M->132M(256M) 2.291ms
[2026-09-03T12:38:27.390+0800][35.851s][info][gc,cpu      ] GC(259) User=0.02s Sys=0.00s Real=0.01s
[2026-09-03T12:38:27.390+0800][35.851s][info][gc          ] GC(260) Concurrent Mark Cycle
[2026-09-03T12:38:27.390+0800][35.851s][info][gc,marking  ] GC(260) Concurrent Scan Root Regions
[2026-09-03T12:38:27.390+0800][35.851s][info][safepoint   ] Safepoint "G1CollectForAllocation", Time since last: 306956792 ns, Reaching safepoint: 18208 ns, At safepoint: 2320292 ns, Leaving safepoint: 34292 ns, Total: 2372792 ns, Threads: 1 runnable, 42 total
[2026-09-03T12:38:27.392+0800][35.853s][info][gc,marking  ] GC(260) Concurrent Scan Root Regions 2.124ms
[2026-09-03T12:38:27.392+0800][35.853s][info][gc,marking  ] GC(260) Concurrent Mark
[2026-09-03T12:38:27.392+0800][35.853s][info][gc,marking  ] GC(260) Concurrent Mark From Roots
[2026-09-03T12:38:27.392+0800][35.853s][info][gc,task     ] GC(260) Concurrent Mark Using 2 of 2 Workers
[2026-09-03T12:38:27.396+0800][35.857s][info][gc,marking  ] GC(260) Concurrent Mark From Roots 3.600ms
[2026-09-03T12:38:27.396+0800][35.857s][info][gc,marking  ] GC(260) Concurrent Preclean
[2026-09-03T12:38:27.396+0800][35.857s][info][gc,marking  ] GC(260) Concurrent Preclean 0.007ms
[2026-09-03T12:38:27.396+0800][35.857s][info][gc,start    ] GC(260) Pause Remark
[2026-09-03T12:38:27.396+0800][35.857s][info][gc          ] GC(260) Pause Remark 135M->102M(256M) 0.334ms
[2026-09-03T12:38:27.396+0800][35.857s][info][gc,cpu      ] GC(260) User=0.00s Sys=0.00s Real=0.00s
[2026-09-03T12:38:27.396+0800][35.857s][info][safepoint   ] Safepoint "G1PauseRemark", Time since last: 5770583 ns, Reaching safepoint: 2583 ns, At safepoint: 355292 ns, Leaving safepoint: 14500 ns, Total: 372375 ns, Threads: 0 runnable, 42 total
[2026-09-03T12:38:27.396+0800][35.857s][info][gc,marking  ] GC(260) Concurrent Mark 4.058ms
[2026-09-03T12:38:27.396+0800][35.857s][info][gc,marking  ] GC(260) Concurrent Rebuild Remembered Sets and Scrub Regions
[2026-09-03T12:38:27.399+0800][35.860s][info][gc,marking  ] GC(260) Concurrent Rebuild Remembered Sets and Scrub Regions 2.991ms
[2026-09-03T12:38:27.399+0800][35.860s][info][gc,start    ] GC(260) Pause Cleanup
[2026-09-03T12:38:27.399+0800][35.860s][info][gc          ] GC(260) Pause Cleanup 102M->102M(256M) 0.038ms
[2026-09-03T12:38:27.399+0800][35.860s][info][gc,cpu      ] GC(260) User=0.00s Sys=0.00s Real=0.00s
[2026-09-03T12:38:27.399+0800][35.860s][info][safepoint   ] Safepoint "G1PauseCleanup", Time since last: 3065542 ns, Reaching safepoint: 1791 ns, At safepoint: 58875 ns, Leaving safepoint: 1292 ns, Total: 61958 ns, Threads: 0 runnable, 42 total
[2026-09-03T12:38:27.399+0800][35.861s][info][gc,marking  ] GC(260) Concurrent Clear Claimed Marks
[2026-09-03T12:38:27.399+0800][35.861s][info][gc,marking  ] GC(260) Concurrent Clear Claimed Marks 0.007ms
[2026-09-03T12:38:27.399+0800][35.861s][info][gc,marking  ] GC(260) Concurrent Cleanup for Next Mark
[2026-09-03T12:38:27.399+0800][35.861s][info][gc,marking  ] GC(260) Concurrent Cleanup for Next Mark 0.095ms
[2026-09-03T12:38:27.399+0800][35.861s][info][gc          ] GC(260) Concurrent Mark Cycle 9.439ms
[2026-09-03T12:38:27.651+0800][36.113s][info][gc,start    ] GC(261) Pause Young (Prepare Mixed) (G1 Evacuation Pause)
[2026-09-03T12:38:27.651+0800][36.113s][info][gc,task     ] GC(261) Using 9 workers of 9 for evacuation
[2026-09-03T12:38:27.653+0800][36.115s][info][gc,phases   ] GC(261)   Pre Evacuate Collection Set: 0.06ms
[2026-09-03T12:38:27.653+0800][36.115s][info][gc,phases   ] GC(261)   Merge Heap Roots: 0.03ms
[2026-09-03T12:38:27.653+0800][36.115s][info][gc,phases   ] GC(261)   Evacuate Collection Set: 1.73ms
[2026-09-03T12:38:27.653+0800][36.115s][info][gc,phases   ] GC(261)   Post Evacuate Collection Set: 0.10ms
[2026-09-03T12:38:27.653+0800][36.115s][info][gc,phases   ] GC(261)   Other: 0.06ms
[2026-09-03T12:38:27.653+0800][36.115s][info][gc,heap     ] GC(261) Eden regions: 87->0(98)
[2026-09-03T12:38:27.653+0800][36.115s][info][gc,heap     ] GC(261) Survivor regions: 15->13(13)
[2026-09-03T12:38:27.653+0800][36.115s][info][gc,heap     ] GC(261) Old regions: 83->103
[2026-09-03T12:38:27.653+0800][36.115s][info][gc,heap     ] GC(261) Humongous regions: 1->1
[2026-09-03T12:38:27.653+0800][36.115s][info][gc,metaspace] GC(261) Metaspace: 1060K(1216K)->1060K(1216K) NonClass: 996K(1088K)->996K(1088K) Class: 64K(128K)->64K(128K)
[2026-09-03T12:38:27.654+0800][36.115s][info][gc          ] GC(261) Pause Young (Prepare Mixed) (G1 Evacuation Pause) 186M->116M(256M) 2.104ms
[2026-09-03T12:38:27.654+0800][36.115s][info][gc,cpu      ] GC(261) User=0.02s Sys=0.00s Real=0.00s
[2026-09-03T12:38:27.654+0800][36.115s][info][safepoint   ] Safepoint "G1CollectForAllocation", Time since last: 252212000 ns, Reaching safepoint: 2417 ns, At safepoint: 2131541 ns, Leaving safepoint: 45417 ns, Total: 2179375 ns, Threads: 0 runnable, 42 total
[2026-09-03T12:38:27.948+0800][36.409s][info][gc,start    ] GC(262) Pause Young (Mixed) (G1 Evacuation Pause)
[2026-09-03T12:38:27.948+0800][36.409s][info][gc,task     ] GC(262) Using 9 workers of 9 for evacuation
[2026-09-03T12:38:27.950+0800][36.412s][info][gc,phases   ] GC(262)   Pre Evacuate Collection Set: 0.04ms
[2026-09-03T12:38:27.950+0800][36.412s][info][gc,phases   ] GC(262)   Merge Heap Roots: 0.03ms
[2026-09-03T12:38:27.950+0800][36.412s][info][gc,phases   ] GC(262)   Evacuate Collection Set: 2.06ms
[2026-09-03T12:38:27.950+0800][36.412s][info][gc,phases   ] GC(262)   Post Evacuate Collection Set: 0.17ms
[2026-09-03T12:38:27.950+0800][36.412s][info][gc,phases   ] GC(262)   Other: 0.06ms
[2026-09-03T12:38:27.950+0800][36.412s][info][gc,heap     ] GC(262) Eden regions: 98->0(104)
[2026-09-03T12:38:27.950+0800][36.412s][info][gc,heap     ] GC(262) Survivor regions: 13->14(14)
[2026-09-03T12:38:27.950+0800][36.412s][info][gc,heap     ] GC(262) Old regions: 103->94
[2026-09-03T12:38:27.950+0800][36.412s][info][gc,heap     ] GC(262) Humongous regions: 1->1
[2026-09-03T12:38:27.950+0800][36.412s][info][gc,metaspace] GC(262) Metaspace: 1060K(1216K)->1060K(1216K) NonClass: 996K(1088K)->996K(1088K) Class: 64K(128K)->64K(128K)
[2026-09-03T12:38:27.950+0800][36.412s][info][gc          ] GC(262) Pause Young (Mixed) (G1 Evacuation Pause) 214M->108M(256M) 2.523ms
[2026-09-03T12:38:27.950+0800][36.412s][info][gc,cpu      ] GC(262) User=0.02s Sys=0.00s Real=0.01s
[2026-09-03T12:38:27.950+0800][36.412s][info][safepoint   ] Safepoint "G1CollectForAllocation", Time since last: 294344083 ns, Reaching safepoint: 2625 ns, At safepoint: 2551917 ns, Leaving safepoint: 26417 ns, Total: 2580959 ns, Threads: 0 runnable, 42 total
[2026-09-03T12:38:28.267+0800][36.728s][info][gc,start    ] GC(263) Pause Young (Concurrent Start) (G1 Evacuation Pause)
[2026-09-03T12:38:28.267+0800][36.728s][info][gc,task     ] GC(263) Using 9 workers of 9 for evacuation
[2026-09-03T12:38:28.269+0800][36.731s][info][gc,phases   ] GC(263)   Pre Evacuate Collection Set: 0.07ms
[2026-09-03T12:38:28.269+0800][36.731s][info][gc,phases   ] GC(263)   Merge Heap Roots: 0.03ms
[2026-09-03T12:38:28.269+0800][36.731s][info][gc,phases   ] GC(263)   Evacuate Collection Set: 2.01ms
[2026-09-03T12:38:28.269+0800][36.731s][info][gc,phases   ] GC(263)   Post Evacuate Collection Set: 0.08ms
[2026-09-03T12:38:28.269+0800][36.731s][info][gc,phases   ] GC(263)   Other: 0.06ms
[2026-09-03T12:38:28.269+0800][36.731s][info][gc,heap     ] GC(263) Eden regions: 104->0(89)
[2026-09-03T12:38:28.269+0800][36.731s][info][gc,heap     ] GC(263) Survivor regions: 14->15(15)
[2026-09-03T12:38:28.269+0800][36.731s][info][gc,heap     ] GC(263) Old regions: 94->114
[2026-09-03T12:38:28.269+0800][36.731s][info][gc,heap     ] GC(263) Humongous regions: 1->1
[2026-09-03T12:38:28.269+0800][36.731s][info][gc,metaspace] GC(263) Metaspace: 1060K(1216K)->1060K(1216K) NonClass: 996K(1088K)->996K(1088K) Class: 64K(128K)->64K(128K)
[2026-09-03T12:38:28.269+0800][36.731s][info][gc          ] GC(263) Pause Young (Concurrent Start) (G1 Evacuation Pause) 212M->129M(256M) 2.386ms
[2026-09-03T12:38:28.269+0800][36.731s][info][gc,cpu      ] GC(263) User=0.01s Sys=0.00s Real=0.00s
[2026-09-03T12:38:28.269+0800][36.731s][info][gc          ] GC(264) Concurrent Mark Cycle
[2026-09-03T12:38:28.269+0800][36.731s][info][gc,marking  ] GC(264) Concurrent Scan Root Regions
[2026-09-03T12:38:28.269+0800][36.731s][info][safepoint   ] Safepoint "G1CollectForAllocation", Time since last: 316409333 ns, Reaching safepoint: 2083 ns, At safepoint: 2415584 ns, Leaving safepoint: 21875 ns, Total: 2439542 ns, Threads: 0 runnable, 42 total
[2026-09-03T12:38:28.271+0800][36.733s][info][gc,marking  ] GC(264) Concurrent Scan Root Regions 2.055ms
[2026-09-03T12:38:28.271+0800][36.733s][info][gc,marking  ] GC(264) Concurrent Mark
[2026-09-03T12:38:28.271+0800][36.733s][info][gc,marking  ] GC(264) Concurrent Mark From Roots
[2026-09-03T12:38:28.271+0800][36.733s][info][gc,task     ] GC(264) Concurrent Mark Using 2 of 2 Workers
[2026-09-03T12:38:28.275+0800][36.736s][info][gc,marking  ] GC(264) Concurrent Mark From Roots 3.196ms
[2026-09-03T12:38:28.275+0800][36.736s][info][gc,marking  ] GC(264) Concurrent Preclean
[2026-09-03T12:38:28.275+0800][36.736s][info][gc,marking  ] GC(264) Concurrent Preclean 0.011ms
[2026-09-03T12:38:28.275+0800][36.736s][info][gc,start    ] GC(264) Pause Remark
[2026-09-03T12:38:28.275+0800][36.736s][info][gc          ] GC(264) Pause Remark 133M->99M(256M) 0.357ms
[2026-09-03T12:38:28.275+0800][36.736s][info][gc,cpu      ] GC(264) User=0.00s Sys=0.00s Real=0.00s
[2026-09-03T12:38:28.275+0800][36.736s][info][safepoint   ] Safepoint "G1PauseRemark", Time since last: 5323750 ns, Reaching safepoint: 3583 ns, At safepoint: 390250 ns, Leaving safepoint: 14667 ns, Total: 408500 ns, Threads: 0 runnable, 42 total
[2026-09-03T12:38:28.275+0800][36.736s][info][gc,marking  ] GC(264) Concurrent Mark 3.709ms
[2026-09-03T12:38:28.275+0800][36.736s][info][gc,marking  ] GC(264) Concurrent Rebuild Remembered Sets and Scrub Regions
[2026-09-03T12:38:28.278+0800][36.740s][info][gc,marking  ] GC(264) Concurrent Rebuild Remembered Sets and Scrub Regions 3.311ms
[2026-09-03T12:38:28.278+0800][36.740s][info][gc,start    ] GC(264) Pause Cleanup
[2026-09-03T12:38:28.279+0800][36.740s][info][gc          ] GC(264) Pause Cleanup 99M->99M(256M) 0.036ms
[2026-09-03T12:38:28.279+0800][36.740s][info][gc,cpu      ] GC(264) User=0.00s Sys=0.00s Real=0.00s
[2026-09-03T12:38:28.279+0800][36.740s][info][safepoint   ] Safepoint "G1PauseCleanup", Time since last: 3400416 ns, Reaching safepoint: 19000 ns, At safepoint: 54292 ns, Leaving safepoint: 5375 ns, Total: 78667 ns, Threads: 1 runnable, 42 total
[2026-09-03T12:38:28.279+0800][36.740s][info][gc,marking  ] GC(264) Concurrent Clear Claimed Marks
[2026-09-03T12:38:28.279+0800][36.740s][info][gc,marking  ] GC(264) Concurrent Clear Claimed Marks 0.006ms
[2026-09-03T12:38:28.279+0800][36.740s][info][gc,marking  ] GC(264) Concurrent Cleanup for Next Mark
[2026-09-03T12:38:28.279+0800][36.740s][info][gc,marking  ] GC(264) Concurrent Cleanup for Next Mark 0.086ms
[2026-09-03T12:38:28.279+0800][36.740s][info][gc          ] GC(264) Concurrent Mark Cycle 9.361ms
[2026-09-03T12:38:28.536+0800][36.998s][info][gc,start    ] GC(265) Pause Young (Prepare Mixed) (G1 Evacuation Pause)
[2026-09-03T12:38:28.536+0800][36.998s][info][gc,task     ] GC(265) Using 9 workers of 9 for evacuation
[2026-09-03T12:38:28.538+0800][37.000s][info][gc,phases   ] GC(265)   Pre Evacuate Collection Set: 0.08ms
[2026-09-03T12:38:28.538+0800][37.000s][info][gc,phases   ] GC(265)   Merge Heap Roots: 0.03ms
[2026-09-03T12:38:28.538+0800][37.000s][info][gc,phases   ] GC(265)   Evacuate Collection Set: 1.74ms
[2026-09-03T12:38:28.538+0800][37.000s][info][gc,phases   ] GC(265)   Post Evacuate Collection Set: 0.10ms
[2026-09-03T12:38:28.538+0800][37.000s][info][gc,phases   ] GC(265)   Other: 0.07ms
[2026-09-03T12:38:28.538+0800][37.000s][info][gc,heap     ] GC(265) Eden regions: 89->0(99)
[2026-09-03T12:38:28.538+0800][37.000s][info][gc,heap     ] GC(265) Survivor regions: 15->13(13)
[2026-09-03T12:38:28.538+0800][37.000s][info][gc,heap     ] GC(265) Old regions: 80->101
[2026-09-03T12:38:28.538+0800][37.000s][info][gc,heap     ] GC(265) Humongous regions: 1->1
[2026-09-03T12:38:28.538+0800][37.000s][info][gc,metaspace] GC(265) Metaspace: 1060K(1216K)->1060K(1216K) NonClass: 996K(1088K)->996K(1088K) Class: 64K(128K)->64K(128K)
[2026-09-03T12:38:28.538+0800][37.000s][info][gc          ] GC(265) Pause Young (Prepare Mixed) (G1 Evacuation Pause) 184M->114M(256M) 2.128ms
[2026-09-03T12:38:28.538+0800][37.000s][info][gc,cpu      ] GC(265) User=0.02s Sys=0.00s Real=0.00s
[2026-09-03T12:38:28.538+0800][37.000s][info][safepoint   ] Safepoint "G1CollectForAllocation", Time since last: 257632792 ns, Reaching safepoint: 2458 ns, At safepoint: 2153208 ns, Leaving safepoint: 21959 ns, Total: 2177625 ns, Threads: 0 runnable, 42 total
[2026-09-03T12:38:28.836+0800][37.297s][info][gc,start    ] GC(266) Pause Young (Mixed) (G1 Evacuation Pause)
[2026-09-03T12:38:28.836+0800][37.297s][info][gc,task     ] GC(266) Using 9 workers of 9 for evacuation
[2026-09-03T12:38:28.838+0800][37.299s][info][gc,phases   ] GC(266)   Pre Evacuate Collection Set: 0.05ms
[2026-09-03T12:38:28.838+0800][37.299s][info][gc,phases   ] GC(266)   Merge Heap Roots: 0.02ms
[2026-09-03T12:38:28.838+0800][37.299s][info][gc,phases   ] GC(266)   Evacuate Collection Set: 1.85ms
[2026-09-03T12:38:28.838+0800][37.299s][info][gc,phases   ] GC(266)   Post Evacuate Collection Set: 0.09ms
[2026-09-03T12:38:28.838+0800][37.299s][info][gc,phases   ] GC(266)   Other: 0.05ms
[2026-09-03T12:38:28.838+0800][37.299s][info][gc,heap     ] GC(266) Eden regions: 99->0(102)
[2026-09-03T12:38:28.838+0800][37.299s][info][gc,heap     ] GC(266) Survivor regions: 13->14(14)
[2026-09-03T12:38:28.838+0800][37.299s][info][gc,heap     ] GC(266) Old regions: 101->96
[2026-09-03T12:38:28.838+0800][37.299s][info][gc,heap     ] GC(266) Humongous regions: 1->1
[2026-09-03T12:38:28.838+0800][37.299s][info][gc,metaspace] GC(266) Metaspace: 1060K(1216K)->1060K(1216K) NonClass: 996K(1088K)->996K(1088K) Class: 64K(128K)->64K(128K)
[2026-09-03T12:38:28.838+0800][37.299s][info][gc          ] GC(266) Pause Young (Mixed) (G1 Evacuation Pause) 213M->110M(256M) 2.199ms
[2026-09-03T12:38:28.838+0800][37.299s][info][gc,cpu      ] GC(266) User=0.02s Sys=0.00s Real=0.00s
[2026-09-03T12:38:28.838+0800][37.299s][info][safepoint   ] Safepoint "G1CollectForAllocation", Time since last: 297406416 ns, Reaching safepoint: 2875 ns, At safepoint: 2226459 ns, Leaving safepoint: 20708 ns, Total: 2250042 ns, Threads: 0 runnable, 42 total
[2026-09-03T12:38:29.145+0800][37.606s][info][gc,start    ] GC(267) Pause Young (Concurrent Start) (G1 Evacuation Pause)
[2026-09-03T12:38:29.145+0800][37.606s][info][gc,task     ] GC(267) Using 9 workers of 9 for evacuation
[2026-09-03T12:38:29.147+0800][37.608s][info][gc,phases   ] GC(267)   Pre Evacuate Collection Set: 0.08ms
[2026-09-03T12:38:29.147+0800][37.608s][info][gc,phases   ] GC(267)   Merge Heap Roots: 0.02ms
[2026-09-03T12:38:29.147+0800][37.608s][info][gc,phases   ] GC(267)   Evacuate Collection Set: 1.89ms
[2026-09-03T12:38:29.147+0800][37.608s][info][gc,phases   ] GC(267)   Post Evacuate Collection Set: 0.08ms
[2026-09-03T12:38:29.147+0800][37.608s][info][gc,phases   ] GC(267)   Other: 0.06ms
[2026-09-03T12:38:29.147+0800][37.608s][info][gc,heap     ] GC(267) Eden regions: 102->0(87)
[2026-09-03T12:38:29.147+0800][37.608s][info][gc,heap     ] GC(267) Survivor regions: 14->15(15)
[2026-09-03T12:38:29.147+0800][37.608s][info][gc,heap     ] GC(267) Old regions: 96->116
[2026-09-03T12:38:29.147+0800][37.608s][info][gc,heap     ] GC(267) Humongous regions: 1->1
[2026-09-03T12:38:29.147+0800][37.608s][info][gc,metaspace] GC(267) Metaspace: 1060K(1216K)->1060K(1216K) NonClass: 996K(1088K)->996K(1088K) Class: 64K(128K)->64K(128K)
[2026-09-03T12:38:29.147+0800][37.608s][info][gc          ] GC(267) Pause Young (Concurrent Start) (G1 Evacuation Pause) 212M->131M(256M) 2.253ms
[2026-09-03T12:38:29.147+0800][37.608s][info][gc,cpu      ] GC(267) User=0.01s Sys=0.00s Real=0.00s
[2026-09-03T12:38:29.147+0800][37.608s][info][gc          ] GC(268) Concurrent Mark Cycle
[2026-09-03T12:38:29.147+0800][37.609s][info][gc,marking  ] GC(268) Concurrent Scan Root Regions
[2026-09-03T12:38:29.147+0800][37.609s][info][safepoint   ] Safepoint "G1CollectForAllocation", Time since last: 306866458 ns, Reaching safepoint: 4042 ns, At safepoint: 2283333 ns, Leaving safepoint: 19209 ns, Total: 2306584 ns, Threads: 0 runnable, 42 total
[2026-09-03T12:38:29.150+0800][37.611s][info][gc,marking  ] GC(268) Concurrent Scan Root Regions 2.374ms
[2026-09-03T12:38:29.150+0800][37.611s][info][gc,marking  ] GC(268) Concurrent Mark
[2026-09-03T12:38:29.150+0800][37.611s][info][gc,marking  ] GC(268) Concurrent Mark From Roots
[2026-09-03T12:38:29.150+0800][37.611s][info][gc,task     ] GC(268) Concurrent Mark Using 2 of 2 Workers
[2026-09-03T12:38:29.154+0800][37.616s][info][gc,marking  ] GC(268) Concurrent Mark From Roots 4.763ms
[2026-09-03T12:38:29.154+0800][37.616s][info][gc,marking  ] GC(268) Concurrent Preclean
[2026-09-03T12:38:29.154+0800][37.616s][info][gc,marking  ] GC(268) Concurrent Preclean 0.011ms
[2026-09-03T12:38:29.154+0800][37.616s][info][gc,start    ] GC(268) Pause Remark
[2026-09-03T12:38:29.155+0800][37.616s][info][gc          ] GC(268) Pause Remark 135M->104M(256M) 0.339ms
[2026-09-03T12:38:29.155+0800][37.616s][info][gc,cpu      ] GC(268) User=0.00s Sys=0.00s Real=0.00s
[2026-09-03T12:38:29.155+0800][37.616s][info][safepoint   ] Safepoint "G1PauseRemark", Time since last: 7245208 ns, Reaching safepoint: 2500 ns, At safepoint: 359292 ns, Leaving safepoint: 19125 ns, Total: 380917 ns, Threads: 0 runnable, 42 total
[2026-09-03T12:38:29.155+0800][37.616s][info][gc,marking  ] GC(268) Concurrent Mark 5.232ms
[2026-09-03T12:38:29.155+0800][37.616s][info][gc,marking  ] GC(268) Concurrent Rebuild Remembered Sets and Scrub Regions
[2026-09-03T12:38:29.159+0800][37.620s][info][gc,marking  ] GC(268) Concurrent Rebuild Remembered Sets and Scrub Regions 3.811ms
[2026-09-03T12:38:29.159+0800][37.620s][info][gc,start    ] GC(268) Pause Cleanup
[2026-09-03T12:38:29.159+0800][37.620s][info][gc          ] GC(268) Pause Cleanup 106M->106M(256M) 0.107ms
[2026-09-03T12:38:29.159+0800][37.620s][info][gc,cpu      ] GC(268) User=0.00s Sys=0.00s Real=0.00s
[2026-09-03T12:38:29.159+0800][37.620s][info][safepoint   ] Safepoint "G1PauseCleanup", Time since last: 3966208 ns, Reaching safepoint: 69458 ns, At safepoint: 148292 ns, Leaving safepoint: 65375 ns, Total: 283125 ns, Threads: 4 runnable, 42 total
[2026-09-03T12:38:29.159+0800][37.620s][info][gc,marking  ] GC(268) Concurrent Clear Claimed Marks
[2026-09-03T12:38:29.159+0800][37.620s][info][gc,marking  ] GC(268) Concurrent Clear Claimed Marks 0.015ms
[2026-09-03T12:38:29.159+0800][37.620s][info][gc,marking  ] GC(268) Concurrent Cleanup for Next Mark
[2026-09-03T12:38:29.159+0800][37.621s][info][gc,marking  ] GC(268) Concurrent Cleanup for Next Mark 0.216ms
[2026-09-03T12:38:29.159+0800][37.621s][info][gc          ] GC(268) Concurrent Mark Cycle 12.291ms
[2026-09-03T12:38:29.410+0800][37.871s][info][gc,start    ] GC(269) Pause Young (Prepare Mixed) (G1 Evacuation Pause)
[2026-09-03T12:38:29.410+0800][37.871s][info][gc,task     ] GC(269) Using 9 workers of 9 for evacuation
[2026-09-03T12:38:29.412+0800][37.873s][info][gc,phases   ] GC(269)   Pre Evacuate Collection Set: 0.08ms
[2026-09-03T12:38:29.412+0800][37.873s][info][gc,phases   ] GC(269)   Merge Heap Roots: 0.04ms
[2026-09-03T12:38:29.412+0800][37.873s][info][gc,phases   ] GC(269)   Evacuate Collection Set: 1.85ms
[2026-09-03T12:38:29.412+0800][37.873s][info][gc,phases   ] GC(269)   Post Evacuate Collection Set: 0.12ms
[2026-09-03T12:38:29.412+0800][37.873s][info][gc,phases   ] GC(269)   Other: 0.06ms
[2026-09-03T12:38:29.412+0800][37.873s][info][gc,heap     ] GC(269) Eden regions: 87->0(97)
[2026-09-03T12:38:29.412+0800][37.873s][info][gc,heap     ] GC(269) Survivor regions: 15->13(13)
[2026-09-03T12:38:29.412+0800][37.873s][info][gc,heap     ] GC(269) Old regions: 85->105
[2026-09-03T12:38:29.412+0800][37.873s][info][gc,heap     ] GC(269) Humongous regions: 1->1
[2026-09-03T12:38:29.412+0800][37.873s][info][gc,metaspace] GC(269) Metaspace: 1060K(1216K)->1060K(1216K) NonClass: 996K(1088K)->996K(1088K) Class: 64K(128K)->64K(128K)
[2026-09-03T12:38:29.412+0800][37.873s][info][gc          ] GC(269) Pause Young (Prepare Mixed) (G1 Evacuation Pause) 187M->118M(256M) 2.286ms
[2026-09-03T12:38:29.412+0800][37.873s][info][gc,cpu      ] GC(269) User=0.02s Sys=0.00s Real=0.00s
[2026-09-03T12:38:29.412+0800][37.873s][info][safepoint   ] Safepoint "G1CollectForAllocation", Time since last: 250481250 ns, Reaching safepoint: 2792 ns, At safepoint: 2309666 ns, Leaving safepoint: 65917 ns, Total: 2378375 ns, Threads: 0 runnable, 42 total
[2026-09-03T12:38:29.703+0800][38.164s][info][gc,start    ] GC(270) Pause Young (Mixed) (G1 Evacuation Pause)
[2026-09-03T12:38:29.703+0800][38.164s][info][gc,task     ] GC(270) Using 9 workers of 9 for evacuation
[2026-09-03T12:38:29.705+0800][38.167s][info][gc,phases   ] GC(270)   Pre Evacuate Collection Set: 0.05ms
[2026-09-03T12:38:29.705+0800][38.167s][info][gc,phases   ] GC(270)   Merge Heap Roots: 0.04ms
[2026-09-03T12:38:29.705+0800][38.167s][info][gc,phases   ] GC(270)   Evacuate Collection Set: 1.88ms
[2026-09-03T12:38:29.705+0800][38.167s][info][gc,phases   ] GC(270)   Post Evacuate Collection Set: 0.10ms
[2026-09-03T12:38:29.705+0800][38.167s][info][gc,phases   ] GC(270)   Other: 0.06ms
[2026-09-03T12:38:29.705+0800][38.167s][info][gc,heap     ] GC(270) Eden regions: 97->0(102)
[2026-09-03T12:38:29.705+0800][38.167s][info][gc,heap     ] GC(270) Survivor regions: 13->14(14)
[2026-09-03T12:38:29.705+0800][38.167s][info][gc,heap     ] GC(270) Old regions: 105->97
[2026-09-03T12:38:29.705+0800][38.167s][info][gc,heap     ] GC(270) Humongous regions: 1->1
[2026-09-03T12:38:29.705+0800][38.167s][info][gc,metaspace] GC(270) Metaspace: 1060K(1216K)->1060K(1216K) NonClass: 996K(1088K)->996K(1088K) Class: 64K(128K)->64K(128K)
[2026-09-03T12:38:29.705+0800][38.167s][info][gc          ] GC(270) Pause Young (Mixed) (G1 Evacuation Pause) 215M->111M(256M) 2.242ms
[2026-09-03T12:38:29.705+0800][38.167s][info][gc,cpu      ] GC(270) User=0.02s Sys=0.00s Real=0.00s
[2026-09-03T12:38:29.705+0800][38.167s][info][safepoint   ] Safepoint "G1CollectForAllocation", Time since last: 291115167 ns, Reaching safepoint: 2458 ns, At safepoint: 2267500 ns, Leaving safepoint: 19542 ns, Total: 2289500 ns, Threads: 0 runnable, 42 total
[2026-09-03T12:38:30.014+0800][38.476s][info][gc,start    ] GC(271) Pause Young (Concurrent Start) (G1 Evacuation Pause)
[2026-09-03T12:38:30.014+0800][38.476s][info][gc,task     ] GC(271) Using 9 workers of 9 for evacuation
[2026-09-03T12:38:30.017+0800][38.478s][info][gc,phases   ] GC(271)   Pre Evacuate Collection Set: 0.11ms
[2026-09-03T12:38:30.017+0800][38.478s][info][gc,phases   ] GC(271)   Merge Heap Roots: 0.05ms
[2026-09-03T12:38:30.017+0800][38.478s][info][gc,phases   ] GC(271)   Evacuate Collection Set: 2.40ms
[2026-09-03T12:38:30.017+0800][38.478s][info][gc,phases   ] GC(271)   Post Evacuate Collection Set: 0.13ms
[2026-09-03T12:38:30.017+0800][38.478s][info][gc,phases   ] GC(271)   Other: 0.06ms
[2026-09-03T12:38:30.017+0800][38.478s][info][gc,heap     ] GC(271) Eden regions: 102->0(87)
[2026-09-03T12:38:30.017+0800][38.478s][info][gc,heap     ] GC(271) Survivor regions: 14->15(15)
[2026-09-03T12:38:30.017+0800][38.478s][info][gc,heap     ] GC(271) Old regions: 97->116
[2026-09-03T12:38:30.017+0800][38.478s][info][gc,heap     ] GC(271) Humongous regions: 1->1
[2026-09-03T12:38:30.017+0800][38.478s][info][gc,metaspace] GC(271) Metaspace: 1060K(1216K)->1060K(1216K) NonClass: 996K(1088K)->996K(1088K) Class: 64K(128K)->64K(128K)
[2026-09-03T12:38:30.017+0800][38.478s][info][gc          ] GC(271) Pause Young (Concurrent Start) (G1 Evacuation Pause) 213M->132M(256M) 2.888ms
[2026-09-03T12:38:30.017+0800][38.478s][info][gc,cpu      ] GC(271) User=0.02s Sys=0.00s Real=0.00s
[2026-09-03T12:38:30.017+0800][38.478s][info][gc          ] GC(272) Concurrent Mark Cycle
[2026-09-03T12:38:30.017+0800][38.478s][info][gc,marking  ] GC(272) Concurrent Scan Root Regions
[2026-09-03T12:38:30.017+0800][38.478s][info][safepoint   ] Safepoint "G1CollectForAllocation", Time since last: 308812166 ns, Reaching safepoint: 68250 ns, At safepoint: 2919209 ns, Leaving safepoint: 17083 ns, Total: 3004542 ns, Threads: 1 runnable, 42 total
[2026-09-03T12:38:30.020+0800][38.481s][info][gc,marking  ] GC(272) Concurrent Scan Root Regions 2.394ms
[2026-09-03T12:38:30.020+0800][38.481s][info][gc,marking  ] GC(272) Concurrent Mark
[2026-09-03T12:38:30.020+0800][38.481s][info][gc,marking  ] GC(272) Concurrent Mark From Roots
[2026-09-03T12:38:30.020+0800][38.481s][info][gc,task     ] GC(272) Concurrent Mark Using 2 of 2 Workers
[2026-09-03T12:38:30.024+0800][38.485s][info][gc,marking  ] GC(272) Concurrent Mark From Roots 4.152ms
[2026-09-03T12:38:30.024+0800][38.485s][info][gc,marking  ] GC(272) Concurrent Preclean
[2026-09-03T12:38:30.024+0800][38.485s][info][gc,marking  ] GC(272) Concurrent Preclean 0.010ms
[2026-09-03T12:38:30.024+0800][38.485s][info][gc,start    ] GC(272) Pause Remark
[2026-09-03T12:38:30.024+0800][38.486s][info][gc          ] GC(272) Pause Remark 135M->100M(256M) 0.446ms
[2026-09-03T12:38:30.024+0800][38.486s][info][gc,cpu      ] GC(272) User=0.00s Sys=0.00s Real=0.00s
[2026-09-03T12:38:30.024+0800][38.486s][info][safepoint   ] Safepoint "G1PauseRemark", Time since last: 6743875 ns, Reaching safepoint: 3417 ns, At safepoint: 484875 ns, Leaving safepoint: 33958 ns, Total: 522250 ns, Threads: 0 runnable, 42 total
[2026-09-03T12:38:30.025+0800][38.486s][info][gc,marking  ] GC(272) Concurrent Mark 4.944ms
[2026-09-03T12:38:30.025+0800][38.486s][info][gc,marking  ] GC(272) Concurrent Rebuild Remembered Sets and Scrub Regions
[2026-09-03T12:38:30.030+0800][38.491s][info][gc,marking  ] GC(272) Concurrent Rebuild Remembered Sets and Scrub Regions 5.299ms
[2026-09-03T12:38:30.030+0800][38.491s][info][gc,start    ] GC(272) Pause Cleanup
[2026-09-03T12:38:30.030+0800][38.491s][info][gc          ] GC(272) Pause Cleanup 102M->102M(256M) 0.062ms
[2026-09-03T12:38:30.030+0800][38.491s][info][gc,cpu      ] GC(272) User=0.00s Sys=0.00s Real=0.00s
[2026-09-03T12:38:30.030+0800][38.491s][info][safepoint   ] Safepoint "G1PauseCleanup", Time since last: 5513958 ns, Reaching safepoint: 23042 ns, At safepoint: 142208 ns, Leaving safepoint: 13000 ns, Total: 178250 ns, Threads: 0 runnable, 42 total
[2026-09-03T12:38:30.030+0800][38.491s][info][gc,marking  ] GC(272) Concurrent Clear Claimed Marks
[2026-09-03T12:38:30.030+0800][38.491s][info][gc,marking  ] GC(272) Concurrent Clear Claimed Marks 0.036ms
[2026-09-03T12:38:30.030+0800][38.492s][info][gc,marking  ] GC(272) Concurrent Cleanup for Next Mark
[2026-09-03T12:38:30.030+0800][38.492s][info][gc,marking  ] GC(272) Concurrent Cleanup for Next Mark 0.172ms
[2026-09-03T12:38:30.030+0800][38.492s][info][gc          ] GC(272) Concurrent Mark Cycle 13.289ms
[2026-09-03T12:38:30.278+0800][38.739s][info][gc,start    ] GC(273) Pause Young (Prepare Mixed) (G1 Evacuation Pause)
[2026-09-03T12:38:30.278+0800][38.739s][info][gc,task     ] GC(273) Using 9 workers of 9 for evacuation
[2026-09-03T12:38:30.280+0800][38.741s][info][gc,phases   ] GC(273)   Pre Evacuate Collection Set: 0.06ms
[2026-09-03T12:38:30.280+0800][38.741s][info][gc,phases   ] GC(273)   Merge Heap Roots: 0.04ms
[2026-09-03T12:38:30.280+0800][38.741s][info][gc,phases   ] GC(273)   Evacuate Collection Set: 1.74ms
[2026-09-03T12:38:30.280+0800][38.741s][info][gc,phases   ] GC(273)   Post Evacuate Collection Set: 0.09ms
[2026-09-03T12:38:30.280+0800][38.741s][info][gc,phases   ] GC(273)   Other: 0.06ms
[2026-09-03T12:38:30.280+0800][38.741s][info][gc,heap     ] GC(273) Eden regions: 87->0(99)
[2026-09-03T12:38:30.280+0800][38.741s][info][gc,heap     ] GC(273) Survivor regions: 15->13(13)
[2026-09-03T12:38:30.280+0800][38.741s][info][gc,heap     ] GC(273) Old regions: 81->101
[2026-09-03T12:38:30.280+0800][38.741s][info][gc,heap     ] GC(273) Humongous regions: 1->1
[2026-09-03T12:38:30.280+0800][38.741s][info][gc,metaspace] GC(273) Metaspace: 1060K(1216K)->1060K(1216K) NonClass: 996K(1088K)->996K(1088K) Class: 64K(128K)->64K(128K)
[2026-09-03T12:38:30.280+0800][38.741s][info][gc          ] GC(273) Pause Young (Prepare Mixed) (G1 Evacuation Pause) 184M->114M(256M) 2.104ms
[2026-09-03T12:38:30.280+0800][38.741s][info][gc,cpu      ] GC(273) User=0.02s Sys=0.01s Real=0.01s
[2026-09-03T12:38:30.280+0800][38.741s][info][safepoint   ] Safepoint "G1CollectForAllocation", Time since last: 247754792 ns, Reaching safepoint: 2375 ns, At safepoint: 2128750 ns, Leaving safepoint: 21667 ns, Total: 2152792 ns, Threads: 0 runnable, 42 total
[2026-09-03T12:38:30.578+0800][39.039s][info][gc,start    ] GC(274) Pause Young (Mixed) (G1 Evacuation Pause)
[2026-09-03T12:38:30.578+0800][39.039s][info][gc,task     ] GC(274) Using 9 workers of 9 for evacuation
[2026-09-03T12:38:30.580+0800][39.041s][info][gc,phases   ] GC(274)   Pre Evacuate Collection Set: 0.05ms
[2026-09-03T12:38:30.580+0800][39.041s][info][gc,phases   ] GC(274)   Merge Heap Roots: 0.02ms
[2026-09-03T12:38:30.580+0800][39.041s][info][gc,phases   ] GC(274)   Evacuate Collection Set: 1.88ms
[2026-09-03T12:38:30.580+0800][39.041s][info][gc,phases   ] GC(274)   Post Evacuate Collection Set: 0.11ms
[2026-09-03T12:38:30.580+0800][39.041s][info][gc,phases   ] GC(274)   Other: 0.06ms
[2026-09-03T12:38:30.580+0800][39.041s][info][gc,heap     ] GC(274) Eden regions: 99->0(102)
[2026-09-03T12:38:30.580+0800][39.041s][info][gc,heap     ] GC(274) Survivor regions: 13->14(14)
[2026-09-03T12:38:30.580+0800][39.041s][info][gc,heap     ] GC(274) Old regions: 101->96
[2026-09-03T12:38:30.580+0800][39.041s][info][gc,heap     ] GC(274) Humongous regions: 1->1
[2026-09-03T12:38:30.580+0800][39.041s][info][gc,metaspace] GC(274) Metaspace: 1060K(1216K)->1060K(1216K) NonClass: 996K(1088K)->996K(1088K) Class: 64K(128K)->64K(128K)
[2026-09-03T12:38:30.580+0800][39.041s][info][gc          ] GC(274) Pause Young (Mixed) (G1 Evacuation Pause) 213M->110M(256M) 2.244ms
[2026-09-03T12:38:30.580+0800][39.041s][info][gc,cpu      ] GC(274) User=0.02s Sys=0.00s Real=0.01s
[2026-09-03T12:38:30.580+0800][39.041s][info][safepoint   ] Safepoint "G1CollectForAllocation", Time since last: 297563333 ns, Reaching safepoint: 2625 ns, At safepoint: 2266667 ns, Leaving safepoint: 44791 ns, Total: 2314083 ns, Threads: 0 runnable, 42 total
[2026-09-03T12:38:30.887+0800][39.348s][info][gc,start    ] GC(275) Pause Young (Concurrent Start) (G1 Evacuation Pause)
[2026-09-03T12:38:30.887+0800][39.348s][info][gc,task     ] GC(275) Using 9 workers of 9 for evacuation
[2026-09-03T12:38:30.889+0800][39.350s][info][gc,phases   ] GC(275)   Pre Evacuate Collection Set: 0.07ms
[2026-09-03T12:38:30.889+0800][39.350s][info][gc,phases   ] GC(275)   Merge Heap Roots: 0.03ms
[2026-09-03T12:38:30.889+0800][39.350s][info][gc,phases   ] GC(275)   Evacuate Collection Set: 1.80ms
[2026-09-03T12:38:30.889+0800][39.350s][info][gc,phases   ] GC(275)   Post Evacuate Collection Set: 0.11ms
[2026-09-03T12:38:30.889+0800][39.350s][info][gc,phases   ] GC(275)   Other: 0.07ms
[2026-09-03T12:38:30.889+0800][39.350s][info][gc,heap     ] GC(275) Eden regions: 102->0(87)
[2026-09-03T12:38:30.889+0800][39.350s][info][gc,heap     ] GC(275) Survivor regions: 14->15(15)
[2026-09-03T12:38:30.889+0800][39.350s][info][gc,heap     ] GC(275) Old regions: 96->116
[2026-09-03T12:38:30.889+0800][39.350s][info][gc,heap     ] GC(275) Humongous regions: 1->1
[2026-09-03T12:38:30.889+0800][39.350s][info][gc,metaspace] GC(275) Metaspace: 1060K(1216K)->1060K(1216K) NonClass: 996K(1088K)->996K(1088K) Class: 64K(128K)->64K(128K)
[2026-09-03T12:38:30.889+0800][39.350s][info][gc          ] GC(275) Pause Young (Concurrent Start) (G1 Evacuation Pause) 212M->131M(256M) 2.219ms
[2026-09-03T12:38:30.889+0800][39.350s][info][gc,cpu      ] GC(275) User=0.01s Sys=0.00s Real=0.00s
[2026-09-03T12:38:30.889+0800][39.350s][info][gc          ] GC(276) Concurrent Mark Cycle
[2026-09-03T12:38:30.889+0800][39.350s][info][gc,marking  ] GC(276) Concurrent Scan Root Regions
[2026-09-03T12:38:30.889+0800][39.350s][info][safepoint   ] Safepoint "G1CollectForAllocation", Time since last: 306812084 ns, Reaching safepoint: 2458 ns, At safepoint: 2247167 ns, Leaving safepoint: 37333 ns, Total: 2286958 ns, Threads: 0 runnable, 42 total
[2026-09-03T12:38:30.891+0800][39.352s][info][gc,marking  ] GC(276) Concurrent Scan Root Regions 2.046ms
[2026-09-03T12:38:30.891+0800][39.352s][info][gc,marking  ] GC(276) Concurrent Mark
[2026-09-03T12:38:30.891+0800][39.352s][info][gc,marking  ] GC(276) Concurrent Mark From Roots
[2026-09-03T12:38:30.891+0800][39.352s][info][gc,task     ] GC(276) Concurrent Mark Using 2 of 2 Workers
[2026-09-03T12:38:30.895+0800][39.356s][info][gc,marking  ] GC(276) Concurrent Mark From Roots 4.022ms
[2026-09-03T12:38:30.895+0800][39.356s][info][gc,marking  ] GC(276) Concurrent Preclean
[2026-09-03T12:38:30.895+0800][39.356s][info][gc,marking  ] GC(276) Concurrent Preclean 0.011ms
[2026-09-03T12:38:30.895+0800][39.356s][info][gc,start    ] GC(276) Pause Remark
[2026-09-03T12:38:30.896+0800][39.357s][info][gc          ] GC(276) Pause Remark 135M->102M(256M) 0.378ms
[2026-09-03T12:38:30.896+0800][39.357s][info][gc,cpu      ] GC(276) User=0.00s Sys=0.00s Real=0.00s
[2026-09-03T12:38:30.896+0800][39.357s][info][safepoint   ] Safepoint "G1PauseRemark", Time since last: 6126667 ns, Reaching safepoint: 2750 ns, At safepoint: 402250 ns, Leaving safepoint: 33041 ns, Total: 438041 ns, Threads: 0 runnable, 42 total
[2026-09-03T12:38:30.896+0800][39.357s][info][gc,marking  ] GC(276) Concurrent Mark 4.549ms
[2026-09-03T12:38:30.896+0800][39.357s][info][gc,marking  ] GC(276) Concurrent Rebuild Remembered Sets and Scrub Regions
[2026-09-03T12:38:30.899+0800][39.360s][info][gc,marking  ] GC(276) Concurrent Rebuild Remembered Sets and Scrub Regions 3.074ms
[2026-09-03T12:38:30.899+0800][39.360s][info][gc,start    ] GC(276) Pause Cleanup
[2026-09-03T12:38:30.899+0800][39.360s][info][gc          ] GC(276) Pause Cleanup 103M->103M(256M) 0.032ms
[2026-09-03T12:38:30.899+0800][39.360s][info][gc,cpu      ] GC(276) User=0.00s Sys=0.00s Real=0.00s
[2026-09-03T12:38:30.899+0800][39.360s][info][safepoint   ] Safepoint "G1PauseCleanup", Time since last: 3160250 ns, Reaching safepoint: 1625 ns, At safepoint: 47000 ns, Leaving safepoint: 2667 ns, Total: 51292 ns, Threads: 0 runnable, 42 total
[2026-09-03T12:38:30.899+0800][39.360s][info][gc,marking  ] GC(276) Concurrent Clear Claimed Marks
[2026-09-03T12:38:30.899+0800][39.360s][info][gc,marking  ] GC(276) Concurrent Clear Claimed Marks 0.004ms
[2026-09-03T12:38:30.899+0800][39.360s][info][gc,marking  ] GC(276) Concurrent Cleanup for Next Mark
[2026-09-03T12:38:30.899+0800][39.360s][info][gc,marking  ] GC(276) Concurrent Cleanup for Next Mark 0.080ms
[2026-09-03T12:38:30.899+0800][39.360s][info][gc          ] GC(276) Concurrent Mark Cycle 9.928ms
[2026-09-03T12:38:31.152+0800][39.613s][info][gc,start    ] GC(277) Pause Young (Prepare Mixed) (G1 Evacuation Pause)
[2026-09-03T12:38:31.152+0800][39.613s][info][gc,task     ] GC(277) Using 9 workers of 9 for evacuation
[2026-09-03T12:38:31.154+0800][39.615s][info][gc,phases   ] GC(277)   Pre Evacuate Collection Set: 0.06ms
[2026-09-03T12:38:31.154+0800][39.615s][info][gc,phases   ] GC(277)   Merge Heap Roots: 0.02ms
[2026-09-03T12:38:31.154+0800][39.615s][info][gc,phases   ] GC(277)   Evacuate Collection Set: 1.70ms
[2026-09-03T12:38:31.154+0800][39.615s][info][gc,phases   ] GC(277)   Post Evacuate Collection Set: 0.10ms
[2026-09-03T12:38:31.154+0800][39.615s][info][gc,phases   ] GC(277)   Other: 0.06ms
[2026-09-03T12:38:31.154+0800][39.615s][info][gc,heap     ] GC(277) Eden regions: 87->0(99)
[2026-09-03T12:38:31.154+0800][39.615s][info][gc,heap     ] GC(277) Survivor regions: 15->13(13)
[2026-09-03T12:38:31.154+0800][39.615s][info][gc,heap     ] GC(277) Old regions: 83->102
[2026-09-03T12:38:31.154+0800][39.615s][info][gc,heap     ] GC(277) Humongous regions: 1->1
[2026-09-03T12:38:31.154+0800][39.615s][info][gc,metaspace] GC(277) Metaspace: 1060K(1216K)->1060K(1216K) NonClass: 996K(1088K)->996K(1088K) Class: 64K(128K)->64K(128K)
[2026-09-03T12:38:31.154+0800][39.615s][info][gc          ] GC(277) Pause Young (Prepare Mixed) (G1 Evacuation Pause) 185M->116M(256M) 2.073ms
[2026-09-03T12:38:31.154+0800][39.615s][info][gc,cpu      ] GC(277) User=0.02s Sys=0.00s Real=0.00s
[2026-09-03T12:38:31.154+0800][39.615s][info][safepoint   ] Safepoint "G1CollectForAllocation", Time since last: 252733917 ns, Reaching safepoint: 3000 ns, At safepoint: 2099708 ns, Leaving safepoint: 40833 ns, Total: 2143541 ns, Threads: 0 runnable, 42 total
[2026-09-03T12:38:31.451+0800][39.913s][info][gc,start    ] GC(278) Pause Young (Mixed) (G1 Evacuation Pause)
[2026-09-03T12:38:31.451+0800][39.913s][info][gc,task     ] GC(278) Using 9 workers of 9 for evacuation
[2026-09-03T12:38:31.453+0800][39.915s][info][gc,phases   ] GC(278)   Pre Evacuate Collection Set: 0.08ms
[2026-09-03T12:38:31.453+0800][39.915s][info][gc,phases   ] GC(278)   Merge Heap Roots: 0.04ms
[2026-09-03T12:38:31.453+0800][39.915s][info][gc,phases   ] GC(278)   Evacuate Collection Set: 1.81ms
[2026-09-03T12:38:31.453+0800][39.915s][info][gc,phases   ] GC(278)   Post Evacuate Collection Set: 0.11ms
[2026-09-03T12:38:31.453+0800][39.915s][info][gc,phases   ] GC(278)   Other: 0.07ms
[2026-09-03T12:38:31.453+0800][39.915s][info][gc,heap     ] GC(278) Eden regions: 99->0(102)
[2026-09-03T12:38:31.453+0800][39.915s][info][gc,heap     ] GC(278) Survivor regions: 13->14(14)
[2026-09-03T12:38:31.453+0800][39.915s][info][gc,heap     ] GC(278) Old regions: 102->96
[2026-09-03T12:38:31.453+0800][39.915s][info][gc,heap     ] GC(278) Humongous regions: 1->1
[2026-09-03T12:38:31.453+0800][39.915s][info][gc,metaspace] GC(278) Metaspace: 1060K(1216K)->1060K(1216K) NonClass: 996K(1088K)->996K(1088K) Class: 64K(128K)->64K(128K)
[2026-09-03T12:38:31.454+0800][39.915s][info][gc          ] GC(278) Pause Young (Mixed) (G1 Evacuation Pause) 215M->111M(256M) 2.244ms
[2026-09-03T12:38:31.454+0800][39.915s][info][gc,cpu      ] GC(278) User=0.02s Sys=0.00s Real=0.00s
[2026-09-03T12:38:31.454+0800][39.915s][info][safepoint   ] Safepoint "G1CollectForAllocation", Time since last: 297596167 ns, Reaching safepoint: 2333 ns, At safepoint: 2272125 ns, Leaving safepoint: 45250 ns, Total: 2319708 ns, Threads: 0 runnable, 42 total
[2026-09-03T12:38:31.760+0800][40.222s][info][gc,start    ] GC(279) Pause Young (Concurrent Start) (G1 Evacuation Pause)
[2026-09-03T12:38:31.760+0800][40.222s][info][gc,task     ] GC(279) Using 9 workers of 9 for evacuation
[2026-09-03T12:38:31.762+0800][40.224s][info][gc,phases   ] GC(279)   Pre Evacuate Collection Set: 0.06ms
[2026-09-03T12:38:31.762+0800][40.224s][info][gc,phases   ] GC(279)   Merge Heap Roots: 0.05ms
[2026-09-03T12:38:31.762+0800][40.224s][info][gc,phases   ] GC(279)   Evacuate Collection Set: 1.77ms
[2026-09-03T12:38:31.762+0800][40.224s][info][gc,phases   ] GC(279)   Post Evacuate Collection Set: 0.11ms
[2026-09-03T12:38:31.762+0800][40.224s][info][gc,phases   ] GC(279)   Other: 0.06ms
[2026-09-03T12:38:31.762+0800][40.224s][info][gc,heap     ] GC(279) Eden regions: 102->0(87)
[2026-09-03T12:38:31.762+0800][40.224s][info][gc,heap     ] GC(279) Survivor regions: 14->15(15)
[2026-09-03T12:38:31.762+0800][40.224s][info][gc,heap     ] GC(279) Old regions: 96->116
[2026-09-03T12:38:31.762+0800][40.224s][info][gc,heap     ] GC(279) Humongous regions: 1->1
[2026-09-03T12:38:31.762+0800][40.224s][info][gc,metaspace] GC(279) Metaspace: 1060K(1216K)->1060K(1216K) NonClass: 996K(1088K)->996K(1088K) Class: 64K(128K)->64K(128K)
[2026-09-03T12:38:31.762+0800][40.224s][info][gc          ] GC(279) Pause Young (Concurrent Start) (G1 Evacuation Pause) 213M->131M(256M) 2.176ms
[2026-09-03T12:38:31.763+0800][40.224s][info][gc,cpu      ] GC(279) User=0.02s Sys=0.01s Real=0.00s
[2026-09-03T12:38:31.763+0800][40.224s][info][gc          ] GC(280) Concurrent Mark Cycle
[2026-09-03T12:38:31.763+0800][40.224s][info][gc,marking  ] GC(280) Concurrent Scan Root Regions
[2026-09-03T12:38:31.763+0800][40.224s][info][safepoint   ] Safepoint "G1CollectForAllocation", Time since last: 306734875 ns, Reaching safepoint: 2584 ns, At safepoint: 2207500 ns, Leaving safepoint: 45500 ns, Total: 2255584 ns, Threads: 0 runnable, 42 total
[2026-09-03T12:38:31.765+0800][40.226s][info][gc,marking  ] GC(280) Concurrent Scan Root Regions 2.020ms
[2026-09-03T12:38:31.765+0800][40.226s][info][gc,marking  ] GC(280) Concurrent Mark
[2026-09-03T12:38:31.765+0800][40.226s][info][gc,marking  ] GC(280) Concurrent Mark From Roots
[2026-09-03T12:38:31.765+0800][40.226s][info][gc,task     ] GC(280) Concurrent Mark Using 2 of 2 Workers
[2026-09-03T12:38:31.768+0800][40.230s][info][gc,marking  ] GC(280) Concurrent Mark From Roots 3.769ms
[2026-09-03T12:38:31.768+0800][40.230s][info][gc,marking  ] GC(280) Concurrent Preclean
[2026-09-03T12:38:31.768+0800][40.230s][info][gc,marking  ] GC(280) Concurrent Preclean 0.011ms
[2026-09-03T12:38:31.768+0800][40.230s][info][gc,start    ] GC(280) Pause Remark
[2026-09-03T12:38:31.769+0800][40.230s][info][gc          ] GC(280) Pause Remark 135M->102M(256M) 0.311ms
[2026-09-03T12:38:31.769+0800][40.230s][info][gc,cpu      ] GC(280) User=0.00s Sys=0.00s Real=0.00s
[2026-09-03T12:38:31.769+0800][40.230s][info][safepoint   ] Safepoint "G1PauseRemark", Time since last: 5830375 ns, Reaching safepoint: 2416 ns, At safepoint: 331459 ns, Leaving safepoint: 17250 ns, Total: 351125 ns, Threads: 0 runnable, 42 total
[2026-09-03T12:38:31.769+0800][40.230s][info][gc,marking  ] GC(280) Concurrent Mark 4.221ms
[2026-09-03T12:38:31.769+0800][40.230s][info][gc,marking  ] GC(280) Concurrent Rebuild Remembered Sets and Scrub Regions
[2026-09-03T12:38:31.772+0800][40.233s][info][gc,marking  ] GC(280) Concurrent Rebuild Remembered Sets and Scrub Regions 2.897ms
[2026-09-03T12:38:31.772+0800][40.233s][info][gc,start    ] GC(280) Pause Cleanup
[2026-09-03T12:38:31.772+0800][40.233s][info][gc          ] GC(280) Pause Cleanup 102M->102M(256M) 0.033ms
[2026-09-03T12:38:31.772+0800][40.233s][info][gc,cpu      ] GC(280) User=0.00s Sys=0.00s Real=0.00s
[2026-09-03T12:38:31.772+0800][40.233s][info][safepoint   ] Safepoint "G1PauseCleanup", Time since last: 2970333 ns, Reaching safepoint: 2083 ns, At safepoint: 50625 ns, Leaving safepoint: 500 ns, Total: 53208 ns, Threads: 0 runnable, 42 total
[2026-09-03T12:38:31.772+0800][40.233s][info][gc,marking  ] GC(280) Concurrent Clear Claimed Marks
[2026-09-03T12:38:31.772+0800][40.233s][info][gc,marking  ] GC(280) Concurrent Clear Claimed Marks 0.027ms
[2026-09-03T12:38:31.772+0800][40.233s][info][gc,marking  ] GC(280) Concurrent Cleanup for Next Mark
[2026-09-03T12:38:31.772+0800][40.233s][info][gc,marking  ] GC(280) Concurrent Cleanup for Next Mark 0.098ms
[2026-09-03T12:38:31.772+0800][40.233s][info][gc          ] GC(280) Concurrent Mark Cycle 9.423ms
[2026-09-03T12:38:32.025+0800][40.486s][info][gc,start    ] GC(281) Pause Young (Prepare Mixed) (G1 Evacuation Pause)
[2026-09-03T12:38:32.025+0800][40.486s][info][gc,task     ] GC(281) Using 9 workers of 9 for evacuation
[2026-09-03T12:38:32.027+0800][40.488s][info][gc,phases   ] GC(281)   Pre Evacuate Collection Set: 0.06ms
[2026-09-03T12:38:32.027+0800][40.488s][info][gc,phases   ] GC(281)   Merge Heap Roots: 0.04ms
[2026-09-03T12:38:32.027+0800][40.488s][info][gc,phases   ] GC(281)   Evacuate Collection Set: 1.81ms
[2026-09-03T12:38:32.027+0800][40.488s][info][gc,phases   ] GC(281)   Post Evacuate Collection Set: 0.10ms
[2026-09-03T12:38:32.027+0800][40.488s][info][gc,phases   ] GC(281)   Other: 0.06ms
[2026-09-03T12:38:32.027+0800][40.488s][info][gc,heap     ] GC(281) Eden regions: 87->0(98)
[2026-09-03T12:38:32.027+0800][40.488s][info][gc,heap     ] GC(281) Survivor regions: 15->13(13)
[2026-09-03T12:38:32.027+0800][40.488s][info][gc,heap     ] GC(281) Old regions: 83->103
[2026-09-03T12:38:32.027+0800][40.488s][info][gc,heap     ] GC(281) Humongous regions: 1->1
[2026-09-03T12:38:32.027+0800][40.488s][info][gc,metaspace] GC(281) Metaspace: 1060K(1216K)->1060K(1216K) NonClass: 996K(1088K)->996K(1088K) Class: 64K(128K)->64K(128K)
[2026-09-03T12:38:32.027+0800][40.488s][info][gc          ] GC(281) Pause Young (Prepare Mixed) (G1 Evacuation Pause) 185M->117M(256M) 2.189ms
[2026-09-03T12:38:32.027+0800][40.488s][info][gc,cpu      ] GC(281) User=0.02s Sys=0.00s Real=0.00s
[2026-09-03T12:38:32.027+0800][40.489s][info][safepoint   ] Safepoint "G1CollectForAllocation", Time since last: 253197000 ns, Reaching safepoint: 1959 ns, At safepoint: 2212916 ns, Leaving safepoint: 27000 ns, Total: 2241875 ns, Threads: 0 runnable, 42 total
[2026-09-03T12:38:32.076+0800][40.537s][info][gc,exit     ] Heap
[2026-09-03T12:38:32.076+0800][40.537s][info][gc,exit     ]  garbage-first heap   total reserved 262144K, committed 262144K, used 127550K [0x00000007f0000000, 0x0000000800000000)
[2026-09-03T12:38:32.076+0800][40.537s][info][gc,exit     ]   region size 1M, 8 eden (8M), 13 survivor (13M), 103 old (103M), 1 humongous (1M), 131 free (131M)
[2026-09-03T12:38:32.076+0800][40.537s][info][gc,exit     ]  Metaspace       used 1141K, committed 1344K, reserved 1114112K
[2026-09-03T12:38:32.076+0800][40.537s][info][gc,exit     ]   class space    used 76K, committed 192K, reserved 1048576K
