[2026-09-03T12:38:35.468+0800][0.005s][info][gc,init] CardTable entry size: 512
[2026-09-03T12:38:35.468+0800][0.005s][info][gc     ] Using G1
[2026-09-03T12:38:35.468+0800][0.005s][info][gc,init] Version: 26+35-2893 (release)
[2026-09-03T12:38:35.468+0800][0.005s][info][gc,init] CPUs: 10 total, 10 available
[2026-09-03T12:38:35.468+0800][0.005s][info][gc,init] Memory: 16384M
[2026-09-03T12:38:35.468+0800][0.005s][info][gc,init] Large Page Support: Disabled
[2026-09-03T12:38:35.468+0800][0.005s][info][gc,init] NUMA Support: Disabled
[2026-09-03T12:38:35.468+0800][0.005s][info][gc,init] Compressed Oops: Enabled (Zero based)
[2026-09-03T12:38:35.468+0800][0.005s][info][gc,init] Heap Region Size: 1M
[2026-09-03T12:38:35.468+0800][0.005s][info][gc,init] Heap Min Capacity: 256M
[2026-09-03T12:38:35.468+0800][0.005s][info][gc,init] Heap Initial Capacity: 256M
[2026-09-03T12:38:35.468+0800][0.005s][info][gc,init] Heap Max Capacity: 256M
[2026-09-03T12:38:35.468+0800][0.005s][info][gc,init] Pre-touch: Disabled
[2026-09-03T12:38:35.468+0800][0.005s][info][gc,init] Parallel Workers: 9
[2026-09-03T12:38:35.468+0800][0.005s][info][gc,init] Concurrent Workers: 2
[2026-09-03T12:38:35.469+0800][0.005s][info][gc,init] Concurrent Refinement Workers: 9
[2026-09-03T12:38:35.469+0800][0.005s][info][gc,init] Periodic GC: Disabled
[2026-09-03T12:38:35.471+0800][0.008s][info][gc,metaspace] CDS archive(s) mapped at: [0x000000c000000000-0x000000c000dac000-0x000000c000dac000), size 14336000, SharedBaseAddress: 0x000000c000000000, ArchiveRelocationMode: 1.
[2026-09-03T12:38:35.471+0800][0.008s][info][gc,metaspace] Compressed class space mapped at: 0x000000c001000000-0x000000c041000000, reserved size: 1073741824
[2026-09-03T12:38:35.471+0800][0.008s][info][gc,metaspace] UseCompressedClassPointers 1, UseCompactObjectHeaders 0
[2026-09-03T12:38:35.471+0800][0.008s][info][gc,metaspace] Narrow klass pointer bits 32, Max shift 3
[2026-09-03T12:38:35.471+0800][0.008s][info][gc,metaspace] Narrow klass base: 0x000000c000000000, Narrow klass shift: 0
[2026-09-03T12:38:35.471+0800][0.008s][info][gc,metaspace] Encoding Range: [0x000000c000000000 - 0x000000c100000000), (4294967296 bytes)
[2026-09-03T12:38:35.471+0800][0.008s][info][gc,metaspace] Klass Range:    [0x000000c000000000 - 0x000000c041000000), (1090519040 bytes)
[2026-09-03T12:38:35.471+0800][0.008s][info][gc,metaspace] Klass ID Range:  [8 - 1090519033) (1090519025)
[2026-09-03T12:38:35.471+0800][0.008s][info][gc,metaspace] Protection zone: [0x000000c000000000 - 0x000000c000004000), (16384 bytes)
[2026-09-03T12:38:35.599+0800][0.135s][info][gc,start    ] GC(0) Pause Young (Normal) (G1 Evacuation Pause)
[2026-09-03T12:38:35.599+0800][0.136s][info][gc,task     ] GC(0) Using 9 workers of 9 for evacuation
[2026-09-03T12:38:35.601+0800][0.137s][info][gc,phases   ] GC(0)   Pre Evacuate Collection Set: 0.04ms
[2026-09-03T12:38:35.601+0800][0.137s][info][gc,phases   ] GC(0)   Merge Heap Roots: 0.03ms
[2026-09-03T12:38:35.601+0800][0.137s][info][gc,phases   ] GC(0)   Evacuate Collection Set: 1.39ms
[2026-09-03T12:38:35.601+0800][0.137s][info][gc,phases   ] GC(0)   Post Evacuate Collection Set: 0.11ms
[2026-09-03T12:38:35.601+0800][0.137s][info][gc,phases   ] GC(0)   Other: 0.20ms
[2026-09-03T12:38:35.601+0800][0.137s][info][gc,heap     ] GC(0) Eden regions: 47->0(105)
[2026-09-03T12:38:35.601+0800][0.137s][info][gc,heap     ] GC(0) Survivor regions: 0->6(6)
[2026-09-03T12:38:35.601+0800][0.137s][info][gc,heap     ] GC(0) Old regions: 2->5
[2026-09-03T12:38:35.601+0800][0.137s][info][gc,heap     ] GC(0) Humongous regions: 0->0
[2026-09-03T12:38:35.601+0800][0.137s][info][gc,metaspace] GC(0) Metaspace: 1036K(1152K)->1036K(1152K) NonClass: 971K(1024K)->971K(1024K) Class: 64K(128K)->64K(128K)
[2026-09-03T12:38:35.601+0800][0.137s][info][gc          ] GC(0) Pause Young (Normal) (G1 Evacuation Pause) 48M->9M(256M) 1.996ms
[2026-09-03T12:38:35.601+0800][0.137s][info][gc,cpu      ] GC(0) User=0.00s Sys=0.01s Real=0.01s
[2026-09-03T12:38:35.601+0800][0.137s][info][safepoint   ] Safepoint "G1CollectForAllocation", Time since last: 125732500 ns, Reaching safepoint: 56625 ns, At safepoint: 2045083 ns, Leaving safepoint: 26542 ns, Total: 2128250 ns, Threads: 4 runnable, 44 total
[2026-09-03T12:38:35.699+0800][0.235s][info][gc,start    ] GC(1) Pause Young (Normal) (G1 Evacuation Pause)
[2026-09-03T12:38:35.699+0800][0.235s][info][gc,task     ] GC(1) Using 9 workers of 9 for evacuation
[2026-09-03T12:38:35.702+0800][0.239s][info][gc,phases   ] GC(1)   Pre Evacuate Collection Set: 0.07ms
[2026-09-03T12:38:35.702+0800][0.239s][info][gc,phases   ] GC(1)   Merge Heap Roots: 0.04ms
[2026-09-03T12:38:35.702+0800][0.239s][info][gc,phases   ] GC(1)   Evacuate Collection Set: 3.35ms
[2026-09-03T12:38:35.702+0800][0.239s][info][gc,phases   ] GC(1)   Post Evacuate Collection Set: 0.13ms
[2026-09-03T12:38:35.702+0800][0.239s][info][gc,phases   ] GC(1)   Other: 0.07ms
[2026-09-03T12:38:35.702+0800][0.239s][info][gc,heap     ] GC(1) Eden regions: 105->0(118)
[2026-09-03T12:38:35.702+0800][0.239s][info][gc,heap     ] GC(1) Survivor regions: 6->14(14)
[2026-09-03T12:38:35.702+0800][0.239s][info][gc,heap     ] GC(1) Old regions: 5->19
[2026-09-03T12:38:35.702+0800][0.239s][info][gc,heap     ] GC(1) Humongous regions: 0->0
[2026-09-03T12:38:35.702+0800][0.239s][info][gc,metaspace] GC(1) Metaspace: 1045K(1216K)->1045K(1216K) NonClass: 980K(1088K)->980K(1088K) Class: 64K(128K)->64K(128K)
[2026-09-03T12:38:35.702+0800][0.239s][info][gc          ] GC(1) Pause Young (Normal) (G1 Evacuation Pause) 114M->31M(256M) 3.800ms
[2026-09-03T12:38:35.702+0800][0.239s][info][gc,cpu      ] GC(1) User=0.02s Sys=0.01s Real=0.01s
[2026-09-03T12:38:35.702+0800][0.239s][info][safepoint   ] Safepoint "G1CollectForAllocation", Time since last: 97760042 ns, Reaching safepoint: 76916 ns, At safepoint: 3835000 ns, Leaving safepoint: 26750 ns, Total: 3938666 ns, Threads: 2 runnable, 44 total
[2026-09-03T12:38:35.804+0800][0.341s][info][gc,start    ] GC(2) Pause Young (Normal) (G1 Evacuation Pause)
[2026-09-03T12:38:35.804+0800][0.341s][info][gc,task     ] GC(2) Using 9 workers of 9 for evacuation
[2026-09-03T12:38:35.809+0800][0.346s][info][gc,phases   ] GC(2)   Pre Evacuate Collection Set: 0.05ms
[2026-09-03T12:38:35.809+0800][0.346s][info][gc,phases   ] GC(2)   Merge Heap Roots: 0.03ms
[2026-09-03T12:38:35.809+0800][0.346s][info][gc,phases   ] GC(2)   Evacuate Collection Set: 4.44ms
[2026-09-03T12:38:35.809+0800][0.346s][info][gc,phases   ] GC(2)   Post Evacuate Collection Set: 0.12ms
[2026-09-03T12:38:35.809+0800][0.346s][info][gc,phases   ] GC(2)   Other: 0.06ms
[2026-09-03T12:38:35.809+0800][0.346s][info][gc,heap     ] GC(2) Eden regions: 118->0(116)
[2026-09-03T12:38:35.809+0800][0.346s][info][gc,heap     ] GC(2) Survivor regions: 14->17(17)
[2026-09-03T12:38:35.809+0800][0.346s][info][gc,heap     ] GC(2) Old regions: 19->40
[2026-09-03T12:38:35.809+0800][0.346s][info][gc,heap     ] GC(2) Humongous regions: 0->0
[2026-09-03T12:38:35.809+0800][0.346s][info][gc,metaspace] GC(2) Metaspace: 1046K(1216K)->1046K(1216K) NonClass: 981K(1088K)->981K(1088K) Class: 64K(128K)->64K(128K)
[2026-09-03T12:38:35.809+0800][0.346s][info][gc          ] GC(2) Pause Young (Normal) (G1 Evacuation Pause) 149M->56M(256M) 4.818ms
[2026-09-03T12:38:35.809+0800][0.346s][info][gc,cpu      ] GC(2) User=0.01s Sys=0.02s Real=0.00s
[2026-09-03T12:38:35.809+0800][0.346s][info][safepoint   ] Safepoint "G1CollectForAllocation", Time since last: 101663125 ns, Reaching safepoint: 41209 ns, At safepoint: 4846375 ns, Leaving safepoint: 25291 ns, Total: 4912875 ns, Threads: 2 runnable, 44 total
[2026-09-03T12:38:35.916+0800][0.453s][info][gc,start    ] GC(3) Pause Young (Normal) (G1 Evacuation Pause)
[2026-09-03T12:38:35.916+0800][0.453s][info][gc,task     ] GC(3) Using 9 workers of 9 for evacuation
[2026-09-03T12:38:35.920+0800][0.457s][info][gc,phases   ] GC(3)   Pre Evacuate Collection Set: 0.06ms
[2026-09-03T12:38:35.920+0800][0.457s][info][gc,phases   ] GC(3)   Merge Heap Roots: 0.03ms
[2026-09-03T12:38:35.920+0800][0.457s][info][gc,phases   ] GC(3)   Evacuate Collection Set: 3.71ms
[2026-09-03T12:38:35.920+0800][0.457s][info][gc,phases   ] GC(3)   Post Evacuate Collection Set: 0.10ms
[2026-09-03T12:38:35.920+0800][0.457s][info][gc,phases   ] GC(3)   Other: 0.06ms
[2026-09-03T12:38:35.920+0800][0.457s][info][gc,heap     ] GC(3) Eden regions: 116->0(109)
[2026-09-03T12:38:35.920+0800][0.457s][info][gc,heap     ] GC(3) Survivor regions: 17->17(17)
[2026-09-03T12:38:35.920+0800][0.457s][info][gc,heap     ] GC(3) Old regions: 40->63
[2026-09-03T12:38:35.920+0800][0.457s][info][gc,heap     ] GC(3) Humongous regions: 1->1
[2026-09-03T12:38:35.920+0800][0.457s][info][gc,metaspace] GC(3) Metaspace: 1059K(1216K)->1059K(1216K) NonClass: 994K(1088K)->994K(1088K) Class: 64K(128K)->64K(128K)
[2026-09-03T12:38:35.920+0800][0.457s][info][gc          ] GC(3) Pause Young (Normal) (G1 Evacuation Pause) 173M->80M(256M) 4.072ms
[2026-09-03T12:38:35.920+0800][0.457s][info][gc,cpu      ] GC(3) User=0.02s Sys=0.00s Real=0.01s
[2026-09-03T12:38:35.920+0800][0.457s][info][safepoint   ] Safepoint "G1CollectForAllocation", Time since last: 107009500 ns, Reaching safepoint: 101959 ns, At safepoint: 4115416 ns, Leaving safepoint: 21042 ns, Total: 4238417 ns, Threads: 1 runnable, 44 total
[2026-09-03T12:38:36.018+0800][0.555s][info][gc,start    ] GC(4) Pause Young (Normal) (G1 Evacuation Pause)
[2026-09-03T12:38:36.018+0800][0.555s][info][gc,task     ] GC(4) Using 9 workers of 9 for evacuation
[2026-09-03T12:38:36.022+0800][0.559s][info][gc,phases   ] GC(4)   Pre Evacuate Collection Set: 0.06ms
[2026-09-03T12:38:36.022+0800][0.559s][info][gc,phases   ] GC(4)   Merge Heap Roots: 0.02ms
[2026-09-03T12:38:36.022+0800][0.559s][info][gc,phases   ] GC(4)   Evacuate Collection Set: 3.78ms
[2026-09-03T12:38:36.022+0800][0.559s][info][gc,phases   ] GC(4)   Post Evacuate Collection Set: 0.09ms
[2026-09-03T12:38:36.022+0800][0.559s][info][gc,phases   ] GC(4)   Other: 0.07ms
[2026-09-03T12:38:36.022+0800][0.559s][info][gc,heap     ] GC(4) Eden regions: 109->0(101)
[2026-09-03T12:38:36.022+0800][0.559s][info][gc,heap     ] GC(4) Survivor regions: 17->16(16)
[2026-09-03T12:38:36.022+0800][0.559s][info][gc,heap     ] GC(4) Old regions: 63->86
[2026-09-03T12:38:36.022+0800][0.559s][info][gc,heap     ] GC(4) Humongous regions: 1->1
[2026-09-03T12:38:36.022+0800][0.559s][info][gc,metaspace] GC(4) Metaspace: 1059K(1216K)->1059K(1216K) NonClass: 994K(1088K)->994K(1088K) Class: 64K(128K)->64K(128K)
[2026-09-03T12:38:36.022+0800][0.559s][info][gc          ] GC(4) Pause Young (Normal) (G1 Evacuation Pause) 189M->102M(256M) 4.141ms
[2026-09-03T12:38:36.022+0800][0.559s][info][gc,cpu      ] GC(4) User=0.02s Sys=0.01s Real=0.01s
[2026-09-03T12:38:36.022+0800][0.559s][info][safepoint   ] Safepoint "G1CollectForAllocation", Time since last: 97921708 ns, Reaching safepoint: 31375 ns, At safepoint: 4165084 ns, Leaving safepoint: 20333 ns, Total: 4216792 ns, Threads: 2 runnable, 42 total
[2026-09-03T12:38:36.112+0800][0.649s][info][gc,start    ] GC(5) Pause Young (Normal) (G1 Evacuation Pause)
[2026-09-03T12:38:36.112+0800][0.649s][info][gc,task     ] GC(5) Using 9 workers of 9 for evacuation
[2026-09-03T12:38:36.115+0800][0.652s][info][gc,phases   ] GC(5)   Pre Evacuate Collection Set: 0.07ms
[2026-09-03T12:38:36.115+0800][0.652s][info][gc,phases   ] GC(5)   Merge Heap Roots: 0.03ms
[2026-09-03T12:38:36.115+0800][0.652s][info][gc,phases   ] GC(5)   Evacuate Collection Set: 3.05ms
[2026-09-03T12:38:36.115+0800][0.652s][info][gc,phases   ] GC(5)   Post Evacuate Collection Set: 0.09ms
[2026-09-03T12:38:36.115+0800][0.652s][info][gc,phases   ] GC(5)   Other: 0.06ms
[2026-09-03T12:38:36.115+0800][0.652s][info][gc,heap     ] GC(5) Eden regions: 101->0(89)
[2026-09-03T12:38:36.115+0800][0.652s][info][gc,heap     ] GC(5) Survivor regions: 16->15(15)
[2026-09-03T12:38:36.115+0800][0.652s][info][gc,heap     ] GC(5) Old regions: 86->107
[2026-09-03T12:38:36.115+0800][0.652s][info][gc,heap     ] GC(5) Humongous regions: 1->1
[2026-09-03T12:38:36.115+0800][0.652s][info][gc,metaspace] GC(5) Metaspace: 1059K(1216K)->1059K(1216K) NonClass: 994K(1088K)->994K(1088K) Class: 64K(128K)->64K(128K)
[2026-09-03T12:38:36.115+0800][0.652s][info][gc          ] GC(5) Pause Young (Normal) (G1 Evacuation Pause) 203M->122M(256M) 3.406ms
[2026-09-03T12:38:36.115+0800][0.652s][info][gc,cpu      ] GC(5) User=0.01s Sys=0.00s Real=0.00s
[2026-09-03T12:38:36.115+0800][0.652s][info][safepoint   ] Safepoint "G1CollectForAllocation", Time since last: 89457792 ns, Reaching safepoint: 30000 ns, At safepoint: 3452291 ns, Leaving safepoint: 22667 ns, Total: 3504958 ns, Threads: 4 runnable, 42 total
[2026-09-03T12:38:36.196+0800][0.733s][info][gc,start    ] GC(6) Pause Young (Normal) (G1 Evacuation Pause)
[2026-09-03T12:38:36.196+0800][0.733s][info][gc,task     ] GC(6) Using 9 workers of 9 for evacuation
[2026-09-03T12:38:36.199+0800][0.735s][info][gc,phases   ] GC(6)   Pre Evacuate Collection Set: 0.04ms
[2026-09-03T12:38:36.199+0800][0.735s][info][gc,phases   ] GC(6)   Merge Heap Roots: 0.02ms
[2026-09-03T12:38:36.199+0800][0.735s][info][gc,phases   ] GC(6)   Evacuate Collection Set: 2.23ms
[2026-09-03T12:38:36.199+0800][0.735s][info][gc,phases   ] GC(6)   Post Evacuate Collection Set: 0.10ms
[2026-09-03T12:38:36.199+0800][0.735s][info][gc,phases   ] GC(6)   Other: 0.06ms
[2026-09-03T12:38:36.199+0800][0.735s][info][gc,heap     ] GC(6) Eden regions: 89->0(76)
[2026-09-03T12:38:36.199+0800][0.735s][info][gc,heap     ] GC(6) Survivor regions: 15->13(13)
[2026-09-03T12:38:36.199+0800][0.735s][info][gc,heap     ] GC(6) Old regions: 107->128
[2026-09-03T12:38:36.199+0800][0.735s][info][gc,heap     ] GC(6) Humongous regions: 1->1
[2026-09-03T12:38:36.199+0800][0.735s][info][gc,metaspace] GC(6) Metaspace: 1059K(1216K)->1059K(1216K) NonClass: 994K(1088K)->994K(1088K) Class: 64K(128K)->64K(128K)
[2026-09-03T12:38:36.199+0800][0.735s][info][gc          ] GC(6) Pause Young (Normal) (G1 Evacuation Pause) 211M->141M(256M) 2.540ms
[2026-09-03T12:38:36.199+0800][0.735s][info][gc,cpu      ] GC(6) User=0.02s Sys=0.00s Real=0.00s
[2026-09-03T12:38:36.199+0800][0.735s][info][safepoint   ] Safepoint "G1CollectForAllocation", Time since last: 80594250 ns, Reaching safepoint: 23583 ns, At safepoint: 2583709 ns, Leaving safepoint: 37708 ns, Total: 2645000 ns, Threads: 1 runnable, 42 total
[2026-09-03T12:38:36.269+0800][0.805s][info][gc,start    ] GC(7) Pause Young (Concurrent Start) (G1 Evacuation Pause)
[2026-09-03T12:38:36.269+0800][0.805s][info][gc,task     ] GC(7) Using 9 workers of 9 for evacuation
[2026-09-03T12:38:36.271+0800][0.807s][info][gc,phases   ] GC(7)   Pre Evacuate Collection Set: 0.09ms
[2026-09-03T12:38:36.271+0800][0.807s][info][gc,phases   ] GC(7)   Merge Heap Roots: 0.02ms
[2026-09-03T12:38:36.271+0800][0.807s][info][gc,phases   ] GC(7)   Evacuate Collection Set: 1.88ms
[2026-09-03T12:38:36.271+0800][0.807s][info][gc,phases   ] GC(7)   Post Evacuate Collection Set: 0.11ms
[2026-09-03T12:38:36.271+0800][0.807s][info][gc,phases   ] GC(7)   Other: 0.06ms
[2026-09-03T12:38:36.271+0800][0.807s][info][gc,heap     ] GC(7) Eden regions: 76->0(66)
[2026-09-03T12:38:36.271+0800][0.807s][info][gc,heap     ] GC(7) Survivor regions: 13->12(12)
[2026-09-03T12:38:36.271+0800][0.807s][info][gc,heap     ] GC(7) Old regions: 128->145
[2026-09-03T12:38:36.271+0800][0.807s][info][gc,heap     ] GC(7) Humongous regions: 1->1
[2026-09-03T12:38:36.271+0800][0.807s][info][gc,metaspace] GC(7) Metaspace: 1059K(1216K)->1059K(1216K) NonClass: 994K(1088K)->994K(1088K) Class: 64K(128K)->64K(128K)
[2026-09-03T12:38:36.271+0800][0.807s][info][gc          ] GC(7) Pause Young (Concurrent Start) (G1 Evacuation Pause) 217M->156M(256M) 2.264ms
[2026-09-03T12:38:36.271+0800][0.808s][info][gc,cpu      ] GC(7) User=0.02s Sys=0.00s Real=0.01s
[2026-09-03T12:38:36.271+0800][0.808s][info][gc          ] GC(8) Concurrent Mark Cycle
[2026-09-03T12:38:36.271+0800][0.808s][info][gc,marking  ] GC(8) Concurrent Scan Root Regions
[2026-09-03T12:38:36.271+0800][0.808s][info][safepoint   ] Safepoint "G1CollectForAllocation", Time since last: 69835417 ns, Reaching safepoint: 23583 ns, At safepoint: 2325917 ns, Leaving safepoint: 42833 ns, Total: 2392333 ns, Threads: 2 runnable, 42 total
[2026-09-03T12:38:36.273+0800][0.809s][info][gc,marking  ] GC(8) Concurrent Scan Root Regions 1.807ms
[2026-09-03T12:38:36.273+0800][0.809s][info][gc,marking  ] GC(8) Concurrent Mark
[2026-09-03T12:38:36.273+0800][0.809s][info][gc,marking  ] GC(8) Concurrent Mark From Roots
[2026-09-03T12:38:36.273+0800][0.809s][info][gc,task     ] GC(8) Concurrent Mark Using 2 of 2 Workers
[2026-09-03T12:38:36.279+0800][0.815s][info][gc,marking  ] GC(8) Concurrent Mark From Roots 5.974ms
[2026-09-03T12:38:36.279+0800][0.815s][info][gc,marking  ] GC(8) Concurrent Preclean
[2026-09-03T12:38:36.279+0800][0.815s][info][gc,marking  ] GC(8) Concurrent Preclean 0.019ms
[2026-09-03T12:38:36.279+0800][0.815s][info][gc,start    ] GC(8) Pause Remark
[2026-09-03T12:38:36.279+0800][0.816s][info][gc          ] GC(8) Pause Remark 166M->166M(256M) 0.403ms
[2026-09-03T12:38:36.279+0800][0.816s][info][gc,cpu      ] GC(8) User=0.01s Sys=0.00s Real=0.00s
[2026-09-03T12:38:36.279+0800][0.816s][info][safepoint   ] Safepoint "G1PauseRemark", Time since last: 7889000 ns, Reaching safepoint: 4208 ns, At safepoint: 446917 ns, Leaving safepoint: 30375 ns, Total: 481500 ns, Threads: 0 runnable, 42 total
[2026-09-03T12:38:36.279+0800][0.816s][info][gc,marking  ] GC(8) Concurrent Mark 6.619ms
[2026-09-03T12:38:36.279+0800][0.816s][info][gc,marking  ] GC(8) Concurrent Rebuild Remembered Sets and Scrub Regions
[2026-09-03T12:38:36.287+0800][0.824s][info][gc,marking  ] GC(8) Concurrent Rebuild Remembered Sets and Scrub Regions 7.857ms
[2026-09-03T12:38:36.287+0800][0.824s][info][gc,start    ] GC(8) Pause Cleanup
[2026-09-03T12:38:36.287+0800][0.824s][info][gc          ] GC(8) Pause Cleanup 174M->174M(256M) 0.051ms
[2026-09-03T12:38:36.287+0800][0.824s][info][gc,cpu      ] GC(8) User=0.00s Sys=0.00s Real=0.00s
[2026-09-03T12:38:36.287+0800][0.824s][info][safepoint   ] Safepoint "G1PauseCleanup", Time since last: 7996292 ns, Reaching safepoint: 28333 ns, At safepoint: 86458 ns, Leaving safepoint: 28084 ns, Total: 142875 ns, Threads: 2 runnable, 42 total
[2026-09-03T12:38:36.287+0800][0.824s][info][gc,marking  ] GC(8) Concurrent Clear Claimed Marks
[2026-09-03T12:38:36.287+0800][0.824s][info][gc,marking  ] GC(8) Concurrent Clear Claimed Marks 0.028ms
[2026-09-03T12:38:36.287+0800][0.824s][info][gc,marking  ] GC(8) Concurrent Cleanup for Next Mark
[2026-09-03T12:38:36.288+0800][0.824s][info][gc,marking  ] GC(8) Concurrent Cleanup for Next Mark 0.327ms
[2026-09-03T12:38:36.288+0800][0.824s][info][gc          ] GC(8) Concurrent Mark Cycle 16.984ms
[2026-09-03T12:38:36.332+0800][0.869s][info][gc,start    ] GC(9) Pause Young (Prepare Mixed) (G1 Evacuation Pause)
[2026-09-03T12:38:36.332+0800][0.869s][info][gc,task     ] GC(9) Using 9 workers of 9 for evacuation
[2026-09-03T12:38:36.334+0800][0.871s][info][gc,phases   ] GC(9)   Pre Evacuate Collection Set: 0.06ms
[2026-09-03T12:38:36.334+0800][0.871s][info][gc,phases   ] GC(9)   Merge Heap Roots: 0.01ms
[2026-09-03T12:38:36.334+0800][0.871s][info][gc,phases   ] GC(9)   Evacuate Collection Set: 1.81ms
[2026-09-03T12:38:36.334+0800][0.871s][info][gc,phases   ] GC(9)   Post Evacuate Collection Set: 0.11ms
[2026-09-03T12:38:36.334+0800][0.871s][info][gc,phases   ] GC(9)   Other: 0.06ms
[2026-09-03T12:38:36.334+0800][0.871s][info][gc,heap     ] GC(9) Eden regions: 66->0(57)
[2026-09-03T12:38:36.334+0800][0.871s][info][gc,heap     ] GC(9) Survivor regions: 12->10(10)
[2026-09-03T12:38:36.334+0800][0.871s][info][gc,heap     ] GC(9) Old regions: 145->161
[2026-09-03T12:38:36.334+0800][0.871s][info][gc,heap     ] GC(9) Humongous regions: 1->1
[2026-09-03T12:38:36.334+0800][0.871s][info][gc,metaspace] GC(9) Metaspace: 1059K(1216K)->1059K(1216K) NonClass: 994K(1088K)->994K(1088K) Class: 64K(128K)->64K(128K)
[2026-09-03T12:38:36.334+0800][0.871s][info][gc          ] GC(9) Pause Young (Prepare Mixed) (G1 Evacuation Pause) 222M->170M(256M) 2.155ms
[2026-09-03T12:38:36.334+0800][0.871s][info][gc,cpu      ] GC(9) User=0.01s Sys=0.00s Real=0.00s
[2026-09-03T12:38:36.334+0800][0.871s][info][safepoint   ] Safepoint "G1CollectForAllocation", Time since last: 44615208 ns, Reaching safepoint: 28708 ns, At safepoint: 2180667 ns, Leaving safepoint: 25167 ns, Total: 2234542 ns, Threads: 1 runnable, 42 total
[2026-09-03T12:38:36.388+0800][0.925s][info][gc,start    ] GC(10) Pause Young (Mixed) (G1 Evacuation Pause)
[2026-09-03T12:38:36.388+0800][0.925s][info][gc,task     ] GC(10) Using 9 workers of 9 for evacuation
[2026-09-03T12:38:36.390+0800][0.927s][info][gc,phases   ] GC(10)   Pre Evacuate Collection Set: 0.04ms
[2026-09-03T12:38:36.390+0800][0.927s][info][gc,phases   ] GC(10)   Merge Heap Roots: 0.02ms
[2026-09-03T12:38:36.390+0800][0.927s][info][gc,phases   ] GC(10)   Evacuate Collection Set: 1.45ms
[2026-09-03T12:38:36.390+0800][0.927s][info][gc,phases   ] GC(10)   Post Evacuate Collection Set: 0.10ms
[2026-09-03T12:38:36.390+0800][0.927s][info][gc,phases   ] GC(10)   Other: 0.06ms
[2026-09-03T12:38:36.390+0800][0.927s][info][gc,heap     ] GC(10) Eden regions: 57->0(68)
[2026-09-03T12:38:36.390+0800][0.927s][info][gc,heap     ] GC(10) Survivor regions: 10->9(9)
[2026-09-03T12:38:36.390+0800][0.927s][info][gc,heap     ] GC(10) Old regions: 161->147
[2026-09-03T12:38:36.390+0800][0.927s][info][gc,heap     ] GC(10) Humongous regions: 1->1
[2026-09-03T12:38:36.390+0800][0.927s][info][gc,metaspace] GC(10) Metaspace: 1059K(1216K)->1059K(1216K) NonClass: 994K(1088K)->994K(1088K) Class: 64K(128K)->64K(128K)
[2026-09-03T12:38:36.390+0800][0.927s][info][gc          ] GC(10) Pause Young (Mixed) (G1 Evacuation Pause) 227M->156M(256M) 1.786ms
[2026-09-03T12:38:36.390+0800][0.927s][info][gc,cpu      ] GC(10) User=0.01s Sys=0.00s Real=0.01s
[2026-09-03T12:38:36.390+0800][0.927s][info][safepoint   ] Safepoint "G1CollectForAllocation", Time since last: 53942375 ns, Reaching safepoint: 30125 ns, At safepoint: 1852791 ns, Leaving safepoint: 40667 ns, Total: 1923583 ns, Threads: 1 runnable, 42 total
[2026-09-03T12:38:36.454+0800][0.991s][info][gc,start    ] GC(11) Pause Young (Mixed) (G1 Evacuation Pause)
[2026-09-03T12:38:36.454+0800][0.991s][info][gc,task     ] GC(11) Using 9 workers of 9 for evacuation
[2026-09-03T12:38:36.456+0800][0.993s][info][gc,phases   ] GC(11)   Pre Evacuate Collection Set: 0.08ms
[2026-09-03T12:38:36.456+0800][0.993s][info][gc,phases   ] GC(11)   Merge Heap Roots: 0.02ms
[2026-09-03T12:38:36.456+0800][0.993s][info][gc,phases   ] GC(11)   Evacuate Collection Set: 1.70ms
[2026-09-03T12:38:36.456+0800][0.993s][info][gc,phases   ] GC(11)   Post Evacuate Collection Set: 0.10ms
[2026-09-03T12:38:36.456+0800][0.993s][info][gc,phases   ] GC(11)   Other: 0.06ms
[2026-09-03T12:38:36.456+0800][0.993s][info][gc,heap     ] GC(11) Eden regions: 68->0(78)
[2026-09-03T12:38:36.456+0800][0.993s][info][gc,heap     ] GC(11) Survivor regions: 9->10(10)
[2026-09-03T12:38:36.456+0800][0.993s][info][gc,heap     ] GC(11) Old regions: 147->132
[2026-09-03T12:38:36.456+0800][0.993s][info][gc,heap     ] GC(11) Humongous regions: 1->1
[2026-09-03T12:38:36.456+0800][0.993s][info][gc,metaspace] GC(11) Metaspace: 1059K(1216K)->1059K(1216K) NonClass: 994K(1088K)->994K(1088K) Class: 64K(128K)->64K(128K)
[2026-09-03T12:38:36.456+0800][0.993s][info][gc          ] GC(11) Pause Young (Mixed) (G1 Evacuation Pause) 224M->141M(256M) 2.076ms
[2026-09-03T12:38:36.456+0800][0.993s][info][gc,cpu      ] GC(11) User=0.02s Sys=0.00s Real=0.00s
[2026-09-03T12:38:36.456+0800][0.993s][info][safepoint   ] Safepoint "G1CollectForAllocation", Time since last: 63862583 ns, Reaching safepoint: 21959 ns, At safepoint: 2100375 ns, Leaving safepoint: 22083 ns, Total: 2144417 ns, Threads: 2 runnable, 42 total
[2026-09-03T12:38:36.530+0800][1.066s][info][gc,start    ] GC(12) Pause Young (Mixed) (G1 Evacuation Pause)
[2026-09-03T12:38:36.530+0800][1.066s][info][gc,task     ] GC(12) Using 9 workers of 9 for evacuation
[2026-09-03T12:38:36.532+0800][1.069s][info][gc,phases   ] GC(12)   Pre Evacuate Collection Set: 0.04ms
[2026-09-03T12:38:36.532+0800][1.069s][info][gc,phases   ] GC(12)   Merge Heap Roots: 0.03ms
[2026-09-03T12:38:36.532+0800][1.069s][info][gc,phases   ] GC(12)   Evacuate Collection Set: 1.87ms
[2026-09-03T12:38:36.532+0800][1.069s][info][gc,phases   ] GC(12)   Post Evacuate Collection Set: 0.11ms
[2026-09-03T12:38:36.532+0800][1.069s][info][gc,phases   ] GC(12)   Other: 0.06ms
[2026-09-03T12:38:36.532+0800][1.069s][info][gc,heap     ] GC(12) Eden regions: 78->0(87)
[2026-09-03T12:38:36.532+0800][1.069s][info][gc,heap     ] GC(12) Survivor regions: 10->11(11)
[2026-09-03T12:38:36.532+0800][1.069s][info][gc,heap     ] GC(12) Old regions: 132->119
[2026-09-03T12:38:36.532+0800][1.069s][info][gc,heap     ] GC(12) Humongous regions: 1->1
[2026-09-03T12:38:36.532+0800][1.069s][info][gc,metaspace] GC(12) Metaspace: 1059K(1216K)->1059K(1216K) NonClass: 994K(1088K)->994K(1088K) Class: 64K(128K)->64K(128K)
[2026-09-03T12:38:36.532+0800][1.069s][info][gc          ] GC(12) Pause Young (Mixed) (G1 Evacuation Pause) 219M->129M(256M) 2.215ms
[2026-09-03T12:38:36.532+0800][1.069s][info][gc,cpu      ] GC(12) User=0.01s Sys=0.00s Real=0.00s
[2026-09-03T12:38:36.532+0800][1.069s][info][safepoint   ] Safepoint "G1CollectForAllocation", Time since last: 73544375 ns, Reaching safepoint: 69042 ns, At safepoint: 2237875 ns, Leaving safepoint: 41750 ns, Total: 2348667 ns, Threads: 3 runnable, 42 total
[2026-09-03T12:38:36.616+0800][1.152s][info][gc,start    ] GC(13) Pause Young (Mixed) (G1 Evacuation Pause)
[2026-09-03T12:38:36.616+0800][1.153s][info][gc,task     ] GC(13) Using 9 workers of 9 for evacuation
[2026-09-03T12:38:36.618+0800][1.155s][info][gc,phases   ] GC(13)   Pre Evacuate Collection Set: 0.07ms
[2026-09-03T12:38:36.618+0800][1.155s][info][gc,phases   ] GC(13)   Merge Heap Roots: 0.03ms
[2026-09-03T12:38:36.618+0800][1.155s][info][gc,phases   ] GC(13)   Evacuate Collection Set: 1.76ms
[2026-09-03T12:38:36.618+0800][1.155s][info][gc,phases   ] GC(13)   Post Evacuate Collection Set: 0.10ms
[2026-09-03T12:38:36.618+0800][1.155s][info][gc,phases   ] GC(13)   Other: 0.06ms
[2026-09-03T12:38:36.618+0800][1.155s][info][gc,heap     ] GC(13) Eden regions: 87->0(76)
[2026-09-03T12:38:36.618+0800][1.155s][info][gc,heap     ] GC(13) Survivor regions: 11->13(13)
[2026-09-03T12:38:36.618+0800][1.155s][info][gc,heap     ] GC(13) Old regions: 119->133
[2026-09-03T12:38:36.618+0800][1.155s][info][gc,heap     ] GC(13) Humongous regions: 1->1
[2026-09-03T12:38:36.618+0800][1.155s][info][gc,metaspace] GC(13) Metaspace: 1059K(1216K)->1059K(1216K) NonClass: 994K(1088K)->994K(1088K) Class: 64K(128K)->64K(128K)
[2026-09-03T12:38:36.618+0800][1.155s][info][gc          ] GC(13) Pause Young (Mixed) (G1 Evacuation Pause) 216M->145M(256M) 2.157ms
[2026-09-03T12:38:36.618+0800][1.155s][info][gc,cpu      ] GC(13) User=0.01s Sys=0.00s Real=0.00s
[2026-09-03T12:38:36.618+0800][1.155s][info][safepoint   ] Safepoint "G1CollectForAllocation", Time since last: 83711833 ns, Reaching safepoint: 26292 ns, At safepoint: 2197000 ns, Leaving safepoint: 20041 ns, Total: 2243333 ns, Threads: 2 runnable, 42 total
[2026-09-03T12:38:36.689+0800][1.226s][info][gc,start    ] GC(14) Pause Young (Concurrent Start) (G1 Evacuation Pause)
[2026-09-03T12:38:36.689+0800][1.226s][info][gc,task     ] GC(14) Using 9 workers of 9 for evacuation
[2026-09-03T12:38:36.691+0800][1.228s][info][gc,phases   ] GC(14)   Pre Evacuate Collection Set: 0.08ms
[2026-09-03T12:38:36.691+0800][1.228s][info][gc,phases   ] GC(14)   Merge Heap Roots: 0.03ms
[2026-09-03T12:38:36.691+0800][1.228s][info][gc,phases   ] GC(14)   Evacuate Collection Set: 1.64ms
[2026-09-03T12:38:36.691+0800][1.228s][info][gc,phases   ] GC(14)   Post Evacuate Collection Set: 0.09ms
[2026-09-03T12:38:36.691+0800][1.228s][info][gc,phases   ] GC(14)   Other: 0.05ms
[2026-09-03T12:38:36.691+0800][1.228s][info][gc,heap     ] GC(14) Eden regions: 76->0(65)
[2026-09-03T12:38:36.691+0800][1.228s][info][gc,heap     ] GC(14) Survivor regions: 13->12(12)
[2026-09-03T12:38:36.691+0800][1.228s][info][gc,heap     ] GC(14) Old regions: 133->149
[2026-09-03T12:38:36.691+0800][1.228s][info][gc,heap     ] GC(14) Humongous regions: 1->1
[2026-09-03T12:38:36.691+0800][1.228s][info][gc,metaspace] GC(14) Metaspace: 1059K(1216K)->1059K(1216K) NonClass: 994K(1088K)->994K(1088K) Class: 64K(128K)->64K(128K)
[2026-09-03T12:38:36.691+0800][1.228s][info][gc          ] GC(14) Pause Young (Concurrent Start) (G1 Evacuation Pause) 221M->161M(256M) 2.013ms
[2026-09-03T12:38:36.691+0800][1.228s][info][gc,cpu      ] GC(14) User=0.01s Sys=0.00s Real=0.01s
[2026-09-03T12:38:36.691+0800][1.228s][info][gc          ] GC(15) Concurrent Mark Cycle
[2026-09-03T12:38:36.691+0800][1.228s][info][gc,marking  ] GC(15) Concurrent Scan Root Regions
[2026-09-03T12:38:36.691+0800][1.228s][info][safepoint   ] Safepoint "G1CollectForAllocation", Time since last: 70955792 ns, Reaching safepoint: 51500 ns, At safepoint: 2040750 ns, Leaving safepoint: 72125 ns, Total: 2164375 ns, Threads: 4 runnable, 42 total
[2026-09-03T12:38:36.693+0800][1.230s][info][gc,marking  ] GC(15) Concurrent Scan Root Regions 1.981ms
[2026-09-03T12:38:36.693+0800][1.230s][info][gc,marking  ] GC(15) Concurrent Mark
[2026-09-03T12:38:36.693+0800][1.230s][info][gc,marking  ] GC(15) Concurrent Mark From Roots
[2026-09-03T12:38:36.693+0800][1.230s][info][gc,task     ] GC(15) Concurrent Mark Using 2 of 2 Workers
[2026-09-03T12:38:36.697+0800][1.234s][info][gc,marking  ] GC(15) Concurrent Mark From Roots 3.991ms
[2026-09-03T12:38:36.697+0800][1.234s][info][gc,marking  ] GC(15) Concurrent Preclean
[2026-09-03T12:38:36.697+0800][1.234s][info][gc,marking  ] GC(15) Concurrent Preclean 0.009ms
[2026-09-03T12:38:36.697+0800][1.234s][info][gc,start    ] GC(15) Pause Remark
[2026-09-03T12:38:36.698+0800][1.234s][info][gc          ] GC(15) Pause Remark 167M->103M(256M) 0.403ms
[2026-09-03T12:38:36.698+0800][1.234s][info][gc,cpu      ] GC(15) User=0.00s Sys=0.00s Real=0.00s
[2026-09-03T12:38:36.698+0800][1.234s][info][safepoint   ] Safepoint "G1PauseRemark", Time since last: 6000083 ns, Reaching safepoint: 37417 ns, At safepoint: 424292 ns, Leaving safepoint: 19458 ns, Total: 481167 ns, Threads: 1 runnable, 42 total
[2026-09-03T12:38:36.698+0800][1.234s][info][gc,marking  ] GC(15) Concurrent Mark 4.603ms
[2026-09-03T12:38:36.698+0800][1.234s][info][gc,marking  ] GC(15) Concurrent Rebuild Remembered Sets and Scrub Regions
[2026-09-03T12:38:36.701+0800][1.238s][info][gc,marking  ] GC(15) Concurrent Rebuild Remembered Sets and Scrub Regions 3.692ms
[2026-09-03T12:38:36.701+0800][1.238s][info][gc,start    ] GC(15) Pause Cleanup
[2026-09-03T12:38:36.701+0800][1.238s][info][gc          ] GC(15) Pause Cleanup 107M->107M(256M) 0.048ms
[2026-09-03T12:38:36.701+0800][1.238s][info][gc,cpu      ] GC(15) User=0.00s Sys=0.00s Real=0.00s
[2026-09-03T12:38:36.702+0800][1.238s][info][safepoint   ] Safepoint "G1PauseCleanup", Time since last: 3842583 ns, Reaching safepoint: 2625 ns, At safepoint: 69709 ns, Leaving safepoint: 13791 ns, Total: 86125 ns, Threads: 0 runnable, 42 total
[2026-09-03T12:38:36.702+0800][1.238s][info][gc,marking  ] GC(15) Concurrent Clear Claimed Marks
[2026-09-03T12:38:36.702+0800][1.238s][info][gc,marking  ] GC(15) Concurrent Clear Claimed Marks 0.031ms
[2026-09-03T12:38:36.702+0800][1.238s][info][gc,marking  ] GC(15) Concurrent Cleanup for Next Mark
[2026-09-03T12:38:36.702+0800][1.238s][info][gc,marking  ] GC(15) Concurrent Cleanup for Next Mark 0.219ms
[2026-09-03T12:38:36.702+0800][1.238s][info][gc          ] GC(15) Concurrent Mark Cycle 10.789ms
[2026-09-03T12:38:36.753+0800][1.290s][info][gc,start    ] GC(16) Pause Young (Prepare Mixed) (G1 Evacuation Pause)
[2026-09-03T12:38:36.753+0800][1.290s][info][gc,task     ] GC(16) Using 9 workers of 9 for evacuation
[2026-09-03T12:38:36.755+0800][1.292s][info][gc,phases   ] GC(16)   Pre Evacuate Collection Set: 0.09ms
[2026-09-03T12:38:36.755+0800][1.292s][info][gc,phases   ] GC(16)   Merge Heap Roots: 0.03ms
[2026-09-03T12:38:36.755+0800][1.292s][info][gc,phases   ] GC(16)   Evacuate Collection Set: 1.44ms
[2026-09-03T12:38:36.755+0800][1.292s][info][gc,phases   ] GC(16)   Post Evacuate Collection Set: 0.08ms
[2026-09-03T12:38:36.755+0800][1.292s][info][gc,phases   ] GC(16)   Other: 0.06ms
[2026-09-03T12:38:36.755+0800][1.292s][info][gc,heap     ] GC(16) Eden regions: 65->0(101)
[2026-09-03T12:38:36.755+0800][1.292s][info][gc,heap     ] GC(16) Survivor regions: 12->10(10)
[2026-09-03T12:38:36.755+0800][1.292s][info][gc,heap     ] GC(16) Old regions: 85->101
[2026-09-03T12:38:36.755+0800][1.292s][info][gc,heap     ] GC(16) Humongous regions: 1->1
[2026-09-03T12:38:36.755+0800][1.292s][info][gc,metaspace] GC(16) Metaspace: 1059K(1216K)->1059K(1216K) NonClass: 994K(1088K)->994K(1088K) Class: 64K(128K)->64K(128K)
[2026-09-03T12:38:36.755+0800][1.292s][info][gc          ] GC(16) Pause Young (Prepare Mixed) (G1 Evacuation Pause) 162M->110M(256M) 1.798ms
[2026-09-03T12:38:36.755+0800][1.292s][info][gc,cpu      ] GC(16) User=0.02s Sys=0.00s Real=0.00s
[2026-09-03T12:38:36.755+0800][1.292s][info][safepoint   ] Safepoint "G1CollectForAllocation", Time since last: 51851834 ns, Reaching safepoint: 2208 ns, At safepoint: 1820875 ns, Leaving safepoint: 21792 ns, Total: 1844875 ns, Threads: 0 runnable, 42 total
[2026-09-03T12:38:36.850+0800][1.387s][info][gc,start    ] GC(17) Pause Young (Mixed) (G1 Evacuation Pause)
[2026-09-03T12:38:36.850+0800][1.387s][info][gc,task     ] GC(17) Using 9 workers of 9 for evacuation
[2026-09-03T12:38:36.852+0800][1.389s][info][gc,phases   ] GC(17)   Pre Evacuate Collection Set: 0.07ms
[2026-09-03T12:38:36.852+0800][1.389s][info][gc,phases   ] GC(17)   Merge Heap Roots: 0.05ms
[2026-09-03T12:38:36.852+0800][1.389s][info][gc,phases   ] GC(17)   Evacuate Collection Set: 1.96ms
[2026-09-03T12:38:36.852+0800][1.389s][info][gc,phases   ] GC(17)   Post Evacuate Collection Set: 0.11ms
[2026-09-03T12:38:36.852+0800][1.389s][info][gc,phases   ] GC(17)   Other: 0.07ms
[2026-09-03T12:38:36.852+0800][1.389s][info][gc,heap     ] GC(17) Eden regions: 101->0(105)
[2026-09-03T12:38:36.852+0800][1.389s][info][gc,heap     ] GC(17) Survivor regions: 10->14(14)
[2026-09-03T12:38:36.852+0800][1.389s][info][gc,heap     ] GC(17) Old regions: 101->92
[2026-09-03T12:38:36.852+0800][1.389s][info][gc,heap     ] GC(17) Humongous regions: 1->1
[2026-09-03T12:38:36.852+0800][1.389s][info][gc,metaspace] GC(17) Metaspace: 1059K(1216K)->1059K(1216K) NonClass: 994K(1088K)->994K(1088K) Class: 64K(128K)->64K(128K)
[2026-09-03T12:38:36.852+0800][1.389s][info][gc          ] GC(17) Pause Young (Mixed) (G1 Evacuation Pause) 211M->105M(256M) 2.410ms
[2026-09-03T12:38:36.852+0800][1.389s][info][gc,cpu      ] GC(17) User=0.02s Sys=0.00s Real=0.00s
[2026-09-03T12:38:36.852+0800][1.389s][info][safepoint   ] Safepoint "G1CollectForAllocation", Time since last: 94641458 ns, Reaching safepoint: 36583 ns, At safepoint: 2448250 ns, Leaving safepoint: 41834 ns, Total: 2526667 ns, Threads: 1 runnable, 42 total
[2026-09-03T12:38:36.952+0800][1.489s][info][gc,start    ] GC(18) Pause Young (Normal) (G1 Evacuation Pause)
[2026-09-03T12:38:36.952+0800][1.489s][info][gc,task     ] GC(18) Using 9 workers of 9 for evacuation
[2026-09-03T12:38:36.954+0800][1.491s][info][gc,phases   ] GC(18)   Pre Evacuate Collection Set: 0.05ms
[2026-09-03T12:38:36.954+0800][1.491s][info][gc,phases   ] GC(18)   Merge Heap Roots: 0.02ms
[2026-09-03T12:38:36.954+0800][1.491s][info][gc,phases   ] GC(18)   Evacuate Collection Set: 1.87ms
[2026-09-03T12:38:36.954+0800][1.491s][info][gc,phases   ] GC(18)   Post Evacuate Collection Set: 0.10ms
[2026-09-03T12:38:36.954+0800][1.491s][info][gc,phases   ] GC(18)   Other: 0.06ms
[2026-09-03T12:38:36.954+0800][1.491s][info][gc,heap     ] GC(18) Eden regions: 105->0(91)
[2026-09-03T12:38:36.954+0800][1.491s][info][gc,heap     ] GC(18) Survivor regions: 14->15(15)
[2026-09-03T12:38:36.954+0800][1.491s][info][gc,heap     ] GC(18) Old regions: 92->111
[2026-09-03T12:38:36.954+0800][1.491s][info][gc,heap     ] GC(18) Humongous regions: 1->1
[2026-09-03T12:38:36.954+0800][1.491s][info][gc,metaspace] GC(18) Metaspace: 1059K(1216K)->1059K(1216K) NonClass: 994K(1088K)->994K(1088K) Class: 64K(128K)->64K(128K)
[2026-09-03T12:38:36.954+0800][1.491s][info][gc          ] GC(18) Pause Young (Normal) (G1 Evacuation Pause) 210M->126M(256M) 2.229ms
[2026-09-03T12:38:36.954+0800][1.491s][info][gc,cpu      ] GC(18) User=0.01s Sys=0.00s Real=0.00s
[2026-09-03T12:38:36.954+0800][1.491s][info][safepoint   ] Safepoint "G1CollectForAllocation", Time since last: 99398750 ns, Reaching safepoint: 67000 ns, At safepoint: 2252333 ns, Leaving safepoint: 40833 ns, Total: 2360166 ns, Threads: 1 runnable, 42 total
[2026-09-03T12:38:37.041+0800][1.577s][info][gc,start    ] GC(19) Pause Young (Normal) (G1 Evacuation Pause)
[2026-09-03T12:38:37.041+0800][1.577s][info][gc,task     ] GC(19) Using 9 workers of 9 for evacuation
[2026-09-03T12:38:37.043+0800][1.580s][info][gc,phases   ] GC(19)   Pre Evacuate Collection Set: 0.07ms
[2026-09-03T12:38:37.043+0800][1.580s][info][gc,phases   ] GC(19)   Merge Heap Roots: 0.02ms
[2026-09-03T12:38:37.043+0800][1.580s][info][gc,phases   ] GC(19)   Evacuate Collection Set: 2.12ms
[2026-09-03T12:38:37.043+0800][1.580s][info][gc,phases   ] GC(19)   Post Evacuate Collection Set: 0.11ms
[2026-09-03T12:38:37.043+0800][1.580s][info][gc,phases   ] GC(19)   Other: 0.06ms
[2026-09-03T12:38:37.043+0800][1.580s][info][gc,heap     ] GC(19) Eden regions: 91->0(77)
[2026-09-03T12:38:37.043+0800][1.580s][info][gc,heap     ] GC(19) Survivor regions: 15->14(14)
[2026-09-03T12:38:37.043+0800][1.580s][info][gc,heap     ] GC(19) Old regions: 111->131
[2026-09-03T12:38:37.043+0800][1.580s][info][gc,heap     ] GC(19) Humongous regions: 1->1
[2026-09-03T12:38:37.043+0800][1.580s][info][gc,metaspace] GC(19) Metaspace: 1059K(1216K)->1059K(1216K) NonClass: 994K(1088K)->994K(1088K) Class: 64K(128K)->64K(128K)
[2026-09-03T12:38:37.043+0800][1.580s][info][gc          ] GC(19) Pause Young (Normal) (G1 Evacuation Pause) 217M->145M(256M) 2.495ms
[2026-09-03T12:38:37.043+0800][1.580s][info][gc,cpu      ] GC(19) User=0.01s Sys=0.00s Real=0.00s
[2026-09-03T12:38:37.043+0800][1.580s][info][safepoint   ] Safepoint "G1CollectForAllocation", Time since last: 86519417 ns, Reaching safepoint: 25458 ns, At safepoint: 2520334 ns, Leaving safepoint: 30000 ns, Total: 2575792 ns, Threads: 1 runnable, 42 total
[2026-09-03T12:38:37.118+0800][1.655s][info][gc,start    ] GC(20) Pause Young (Concurrent Start) (G1 Evacuation Pause)
[2026-09-03T12:38:37.118+0800][1.655s][info][gc,task     ] GC(20) Using 9 workers of 9 for evacuation
[2026-09-03T12:38:37.120+0800][1.657s][info][gc,phases   ] GC(20)   Pre Evacuate Collection Set: 0.09ms
[2026-09-03T12:38:37.120+0800][1.657s][info][gc,phases   ] GC(20)   Merge Heap Roots: 0.05ms
[2026-09-03T12:38:37.120+0800][1.657s][info][gc,phases   ] GC(20)   Evacuate Collection Set: 1.70ms
[2026-09-03T12:38:37.120+0800][1.657s][info][gc,phases   ] GC(20)   Post Evacuate Collection Set: 0.10ms
[2026-09-03T12:38:37.120+0800][1.657s][info][gc,phases   ] GC(20)   Other: 0.12ms
[2026-09-03T12:38:37.120+0800][1.657s][info][gc,heap     ] GC(20) Eden regions: 77->0(66)
[2026-09-03T12:38:37.120+0800][1.657s][info][gc,heap     ] GC(20) Survivor regions: 14->12(12)
[2026-09-03T12:38:37.120+0800][1.657s][info][gc,heap     ] GC(20) Old regions: 131->149
[2026-09-03T12:38:37.120+0800][1.657s][info][gc,heap     ] GC(20) Humongous regions: 1->1
[2026-09-03T12:38:37.120+0800][1.657s][info][gc,metaspace] GC(20) Metaspace: 1059K(1216K)->1059K(1216K) NonClass: 994K(1088K)->994K(1088K) Class: 64K(128K)->64K(128K)
[2026-09-03T12:38:37.120+0800][1.657s][info][gc          ] GC(20) Pause Young (Concurrent Start) (G1 Evacuation Pause) 222M->160M(256M) 2.210ms
[2026-09-03T12:38:37.120+0800][1.657s][info][gc,cpu      ] GC(20) User=0.02s Sys=0.00s Real=0.01s
[2026-09-03T12:38:37.120+0800][1.657s][info][gc          ] GC(21) Concurrent Mark Cycle
[2026-09-03T12:38:37.120+0800][1.657s][info][gc,marking  ] GC(21) Concurrent Scan Root Regions
[2026-09-03T12:38:37.120+0800][1.657s][info][safepoint   ] Safepoint "G1CollectForAllocation", Time since last: 74833750 ns, Reaching safepoint: 26000 ns, At safepoint: 2250083 ns, Leaving safepoint: 45292 ns, Total: 2321375 ns, Threads: 1 runnable, 42 total
[2026-09-03T12:38:37.122+0800][1.659s][info][gc,marking  ] GC(21) Concurrent Scan Root Regions 1.790ms
[2026-09-03T12:38:37.122+0800][1.659s][info][gc,marking  ] GC(21) Concurrent Mark
[2026-09-03T12:38:37.122+0800][1.659s][info][gc,marking  ] GC(21) Concurrent Mark From Roots
[2026-09-03T12:38:37.122+0800][1.659s][info][gc,task     ] GC(21) Concurrent Mark Using 2 of 2 Workers
[2026-09-03T12:38:37.128+0800][1.664s][info][gc,marking  ] GC(21) Concurrent Mark From Roots 5.412ms
[2026-09-03T12:38:37.128+0800][1.664s][info][gc,marking  ] GC(21) Concurrent Preclean
[2026-09-03T12:38:37.128+0800][1.664s][info][gc,marking  ] GC(21) Concurrent Preclean 0.021ms
[2026-09-03T12:38:37.128+0800][1.664s][info][gc,start    ] GC(21) Pause Remark
[2026-09-03T12:38:37.128+0800][1.665s][info][gc          ] GC(21) Pause Remark 168M->137M(256M) 0.488ms
[2026-09-03T12:38:37.128+0800][1.665s][info][gc,cpu      ] GC(21) User=0.00s Sys=0.01s Real=0.00s
[2026-09-03T12:38:37.128+0800][1.665s][info][safepoint   ] Safepoint "G1PauseRemark", Time since last: 7308875 ns, Reaching safepoint: 24708 ns, At safepoint: 526708 ns, Leaving safepoint: 21417 ns, Total: 572833 ns, Threads: 2 runnable, 42 total
[2026-09-03T12:38:37.128+0800][1.665s][info][gc,marking  ] GC(21) Concurrent Mark 6.100ms
[2026-09-03T12:38:37.128+0800][1.665s][info][gc,marking  ] GC(21) Concurrent Rebuild Remembered Sets and Scrub Regions
[2026-09-03T12:38:37.134+0800][1.671s][info][gc,marking  ] GC(21) Concurrent Rebuild Remembered Sets and Scrub Regions 5.824ms
[2026-09-03T12:38:37.134+0800][1.671s][info][gc,start    ] GC(21) Pause Cleanup
[2026-09-03T12:38:37.134+0800][1.671s][info][gc          ] GC(21) Pause Cleanup 142M->142M(256M) 0.044ms
[2026-09-03T12:38:37.134+0800][1.671s][info][gc,cpu      ] GC(21) User=0.00s Sys=0.00s Real=0.00s
[2026-09-03T12:38:37.134+0800][1.671s][info][safepoint   ] Safepoint "G1PauseCleanup", Time since last: 5909500 ns, Reaching safepoint: 2833 ns, At safepoint: 60834 ns, Leaving safepoint: 6291 ns, Total: 69958 ns, Threads: 0 runnable, 42 total
[2026-09-03T12:38:37.134+0800][1.671s][info][gc,marking  ] GC(21) Concurrent Clear Claimed Marks
[2026-09-03T12:38:37.134+0800][1.671s][info][gc,marking  ] GC(21) Concurrent Clear Claimed Marks 0.005ms
[2026-09-03T12:38:37.134+0800][1.671s][info][gc,marking  ] GC(21) Concurrent Cleanup for Next Mark
[2026-09-03T12:38:37.134+0800][1.671s][info][gc,marking  ] GC(21) Concurrent Cleanup for Next Mark 0.096ms
[2026-09-03T12:38:37.134+0800][1.671s][info][gc          ] GC(21) Concurrent Mark Cycle 14.040ms
[2026-09-03T12:38:37.185+0800][1.722s][info][gc,start    ] GC(22) Pause Young (Prepare Mixed) (G1 Evacuation Pause)
[2026-09-03T12:38:37.185+0800][1.722s][info][gc,task     ] GC(22) Using 9 workers of 9 for evacuation
[2026-09-03T12:38:37.187+0800][1.723s][info][gc,phases   ] GC(22)   Pre Evacuate Collection Set: 0.09ms
[2026-09-03T12:38:37.187+0800][1.723s][info][gc,phases   ] GC(22)   Merge Heap Roots: 0.03ms
[2026-09-03T12:38:37.187+0800][1.723s][info][gc,phases   ] GC(22)   Evacuate Collection Set: 1.35ms
[2026-09-03T12:38:37.187+0800][1.723s][info][gc,phases   ] GC(22)   Post Evacuate Collection Set: 0.09ms
[2026-09-03T12:38:37.187+0800][1.723s][info][gc,phases   ] GC(22)   Other: 0.06ms
[2026-09-03T12:38:37.187+0800][1.723s][info][gc,heap     ] GC(22) Eden regions: 66->0(78)
[2026-09-03T12:38:37.187+0800][1.723s][info][gc,heap     ] GC(22) Survivor regions: 12->10(10)
[2026-09-03T12:38:37.187+0800][1.723s][info][gc,heap     ] GC(22) Old regions: 118->134
[2026-09-03T12:38:37.187+0800][1.723s][info][gc,heap     ] GC(22) Humongous regions: 1->1
[2026-09-03T12:38:37.187+0800][1.723s][info][gc,metaspace] GC(22) Metaspace: 1059K(1216K)->1059K(1216K) NonClass: 994K(1088K)->994K(1088K) Class: 64K(128K)->64K(128K)
[2026-09-03T12:38:37.187+0800][1.723s][info][gc          ] GC(22) Pause Young (Prepare Mixed) (G1 Evacuation Pause) 195M->143M(256M) 1.739ms
[2026-09-03T12:38:37.187+0800][1.723s][info][gc,cpu      ] GC(22) User=0.01s Sys=0.01s Real=0.00s
[2026-09-03T12:38:37.187+0800][1.723s][info][safepoint   ] Safepoint "G1CollectForAllocation", Time since last: 50659167 ns, Reaching safepoint: 2875 ns, At safepoint: 1764417 ns, Leaving safepoint: 21541 ns, Total: 1788833 ns, Threads: 0 runnable, 42 total
[2026-09-03T12:38:37.259+0800][1.795s][info][gc,start    ] GC(23) Pause Young (Mixed) (G1 Evacuation Pause)
[2026-09-03T12:38:37.259+0800][1.795s][info][gc,task     ] GC(23) Using 9 workers of 9 for evacuation
[2026-09-03T12:38:37.261+0800][1.797s][info][gc,phases   ] GC(23)   Pre Evacuate Collection Set: 0.07ms
[2026-09-03T12:38:37.261+0800][1.797s][info][gc,phases   ] GC(23)   Merge Heap Roots: 0.02ms
[2026-09-03T12:38:37.261+0800][1.797s][info][gc,phases   ] GC(23)   Evacuate Collection Set: 1.69ms
[2026-09-03T12:38:37.261+0800][1.797s][info][gc,phases   ] GC(23)   Post Evacuate Collection Set: 0.10ms
[2026-09-03T12:38:37.261+0800][1.797s][info][gc,phases   ] GC(23)   Other: 0.06ms
[2026-09-03T12:38:37.261+0800][1.797s][info][gc,heap     ] GC(23) Eden regions: 78->0(87)
[2026-09-03T12:38:37.261+0800][1.797s][info][gc,heap     ] GC(23) Survivor regions: 10->11(11)
[2026-09-03T12:38:37.261+0800][1.797s][info][gc,heap     ] GC(23) Old regions: 134->121
[2026-09-03T12:38:37.261+0800][1.797s][info][gc,heap     ] GC(23) Humongous regions: 1->1
[2026-09-03T12:38:37.261+0800][1.797s][info][gc,metaspace] GC(23) Metaspace: 1059K(1216K)->1059K(1216K) NonClass: 994K(1088K)->994K(1088K) Class: 64K(128K)->64K(128K)
[2026-09-03T12:38:37.261+0800][1.797s][info][gc          ] GC(23) Pause Young (Mixed) (G1 Evacuation Pause) 221M->131M(256M) 2.087ms
[2026-09-03T12:38:37.261+0800][1.797s][info][gc,cpu      ] GC(23) User=0.01s Sys=0.00s Real=0.01s
[2026-09-03T12:38:37.261+0800][1.797s][info][safepoint   ] Safepoint "G1CollectForAllocation", Time since last: 71773459 ns, Reaching safepoint: 23583 ns, At safepoint: 2146625 ns, Leaving safepoint: 23667 ns, Total: 2193875 ns, Threads: 2 runnable, 42 total
[2026-09-03T12:38:37.339+0800][1.876s][info][gc,start    ] GC(24) Pause Young (Mixed) (G1 Evacuation Pause)
[2026-09-03T12:38:37.339+0800][1.876s][info][gc,task     ] GC(24) Using 9 workers of 9 for evacuation
[2026-09-03T12:38:37.342+0800][1.878s][info][gc,phases   ] GC(24)   Pre Evacuate Collection Set: 0.07ms
[2026-09-03T12:38:37.342+0800][1.878s][info][gc,phases   ] GC(24)   Merge Heap Roots: 0.03ms
[2026-09-03T12:38:37.342+0800][1.878s][info][gc,phases   ] GC(24)   Evacuate Collection Set: 2.11ms
[2026-09-03T12:38:37.342+0800][1.878s][info][gc,phases   ] GC(24)   Post Evacuate Collection Set: 0.11ms
[2026-09-03T12:38:37.342+0800][1.878s][info][gc,phases   ] GC(24)   Other: 0.06ms
[2026-09-03T12:38:37.342+0800][1.878s][info][gc,heap     ] GC(24) Eden regions: 87->0(94)
[2026-09-03T12:38:37.342+0800][1.878s][info][gc,heap     ] GC(24) Survivor regions: 11->13(13)
[2026-09-03T12:38:37.342+0800][1.878s][info][gc,heap     ] GC(24) Old regions: 121->109
[2026-09-03T12:38:37.342+0800][1.878s][info][gc,heap     ] GC(24) Humongous regions: 1->1
[2026-09-03T12:38:37.342+0800][1.878s][info][gc,metaspace] GC(24) Metaspace: 1059K(1216K)->1059K(1216K) NonClass: 994K(1088K)->994K(1088K) Class: 64K(128K)->64K(128K)
[2026-09-03T12:38:37.342+0800][1.878s][info][gc          ] GC(24) Pause Young (Mixed) (G1 Evacuation Pause) 218M->121M(256M) 2.492ms
[2026-09-03T12:38:37.342+0800][1.878s][info][gc,cpu      ] GC(24) User=0.01s Sys=0.00s Real=0.01s
[2026-09-03T12:38:37.342+0800][1.878s][info][safepoint   ] Safepoint "G1CollectForAllocation", Time since last: 78523250 ns, Reaching safepoint: 2958 ns, At safepoint: 2528500 ns, Leaving safepoint: 31333 ns, Total: 2562791 ns, Threads: 0 runnable, 42 total
[2026-09-03T12:38:37.430+0800][1.967s][info][gc,start    ] GC(25) Pause Young (Mixed) (G1 Evacuation Pause)
[2026-09-03T12:38:37.430+0800][1.967s][info][gc,task     ] GC(25) Using 9 workers of 9 for evacuation
[2026-09-03T12:38:37.432+0800][1.969s][info][gc,phases   ] GC(25)   Pre Evacuate Collection Set: 0.07ms
[2026-09-03T12:38:37.432+0800][1.969s][info][gc,phases   ] GC(25)   Merge Heap Roots: 0.02ms
[2026-09-03T12:38:37.432+0800][1.969s][info][gc,phases   ] GC(25)   Evacuate Collection Set: 1.86ms
[2026-09-03T12:38:37.432+0800][1.969s][info][gc,phases   ] GC(25)   Post Evacuate Collection Set: 0.10ms
[2026-09-03T12:38:37.432+0800][1.969s][info][gc,phases   ] GC(25)   Other: 0.07ms
[2026-09-03T12:38:37.432+0800][1.969s][info][gc,heap     ] GC(25) Eden regions: 94->0(82)
[2026-09-03T12:38:37.432+0800][1.969s][info][gc,heap     ] GC(25) Survivor regions: 13->14(14)
[2026-09-03T12:38:37.432+0800][1.969s][info][gc,heap     ] GC(25) Old regions: 109->125
[2026-09-03T12:38:37.432+0800][1.969s][info][gc,heap     ] GC(25) Humongous regions: 1->1
[2026-09-03T12:38:37.432+0800][1.969s][info][gc,metaspace] GC(25) Metaspace: 1059K(1216K)->1059K(1216K) NonClass: 994K(1088K)->994K(1088K) Class: 64K(128K)->64K(128K)
[2026-09-03T12:38:37.432+0800][1.969s][info][gc          ] GC(25) Pause Young (Mixed) (G1 Evacuation Pause) 215M->138M(256M) 2.245ms
[2026-09-03T12:38:37.432+0800][1.969s][info][gc,cpu      ] GC(25) User=0.02s Sys=0.00s Real=0.00s
[2026-09-03T12:38:37.432+0800][1.969s][info][safepoint   ] Safepoint "G1CollectForAllocation", Time since last: 88097542 ns, Reaching safepoint: 25292 ns, At safepoint: 2300208 ns, Leaving safepoint: 23708 ns, Total: 2349208 ns, Threads: 3 runnable, 42 total
[2026-09-03T12:38:37.507+0800][2.043s][info][gc,start    ] GC(26) Pause Young (Concurrent Start) (G1 Evacuation Pause)
[2026-09-03T12:38:37.507+0800][2.043s][info][gc,task     ] GC(26) Using 9 workers of 9 for evacuation
[2026-09-03T12:38:37.509+0800][2.046s][info][gc,phases   ] GC(26)   Pre Evacuate Collection Set: 0.06ms
[2026-09-03T12:38:37.509+0800][2.046s][info][gc,phases   ] GC(26)   Merge Heap Roots: 0.02ms
[2026-09-03T12:38:37.509+0800][2.046s][info][gc,phases   ] GC(26)   Evacuate Collection Set: 1.93ms
[2026-09-03T12:38:37.509+0800][2.046s][info][gc,phases   ] GC(26)   Post Evacuate Collection Set: 0.10ms
[2026-09-03T12:38:37.509+0800][2.046s][info][gc,phases   ] GC(26)   Other: 0.08ms
[2026-09-03T12:38:37.509+0800][2.046s][info][gc,heap     ] GC(26) Eden regions: 82->0(70)
[2026-09-03T12:38:37.509+0800][2.046s][info][gc,heap     ] GC(26) Survivor regions: 14->12(12)
[2026-09-03T12:38:37.509+0800][2.046s][info][gc,heap     ] GC(26) Old regions: 125->143
[2026-09-03T12:38:37.509+0800][2.046s][info][gc,heap     ] GC(26) Humongous regions: 1->1
[2026-09-03T12:38:37.509+0800][2.046s][info][gc,metaspace] GC(26) Metaspace: 1059K(1216K)->1059K(1216K) NonClass: 994K(1088K)->994K(1088K) Class: 64K(128K)->64K(128K)
[2026-09-03T12:38:37.509+0800][2.046s][info][gc          ] GC(26) Pause Young (Concurrent Start) (G1 Evacuation Pause) 220M->155M(256M) 2.301ms
[2026-09-03T12:38:37.509+0800][2.046s][info][gc          ] GC(27) Concurrent Mark Cycle
[2026-09-03T12:38:37.509+0800][2.046s][info][gc,cpu      ] GC(26) User=0.02s Sys=0.00s Real=0.00s
[2026-09-03T12:38:37.509+0800][2.046s][info][gc,marking  ] GC(27) Concurrent Scan Root Regions
[2026-09-03T12:38:37.509+0800][2.046s][info][safepoint   ] Safepoint "G1CollectForAllocation", Time since last: 74378209 ns, Reaching safepoint: 81791 ns, At safepoint: 2355334 ns, Leaving safepoint: 21583 ns, Total: 2458708 ns, Threads: 3 runnable, 42 total
[2026-09-03T12:38:37.511+0800][2.047s][info][gc,marking  ] GC(27) Concurrent Scan Root Regions 1.824ms
[2026-09-03T12:38:37.511+0800][2.047s][info][gc,marking  ] GC(27) Concurrent Mark
[2026-09-03T12:38:37.511+0800][2.047s][info][gc,marking  ] GC(27) Concurrent Mark From Roots
[2026-09-03T12:38:37.511+0800][2.047s][info][gc,task     ] GC(27) Concurrent Mark Using 2 of 2 Workers
[2026-09-03T12:38:37.515+0800][2.051s][info][gc,marking  ] GC(27) Concurrent Mark From Roots 3.681ms
[2026-09-03T12:38:37.515+0800][2.051s][info][gc,marking  ] GC(27) Concurrent Preclean
[2026-09-03T12:38:37.515+0800][2.051s][info][gc,marking  ] GC(27) Concurrent Preclean 0.026ms
[2026-09-03T12:38:37.515+0800][2.051s][info][gc,start    ] GC(27) Pause Remark
[2026-09-03T12:38:37.515+0800][2.052s][info][gc          ] GC(27) Pause Remark 161M->101M(256M) 0.299ms
[2026-09-03T12:38:37.515+0800][2.052s][info][gc,cpu      ] GC(27) User=0.00s Sys=0.00s Real=0.00s
[2026-09-03T12:38:37.515+0800][2.052s][info][safepoint   ] Safepoint "G1PauseRemark", Time since last: 5580000 ns, Reaching safepoint: 49708 ns, At safepoint: 321375 ns, Leaving safepoint: 14625 ns, Total: 385708 ns, Threads: 5 runnable, 42 total
[2026-09-03T12:38:37.515+0800][2.052s][info][gc,marking  ] GC(27) Concurrent Mark 4.185ms
[2026-09-03T12:38:37.515+0800][2.052s][info][gc,marking  ] GC(27) Concurrent Rebuild Remembered Sets and Scrub Regions
[2026-09-03T12:38:37.519+0800][2.056s][info][gc,marking  ] GC(27) Concurrent Rebuild Remembered Sets and Scrub Regions 4.345ms
[2026-09-03T12:38:37.519+0800][2.056s][info][gc,start    ] GC(27) Pause Cleanup
[2026-09-03T12:38:37.520+0800][2.056s][info][gc          ] GC(27) Pause Cleanup 106M->106M(256M) 0.052ms
[2026-09-03T12:38:37.520+0800][2.056s][info][gc,cpu      ] GC(27) User=0.00s Sys=0.00s Real=0.01s
[2026-09-03T12:38:37.520+0800][2.056s][info][safepoint   ] Safepoint "G1PauseCleanup", Time since last: 4425417 ns, Reaching safepoint: 23792 ns, At safepoint: 91083 ns, Leaving safepoint: 28708 ns, Total: 143583 ns, Threads: 2 runnable, 42 total
[2026-09-03T12:38:37.520+0800][2.056s][info][gc,marking  ] GC(27) Concurrent Clear Claimed Marks
[2026-09-03T12:38:37.520+0800][2.056s][info][gc,marking  ] GC(27) Concurrent Clear Claimed Marks 0.005ms
[2026-09-03T12:38:37.520+0800][2.056s][info][gc,marking  ] GC(27) Concurrent Cleanup for Next Mark
[2026-09-03T12:38:37.520+0800][2.056s][info][gc,marking  ] GC(27) Concurrent Cleanup for Next Mark 0.114ms
[2026-09-03T12:38:37.520+0800][2.056s][info][gc          ] GC(27) Concurrent Mark Cycle 10.740ms
[2026-09-03T12:38:37.573+0800][2.110s][info][gc,start    ] GC(28) Pause Young (Prepare Mixed) (G1 Evacuation Pause)
[2026-09-03T12:38:37.573+0800][2.110s][info][gc,task     ] GC(28) Using 9 workers of 9 for evacuation
[2026-09-03T12:38:37.575+0800][2.111s][info][gc,phases   ] GC(28)   Pre Evacuate Collection Set: 0.06ms
[2026-09-03T12:38:37.575+0800][2.111s][info][gc,phases   ] GC(28)   Merge Heap Roots: 0.04ms
[2026-09-03T12:38:37.575+0800][2.111s][info][gc,phases   ] GC(28)   Evacuate Collection Set: 1.49ms
[2026-09-03T12:38:37.575+0800][2.111s][info][gc,phases   ] GC(28)   Post Evacuate Collection Set: 0.09ms
[2026-09-03T12:38:37.575+0800][2.111s][info][gc,phases   ] GC(28)   Other: 0.07ms
[2026-09-03T12:38:37.575+0800][2.111s][info][gc,heap     ] GC(28) Eden regions: 70->0(102)
[2026-09-03T12:38:37.575+0800][2.111s][info][gc,heap     ] GC(28) Survivor regions: 12->11(11)
[2026-09-03T12:38:37.575+0800][2.111s][info][gc,heap     ] GC(28) Old regions: 83->99
[2026-09-03T12:38:37.575+0800][2.111s][info][gc,heap     ] GC(28) Humongous regions: 1->1
[2026-09-03T12:38:37.575+0800][2.111s][info][gc,metaspace] GC(28) Metaspace: 1059K(1216K)->1059K(1216K) NonClass: 994K(1088K)->994K(1088K) Class: 64K(128K)->64K(128K)
[2026-09-03T12:38:37.575+0800][2.111s][info][gc          ] GC(28) Pause Young (Prepare Mixed) (G1 Evacuation Pause) 165M->109M(256M) 1.850ms
[2026-09-03T12:38:37.575+0800][2.111s][info][gc,cpu      ] GC(28) User=0.01s Sys=0.00s Real=0.00s
[2026-09-03T12:38:37.575+0800][2.111s][info][safepoint   ] Safepoint "G1CollectForAllocation", Time since last: 53319292 ns, Reaching safepoint: 2875 ns, At safepoint: 1876542 ns, Leaving safepoint: 41541 ns, Total: 1920958 ns, Threads: 0 runnable, 42 total
[2026-09-03T12:38:37.668+0800][2.205s][info][gc,start    ] GC(29) Pause Young (Mixed) (G1 Evacuation Pause)
[2026-09-03T12:38:37.668+0800][2.205s][info][gc,task     ] GC(29) Using 9 workers of 9 for evacuation
[2026-09-03T12:38:37.670+0800][2.207s][info][gc,phases   ] GC(29)   Pre Evacuate Collection Set: 0.05ms
[2026-09-03T12:38:37.670+0800][2.207s][info][gc,phases   ] GC(29)   Merge Heap Roots: 0.03ms
[2026-09-03T12:38:37.670+0800][2.207s][info][gc,phases   ] GC(29)   Evacuate Collection Set: 1.80ms
[2026-09-03T12:38:37.670+0800][2.207s][info][gc,phases   ] GC(29)   Post Evacuate Collection Set: 0.12ms
[2026-09-03T12:38:37.670+0800][2.207s][info][gc,phases   ] GC(29)   Other: 0.06ms
[2026-09-03T12:38:37.670+0800][2.207s][info][gc,heap     ] GC(29) Eden regions: 102->0(107)
[2026-09-03T12:38:37.670+0800][2.207s][info][gc,heap     ] GC(29) Survivor regions: 11->15(15)
[2026-09-03T12:38:37.670+0800][2.207s][info][gc,heap     ] GC(29) Old regions: 99->89
[2026-09-03T12:38:37.670+0800][2.207s][info][gc,heap     ] GC(29) Humongous regions: 1->1
[2026-09-03T12:38:37.670+0800][2.207s][info][gc,metaspace] GC(29) Metaspace: 1059K(1216K)->1059K(1216K) NonClass: 994K(1088K)->994K(1088K) Class: 64K(128K)->64K(128K)
[2026-09-03T12:38:37.670+0800][2.207s][info][gc          ] GC(29) Pause Young (Mixed) (G1 Evacuation Pause) 211M->104M(256M) 2.180ms
[2026-09-03T12:38:37.670+0800][2.207s][info][gc,cpu      ] GC(29) User=0.02s Sys=0.00s Real=0.01s
[2026-09-03T12:38:37.670+0800][2.207s][info][safepoint   ] Safepoint "G1CollectForAllocation", Time since last: 93009959 ns, Reaching safepoint: 29791 ns, At safepoint: 2221334 ns, Leaving safepoint: 42666 ns, Total: 2293791 ns, Threads: 1 runnable, 42 total
[2026-09-03T12:38:37.770+0800][2.307s][info][gc,start    ] GC(30) Pause Young (Concurrent Start) (G1 Evacuation Pause)
[2026-09-03T12:38:37.770+0800][2.307s][info][gc,task     ] GC(30) Using 9 workers of 9 for evacuation
[2026-09-03T12:38:37.772+0800][2.309s][info][gc,phases   ] GC(30)   Pre Evacuate Collection Set: 0.06ms
[2026-09-03T12:38:37.772+0800][2.309s][info][gc,phases   ] GC(30)   Merge Heap Roots: 0.02ms
[2026-09-03T12:38:37.772+0800][2.309s][info][gc,phases   ] GC(30)   Evacuate Collection Set: 2.03ms
[2026-09-03T12:38:37.772+0800][2.309s][info][gc,phases   ] GC(30)   Post Evacuate Collection Set: 0.10ms
[2026-09-03T12:38:37.772+0800][2.309s][info][gc,phases   ] GC(30)   Other: 0.06ms
[2026-09-03T12:38:37.772+0800][2.309s][info][gc,heap     ] GC(30) Eden regions: 107->0(91)
[2026-09-03T12:38:37.772+0800][2.309s][info][gc,heap     ] GC(30) Survivor regions: 15->16(16)
[2026-09-03T12:38:37.772+0800][2.309s][info][gc,heap     ] GC(30) Old regions: 89->110
[2026-09-03T12:38:37.772+0800][2.309s][info][gc,heap     ] GC(30) Humongous regions: 1->1
[2026-09-03T12:38:37.772+0800][2.309s][info][gc,metaspace] GC(30) Metaspace: 1059K(1216K)->1059K(1216K) NonClass: 994K(1088K)->994K(1088K) Class: 64K(128K)->64K(128K)
[2026-09-03T12:38:37.772+0800][2.309s][info][gc          ] GC(30) Pause Young (Concurrent Start) (G1 Evacuation Pause) 211M->125M(256M) 2.369ms
[2026-09-03T12:38:37.772+0800][2.309s][info][gc,cpu      ] GC(30) User=0.02s Sys=0.00s Real=0.00s
[2026-09-03T12:38:37.772+0800][2.309s][info][gc          ] GC(31) Concurrent Mark Cycle
[2026-09-03T12:38:37.772+0800][2.309s][info][gc,marking  ] GC(31) Concurrent Scan Root Regions
[2026-09-03T12:38:37.772+0800][2.309s][info][safepoint   ] Safepoint "G1CollectForAllocation", Time since last: 99784500 ns, Reaching safepoint: 51375 ns, At safepoint: 2396625 ns, Leaving safepoint: 36625 ns, Total: 2484625 ns, Threads: 1 runnable, 42 total
[2026-09-03T12:38:37.775+0800][2.311s][info][gc,marking  ] GC(31) Concurrent Scan Root Regions 2.160ms
[2026-09-03T12:38:37.775+0800][2.311s][info][gc,marking  ] GC(31) Concurrent Mark
[2026-09-03T12:38:37.775+0800][2.311s][info][gc,marking  ] GC(31) Concurrent Mark From Roots
[2026-09-03T12:38:37.775+0800][2.311s][info][gc,task     ] GC(31) Concurrent Mark Using 2 of 2 Workers
[2026-09-03T12:38:37.780+0800][2.317s][info][gc,marking  ] GC(31) Concurrent Mark From Roots 5.450ms
[2026-09-03T12:38:37.780+0800][2.317s][info][gc,marking  ] GC(31) Concurrent Preclean
[2026-09-03T12:38:37.780+0800][2.317s][info][gc,marking  ] GC(31) Concurrent Preclean 0.011ms
[2026-09-03T12:38:37.780+0800][2.317s][info][gc,start    ] GC(31) Pause Remark
[2026-09-03T12:38:37.781+0800][2.317s][info][gc          ] GC(31) Pause Remark 133M->120M(256M) 0.427ms
[2026-09-03T12:38:37.781+0800][2.317s][info][gc,cpu      ] GC(31) User=0.00s Sys=0.00s Real=0.00s
[2026-09-03T12:38:37.781+0800][2.317s][info][safepoint   ] Safepoint "G1PauseRemark", Time since last: 7679209 ns, Reaching safepoint: 44500 ns, At safepoint: 449208 ns, Leaving safepoint: 24917 ns, Total: 518625 ns, Threads: 1 runnable, 42 total
[2026-09-03T12:38:37.781+0800][2.317s][info][gc,marking  ] GC(31) Concurrent Mark 6.082ms
[2026-09-03T12:38:37.781+0800][2.317s][info][gc,marking  ] GC(31) Concurrent Rebuild Remembered Sets and Scrub Regions
[2026-09-03T12:38:37.787+0800][2.323s][info][gc,marking  ] GC(31) Concurrent Rebuild Remembered Sets and Scrub Regions 5.946ms
[2026-09-03T12:38:37.787+0800][2.323s][info][gc,start    ] GC(31) Pause Cleanup
[2026-09-03T12:38:37.787+0800][2.323s][info][gc          ] GC(31) Pause Cleanup 126M->126M(256M) 0.049ms
[2026-09-03T12:38:37.787+0800][2.323s][info][gc,cpu      ] GC(31) User=0.00s Sys=0.00s Real=0.00s
[2026-09-03T12:38:37.787+0800][2.323s][info][safepoint   ] Safepoint "G1PauseCleanup", Time since last: 6059625 ns, Reaching safepoint: 21083 ns, At safepoint: 93458 ns, Leaving safepoint: 28792 ns, Total: 143333 ns, Threads: 1 runnable, 42 total
[2026-09-03T12:38:37.787+0800][2.323s][info][gc,marking  ] GC(31) Concurrent Clear Claimed Marks
[2026-09-03T12:38:37.787+0800][2.323s][info][gc,marking  ] GC(31) Concurrent Clear Claimed Marks 0.021ms
[2026-09-03T12:38:37.787+0800][2.323s][info][gc,marking  ] GC(31) Concurrent Cleanup for Next Mark
[2026-09-03T12:38:37.787+0800][2.324s][info][gc,marking  ] GC(31) Concurrent Cleanup for Next Mark 0.144ms
[2026-09-03T12:38:37.787+0800][2.324s][info][gc          ] GC(31) Concurrent Mark Cycle 14.659ms
[2026-09-03T12:38:37.860+0800][2.397s][info][gc,start    ] GC(32) Pause Young (Prepare Mixed) (G1 Evacuation Pause)
[2026-09-03T12:38:37.861+0800][2.397s][info][gc,task     ] GC(32) Using 9 workers of 9 for evacuation
[2026-09-03T12:38:37.863+0800][2.400s][info][gc,phases   ] GC(32)   Pre Evacuate Collection Set: 0.08ms
[2026-09-03T12:38:37.863+0800][2.400s][info][gc,phases   ] GC(32)   Merge Heap Roots: 0.02ms
[2026-09-03T12:38:37.863+0800][2.400s][info][gc,phases   ] GC(32)   Evacuate Collection Set: 2.11ms
[2026-09-03T12:38:37.863+0800][2.400s][info][gc,phases   ] GC(32)   Post Evacuate Collection Set: 0.09ms
[2026-09-03T12:38:37.863+0800][2.400s][info][gc,phases   ] GC(32)   Other: 0.07ms
[2026-09-03T12:38:37.863+0800][2.400s][info][gc,heap     ] GC(32) Eden regions: 91->0(87)
[2026-09-03T12:38:37.863+0800][2.400s][info][gc,heap     ] GC(32) Survivor regions: 16->14(14)
[2026-09-03T12:38:37.863+0800][2.400s][info][gc,heap     ] GC(32) Old regions: 97->117
[2026-09-03T12:38:37.863+0800][2.400s][info][gc,heap     ] GC(32) Humongous regions: 1->1
[2026-09-03T12:38:37.863+0800][2.400s][info][gc,metaspace] GC(32) Metaspace: 1059K(1216K)->1059K(1216K) NonClass: 994K(1088K)->994K(1088K) Class: 64K(128K)->64K(128K)
[2026-09-03T12:38:37.863+0800][2.400s][info][gc          ] GC(32) Pause Young (Prepare Mixed) (G1 Evacuation Pause) 203M->131M(256M) 2.513ms
[2026-09-03T12:38:37.863+0800][2.400s][info][gc,cpu      ] GC(32) User=0.02s Sys=0.00s Real=0.00s
[2026-09-03T12:38:37.863+0800][2.400s][info][safepoint   ] Safepoint "G1CollectForAllocation", Time since last: 73661208 ns, Reaching safepoint: 24125 ns, At safepoint: 2548584 ns, Leaving safepoint: 20375 ns, Total: 2593084 ns, Threads: 4 runnable, 42 total
[2026-09-03T12:38:37.944+0800][2.480s][info][gc,start    ] GC(33) Pause Young (Mixed) (G1 Evacuation Pause)
[2026-09-03T12:38:37.944+0800][2.480s][info][gc,task     ] GC(33) Using 9 workers of 9 for evacuation
[2026-09-03T12:38:37.946+0800][2.482s][info][gc,phases   ] GC(33)   Pre Evacuate Collection Set: 0.07ms
[2026-09-03T12:38:37.946+0800][2.482s][info][gc,phases   ] GC(33)   Merge Heap Roots: 0.02ms
[2026-09-03T12:38:37.946+0800][2.482s][info][gc,phases   ] GC(33)   Evacuate Collection Set: 1.66ms
[2026-09-03T12:38:37.946+0800][2.482s][info][gc,phases   ] GC(33)   Post Evacuate Collection Set: 0.11ms
[2026-09-03T12:38:37.946+0800][2.482s][info][gc,phases   ] GC(33)   Other: 0.06ms
[2026-09-03T12:38:37.946+0800][2.482s][info][gc,heap     ] GC(33) Eden regions: 87->0(92)
[2026-09-03T12:38:37.946+0800][2.482s][info][gc,heap     ] GC(33) Survivor regions: 14->13(13)
[2026-09-03T12:38:37.946+0800][2.482s][info][gc,heap     ] GC(33) Old regions: 117->111
[2026-09-03T12:38:37.946+0800][2.482s][info][gc,heap     ] GC(33) Humongous regions: 1->1
[2026-09-03T12:38:37.946+0800][2.482s][info][gc,metaspace] GC(33) Metaspace: 1059K(1216K)->1059K(1216K) NonClass: 994K(1088K)->994K(1088K) Class: 64K(128K)->64K(128K)
[2026-09-03T12:38:37.946+0800][2.482s][info][gc          ] GC(33) Pause Young (Mixed) (G1 Evacuation Pause) 218M->123M(256M) 2.039ms
[2026-09-03T12:38:37.946+0800][2.482s][info][gc,cpu      ] GC(33) User=0.02s Sys=0.00s Real=0.00s
[2026-09-03T12:38:37.946+0800][2.482s][info][safepoint   ] Safepoint "G1CollectForAllocation", Time since last: 80557416 ns, Reaching safepoint: 2625 ns, At safepoint: 2077667 ns, Leaving safepoint: 55500 ns, Total: 2135792 ns, Threads: 0 runnable, 42 total
[2026-09-03T12:38:38.030+0800][2.567s][info][gc,start    ] GC(34) Pause Young (Mixed) (G1 Evacuation Pause)
[2026-09-03T12:38:38.030+0800][2.567s][info][gc,task     ] GC(34) Using 9 workers of 9 for evacuation
[2026-09-03T12:38:38.032+0800][2.569s][info][gc,phases   ] GC(34)   Pre Evacuate Collection Set: 0.07ms
[2026-09-03T12:38:38.032+0800][2.569s][info][gc,phases   ] GC(34)   Merge Heap Roots: 0.02ms
[2026-09-03T12:38:38.032+0800][2.569s][info][gc,phases   ] GC(34)   Evacuate Collection Set: 1.97ms
[2026-09-03T12:38:38.032+0800][2.569s][info][gc,phases   ] GC(34)   Post Evacuate Collection Set: 0.11ms
[2026-09-03T12:38:38.032+0800][2.569s][info][gc,phases   ] GC(34)   Other: 0.06ms
[2026-09-03T12:38:38.032+0800][2.569s][info][gc,heap     ] GC(34) Eden regions: 92->0(89)
[2026-09-03T12:38:38.032+0800][2.569s][info][gc,heap     ] GC(34) Survivor regions: 13->14(14)
[2026-09-03T12:38:38.032+0800][2.569s][info][gc,heap     ] GC(34) Old regions: 111->115
[2026-09-03T12:38:38.032+0800][2.569s][info][gc,heap     ] GC(34) Humongous regions: 1->1
[2026-09-03T12:38:38.032+0800][2.569s][info][gc,metaspace] GC(34) Metaspace: 1059K(1216K)->1059K(1216K) NonClass: 994K(1088K)->994K(1088K) Class: 64K(128K)->64K(128K)
[2026-09-03T12:38:38.032+0800][2.569s][info][gc          ] GC(34) Pause Young (Mixed) (G1 Evacuation Pause) 215M->128M(256M) 2.340ms
[2026-09-03T12:38:38.032+0800][2.569s][info][gc,cpu      ] GC(34) User=0.02s Sys=0.00s Real=0.00s
[2026-09-03T12:38:38.032+0800][2.569s][info][safepoint   ] Safepoint "G1CollectForAllocation", Time since last: 84141042 ns, Reaching safepoint: 30250 ns, At safepoint: 2365458 ns, Leaving safepoint: 44208 ns, Total: 2439916 ns, Threads: 3 runnable, 42 total
[2026-09-03T12:38:38.118+0800][2.655s][info][gc,start    ] GC(35) Pause Young (Concurrent Start) (G1 Evacuation Pause)
[2026-09-03T12:38:38.118+0800][2.655s][info][gc,task     ] GC(35) Using 9 workers of 9 for evacuation
[2026-09-03T12:38:38.121+0800][2.657s][info][gc,phases   ] GC(35)   Pre Evacuate Collection Set: 0.11ms
[2026-09-03T12:38:38.121+0800][2.657s][info][gc,phases   ] GC(35)   Merge Heap Roots: 0.03ms
[2026-09-03T12:38:38.121+0800][2.657s][info][gc,phases   ] GC(35)   Evacuate Collection Set: 1.84ms
[2026-09-03T12:38:38.121+0800][2.657s][info][gc,phases   ] GC(35)   Post Evacuate Collection Set: 0.08ms
[2026-09-03T12:38:38.121+0800][2.657s][info][gc,phases   ] GC(35)   Other: 0.06ms
[2026-09-03T12:38:38.121+0800][2.657s][info][gc,heap     ] GC(35) Eden regions: 89->0(76)
[2026-09-03T12:38:38.121+0800][2.657s][info][gc,heap     ] GC(35) Survivor regions: 14->13(13)
[2026-09-03T12:38:38.121+0800][2.657s][info][gc,heap     ] GC(35) Old regions: 115->134
[2026-09-03T12:38:38.121+0800][2.657s][info][gc,heap     ] GC(35) Humongous regions: 1->1
[2026-09-03T12:38:38.121+0800][2.657s][info][gc,metaspace] GC(35) Metaspace: 1059K(1216K)->1059K(1216K) NonClass: 994K(1088K)->994K(1088K) Class: 64K(128K)->64K(128K)
[2026-09-03T12:38:38.121+0800][2.657s][info][gc          ] GC(35) Pause Young (Concurrent Start) (G1 Evacuation Pause) 217M->146M(256M) 2.234ms
[2026-09-03T12:38:38.121+0800][2.657s][info][gc,cpu      ] GC(35) User=0.01s Sys=0.00s Real=0.01s
[2026-09-03T12:38:38.121+0800][2.657s][info][gc          ] GC(36) Concurrent Mark Cycle
[2026-09-03T12:38:38.121+0800][2.657s][info][gc,marking  ] GC(36) Concurrent Scan Root Regions
[2026-09-03T12:38:38.121+0800][2.657s][info][safepoint   ] Safepoint "G1CollectForAllocation", Time since last: 86124625 ns, Reaching safepoint: 2959 ns, At safepoint: 2265833 ns, Leaving safepoint: 20542 ns, Total: 2289334 ns, Threads: 0 runnable, 42 total
[2026-09-03T12:38:38.123+0800][2.659s][info][gc,marking  ] GC(36) Concurrent Scan Root Regions 2.015ms
[2026-09-03T12:38:38.123+0800][2.659s][info][gc,marking  ] GC(36) Concurrent Mark
[2026-09-03T12:38:38.123+0800][2.659s][info][gc,marking  ] GC(36) Concurrent Mark From Roots
[2026-09-03T12:38:38.123+0800][2.659s][info][gc,task     ] GC(36) Concurrent Mark Using 2 of 2 Workers
[2026-09-03T12:38:38.129+0800][2.665s][info][gc,marking  ] GC(36) Concurrent Mark From Roots 5.878ms
[2026-09-03T12:38:38.129+0800][2.665s][info][gc,marking  ] GC(36) Concurrent Preclean
[2026-09-03T12:38:38.129+0800][2.665s][info][gc,marking  ] GC(36) Concurrent Preclean 0.011ms
[2026-09-03T12:38:38.129+0800][2.665s][info][gc,start    ] GC(36) Pause Remark
[2026-09-03T12:38:38.129+0800][2.666s][info][gc          ] GC(36) Pause Remark 156M->121M(256M) 0.366ms
[2026-09-03T12:38:38.129+0800][2.666s][info][gc,cpu      ] GC(36) User=0.00s Sys=0.00s Real=0.00s
[2026-09-03T12:38:38.129+0800][2.666s][info][safepoint   ] Safepoint "G1PauseRemark", Time since last: 7953250 ns, Reaching safepoint: 2583 ns, At safepoint: 388042 ns, Leaving safepoint: 22500 ns, Total: 413125 ns, Threads: 0 runnable, 42 total
[2026-09-03T12:38:38.129+0800][2.666s][info][gc,marking  ] GC(36) Concurrent Mark 6.355ms
[2026-09-03T12:38:38.129+0800][2.666s][info][gc,marking  ] GC(36) Concurrent Rebuild Remembered Sets and Scrub Regions
[2026-09-03T12:38:38.133+0800][2.670s][info][gc,marking  ] GC(36) Concurrent Rebuild Remembered Sets and Scrub Regions 4.240ms
[2026-09-03T12:38:38.133+0800][2.670s][info][gc,start    ] GC(36) Pause Cleanup
[2026-09-03T12:38:38.133+0800][2.670s][info][gc          ] GC(36) Pause Cleanup 125M->125M(256M) 0.043ms
[2026-09-03T12:38:38.133+0800][2.670s][info][gc,cpu      ] GC(36) User=0.00s Sys=0.00s Real=0.00s
[2026-09-03T12:38:38.134+0800][2.670s][info][safepoint   ] Safepoint "G1PauseCleanup", Time since last: 4309833 ns, Reaching safepoint: 28500 ns, At safepoint: 62583 ns, Leaving safepoint: 15000 ns, Total: 106083 ns, Threads: 5 runnable, 42 total
[2026-09-03T12:38:38.134+0800][2.670s][info][gc,marking  ] GC(36) Concurrent Clear Claimed Marks
[2026-09-03T12:38:38.134+0800][2.670s][info][gc,marking  ] GC(36) Concurrent Clear Claimed Marks 0.010ms
[2026-09-03T12:38:38.134+0800][2.670s][info][gc,marking  ] GC(36) Concurrent Cleanup for Next Mark
[2026-09-03T12:38:38.134+0800][2.670s][info][gc,marking  ] GC(36) Concurrent Cleanup for Next Mark 0.101ms
[2026-09-03T12:38:38.134+0800][2.670s][info][gc          ] GC(36) Concurrent Mark Cycle 12.944ms
[2026-09-03T12:38:38.191+0800][2.727s][info][gc,start    ] GC(37) Pause Young (Prepare Mixed) (G1 Evacuation Pause)
[2026-09-03T12:38:38.191+0800][2.727s][info][gc,task     ] GC(37) Using 9 workers of 9 for evacuation
[2026-09-03T12:38:38.193+0800][2.729s][info][gc,phases   ] GC(37)   Pre Evacuate Collection Set: 0.07ms
[2026-09-03T12:38:38.193+0800][2.729s][info][gc,phases   ] GC(37)   Merge Heap Roots: 0.03ms
[2026-09-03T12:38:38.193+0800][2.729s][info][gc,phases   ] GC(37)   Evacuate Collection Set: 1.82ms
[2026-09-03T12:38:38.193+0800][2.729s][info][gc,phases   ] GC(37)   Post Evacuate Collection Set: 0.08ms
[2026-09-03T12:38:38.193+0800][2.729s][info][gc,phases   ] GC(37)   Other: 0.06ms
[2026-09-03T12:38:38.193+0800][2.729s][info][gc,heap     ] GC(37) Eden regions: 76->0(90)
[2026-09-03T12:38:38.193+0800][2.729s][info][gc,heap     ] GC(37) Survivor regions: 13->12(12)
[2026-09-03T12:38:38.193+0800][2.729s][info][gc,heap     ] GC(37) Old regions: 99->116
[2026-09-03T12:38:38.193+0800][2.729s][info][gc,heap     ] GC(37) Humongous regions: 1->1
[2026-09-03T12:38:38.193+0800][2.729s][info][gc,metaspace] GC(37) Metaspace: 1059K(1216K)->1059K(1216K) NonClass: 994K(1088K)->994K(1088K) Class: 64K(128K)->64K(128K)
[2026-09-03T12:38:38.193+0800][2.729s][info][gc          ] GC(37) Pause Young (Prepare Mixed) (G1 Evacuation Pause) 187M->127M(256M) 2.162ms
[2026-09-03T12:38:38.193+0800][2.729s][info][gc,cpu      ] GC(37) User=0.02s Sys=0.00s Real=0.00s
[2026-09-03T12:38:38.193+0800][2.729s][info][safepoint   ] Safepoint "G1CollectForAllocation", Time since last: 56962459 ns, Reaching safepoint: 23625 ns, At safepoint: 2211416 ns, Leaving safepoint: 23417 ns, Total: 2258458 ns, Threads: 1 runnable, 42 total
[2026-09-03T12:38:38.275+0800][2.812s][info][gc,start    ] GC(38) Pause Young (Mixed) (G1 Evacuation Pause)
[2026-09-03T12:38:38.275+0800][2.812s][info][gc,task     ] GC(38) Using 9 workers of 9 for evacuation
[2026-09-03T12:38:38.277+0800][2.814s][info][gc,phases   ] GC(38)   Pre Evacuate Collection Set: 0.06ms
[2026-09-03T12:38:38.277+0800][2.814s][info][gc,phases   ] GC(38)   Merge Heap Roots: 0.03ms
[2026-09-03T12:38:38.277+0800][2.814s][info][gc,phases   ] GC(38)   Evacuate Collection Set: 1.72ms
[2026-09-03T12:38:38.277+0800][2.814s][info][gc,phases   ] GC(38)   Post Evacuate Collection Set: 0.10ms
[2026-09-03T12:38:38.277+0800][2.814s][info][gc,phases   ] GC(38)   Other: 0.06ms
[2026-09-03T12:38:38.277+0800][2.814s][info][gc,heap     ] GC(38) Eden regions: 90->0(95)
[2026-09-03T12:38:38.277+0800][2.814s][info][gc,heap     ] GC(38) Survivor regions: 12->13(13)
[2026-09-03T12:38:38.277+0800][2.814s][info][gc,heap     ] GC(38) Old regions: 116->107
[2026-09-03T12:38:38.277+0800][2.814s][info][gc,heap     ] GC(38) Humongous regions: 1->1
[2026-09-03T12:38:38.277+0800][2.814s][info][gc,metaspace] GC(38) Metaspace: 1059K(1216K)->1059K(1216K) NonClass: 994K(1088K)->994K(1088K) Class: 64K(128K)->64K(128K)
[2026-09-03T12:38:38.277+0800][2.814s][info][gc          ] GC(38) Pause Young (Mixed) (G1 Evacuation Pause) 217M->119M(256M) 2.091ms
[2026-09-03T12:38:38.277+0800][2.814s][info][gc,cpu      ] GC(38) User=0.01s Sys=0.01s Real=0.00s
[2026-09-03T12:38:38.277+0800][2.814s][info][safepoint   ] Safepoint "G1CollectForAllocation", Time since last: 82287083 ns, Reaching safepoint: 28167 ns, At safepoint: 2142208 ns, Leaving safepoint: 80000 ns, Total: 2250375 ns, Threads: 1 runnable, 42 total
[2026-09-03T12:38:38.366+0800][2.903s][info][gc,start    ] GC(39) Pause Young (Mixed) (G1 Evacuation Pause)
[2026-09-03T12:38:38.366+0800][2.903s][info][gc,task     ] GC(39) Using 9 workers of 9 for evacuation
[2026-09-03T12:38:38.368+0800][2.905s][info][gc,phases   ] GC(39)   Pre Evacuate Collection Set: 0.04ms
[2026-09-03T12:38:38.369+0800][2.905s][info][gc,phases   ] GC(39)   Merge Heap Roots: 0.03ms
[2026-09-03T12:38:38.369+0800][2.905s][info][gc,phases   ] GC(39)   Evacuate Collection Set: 1.84ms
[2026-09-03T12:38:38.369+0800][2.905s][info][gc,phases   ] GC(39)   Post Evacuate Collection Set: 0.10ms
[2026-09-03T12:38:38.369+0800][2.905s][info][gc,phases   ] GC(39)   Other: 0.07ms
[2026-09-03T12:38:38.369+0800][2.905s][info][gc,heap     ] GC(39) Eden regions: 95->0(93)
[2026-09-03T12:38:38.369+0800][2.905s][info][gc,heap     ] GC(39) Survivor regions: 13->14(14)
[2026-09-03T12:38:38.369+0800][2.905s][info][gc,heap     ] GC(39) Old regions: 107->109
[2026-09-03T12:38:38.369+0800][2.905s][info][gc,heap     ] GC(39) Humongous regions: 1->1
[2026-09-03T12:38:38.369+0800][2.905s][info][gc,metaspace] GC(39) Metaspace: 1059K(1216K)->1059K(1216K) NonClass: 994K(1088K)->994K(1088K) Class: 64K(128K)->64K(128K)
[2026-09-03T12:38:38.369+0800][2.905s][info][gc          ] GC(39) Pause Young (Mixed) (G1 Evacuation Pause) 214M->122M(256M) 2.240ms
[2026-09-03T12:38:38.369+0800][2.905s][info][gc,cpu      ] GC(39) User=0.01s Sys=0.00s Real=0.00s
[2026-09-03T12:38:38.369+0800][2.905s][info][safepoint   ] Safepoint "G1CollectForAllocation", Time since last: 89019959 ns, Reaching safepoint: 19166 ns, At safepoint: 2266459 ns, Leaving safepoint: 32041 ns, Total: 2317666 ns, Threads: 2 runnable, 42 total
[2026-09-03T12:38:38.457+0800][2.994s][info][gc,start    ] GC(40) Pause Young (Concurrent Start) (G1 Evacuation Pause)
[2026-09-03T12:38:38.457+0800][2.994s][info][gc,task     ] GC(40) Using 9 workers of 9 for evacuation
[2026-09-03T12:38:38.460+0800][2.996s][info][gc,phases   ] GC(40)   Pre Evacuate Collection Set: 0.06ms
[2026-09-03T12:38:38.460+0800][2.996s][info][gc,phases   ] GC(40)   Merge Heap Roots: 0.01ms
[2026-09-03T12:38:38.460+0800][2.996s][info][gc,phases   ] GC(40)   Evacuate Collection Set: 2.25ms
[2026-09-03T12:38:38.460+0800][2.996s][info][gc,phases   ] GC(40)   Post Evacuate Collection Set: 0.12ms
[2026-09-03T12:38:38.460+0800][2.996s][info][gc,phases   ] GC(40)   Other: 0.08ms
[2026-09-03T12:38:38.460+0800][2.996s][info][gc,heap     ] GC(40) Eden regions: 93->0(80)
[2026-09-03T12:38:38.460+0800][2.996s][info][gc,heap     ] GC(40) Survivor regions: 14->14(14)
[2026-09-03T12:38:38.460+0800][2.996s][info][gc,heap     ] GC(40) Old regions: 109->128
[2026-09-03T12:38:38.460+0800][2.996s][info][gc,heap     ] GC(40) Humongous regions: 1->1
[2026-09-03T12:38:38.460+0800][2.996s][info][gc,metaspace] GC(40) Metaspace: 1059K(1216K)->1059K(1216K) NonClass: 994K(1088K)->994K(1088K) Class: 64K(128K)->64K(128K)
[2026-09-03T12:38:38.460+0800][2.996s][info][gc          ] GC(40) Pause Young (Concurrent Start) (G1 Evacuation Pause) 215M->141M(256M) 2.667ms
[2026-09-03T12:38:38.460+0800][2.996s][info][gc,cpu      ] GC(40) User=0.01s Sys=0.00s Real=0.01s
[2026-09-03T12:38:38.460+0800][2.996s][info][gc          ] GC(41) Concurrent Mark Cycle
[2026-09-03T12:38:38.460+0800][2.996s][info][gc,marking  ] GC(41) Concurrent Scan Root Regions
[2026-09-03T12:38:38.460+0800][2.996s][info][safepoint   ] Safepoint "G1CollectForAllocation", Time since last: 88459417 ns, Reaching safepoint: 5125 ns, At safepoint: 2713167 ns, Leaving safepoint: 41833 ns, Total: 2760125 ns, Threads: 0 runnable, 42 total
[2026-09-03T12:38:38.462+0800][2.999s][info][gc,marking  ] GC(41) Concurrent Scan Root Regions 2.258ms
[2026-09-03T12:38:38.462+0800][2.999s][info][gc,marking  ] GC(41) Concurrent Mark
[2026-09-03T12:38:38.462+0800][2.999s][info][gc,marking  ] GC(41) Concurrent Mark From Roots
[2026-09-03T12:38:38.462+0800][2.999s][info][gc,task     ] GC(41) Concurrent Mark Using 2 of 2 Workers
[2026-09-03T12:38:38.469+0800][3.006s][info][gc,marking  ] GC(41) Concurrent Mark From Roots 7.091ms
[2026-09-03T12:38:38.469+0800][3.006s][info][gc,marking  ] GC(41) Concurrent Preclean
[2026-09-03T12:38:38.469+0800][3.006s][info][gc,marking  ] GC(41) Concurrent Preclean 0.035ms
[2026-09-03T12:38:38.470+0800][3.006s][info][gc,start    ] GC(41) Pause Remark
[2026-09-03T12:38:38.470+0800][3.007s][info][gc          ] GC(41) Pause Remark 149M->114M(256M) 0.585ms
[2026-09-03T12:38:38.470+0800][3.007s][info][gc,cpu      ] GC(41) User=0.00s Sys=0.00s Real=0.00s
[2026-09-03T12:38:38.470+0800][3.007s][info][safepoint   ] Safepoint "G1PauseRemark", Time since last: 9623125 ns, Reaching safepoint: 7708 ns, At safepoint: 658792 ns, Leaving safepoint: 41417 ns, Total: 707917 ns, Threads: 0 runnable, 42 total
[2026-09-03T12:38:38.470+0800][3.007s][info][gc,marking  ] GC(41) Concurrent Mark 8.117ms
[2026-09-03T12:38:38.470+0800][3.007s][info][gc,marking  ] GC(41) Concurrent Rebuild Remembered Sets and Scrub Regions
[2026-09-03T12:38:38.477+0800][3.013s][info][gc,marking  ] GC(41) Concurrent Rebuild Remembered Sets and Scrub Regions 6.369ms
[2026-09-03T12:38:38.477+0800][3.013s][info][gc,start    ] GC(41) Pause Cleanup
[2026-09-03T12:38:38.477+0800][3.013s][info][gc          ] GC(41) Pause Cleanup 119M->119M(256M) 0.056ms
[2026-09-03T12:38:38.477+0800][3.014s][info][gc,cpu      ] GC(41) User=0.00s Sys=0.00s Real=0.00s
[2026-09-03T12:38:38.477+0800][3.014s][info][safepoint   ] Safepoint "G1PauseCleanup", Time since last: 6620958 ns, Reaching safepoint: 3917 ns, At safepoint: 118791 ns, Leaving safepoint: 45000 ns, Total: 167708 ns, Threads: 0 runnable, 42 total
[2026-09-03T12:38:38.477+0800][3.014s][info][gc,marking  ] GC(41) Concurrent Clear Claimed Marks
[2026-09-03T12:38:38.477+0800][3.014s][info][gc,marking  ] GC(41) Concurrent Clear Claimed Marks 0.024ms
[2026-09-03T12:38:38.477+0800][3.014s][info][gc,marking  ] GC(41) Concurrent Cleanup for Next Mark
[2026-09-03T12:38:38.477+0800][3.014s][info][gc,marking  ] GC(41) Concurrent Cleanup for Next Mark 0.281ms
[2026-09-03T12:38:38.477+0800][3.014s][info][gc          ] GC(41) Concurrent Mark Cycle 17.678ms
[2026-09-03T12:38:38.543+0800][3.080s][info][gc,start    ] GC(42) Pause Young (Prepare Mixed) (G1 Evacuation Pause)
[2026-09-03T12:38:38.543+0800][3.080s][info][gc,task     ] GC(42) Using 9 workers of 9 for evacuation
[2026-09-03T12:38:38.545+0800][3.082s][info][gc,phases   ] GC(42)   Pre Evacuate Collection Set: 0.06ms
[2026-09-03T12:38:38.545+0800][3.082s][info][gc,phases   ] GC(42)   Merge Heap Roots: 0.03ms
[2026-09-03T12:38:38.545+0800][3.082s][info][gc,phases   ] GC(42)   Evacuate Collection Set: 1.60ms
[2026-09-03T12:38:38.545+0800][3.082s][info][gc,phases   ] GC(42)   Post Evacuate Collection Set: 0.10ms
[2026-09-03T12:38:38.545+0800][3.082s][info][gc,phases   ] GC(42)   Other: 0.06ms
[2026-09-03T12:38:38.545+0800][3.082s][info][gc,heap     ] GC(42) Eden regions: 80->0(93)
[2026-09-03T12:38:38.545+0800][3.082s][info][gc,heap     ] GC(42) Survivor regions: 14->12(12)
[2026-09-03T12:38:38.545+0800][3.082s][info][gc,heap     ] GC(42) Old regions: 93->111
[2026-09-03T12:38:38.545+0800][3.082s][info][gc,heap     ] GC(42) Humongous regions: 1->1
[2026-09-03T12:38:38.545+0800][3.082s][info][gc,metaspace] GC(42) Metaspace: 1059K(1216K)->1059K(1216K) NonClass: 994K(1088K)->994K(1088K) Class: 64K(128K)->64K(128K)
[2026-09-03T12:38:38.545+0800][3.082s][info][gc          ] GC(42) Pause Young (Prepare Mixed) (G1 Evacuation Pause) 186M->123M(256M) 1.948ms
[2026-09-03T12:38:38.545+0800][3.082s][info][gc,cpu      ] GC(42) User=0.02s Sys=0.01s Real=0.00s
[2026-09-03T12:38:38.545+0800][3.082s][info][safepoint   ] Safepoint "G1CollectForAllocation", Time since last: 66080417 ns, Reaching safepoint: 22000 ns, At safepoint: 1972417 ns, Leaving safepoint: 38666 ns, Total: 2033083 ns, Threads: 2 runnable, 42 total
[2026-09-03T12:38:38.631+0800][3.167s][info][gc,start    ] GC(43) Pause Young (Mixed) (G1 Evacuation Pause)
[2026-09-03T12:38:38.631+0800][3.167s][info][gc,task     ] GC(43) Using 9 workers of 9 for evacuation
[2026-09-03T12:38:38.633+0800][3.170s][info][gc,phases   ] GC(43)   Pre Evacuate Collection Set: 0.07ms
[2026-09-03T12:38:38.633+0800][3.170s][info][gc,phases   ] GC(43)   Merge Heap Roots: 0.04ms
[2026-09-03T12:38:38.633+0800][3.170s][info][gc,phases   ] GC(43)   Evacuate Collection Set: 1.86ms
[2026-09-03T12:38:38.633+0800][3.170s][info][gc,phases   ] GC(43)   Post Evacuate Collection Set: 0.12ms
[2026-09-03T12:38:38.633+0800][3.170s][info][gc,phases   ] GC(43)   Other: 0.06ms
[2026-09-03T12:38:38.633+0800][3.170s][info][gc,heap     ] GC(43) Eden regions: 93->0(100)
[2026-09-03T12:38:38.633+0800][3.170s][info][gc,heap     ] GC(43) Survivor regions: 12->14(14)
[2026-09-03T12:38:38.633+0800][3.170s][info][gc,heap     ] GC(43) Old regions: 111->99
[2026-09-03T12:38:38.633+0800][3.170s][info][gc,heap     ] GC(43) Humongous regions: 1->1
[2026-09-03T12:38:38.633+0800][3.170s][info][gc,metaspace] GC(43) Metaspace: 1059K(1216K)->1059K(1216K) NonClass: 994K(1088K)->994K(1088K) Class: 64K(128K)->64K(128K)
[2026-09-03T12:38:38.633+0800][3.170s][info][gc          ] GC(43) Pause Young (Mixed) (G1 Evacuation Pause) 216M->112M(256M) 2.284ms
[2026-09-03T12:38:38.633+0800][3.170s][info][gc,cpu      ] GC(43) User=0.02s Sys=0.00s Real=0.00s
[2026-09-03T12:38:38.633+0800][3.170s][info][safepoint   ] Safepoint "G1CollectForAllocation", Time since last: 85562667 ns, Reaching safepoint: 4833 ns, At safepoint: 2323209 ns, Leaving safepoint: 38833 ns, Total: 2366875 ns, Threads: 0 runnable, 42 total
[2026-09-03T12:38:38.725+0800][3.261s][info][gc,start    ] GC(44) Pause Young (Mixed) (G1 Evacuation Pause)
[2026-09-03T12:38:38.725+0800][3.261s][info][gc,task     ] GC(44) Using 9 workers of 9 for evacuation
[2026-09-03T12:38:38.727+0800][3.264s][info][gc,phases   ] GC(44)   Pre Evacuate Collection Set: 0.07ms
[2026-09-03T12:38:38.727+0800][3.264s][info][gc,phases   ] GC(44)   Merge Heap Roots: 0.03ms
[2026-09-03T12:38:38.727+0800][3.264s][info][gc,phases   ] GC(44)   Evacuate Collection Set: 1.93ms
[2026-09-03T12:38:38.727+0800][3.264s][info][gc,phases   ] GC(44)   Post Evacuate Collection Set: 0.10ms
[2026-09-03T12:38:38.727+0800][3.264s][info][gc,phases   ] GC(44)   Other: 0.07ms
[2026-09-03T12:38:38.727+0800][3.264s][info][gc,heap     ] GC(44) Eden regions: 100->0(91)
[2026-09-03T12:38:38.727+0800][3.264s][info][gc,heap     ] GC(44) Survivor regions: 14->15(15)
[2026-09-03T12:38:38.727+0800][3.264s][info][gc,heap     ] GC(44) Old regions: 99->111
[2026-09-03T12:38:38.727+0800][3.264s][info][gc,heap     ] GC(44) Humongous regions: 1->1
[2026-09-03T12:38:38.727+0800][3.264s][info][gc,metaspace] GC(44) Metaspace: 1059K(1216K)->1059K(1216K) NonClass: 994K(1088K)->994K(1088K) Class: 64K(128K)->64K(128K)
[2026-09-03T12:38:38.727+0800][3.264s][info][gc          ] GC(44) Pause Young (Mixed) (G1 Evacuation Pause) 212M->126M(256M) 2.353ms
[2026-09-03T12:38:38.727+0800][3.264s][info][gc,cpu      ] GC(44) User=0.02s Sys=0.00s Real=0.00s
[2026-09-03T12:38:38.727+0800][3.264s][info][safepoint   ] Safepoint "G1CollectForAllocation", Time since last: 91711667 ns, Reaching safepoint: 2916 ns, At safepoint: 2384209 ns, Leaving safepoint: 26125 ns, Total: 2413250 ns, Threads: 0 runnable, 42 total
[2026-09-03T12:38:38.810+0800][3.347s][info][gc,start    ] GC(45) Pause Young (Concurrent Start) (G1 Evacuation Pause)
[2026-09-03T12:38:38.810+0800][3.347s][info][gc,task     ] GC(45) Using 9 workers of 9 for evacuation
[2026-09-03T12:38:38.812+0800][3.349s][info][gc,phases   ] GC(45)   Pre Evacuate Collection Set: 0.07ms
[2026-09-03T12:38:38.812+0800][3.349s][info][gc,phases   ] GC(45)   Merge Heap Roots: 0.03ms
[2026-09-03T12:38:38.812+0800][3.349s][info][gc,phases   ] GC(45)   Evacuate Collection Set: 1.80ms
[2026-09-03T12:38:38.812+0800][3.349s][info][gc,phases   ] GC(45)   Post Evacuate Collection Set: 0.10ms
[2026-09-03T12:38:38.812+0800][3.349s][info][gc,phases   ] GC(45)   Other: 0.06ms
[2026-09-03T12:38:38.812+0800][3.349s][info][gc,heap     ] GC(45) Eden regions: 91->0(78)
[2026-09-03T12:38:38.812+0800][3.349s][info][gc,heap     ] GC(45) Survivor regions: 15->14(14)
[2026-09-03T12:38:38.812+0800][3.349s][info][gc,heap     ] GC(45) Old regions: 111->131
[2026-09-03T12:38:38.812+0800][3.349s][info][gc,heap     ] GC(45) Humongous regions: 1->1
[2026-09-03T12:38:38.812+0800][3.349s][info][gc,metaspace] GC(45) Metaspace: 1059K(1216K)->1059K(1216K) NonClass: 994K(1088K)->994K(1088K) Class: 64K(128K)->64K(128K)
[2026-09-03T12:38:38.812+0800][3.349s][info][gc          ] GC(45) Pause Young (Concurrent Start) (G1 Evacuation Pause) 217M->145M(256M) 2.174ms
[2026-09-03T12:38:38.812+0800][3.349s][info][gc,cpu      ] GC(45) User=0.02s Sys=0.00s Real=0.00s
[2026-09-03T12:38:38.812+0800][3.349s][info][gc          ] GC(46) Concurrent Mark Cycle
[2026-09-03T12:38:38.812+0800][3.349s][info][gc,marking  ] GC(46) Concurrent Scan Root Regions
[2026-09-03T12:38:38.812+0800][3.349s][info][safepoint   ] Safepoint "G1CollectForAllocation", Time since last: 82873458 ns, Reaching safepoint: 19250 ns, At safepoint: 2204417 ns, Leaving safepoint: 38666 ns, Total: 2262333 ns, Threads: 1 runnable, 42 total
[2026-09-03T12:38:38.814+0800][3.351s][info][gc,marking  ] GC(46) Concurrent Scan Root Regions 2.050ms
[2026-09-03T12:38:38.814+0800][3.351s][info][gc,marking  ] GC(46) Concurrent Mark
[2026-09-03T12:38:38.814+0800][3.351s][info][gc,marking  ] GC(46) Concurrent Mark From Roots
[2026-09-03T12:38:38.814+0800][3.351s][info][gc,task     ] GC(46) Concurrent Mark Using 2 of 2 Workers
[2026-09-03T12:38:38.819+0800][3.355s][info][gc,marking  ] GC(46) Concurrent Mark From Roots 4.431ms
[2026-09-03T12:38:38.819+0800][3.355s][info][gc,marking  ] GC(46) Concurrent Preclean
[2026-09-03T12:38:38.819+0800][3.355s][info][gc,marking  ] GC(46) Concurrent Preclean 0.009ms
[2026-09-03T12:38:38.819+0800][3.356s][info][gc,start    ] GC(46) Pause Remark
[2026-09-03T12:38:38.819+0800][3.356s][info][gc          ] GC(46) Pause Remark 152M->115M(256M) 0.340ms
[2026-09-03T12:38:38.819+0800][3.356s][info][gc,cpu      ] GC(46) User=0.00s Sys=0.00s Real=0.00s
[2026-09-03T12:38:38.819+0800][3.356s][info][safepoint   ] Safepoint "G1PauseRemark", Time since last: 6585125 ns, Reaching safepoint: 23250 ns, At safepoint: 391750 ns, Leaving safepoint: 16125 ns, Total: 431125 ns, Threads: 1 runnable, 42 total
[2026-09-03T12:38:38.819+0800][3.356s][info][gc,marking  ] GC(46) Concurrent Mark 4.931ms
[2026-09-03T12:38:38.819+0800][3.356s][info][gc,marking  ] GC(46) Concurrent Rebuild Remembered Sets and Scrub Regions
[2026-09-03T12:38:38.823+0800][3.359s][info][gc,marking  ] GC(46) Concurrent Rebuild Remembered Sets and Scrub Regions 3.284ms
[2026-09-03T12:38:38.823+0800][3.359s][info][gc,start    ] GC(46) Pause Cleanup
[2026-09-03T12:38:38.823+0800][3.359s][info][gc          ] GC(46) Pause Cleanup 119M->119M(256M) 0.055ms
[2026-09-03T12:38:38.823+0800][3.359s][info][gc,cpu      ] GC(46) User=0.00s Sys=0.00s Real=0.00s
[2026-09-03T12:38:38.823+0800][3.359s][info][safepoint   ] Safepoint "G1PauseCleanup", Time since last: 3333417 ns, Reaching safepoint: 31458 ns, At safepoint: 98417 ns, Leaving safepoint: 28708 ns, Total: 158583 ns, Threads: 1 runnable, 42 total
[2026-09-03T12:38:38.823+0800][3.359s][info][gc,marking  ] GC(46) Concurrent Clear Claimed Marks
[2026-09-03T12:38:38.823+0800][3.359s][info][gc,marking  ] GC(46) Concurrent Clear Claimed Marks 0.006ms
[2026-09-03T12:38:38.823+0800][3.359s][info][gc,marking  ] GC(46) Concurrent Cleanup for Next Mark
[2026-09-03T12:38:38.823+0800][3.360s][info][gc,marking  ] GC(46) Concurrent Cleanup for Next Mark 0.087ms
[2026-09-03T12:38:38.823+0800][3.360s][info][gc          ] GC(46) Concurrent Mark Cycle 10.668ms
[2026-09-03T12:38:38.884+0800][3.421s][info][gc,start    ] GC(47) Pause Young (Prepare Mixed) (G1 Evacuation Pause)
[2026-09-03T12:38:38.884+0800][3.421s][info][gc,task     ] GC(47) Using 9 workers of 9 for evacuation
[2026-09-03T12:38:38.886+0800][3.423s][info][gc,phases   ] GC(47)   Pre Evacuate Collection Set: 0.06ms
[2026-09-03T12:38:38.886+0800][3.423s][info][gc,phases   ] GC(47)   Merge Heap Roots: 0.03ms
[2026-09-03T12:38:38.886+0800][3.423s][info][gc,phases   ] GC(47)   Evacuate Collection Set: 1.74ms
[2026-09-03T12:38:38.886+0800][3.423s][info][gc,phases   ] GC(47)   Post Evacuate Collection Set: 0.11ms
[2026-09-03T12:38:38.886+0800][3.423s][info][gc,phases   ] GC(47)   Other: 0.07ms
[2026-09-03T12:38:38.886+0800][3.423s][info][gc,heap     ] GC(47) Eden regions: 78->0(92)
[2026-09-03T12:38:38.886+0800][3.423s][info][gc,heap     ] GC(47) Survivor regions: 14->12(12)
[2026-09-03T12:38:38.886+0800][3.423s][info][gc,heap     ] GC(47) Old regions: 94->112
[2026-09-03T12:38:38.886+0800][3.423s][info][gc,heap     ] GC(47) Humongous regions: 1->1
[2026-09-03T12:38:38.886+0800][3.423s][info][gc,metaspace] GC(47) Metaspace: 1059K(1216K)->1059K(1216K) NonClass: 994K(1088K)->994K(1088K) Class: 64K(128K)->64K(128K)
[2026-09-03T12:38:38.886+0800][3.423s][info][gc          ] GC(47) Pause Young (Prepare Mixed) (G1 Evacuation Pause) 186M->124M(256M) 2.137ms
[2026-09-03T12:38:38.886+0800][3.423s][info][gc,cpu      ] GC(47) User=0.02s Sys=0.00s Real=0.00s
[2026-09-03T12:38:38.886+0800][3.423s][info][safepoint   ] Safepoint "G1CollectForAllocation", Time since last: 61448459 ns, Reaching safepoint: 4583 ns, At safepoint: 2176917 ns, Leaving safepoint: 26916 ns, Total: 2208416 ns, Threads: 0 runnable, 42 total
[2026-09-03T12:38:38.973+0800][3.509s][info][gc,start    ] GC(48) Pause Young (Mixed) (G1 Evacuation Pause)
[2026-09-03T12:38:38.973+0800][3.509s][info][gc,task     ] GC(48) Using 9 workers of 9 for evacuation
[2026-09-03T12:38:38.975+0800][3.512s][info][gc,phases   ] GC(48)   Pre Evacuate Collection Set: 0.05ms
[2026-09-03T12:38:38.975+0800][3.512s][info][gc,phases   ] GC(48)   Merge Heap Roots: 0.02ms
[2026-09-03T12:38:38.975+0800][3.512s][info][gc,phases   ] GC(48)   Evacuate Collection Set: 2.01ms
[2026-09-03T12:38:38.975+0800][3.512s][info][gc,phases   ] GC(48)   Post Evacuate Collection Set: 0.11ms
[2026-09-03T12:38:38.975+0800][3.512s][info][gc,phases   ] GC(48)   Other: 0.06ms
[2026-09-03T12:38:38.975+0800][3.512s][info][gc,heap     ] GC(48) Eden regions: 92->0(100)
[2026-09-03T12:38:38.975+0800][3.512s][info][gc,heap     ] GC(48) Survivor regions: 12->13(13)
[2026-09-03T12:38:38.975+0800][3.512s][info][gc,heap     ] GC(48) Old regions: 112->101
[2026-09-03T12:38:38.975+0800][3.512s][info][gc,heap     ] GC(48) Humongous regions: 1->1
[2026-09-03T12:38:38.975+0800][3.512s][info][gc,metaspace] GC(48) Metaspace: 1059K(1216K)->1059K(1216K) NonClass: 994K(1088K)->994K(1088K) Class: 64K(128K)->64K(128K)
[2026-09-03T12:38:38.975+0800][3.512s][info][gc          ] GC(48) Pause Young (Mixed) (G1 Evacuation Pause) 216M->113M(256M) 2.374ms
[2026-09-03T12:38:38.975+0800][3.512s][info][gc,cpu      ] GC(48) User=0.02s Sys=0.00s Real=0.00s
[2026-09-03T12:38:38.975+0800][3.512s][info][safepoint   ] Safepoint "G1CollectForAllocation", Time since last: 86288875 ns, Reaching safepoint: 30084 ns, At safepoint: 2403458 ns, Leaving safepoint: 21917 ns, Total: 2455459 ns, Threads: 1 runnable, 42 total
[2026-09-03T12:38:39.070+0800][3.607s][info][gc,start    ] GC(49) Pause Young (Mixed) (G1 Evacuation Pause)
[2026-09-03T12:38:39.070+0800][3.607s][info][gc,task     ] GC(49) Using 9 workers of 9 for evacuation
[2026-09-03T12:38:39.072+0800][3.609s][info][gc,phases   ] GC(49)   Pre Evacuate Collection Set: 0.08ms
[2026-09-03T12:38:39.073+0800][3.609s][info][gc,phases   ] GC(49)   Merge Heap Roots: 0.02ms
[2026-09-03T12:38:39.073+0800][3.609s][info][gc,phases   ] GC(49)   Evacuate Collection Set: 1.91ms
[2026-09-03T12:38:39.073+0800][3.609s][info][gc,phases   ] GC(49)   Post Evacuate Collection Set: 0.10ms
[2026-09-03T12:38:39.073+0800][3.609s][info][gc,phases   ] GC(49)   Other: 0.06ms
[2026-09-03T12:38:39.073+0800][3.609s][info][gc,heap     ] GC(49) Eden regions: 100->0(90)
[2026-09-03T12:38:39.073+0800][3.609s][info][gc,heap     ] GC(49) Survivor regions: 13->15(15)
[2026-09-03T12:38:39.073+0800][3.609s][info][gc,heap     ] GC(49) Old regions: 101->113
[2026-09-03T12:38:39.073+0800][3.609s][info][gc,heap     ] GC(49) Humongous regions: 1->1
[2026-09-03T12:38:39.073+0800][3.609s][info][gc,metaspace] GC(49) Metaspace: 1059K(1216K)->1059K(1216K) NonClass: 994K(1088K)->994K(1088K) Class: 64K(128K)->64K(128K)
[2026-09-03T12:38:39.073+0800][3.609s][info][gc          ] GC(49) Pause Young (Mixed) (G1 Evacuation Pause) 213M->127M(256M) 2.275ms
[2026-09-03T12:38:39.073+0800][3.609s][info][gc,cpu      ] GC(49) User=0.02s Sys=0.00s Real=0.00s
[2026-09-03T12:38:39.073+0800][3.609s][info][safepoint   ] Safepoint "G1CollectForAllocation", Time since last: 95073750 ns, Reaching safepoint: 28291 ns, At safepoint: 2301375 ns, Leaving safepoint: 39375 ns, Total: 2369041 ns, Threads: 1 runnable, 42 total
[2026-09-03T12:38:39.158+0800][3.695s][info][gc,start    ] GC(50) Pause Young (Concurrent Start) (G1 Evacuation Pause)
[2026-09-03T12:38:39.158+0800][3.695s][info][gc,task     ] GC(50) Using 9 workers of 9 for evacuation
[2026-09-03T12:38:39.160+0800][3.697s][info][gc,phases   ] GC(50)   Pre Evacuate Collection Set: 0.07ms
[2026-09-03T12:38:39.160+0800][3.697s][info][gc,phases   ] GC(50)   Merge Heap Roots: 0.03ms
[2026-09-03T12:38:39.160+0800][3.697s][info][gc,phases   ] GC(50)   Evacuate Collection Set: 1.94ms
[2026-09-03T12:38:39.160+0800][3.697s][info][gc,phases   ] GC(50)   Post Evacuate Collection Set: 0.09ms
[2026-09-03T12:38:39.160+0800][3.697s][info][gc,phases   ] GC(50)   Other: 0.06ms
[2026-09-03T12:38:39.160+0800][3.697s][info][gc,heap     ] GC(50) Eden regions: 90->0(77)
[2026-09-03T12:38:39.160+0800][3.697s][info][gc,heap     ] GC(50) Survivor regions: 15->14(14)
[2026-09-03T12:38:39.160+0800][3.697s][info][gc,heap     ] GC(50) Old regions: 113->132
[2026-09-03T12:38:39.160+0800][3.697s][info][gc,heap     ] GC(50) Humongous regions: 1->1
[2026-09-03T12:38:39.160+0800][3.697s][info][gc,metaspace] GC(50) Metaspace: 1059K(1216K)->1059K(1216K) NonClass: 994K(1088K)->994K(1088K) Class: 64K(128K)->64K(128K)
[2026-09-03T12:38:39.160+0800][3.697s][info][gc          ] GC(50) Pause Young (Concurrent Start) (G1 Evacuation Pause) 217M->146M(256M) 2.316ms
[2026-09-03T12:38:39.161+0800][3.697s][info][gc,cpu      ] GC(50) User=0.02s Sys=0.00s Real=0.01s
[2026-09-03T12:38:39.161+0800][3.697s][info][gc          ] GC(51) Concurrent Mark Cycle
[2026-09-03T12:38:39.161+0800][3.697s][info][safepoint   ] Safepoint "G1CollectForAllocation", Time since last: 85570750 ns, Reaching safepoint: 2709 ns, At safepoint: 2355041 ns, Leaving safepoint: 25834 ns, Total: 2383584 ns, Threads: 0 runnable, 42 total
[2026-09-03T12:38:39.161+0800][3.697s][info][gc,marking  ] GC(51) Concurrent Scan Root Regions
[2026-09-03T12:38:39.163+0800][3.699s][info][gc,marking  ] GC(51) Concurrent Scan Root Regions 2.106ms
[2026-09-03T12:38:39.163+0800][3.699s][info][gc,marking  ] GC(51) Concurrent Mark
[2026-09-03T12:38:39.163+0800][3.699s][info][gc,marking  ] GC(51) Concurrent Mark From Roots
[2026-09-03T12:38:39.163+0800][3.699s][info][gc,task     ] GC(51) Concurrent Mark Using 2 of 2 Workers
[2026-09-03T12:38:39.168+0800][3.705s][info][gc,marking  ] GC(51) Concurrent Mark From Roots 5.183ms
[2026-09-03T12:38:39.168+0800][3.705s][info][gc,marking  ] GC(51) Concurrent Preclean
[2026-09-03T12:38:39.168+0800][3.705s][info][gc,marking  ] GC(51) Concurrent Preclean 0.010ms
[2026-09-03T12:38:39.168+0800][3.705s][info][gc,start    ] GC(51) Pause Remark
[2026-09-03T12:38:39.168+0800][3.705s][info][gc          ] GC(51) Pause Remark 155M->115M(256M) 0.354ms
[2026-09-03T12:38:39.168+0800][3.705s][info][gc,cpu      ] GC(51) User=0.00s Sys=0.00s Real=0.00s
[2026-09-03T12:38:39.169+0800][3.705s][info][safepoint   ] Safepoint "G1PauseRemark", Time since last: 7462375 ns, Reaching safepoint: 55375 ns, At safepoint: 390625 ns, Leaving safepoint: 41041 ns, Total: 487041 ns, Threads: 6 runnable, 42 total
[2026-09-03T12:38:39.169+0800][3.705s][info][gc,marking  ] GC(51) Concurrent Mark 5.814ms
[2026-09-03T12:38:39.169+0800][3.705s][info][gc,marking  ] GC(51) Concurrent Rebuild Remembered Sets and Scrub Regions
[2026-09-03T12:38:39.172+0800][3.709s][info][gc,marking  ] GC(51) Concurrent Rebuild Remembered Sets and Scrub Regions 3.774ms
[2026-09-03T12:38:39.172+0800][3.709s][info][gc,start    ] GC(51) Pause Cleanup
[2026-09-03T12:38:39.172+0800][3.709s][info][gc          ] GC(51) Pause Cleanup 118M->118M(256M) 0.037ms
[2026-09-03T12:38:39.172+0800][3.709s][info][gc,cpu      ] GC(51) User=0.00s Sys=0.00s Real=0.00s
[2026-09-03T12:38:39.172+0800][3.709s][info][safepoint   ] Safepoint "G1PauseCleanup", Time since last: 3854667 ns, Reaching safepoint: 2083 ns, At safepoint: 55375 ns, Leaving safepoint: 3834 ns, Total: 61292 ns, Threads: 0 runnable, 42 total
[2026-09-03T12:38:39.172+0800][3.709s][info][gc,marking  ] GC(51) Concurrent Clear Claimed Marks
[2026-09-03T12:38:39.172+0800][3.709s][info][gc,marking  ] GC(51) Concurrent Clear Claimed Marks 0.026ms
[2026-09-03T12:38:39.172+0800][3.709s][info][gc,marking  ] GC(51) Concurrent Cleanup for Next Mark
[2026-09-03T12:38:39.173+0800][3.709s][info][gc,marking  ] GC(51) Concurrent Cleanup for Next Mark 0.133ms
[2026-09-03T12:38:39.173+0800][3.709s][info][gc          ] GC(51) Concurrent Mark Cycle 12.120ms
[2026-09-03T12:38:39.234+0800][3.771s][info][gc,start    ] GC(52) Pause Young (Prepare Mixed) (G1 Evacuation Pause)
[2026-09-03T12:38:39.234+0800][3.771s][info][gc,task     ] GC(52) Using 9 workers of 9 for evacuation
[2026-09-03T12:38:39.236+0800][3.773s][info][gc,phases   ] GC(52)   Pre Evacuate Collection Set: 0.07ms
[2026-09-03T12:38:39.236+0800][3.773s][info][gc,phases   ] GC(52)   Merge Heap Roots: 0.02ms
[2026-09-03T12:38:39.236+0800][3.773s][info][gc,phases   ] GC(52)   Evacuate Collection Set: 1.55ms
[2026-09-03T12:38:39.236+0800][3.773s][info][gc,phases   ] GC(52)   Post Evacuate Collection Set: 0.09ms
[2026-09-03T12:38:39.236+0800][3.773s][info][gc,phases   ] GC(52)   Other: 0.08ms
[2026-09-03T12:38:39.236+0800][3.773s][info][gc,heap     ] GC(52) Eden regions: 77->0(93)
[2026-09-03T12:38:39.236+0800][3.773s][info][gc,heap     ] GC(52) Survivor regions: 14->12(12)
[2026-09-03T12:38:39.236+0800][3.773s][info][gc,heap     ] GC(52) Old regions: 92->111
[2026-09-03T12:38:39.236+0800][3.773s][info][gc,heap     ] GC(52) Humongous regions: 1->1
[2026-09-03T12:38:39.236+0800][3.773s][info][gc,metaspace] GC(52) Metaspace: 1059K(1216K)->1059K(1216K) NonClass: 994K(1088K)->994K(1088K) Class: 64K(128K)->64K(128K)
[2026-09-03T12:38:39.236+0800][3.773s][info][gc          ] GC(52) Pause Young (Prepare Mixed) (G1 Evacuation Pause) 183M->122M(256M) 1.923ms
[2026-09-03T12:38:39.236+0800][3.773s][info][gc,cpu      ] GC(52) User=0.02s Sys=0.00s Real=0.00s
[2026-09-03T12:38:39.236+0800][3.773s][info][safepoint   ] Safepoint "G1CollectForAllocation", Time since last: 61963375 ns, Reaching safepoint: 21458 ns, At safepoint: 1948250 ns, Leaving safepoint: 45417 ns, Total: 2015125 ns, Threads: 1 runnable, 42 total
[2026-09-03T12:38:39.324+0800][3.861s][info][gc,start    ] GC(53) Pause Young (Mixed) (G1 Evacuation Pause)
[2026-09-03T12:38:39.324+0800][3.861s][info][gc,task     ] GC(53) Using 9 workers of 9 for evacuation
[2026-09-03T12:38:39.327+0800][3.863s][info][gc,phases   ] GC(53)   Pre Evacuate Collection Set: 0.09ms
[2026-09-03T12:38:39.327+0800][3.863s][info][gc,phases   ] GC(53)   Merge Heap Roots: 0.04ms
[2026-09-03T12:38:39.327+0800][3.863s][info][gc,phases   ] GC(53)   Evacuate Collection Set: 1.95ms
[2026-09-03T12:38:39.327+0800][3.863s][info][gc,phases   ] GC(53)   Post Evacuate Collection Set: 0.10ms
[2026-09-03T12:38:39.327+0800][3.863s][info][gc,phases   ] GC(53)   Other: 0.05ms
[2026-09-03T12:38:39.327+0800][3.863s][info][gc,heap     ] GC(53) Eden regions: 93->0(101)
[2026-09-03T12:38:39.327+0800][3.863s][info][gc,heap     ] GC(53) Survivor regions: 12->14(14)
[2026-09-03T12:38:39.327+0800][3.863s][info][gc,heap     ] GC(53) Old regions: 111->98
[2026-09-03T12:38:39.327+0800][3.863s][info][gc,heap     ] GC(53) Humongous regions: 1->1
[2026-09-03T12:38:39.327+0800][3.863s][info][gc,metaspace] GC(53) Metaspace: 1059K(1216K)->1059K(1216K) NonClass: 994K(1088K)->994K(1088K) Class: 64K(128K)->64K(128K)
[2026-09-03T12:38:39.327+0800][3.863s][info][gc          ] GC(53) Pause Young (Mixed) (G1 Evacuation Pause) 215M->112M(256M) 2.336ms
[2026-09-03T12:38:39.327+0800][3.863s][info][gc,cpu      ] GC(53) User=0.02s Sys=0.00s Real=0.00s
[2026-09-03T12:38:39.327+0800][3.863s][info][safepoint   ] Safepoint "G1CollectForAllocation", Time since last: 87816791 ns, Reaching safepoint: 23875 ns, At safepoint: 2359792 ns, Leaving safepoint: 22333 ns, Total: 2406000 ns, Threads: 2 runnable, 42 total
[2026-09-03T12:38:39.422+0800][3.959s][info][gc,start    ] GC(54) Pause Young (Mixed) (G1 Evacuation Pause)
[2026-09-03T12:38:39.422+0800][3.959s][info][gc,task     ] GC(54) Using 9 workers of 9 for evacuation
[2026-09-03T12:38:39.424+0800][3.961s][info][gc,phases   ] GC(54)   Pre Evacuate Collection Set: 0.06ms
[2026-09-03T12:38:39.424+0800][3.961s][info][gc,phases   ] GC(54)   Merge Heap Roots: 0.03ms
[2026-09-03T12:38:39.424+0800][3.961s][info][gc,phases   ] GC(54)   Evacuate Collection Set: 1.85ms
[2026-09-03T12:38:39.424+0800][3.961s][info][gc,phases   ] GC(54)   Post Evacuate Collection Set: 0.10ms
[2026-09-03T12:38:39.424+0800][3.961s][info][gc,phases   ] GC(54)   Other: 0.06ms
[2026-09-03T12:38:39.424+0800][3.961s][info][gc,heap     ] GC(54) Eden regions: 101->0(90)
[2026-09-03T12:38:39.424+0800][3.961s][info][gc,heap     ] GC(54) Survivor regions: 14->15(15)
[2026-09-03T12:38:39.424+0800][3.961s][info][gc,heap     ] GC(54) Old regions: 98->113
[2026-09-03T12:38:39.424+0800][3.961s][info][gc,heap     ] GC(54) Humongous regions: 1->1
[2026-09-03T12:38:39.424+0800][3.961s][info][gc,metaspace] GC(54) Metaspace: 1059K(1216K)->1059K(1216K) NonClass: 994K(1088K)->994K(1088K) Class: 64K(128K)->64K(128K)
[2026-09-03T12:38:39.424+0800][3.961s][info][gc          ] GC(54) Pause Young (Mixed) (G1 Evacuation Pause) 213M->128M(256M) 2.207ms
[2026-09-03T12:38:39.424+0800][3.961s][info][gc,cpu      ] GC(54) User=0.02s Sys=0.00s Real=0.00s
[2026-09-03T12:38:39.424+0800][3.961s][info][safepoint   ] Safepoint "G1CollectForAllocation", Time since last: 95306667 ns, Reaching safepoint: 2292 ns, At safepoint: 2228916 ns, Leaving safepoint: 40292 ns, Total: 2271500 ns, Threads: 0 runnable, 42 total
[2026-09-03T12:38:39.510+0800][4.047s][info][gc,start    ] GC(55) Pause Young (Concurrent Start) (G1 Evacuation Pause)
[2026-09-03T12:38:39.510+0800][4.047s][info][gc,task     ] GC(55) Using 9 workers of 9 for evacuation
[2026-09-03T12:38:39.512+0800][4.049s][info][gc,phases   ] GC(55)   Pre Evacuate Collection Set: 0.07ms
[2026-09-03T12:38:39.512+0800][4.049s][info][gc,phases   ] GC(55)   Merge Heap Roots: 0.03ms
[2026-09-03T12:38:39.512+0800][4.049s][info][gc,phases   ] GC(55)   Evacuate Collection Set: 1.74ms
[2026-09-03T12:38:39.512+0800][4.049s][info][gc,phases   ] GC(55)   Post Evacuate Collection Set: 0.10ms
[2026-09-03T12:38:39.512+0800][4.049s][info][gc,phases   ] GC(55)   Other: 0.06ms
[2026-09-03T12:38:39.512+0800][4.049s][info][gc,heap     ] GC(55) Eden regions: 90->0(76)
[2026-09-03T12:38:39.512+0800][4.049s][info][gc,heap     ] GC(55) Survivor regions: 15->14(14)
[2026-09-03T12:38:39.512+0800][4.049s][info][gc,heap     ] GC(55) Old regions: 113->133
[2026-09-03T12:38:39.512+0800][4.049s][info][gc,heap     ] GC(55) Humongous regions: 1->1
[2026-09-03T12:38:39.512+0800][4.049s][info][gc,metaspace] GC(55) Metaspace: 1059K(1216K)->1059K(1216K) NonClass: 994K(1088K)->994K(1088K) Class: 64K(128K)->64K(128K)
[2026-09-03T12:38:39.512+0800][4.049s][info][gc          ] GC(55) Pause Young (Concurrent Start) (G1 Evacuation Pause) 218M->146M(256M) 2.112ms
[2026-09-03T12:38:39.512+0800][4.049s][info][gc,cpu      ] GC(55) User=0.01s Sys=0.00s Real=0.00s
[2026-09-03T12:38:39.512+0800][4.049s][info][gc          ] GC(56) Concurrent Mark Cycle
[2026-09-03T12:38:39.512+0800][4.049s][info][gc,marking  ] GC(56) Concurrent Scan Root Regions
[2026-09-03T12:38:39.512+0800][4.049s][info][safepoint   ] Safepoint "G1CollectForAllocation", Time since last: 86004125 ns, Reaching safepoint: 26667 ns, At safepoint: 2184125 ns, Leaving safepoint: 73125 ns, Total: 2283917 ns, Threads: 2 runnable, 42 total
[2026-09-03T12:38:39.515+0800][4.051s][info][gc,marking  ] GC(56) Concurrent Scan Root Regions 2.116ms
[2026-09-03T12:38:39.515+0800][4.051s][info][gc,marking  ] GC(56) Concurrent Mark
[2026-09-03T12:38:39.515+0800][4.051s][info][gc,marking  ] GC(56) Concurrent Mark From Roots
[2026-09-03T12:38:39.515+0800][4.051s][info][gc,task     ] GC(56) Concurrent Mark Using 2 of 2 Workers
[2026-09-03T12:38:39.519+0800][4.056s][info][gc,marking  ] GC(56) Concurrent Mark From Roots 4.627ms
[2026-09-03T12:38:39.519+0800][4.056s][info][gc,marking  ] GC(56) Concurrent Preclean
[2026-09-03T12:38:39.519+0800][4.056s][info][gc,marking  ] GC(56) Concurrent Preclean 0.017ms
[2026-09-03T12:38:39.519+0800][4.056s][info][gc,start    ] GC(56) Pause Remark
[2026-09-03T12:38:39.520+0800][4.056s][info][gc          ] GC(56) Pause Remark 154M->117M(256M) 0.347ms
[2026-09-03T12:38:39.520+0800][4.056s][info][gc,cpu      ] GC(56) User=0.00s Sys=0.00s Real=0.01s
[2026-09-03T12:38:39.520+0800][4.056s][info][safepoint   ] Safepoint "G1PauseRemark", Time since last: 6819166 ns, Reaching safepoint: 26209 ns, At safepoint: 373375 ns, Leaving safepoint: 24083 ns, Total: 423667 ns, Threads: 3 runnable, 42 total
[2026-09-03T12:38:39.520+0800][4.056s][info][gc,marking  ] GC(56) Concurrent Mark 5.204ms
[2026-09-03T12:38:39.520+0800][4.056s][info][gc,marking  ] GC(56) Concurrent Rebuild Remembered Sets and Scrub Regions
[2026-09-03T12:38:39.523+0800][4.060s][info][gc,marking  ] GC(56) Concurrent Rebuild Remembered Sets and Scrub Regions 3.436ms
[2026-09-03T12:38:39.523+0800][4.060s][info][gc,start    ] GC(56) Pause Cleanup
[2026-09-03T12:38:39.523+0800][4.060s][info][gc          ] GC(56) Pause Cleanup 120M->120M(256M) 0.068ms
[2026-09-03T12:38:39.523+0800][4.060s][info][gc,cpu      ] GC(56) User=0.00s Sys=0.00s Real=0.00s
[2026-09-03T12:38:39.523+0800][4.060s][info][safepoint   ] Safepoint "G1PauseCleanup", Time since last: 3537125 ns, Reaching safepoint: 41958 ns, At safepoint: 94334 ns, Leaving safepoint: 43291 ns, Total: 179583 ns, Threads: 4 runnable, 42 total
[2026-09-03T12:38:39.523+0800][4.060s][info][gc,marking  ] GC(56) Concurrent Clear Claimed Marks
[2026-09-03T12:38:39.523+0800][4.060s][info][gc,marking  ] GC(56) Concurrent Clear Claimed Marks 0.030ms
[2026-09-03T12:38:39.524+0800][4.060s][info][gc,marking  ] GC(56) Concurrent Cleanup for Next Mark
[2026-09-03T12:38:39.524+0800][4.060s][info][gc,marking  ] GC(56) Concurrent Cleanup for Next Mark 0.202ms
[2026-09-03T12:38:39.524+0800][4.060s][info][gc          ] GC(56) Concurrent Mark Cycle 11.312ms
[2026-09-03T12:38:39.586+0800][4.123s][info][gc,start    ] GC(57) Pause Young (Prepare Mixed) (G1 Evacuation Pause)
[2026-09-03T12:38:39.586+0800][4.123s][info][gc,task     ] GC(57) Using 9 workers of 9 for evacuation
[2026-09-03T12:38:39.588+0800][4.125s][info][gc,phases   ] GC(57)   Pre Evacuate Collection Set: 0.09ms
[2026-09-03T12:38:39.588+0800][4.125s][info][gc,phases   ] GC(57)   Merge Heap Roots: 0.02ms
[2026-09-03T12:38:39.588+0800][4.125s][info][gc,phases   ] GC(57)   Evacuate Collection Set: 1.59ms
[2026-09-03T12:38:39.588+0800][4.125s][info][gc,phases   ] GC(57)   Post Evacuate Collection Set: 0.10ms
[2026-09-03T12:38:39.588+0800][4.125s][info][gc,phases   ] GC(57)   Other: 0.06ms
[2026-09-03T12:38:39.588+0800][4.125s][info][gc,heap     ] GC(57) Eden regions: 76->0(92)
[2026-09-03T12:38:39.588+0800][4.125s][info][gc,heap     ] GC(57) Survivor regions: 14->12(12)
[2026-09-03T12:38:39.588+0800][4.125s][info][gc,heap     ] GC(57) Old regions: 96->113
[2026-09-03T12:38:39.588+0800][4.125s][info][gc,heap     ] GC(57) Humongous regions: 1->1
[2026-09-03T12:38:39.588+0800][4.125s][info][gc,metaspace] GC(57) Metaspace: 1059K(1216K)->1059K(1216K) NonClass: 994K(1088K)->994K(1088K) Class: 64K(128K)->64K(128K)
[2026-09-03T12:38:39.588+0800][4.125s][info][gc          ] GC(57) Pause Young (Prepare Mixed) (G1 Evacuation Pause) 185M->125M(256M) 1.956ms
[2026-09-03T12:38:39.588+0800][4.125s][info][gc,cpu      ] GC(57) User=0.01s Sys=0.00s Real=0.00s
[2026-09-03T12:38:39.588+0800][4.125s][info][safepoint   ] Safepoint "G1CollectForAllocation", Time since last: 62503375 ns, Reaching safepoint: 2167 ns, At safepoint: 1979667 ns, Leaving safepoint: 43791 ns, Total: 2025625 ns, Threads: 0 runnable, 42 total
[2026-09-03T12:38:39.674+0800][4.210s][info][gc,start    ] GC(58) Pause Young (Mixed) (G1 Evacuation Pause)
[2026-09-03T12:38:39.674+0800][4.210s][info][gc,task     ] GC(58) Using 9 workers of 9 for evacuation
[2026-09-03T12:38:39.676+0800][4.213s][info][gc,phases   ] GC(58)   Pre Evacuate Collection Set: 0.04ms
[2026-09-03T12:38:39.676+0800][4.213s][info][gc,phases   ] GC(58)   Merge Heap Roots: 0.03ms
[2026-09-03T12:38:39.676+0800][4.213s][info][gc,phases   ] GC(58)   Evacuate Collection Set: 1.97ms
[2026-09-03T12:38:39.676+0800][4.213s][info][gc,phases   ] GC(58)   Post Evacuate Collection Set: 0.11ms
[2026-09-03T12:38:39.676+0800][4.213s][info][gc,phases   ] GC(58)   Other: 0.06ms
[2026-09-03T12:38:39.676+0800][4.213s][info][gc,heap     ] GC(58) Eden regions: 92->0(99)
[2026-09-03T12:38:39.676+0800][4.213s][info][gc,heap     ] GC(58) Survivor regions: 12->13(13)
[2026-09-03T12:38:39.676+0800][4.213s][info][gc,heap     ] GC(58) Old regions: 113->102
[2026-09-03T12:38:39.676+0800][4.213s][info][gc,heap     ] GC(58) Humongous regions: 1->1
[2026-09-03T12:38:39.676+0800][4.213s][info][gc,metaspace] GC(58) Metaspace: 1059K(1216K)->1059K(1216K) NonClass: 994K(1088K)->994K(1088K) Class: 64K(128K)->64K(128K)
[2026-09-03T12:38:39.676+0800][4.213s][info][gc          ] GC(58) Pause Young (Mixed) (G1 Evacuation Pause) 217M->114M(256M) 2.283ms
[2026-09-03T12:38:39.676+0800][4.213s][info][gc,cpu      ] GC(58) User=0.02s Sys=0.00s Real=0.00s
[2026-09-03T12:38:39.676+0800][4.213s][info][safepoint   ] Safepoint "G1CollectForAllocation", Time since last: 85704042 ns, Reaching safepoint: 45708 ns, At safepoint: 2327875 ns, Leaving safepoint: 23209 ns, Total: 2396792 ns, Threads: 2 runnable, 42 total
[2026-09-03T12:38:39.770+0800][4.306s][info][gc,start    ] GC(59) Pause Young (Mixed) (G1 Evacuation Pause)
[2026-09-03T12:38:39.770+0800][4.306s][info][gc,task     ] GC(59) Using 9 workers of 9 for evacuation
[2026-09-03T12:38:39.772+0800][4.308s][info][gc,phases   ] GC(59)   Pre Evacuate Collection Set: 0.09ms
[2026-09-03T12:38:39.772+0800][4.308s][info][gc,phases   ] GC(59)   Merge Heap Roots: 0.02ms
[2026-09-03T12:38:39.772+0800][4.308s][info][gc,phases   ] GC(59)   Evacuate Collection Set: 1.78ms
[2026-09-03T12:38:39.772+0800][4.308s][info][gc,phases   ] GC(59)   Post Evacuate Collection Set: 0.11ms
[2026-09-03T12:38:39.772+0800][4.308s][info][gc,phases   ] GC(59)   Other: 0.06ms
[2026-09-03T12:38:39.772+0800][4.308s][info][gc,heap     ] GC(59) Eden regions: 99->0(90)
[2026-09-03T12:38:39.772+0800][4.308s][info][gc,heap     ] GC(59) Survivor regions: 13->14(14)
[2026-09-03T12:38:39.772+0800][4.308s][info][gc,heap     ] GC(59) Old regions: 102->113
[2026-09-03T12:38:39.772+0800][4.308s][info][gc,heap     ] GC(59) Humongous regions: 1->1
[2026-09-03T12:38:39.772+0800][4.308s][info][gc,metaspace] GC(59) Metaspace: 1059K(1216K)->1059K(1216K) NonClass: 994K(1088K)->994K(1088K) Class: 64K(128K)->64K(128K)
[2026-09-03T12:38:39.772+0800][4.308s][info][gc          ] GC(59) Pause Young (Mixed) (G1 Evacuation Pause) 213M->127M(256M) 2.156ms
[2026-09-03T12:38:39.772+0800][4.308s][info][gc,cpu      ] GC(59) User=0.02s Sys=0.00s Real=0.00s
[2026-09-03T12:38:39.772+0800][4.308s][info][safepoint   ] Safepoint "G1CollectForAllocation", Time since last: 93427041 ns, Reaching safepoint: 25209 ns, At safepoint: 2178250 ns, Leaving safepoint: 42041 ns, Total: 2245500 ns, Threads: 2 runnable, 42 total
[2026-09-03T12:38:39.857+0800][4.394s][info][gc,start    ] GC(60) Pause Young (Concurrent Start) (G1 Evacuation Pause)
[2026-09-03T12:38:39.857+0800][4.394s][info][gc,task     ] GC(60) Using 9 workers of 9 for evacuation
[2026-09-03T12:38:39.860+0800][4.396s][info][gc,phases   ] GC(60)   Pre Evacuate Collection Set: 0.06ms
[2026-09-03T12:38:39.860+0800][4.396s][info][gc,phases   ] GC(60)   Merge Heap Roots: 0.02ms
[2026-09-03T12:38:39.860+0800][4.396s][info][gc,phases   ] GC(60)   Evacuate Collection Set: 2.20ms
[2026-09-03T12:38:39.860+0800][4.396s][info][gc,phases   ] GC(60)   Post Evacuate Collection Set: 0.16ms
[2026-09-03T12:38:39.860+0800][4.396s][info][gc,phases   ] GC(60)   Other: 0.14ms
[2026-09-03T12:38:39.860+0800][4.396s][info][gc,heap     ] GC(60) Eden regions: 90->0(78)
[2026-09-03T12:38:39.860+0800][4.396s][info][gc,heap     ] GC(60) Survivor regions: 14->13(13)
[2026-09-03T12:38:39.860+0800][4.396s][info][gc,heap     ] GC(60) Old regions: 113->132
[2026-09-03T12:38:39.860+0800][4.396s][info][gc,heap     ] GC(60) Humongous regions: 1->1
[2026-09-03T12:38:39.860+0800][4.397s][info][gc,metaspace] GC(60) Metaspace: 1059K(1216K)->1059K(1216K) NonClass: 994K(1088K)->994K(1088K) Class: 64K(128K)->64K(128K)
[2026-09-03T12:38:39.860+0800][4.397s][info][gc          ] GC(60) Pause Young (Concurrent Start) (G1 Evacuation Pause) 217M->145M(256M) 2.713ms
[2026-09-03T12:38:39.860+0800][4.397s][info][gc,cpu      ] GC(60) User=0.02s Sys=0.00s Real=0.01s
[2026-09-03T12:38:39.860+0800][4.397s][info][gc          ] GC(61) Concurrent Mark Cycle
[2026-09-03T12:38:39.860+0800][4.397s][info][safepoint   ] Safepoint "G1CollectForAllocation", Time since last: 85352042 ns, Reaching safepoint: 38625 ns, At safepoint: 2745708 ns, Leaving safepoint: 16625 ns, Total: 2800958 ns, Threads: 2 runnable, 42 total
[2026-09-03T12:38:39.860+0800][4.397s][info][gc,marking  ] GC(61) Concurrent Scan Root Regions
[2026-09-03T12:38:39.862+0800][4.399s][info][gc,marking  ] GC(61) Concurrent Scan Root Regions 2.132ms
[2026-09-03T12:38:39.862+0800][4.399s][info][gc,marking  ] GC(61) Concurrent Mark
[2026-09-03T12:38:39.862+0800][4.399s][info][gc,marking  ] GC(61) Concurrent Mark From Roots
[2026-09-03T12:38:39.862+0800][4.399s][info][gc,task     ] GC(61) Concurrent Mark Using 2 of 2 Workers
[2026-09-03T12:38:39.868+0800][4.405s][info][gc,marking  ] GC(61) Concurrent Mark From Roots 6.132ms
[2026-09-03T12:38:39.868+0800][4.405s][info][gc,marking  ] GC(61) Concurrent Preclean
[2026-09-03T12:38:39.868+0800][4.405s][info][gc,marking  ] GC(61) Concurrent Preclean 0.010ms
[2026-09-03T12:38:39.868+0800][4.405s][info][gc,start    ] GC(61) Pause Remark
[2026-09-03T12:38:39.869+0800][4.405s][info][gc          ] GC(61) Pause Remark 154M->113M(256M) 0.366ms
[2026-09-03T12:38:39.869+0800][4.405s][info][gc,cpu      ] GC(61) User=0.00s Sys=0.00s Real=0.00s
[2026-09-03T12:38:39.869+0800][4.405s][info][safepoint   ] Safepoint "G1PauseRemark", Time since last: 8477792 ns, Reaching safepoint: 2542 ns, At safepoint: 392083 ns, Leaving safepoint: 29208 ns, Total: 423833 ns, Threads: 0 runnable, 42 total
[2026-09-03T12:38:39.869+0800][4.406s][info][gc,marking  ] GC(61) Concurrent Mark 6.747ms
[2026-09-03T12:38:39.869+0800][4.406s][info][gc,marking  ] GC(61) Concurrent Rebuild Remembered Sets and Scrub Regions
[2026-09-03T12:38:39.873+0800][4.410s][info][gc,marking  ] GC(61) Concurrent Rebuild Remembered Sets and Scrub Regions 3.986ms
[2026-09-03T12:38:39.873+0800][4.410s][info][gc,start    ] GC(61) Pause Cleanup
[2026-09-03T12:38:39.873+0800][4.410s][info][gc          ] GC(61) Pause Cleanup 118M->118M(256M) 0.045ms
[2026-09-03T12:38:39.873+0800][4.410s][info][gc,cpu      ] GC(61) User=0.00s Sys=0.00s Real=0.00s
[2026-09-03T12:38:39.873+0800][4.410s][info][safepoint   ] Safepoint "G1PauseCleanup", Time since last: 4158750 ns, Reaching safepoint: 37792 ns, At safepoint: 66333 ns, Leaving safepoint: 34042 ns, Total: 138167 ns, Threads: 1 runnable, 42 total
[2026-09-03T12:38:39.873+0800][4.410s][info][gc,marking  ] GC(61) Concurrent Clear Claimed Marks
[2026-09-03T12:38:39.873+0800][4.410s][info][gc,marking  ] GC(61) Concurrent Clear Claimed Marks 0.020ms
[2026-09-03T12:38:39.873+0800][4.410s][info][gc,marking  ] GC(61) Concurrent Cleanup for Next Mark
[2026-09-03T12:38:39.873+0800][4.410s][info][gc,marking  ] GC(61) Concurrent Cleanup for Next Mark 0.215ms
[2026-09-03T12:38:39.873+0800][4.410s][info][gc          ] GC(61) Concurrent Mark Cycle 13.548ms
[2026-09-03T12:38:39.934+0800][4.471s][info][gc,start    ] GC(62) Pause Young (Prepare Mixed) (G1 Evacuation Pause)
[2026-09-03T12:38:39.934+0800][4.471s][info][gc,task     ] GC(62) Using 9 workers of 9 for evacuation
[2026-09-03T12:38:39.936+0800][4.473s][info][gc,phases   ] GC(62)   Pre Evacuate Collection Set: 0.06ms
[2026-09-03T12:38:39.936+0800][4.473s][info][gc,phases   ] GC(62)   Merge Heap Roots: 0.02ms
[2026-09-03T12:38:39.936+0800][4.473s][info][gc,phases   ] GC(62)   Evacuate Collection Set: 1.85ms
[2026-09-03T12:38:39.936+0800][4.473s][info][gc,phases   ] GC(62)   Post Evacuate Collection Set: 0.10ms
[2026-09-03T12:38:39.936+0800][4.473s][info][gc,phases   ] GC(62)   Other: 0.08ms
[2026-09-03T12:38:39.936+0800][4.473s][info][gc,heap     ] GC(62) Eden regions: 78->0(95)
[2026-09-03T12:38:39.936+0800][4.473s][info][gc,heap     ] GC(62) Survivor regions: 13->12(12)
[2026-09-03T12:38:39.936+0800][4.473s][info][gc,heap     ] GC(62) Old regions: 91->108
[2026-09-03T12:38:39.936+0800][4.473s][info][gc,heap     ] GC(62) Humongous regions: 1->1
[2026-09-03T12:38:39.936+0800][4.473s][info][gc,metaspace] GC(62) Metaspace: 1059K(1216K)->1059K(1216K) NonClass: 994K(1088K)->994K(1088K) Class: 64K(128K)->64K(128K)
[2026-09-03T12:38:39.936+0800][4.473s][info][gc          ] GC(62) Pause Young (Prepare Mixed) (G1 Evacuation Pause) 182M->120M(256M) 2.225ms
[2026-09-03T12:38:39.936+0800][4.473s][info][gc,cpu      ] GC(62) User=0.02s Sys=0.00s Real=0.00s
[2026-09-03T12:38:39.936+0800][4.473s][info][safepoint   ] Safepoint "G1CollectForAllocation", Time since last: 60786583 ns, Reaching safepoint: 26167 ns, At safepoint: 2263875 ns, Leaving safepoint: 25708 ns, Total: 2315750 ns, Threads: 2 runnable, 42 total
[2026-09-03T12:38:40.029+0800][4.565s][info][gc,start    ] GC(63) Pause Young (Mixed) (G1 Evacuation Pause)
[2026-09-03T12:38:40.029+0800][4.565s][info][gc,task     ] GC(63) Using 9 workers of 9 for evacuation
[2026-09-03T12:38:40.031+0800][4.568s][info][gc,phases   ] GC(63)   Pre Evacuate Collection Set: 0.06ms
[2026-09-03T12:38:40.031+0800][4.568s][info][gc,phases   ] GC(63)   Merge Heap Roots: 0.05ms
[2026-09-03T12:38:40.031+0800][4.568s][info][gc,phases   ] GC(63)   Evacuate Collection Set: 1.77ms
[2026-09-03T12:38:40.031+0800][4.568s][info][gc,phases   ] GC(63)   Post Evacuate Collection Set: 0.10ms
[2026-09-03T12:38:40.031+0800][4.568s][info][gc,phases   ] GC(63)   Other: 0.06ms
[2026-09-03T12:38:40.031+0800][4.568s][info][gc,heap     ] GC(63) Eden regions: 95->0(102)
[2026-09-03T12:38:40.031+0800][4.568s][info][gc,heap     ] GC(63) Survivor regions: 12->14(14)
[2026-09-03T12:38:40.031+0800][4.568s][info][gc,heap     ] GC(63) Old regions: 108->96
[2026-09-03T12:38:40.031+0800][4.568s][info][gc,heap     ] GC(63) Humongous regions: 1->1
[2026-09-03T12:38:40.031+0800][4.568s][info][gc,metaspace] GC(63) Metaspace: 1059K(1216K)->1059K(1216K) NonClass: 994K(1088K)->994K(1088K) Class: 64K(128K)->64K(128K)
[2026-09-03T12:38:40.031+0800][4.568s][info][gc          ] GC(63) Pause Young (Mixed) (G1 Evacuation Pause) 215M->110M(256M) 2.165ms
[2026-09-03T12:38:40.031+0800][4.568s][info][gc,cpu      ] GC(63) User=0.01s Sys=0.00s Real=0.01s
[2026-09-03T12:38:40.031+0800][4.568s][info][safepoint   ] Safepoint "G1CollectForAllocation", Time since last: 92519167 ns, Reaching safepoint: 42833 ns, At safepoint: 2191334 ns, Leaving safepoint: 41083 ns, Total: 2275250 ns, Threads: 2 runnable, 42 total
[2026-09-03T12:38:40.130+0800][4.667s][info][gc,start    ] GC(64) Pause Young (Mixed) (G1 Evacuation Pause)
[2026-09-03T12:38:40.130+0800][4.667s][info][gc,task     ] GC(64) Using 9 workers of 9 for evacuation
[2026-09-03T12:38:40.132+0800][4.669s][info][gc,phases   ] GC(64)   Pre Evacuate Collection Set: 0.04ms
[2026-09-03T12:38:40.132+0800][4.669s][info][gc,phases   ] GC(64)   Merge Heap Roots: 0.03ms
[2026-09-03T12:38:40.132+0800][4.669s][info][gc,phases   ] GC(64)   Evacuate Collection Set: 1.97ms
[2026-09-03T12:38:40.132+0800][4.669s][info][gc,phases   ] GC(64)   Post Evacuate Collection Set: 0.11ms
[2026-09-03T12:38:40.132+0800][4.669s][info][gc,phases   ] GC(64)   Other: 0.07ms
[2026-09-03T12:38:40.132+0800][4.669s][info][gc,heap     ] GC(64) Eden regions: 102->0(90)
[2026-09-03T12:38:40.132+0800][4.669s][info][gc,heap     ] GC(64) Survivor regions: 14->15(15)
[2026-09-03T12:38:40.132+0800][4.669s][info][gc,heap     ] GC(64) Old regions: 96->112
[2026-09-03T12:38:40.132+0800][4.669s][info][gc,heap     ] GC(64) Humongous regions: 1->1
[2026-09-03T12:38:40.132+0800][4.669s][info][gc,metaspace] GC(64) Metaspace: 1059K(1216K)->1059K(1216K) NonClass: 994K(1088K)->994K(1088K) Class: 64K(128K)->64K(128K)
[2026-09-03T12:38:40.132+0800][4.669s][info][gc          ] GC(64) Pause Young (Mixed) (G1 Evacuation Pause) 212M->126M(256M) 2.340ms
[2026-09-03T12:38:40.132+0800][4.669s][info][gc,cpu      ] GC(64) User=0.02s Sys=0.00s Real=0.00s
[2026-09-03T12:38:40.132+0800][4.669s][info][safepoint   ] Safepoint "G1CollectForAllocation", Time since last: 98776083 ns, Reaching safepoint: 72875 ns, At safepoint: 2378917 ns, Leaving safepoint: 44042 ns, Total: 2495834 ns, Threads: 2 runnable, 42 total
[2026-09-03T12:38:40.220+0800][4.757s][info][gc,start    ] GC(65) Pause Young (Concurrent Start) (G1 Evacuation Pause)
[2026-09-03T12:38:40.220+0800][4.757s][info][gc,task     ] GC(65) Using 9 workers of 9 for evacuation
[2026-09-03T12:38:40.222+0800][4.759s][info][gc,phases   ] GC(65)   Pre Evacuate Collection Set: 0.07ms
[2026-09-03T12:38:40.222+0800][4.759s][info][gc,phases   ] GC(65)   Merge Heap Roots: 0.03ms
[2026-09-03T12:38:40.222+0800][4.759s][info][gc,phases   ] GC(65)   Evacuate Collection Set: 1.81ms
[2026-09-03T12:38:40.222+0800][4.759s][info][gc,phases   ] GC(65)   Post Evacuate Collection Set: 0.11ms
[2026-09-03T12:38:40.222+0800][4.759s][info][gc,phases   ] GC(65)   Other: 0.06ms
[2026-09-03T12:38:40.222+0800][4.759s][info][gc,heap     ] GC(65) Eden regions: 90->0(78)
[2026-09-03T12:38:40.222+0800][4.759s][info][gc,heap     ] GC(65) Survivor regions: 15->14(14)
[2026-09-03T12:38:40.222+0800][4.759s][info][gc,heap     ] GC(65) Old regions: 112->131
[2026-09-03T12:38:40.222+0800][4.759s][info][gc,heap     ] GC(65) Humongous regions: 1->1
[2026-09-03T12:38:40.222+0800][4.759s][info][gc,metaspace] GC(65) Metaspace: 1059K(1216K)->1059K(1216K) NonClass: 994K(1088K)->994K(1088K) Class: 64K(128K)->64K(128K)
[2026-09-03T12:38:40.222+0800][4.759s][info][gc          ] GC(65) Pause Young (Concurrent Start) (G1 Evacuation Pause) 216M->145M(256M) 2.189ms
[2026-09-03T12:38:40.222+0800][4.759s][info][gc,cpu      ] GC(65) User=0.02s Sys=0.00s Real=0.00s
[2026-09-03T12:38:40.222+0800][4.759s][info][gc          ] GC(66) Concurrent Mark Cycle
[2026-09-03T12:38:40.222+0800][4.759s][info][gc,marking  ] GC(66) Concurrent Scan Root Regions
[2026-09-03T12:38:40.222+0800][4.759s][info][safepoint   ] Safepoint "G1CollectForAllocation", Time since last: 87897750 ns, Reaching safepoint: 27541 ns, At safepoint: 2217334 ns, Leaving safepoint: 22291 ns, Total: 2267166 ns, Threads: 2 runnable, 42 total
[2026-09-03T12:38:40.225+0800][4.761s][info][gc,marking  ] GC(66) Concurrent Scan Root Regions 2.152ms
[2026-09-03T12:38:40.225+0800][4.761s][info][gc,marking  ] GC(66) Concurrent Mark
[2026-09-03T12:38:40.225+0800][4.761s][info][gc,marking  ] GC(66) Concurrent Mark From Roots
[2026-09-03T12:38:40.225+0800][4.761s][info][gc,task     ] GC(66) Concurrent Mark Using 2 of 2 Workers
[2026-09-03T12:38:40.231+0800][4.768s][info][gc,marking  ] GC(66) Concurrent Mark From Roots 6.776ms
[2026-09-03T12:38:40.231+0800][4.768s][info][gc,marking  ] GC(66) Concurrent Preclean
[2026-09-03T12:38:40.231+0800][4.768s][info][gc,marking  ] GC(66) Concurrent Preclean 0.025ms
[2026-09-03T12:38:40.232+0800][4.768s][info][gc,start    ] GC(66) Pause Remark
[2026-09-03T12:38:40.232+0800][4.769s][info][gc          ] GC(66) Pause Remark 155M->119M(256M) 0.450ms
[2026-09-03T12:38:40.232+0800][4.769s][info][gc,cpu      ] GC(66) User=0.00s Sys=0.00s Real=0.00s
[2026-09-03T12:38:40.232+0800][4.769s][info][safepoint   ] Safepoint "G1PauseRemark", Time since last: 9085709 ns, Reaching safepoint: 28041 ns, At safepoint: 511209 ns, Leaving safepoint: 20875 ns, Total: 560125 ns, Threads: 1 runnable, 42 total
[2026-09-03T12:38:40.232+0800][4.769s][info][gc,marking  ] GC(66) Concurrent Mark 7.545ms
[2026-09-03T12:38:40.232+0800][4.769s][info][gc,marking  ] GC(66) Concurrent Rebuild Remembered Sets and Scrub Regions
[2026-09-03T12:38:40.237+0800][4.774s][info][gc,marking  ] GC(66) Concurrent Rebuild Remembered Sets and Scrub Regions 5.012ms
[2026-09-03T12:38:40.237+0800][4.774s][info][gc,start    ] GC(66) Pause Cleanup
[2026-09-03T12:38:40.237+0800][4.774s][info][gc          ] GC(66) Pause Cleanup 124M->124M(256M) 0.053ms
[2026-09-03T12:38:40.237+0800][4.774s][info][gc,cpu      ] GC(66) User=0.00s Sys=0.00s Real=0.00s
[2026-09-03T12:38:40.237+0800][4.774s][info][safepoint   ] Safepoint "G1PauseCleanup", Time since last: 5182416 ns, Reaching safepoint: 3042 ns, At safepoint: 104208 ns, Leaving safepoint: 25250 ns, Total: 132500 ns, Threads: 0 runnable, 42 total
[2026-09-03T12:38:40.237+0800][4.774s][info][gc,marking  ] GC(66) Concurrent Clear Claimed Marks
[2026-09-03T12:38:40.237+0800][4.774s][info][gc,marking  ] GC(66) Concurrent Clear Claimed Marks 0.007ms
[2026-09-03T12:38:40.237+0800][4.774s][info][gc,marking  ] GC(66) Concurrent Cleanup for Next Mark
[2026-09-03T12:38:40.238+0800][4.774s][info][gc,marking  ] GC(66) Concurrent Cleanup for Next Mark 0.151ms
[2026-09-03T12:38:40.238+0800][4.774s][info][gc          ] GC(66) Concurrent Mark Cycle 15.200ms
[2026-09-03T12:38:40.298+0800][4.834s][info][gc,start    ] GC(67) Pause Young (Prepare Mixed) (G1 Evacuation Pause)
[2026-09-03T12:38:40.298+0800][4.834s][info][gc,task     ] GC(67) Using 9 workers of 9 for evacuation
[2026-09-03T12:38:40.300+0800][4.836s][info][gc,phases   ] GC(67)   Pre Evacuate Collection Set: 0.05ms
[2026-09-03T12:38:40.300+0800][4.836s][info][gc,phases   ] GC(67)   Merge Heap Roots: 0.02ms
[2026-09-03T12:38:40.300+0800][4.836s][info][gc,phases   ] GC(67)   Evacuate Collection Set: 1.80ms
[2026-09-03T12:38:40.300+0800][4.836s][info][gc,phases   ] GC(67)   Post Evacuate Collection Set: 0.11ms
[2026-09-03T12:38:40.300+0800][4.836s][info][gc,phases   ] GC(67)   Other: 0.07ms
[2026-09-03T12:38:40.300+0800][4.836s][info][gc,heap     ] GC(67) Eden regions: 78->0(92)
[2026-09-03T12:38:40.300+0800][4.836s][info][gc,heap     ] GC(67) Survivor regions: 14->12(12)
[2026-09-03T12:38:40.300+0800][4.836s][info][gc,heap     ] GC(67) Old regions: 95->113
[2026-09-03T12:38:40.300+0800][4.836s][info][gc,heap     ] GC(67) Humongous regions: 1->1
[2026-09-03T12:38:40.300+0800][4.836s][info][gc,metaspace] GC(67) Metaspace: 1059K(1216K)->1059K(1216K) NonClass: 994K(1088K)->994K(1088K) Class: 64K(128K)->64K(128K)
[2026-09-03T12:38:40.300+0800][4.837s][info][gc          ] GC(67) Pause Young (Prepare Mixed) (G1 Evacuation Pause) 187M->125M(256M) 2.211ms
[2026-09-03T12:38:40.300+0800][4.837s][info][gc,cpu      ] GC(67) User=0.01s Sys=0.00s Real=0.01s
[2026-09-03T12:38:40.300+0800][4.837s][info][safepoint   ] Safepoint "G1CollectForAllocation", Time since last: 60199917 ns, Reaching safepoint: 25542 ns, At safepoint: 2246291 ns, Leaving safepoint: 28709 ns, Total: 2300542 ns, Threads: 1 runnable, 42 total
[2026-09-03T12:38:40.387+0800][4.923s][info][gc,start    ] GC(68) Pause Young (Mixed) (G1 Evacuation Pause)
[2026-09-03T12:38:40.387+0800][4.923s][info][gc,task     ] GC(68) Using 9 workers of 9 for evacuation
[2026-09-03T12:38:40.389+0800][4.925s][info][gc,phases   ] GC(68)   Pre Evacuate Collection Set: 0.07ms
[2026-09-03T12:38:40.389+0800][4.925s][info][gc,phases   ] GC(68)   Merge Heap Roots: 0.03ms
[2026-09-03T12:38:40.389+0800][4.925s][info][gc,phases   ] GC(68)   Evacuate Collection Set: 1.75ms
[2026-09-03T12:38:40.389+0800][4.925s][info][gc,phases   ] GC(68)   Post Evacuate Collection Set: 0.09ms
[2026-09-03T12:38:40.389+0800][4.925s][info][gc,phases   ] GC(68)   Other: 0.06ms
[2026-09-03T12:38:40.389+0800][4.925s][info][gc,heap     ] GC(68) Eden regions: 92->0(99)
[2026-09-03T12:38:40.389+0800][4.925s][info][gc,heap     ] GC(68) Survivor regions: 12->13(13)
[2026-09-03T12:38:40.389+0800][4.925s][info][gc,heap     ] GC(68) Old regions: 113->102
[2026-09-03T12:38:40.389+0800][4.925s][info][gc,heap     ] GC(68) Humongous regions: 1->1
[2026-09-03T12:38:40.389+0800][4.925s][info][gc,metaspace] GC(68) Metaspace: 1059K(1216K)->1059K(1216K) NonClass: 994K(1088K)->994K(1088K) Class: 64K(128K)->64K(128K)
[2026-09-03T12:38:40.389+0800][4.925s][info][gc          ] GC(68) Pause Young (Mixed) (G1 Evacuation Pause) 217M->115M(256M) 2.128ms
[2026-09-03T12:38:40.389+0800][4.925s][info][gc,cpu      ] GC(68) User=0.01s Sys=0.00s Real=0.00s
[2026-09-03T12:38:40.389+0800][4.925s][info][safepoint   ] Safepoint "G1CollectForAllocation", Time since last: 86742500 ns, Reaching safepoint: 2750 ns, At safepoint: 2154083 ns, Leaving safepoint: 22958 ns, Total: 2179791 ns, Threads: 0 runnable, 42 total
[2026-09-03T12:38:40.485+0800][5.022s][info][gc,start    ] GC(69) Pause Young (Mixed) (G1 Evacuation Pause)
[2026-09-03T12:38:40.485+0800][5.022s][info][gc,task     ] GC(69) Using 9 workers of 9 for evacuation
[2026-09-03T12:38:40.487+0800][5.024s][info][gc,phases   ] GC(69)   Pre Evacuate Collection Set: 0.06ms
[2026-09-03T12:38:40.487+0800][5.024s][info][gc,phases   ] GC(69)   Merge Heap Roots: 0.03ms
[2026-09-03T12:38:40.487+0800][5.024s][info][gc,phases   ] GC(69)   Evacuate Collection Set: 1.88ms
[2026-09-03T12:38:40.487+0800][5.024s][info][gc,phases   ] GC(69)   Post Evacuate Collection Set: 0.11ms
[2026-09-03T12:38:40.487+0800][5.024s][info][gc,phases   ] GC(69)   Other: 0.06ms
[2026-09-03T12:38:40.487+0800][5.024s][info][gc,heap     ] GC(69) Eden regions: 99->0(90)
[2026-09-03T12:38:40.487+0800][5.024s][info][gc,heap     ] GC(69) Survivor regions: 13->14(14)
[2026-09-03T12:38:40.487+0800][5.024s][info][gc,heap     ] GC(69) Old regions: 102->113
[2026-09-03T12:38:40.487+0800][5.024s][info][gc,heap     ] GC(69) Humongous regions: 1->1
[2026-09-03T12:38:40.487+0800][5.024s][info][gc,metaspace] GC(69) Metaspace: 1059K(1216K)->1059K(1216K) NonClass: 994K(1088K)->994K(1088K) Class: 64K(128K)->64K(128K)
[2026-09-03T12:38:40.487+0800][5.024s][info][gc          ] GC(69) Pause Young (Mixed) (G1 Evacuation Pause) 214M->127M(256M) 2.264ms
[2026-09-03T12:38:40.487+0800][5.024s][info][gc,cpu      ] GC(69) User=0.02s Sys=0.00s Real=0.00s
[2026-09-03T12:38:40.487+0800][5.024s][info][safepoint   ] Safepoint "G1CollectForAllocation", Time since last: 96215042 ns, Reaching safepoint: 2917 ns, At safepoint: 2304083 ns, Leaving safepoint: 37458 ns, Total: 2344458 ns, Threads: 0 runnable, 42 total
[2026-09-03T12:38:40.577+0800][5.114s][info][gc,start    ] GC(70) Pause Young (Concurrent Start) (G1 Evacuation Pause)
[2026-09-03T12:38:40.577+0800][5.114s][info][gc,task     ] GC(70) Using 9 workers of 9 for evacuation
[2026-09-03T12:38:40.580+0800][5.116s][info][gc,phases   ] GC(70)   Pre Evacuate Collection Set: 0.06ms
[2026-09-03T12:38:40.580+0800][5.116s][info][gc,phases   ] GC(70)   Merge Heap Roots: 0.02ms
[2026-09-03T12:38:40.580+0800][5.116s][info][gc,phases   ] GC(70)   Evacuate Collection Set: 1.76ms
[2026-09-03T12:38:40.580+0800][5.116s][info][gc,phases   ] GC(70)   Post Evacuate Collection Set: 0.10ms
[2026-09-03T12:38:40.580+0800][5.116s][info][gc,phases   ] GC(70)   Other: 0.07ms
[2026-09-03T12:38:40.580+0800][5.116s][info][gc,heap     ] GC(70) Eden regions: 90->0(77)
[2026-09-03T12:38:40.580+0800][5.116s][info][gc,heap     ] GC(70) Survivor regions: 14->13(13)
[2026-09-03T12:38:40.580+0800][5.116s][info][gc,heap     ] GC(70) Old regions: 113->133
[2026-09-03T12:38:40.580+0800][5.116s][info][gc,heap     ] GC(70) Humongous regions: 1->1
[2026-09-03T12:38:40.580+0800][5.116s][info][gc,metaspace] GC(70) Metaspace: 1059K(1216K)->1059K(1216K) NonClass: 994K(1088K)->994K(1088K) Class: 64K(128K)->64K(128K)
[2026-09-03T12:38:40.580+0800][5.116s][info][gc          ] GC(70) Pause Young (Concurrent Start) (G1 Evacuation Pause) 217M->146M(256M) 2.117ms
[2026-09-03T12:38:40.580+0800][5.116s][info][gc,cpu      ] GC(70) User=0.01s Sys=0.00s Real=0.01s
[2026-09-03T12:38:40.580+0800][5.116s][info][gc          ] GC(71) Concurrent Mark Cycle
[2026-09-03T12:38:40.580+0800][5.116s][info][gc,marking  ] GC(71) Concurrent Scan Root Regions
[2026-09-03T12:38:40.580+0800][5.116s][info][safepoint   ] Safepoint "G1CollectForAllocation", Time since last: 90024000 ns, Reaching safepoint: 40959 ns, At safepoint: 2147208 ns, Leaving safepoint: 37958 ns, Total: 2226125 ns, Threads: 1 runnable, 42 total
[2026-09-03T12:38:40.582+0800][5.118s][info][gc,marking  ] GC(71) Concurrent Scan Root Regions 1.980ms
[2026-09-03T12:38:40.582+0800][5.118s][info][gc,marking  ] GC(71) Concurrent Mark
[2026-09-03T12:38:40.582+0800][5.118s][info][gc,marking  ] GC(71) Concurrent Mark From Roots
[2026-09-03T12:38:40.582+0800][5.118s][info][gc,task     ] GC(71) Concurrent Mark Using 2 of 2 Workers
[2026-09-03T12:38:40.588+0800][5.124s][info][gc,marking  ] GC(71) Concurrent Mark From Roots 6.126ms
[2026-09-03T12:38:40.588+0800][5.124s][info][gc,marking  ] GC(71) Concurrent Preclean
[2026-09-03T12:38:40.588+0800][5.124s][info][gc,marking  ] GC(71) Concurrent Preclean 0.010ms
[2026-09-03T12:38:40.588+0800][5.124s][info][gc,start    ] GC(71) Pause Remark
[2026-09-03T12:38:40.588+0800][5.125s][info][gc          ] GC(71) Pause Remark 155M->119M(256M) 0.352ms
[2026-09-03T12:38:40.588+0800][5.125s][info][gc,cpu      ] GC(71) User=0.00s Sys=0.00s Real=0.00s
[2026-09-03T12:38:40.588+0800][5.125s][info][safepoint   ] Safepoint "G1PauseRemark", Time since last: 8192542 ns, Reaching safepoint: 2708 ns, At safepoint: 373292 ns, Leaving safepoint: 18875 ns, Total: 394875 ns, Threads: 0 runnable, 42 total
[2026-09-03T12:38:40.588+0800][5.125s][info][gc,marking  ] GC(71) Concurrent Mark 6.661ms
[2026-09-03T12:38:40.588+0800][5.125s][info][gc,marking  ] GC(71) Concurrent Rebuild Remembered Sets and Scrub Regions
[2026-09-03T12:38:40.594+0800][5.131s][info][gc,marking  ] GC(71) Concurrent Rebuild Remembered Sets and Scrub Regions 5.879ms
[2026-09-03T12:38:40.594+0800][5.131s][info][gc,start    ] GC(71) Pause Cleanup
[2026-09-03T12:38:40.594+0800][5.131s][info][gc          ] GC(71) Pause Cleanup 125M->125M(256M) 0.088ms
[2026-09-03T12:38:40.594+0800][5.131s][info][gc,cpu      ] GC(71) User=0.00s Sys=0.00s Real=0.00s
[2026-09-03T12:38:40.594+0800][5.131s][info][safepoint   ] Safepoint "G1PauseCleanup", Time since last: 6043167 ns, Reaching safepoint: 26041 ns, At safepoint: 137000 ns, Leaving safepoint: 22959 ns, Total: 186000 ns, Threads: 1 runnable, 42 total
[2026-09-03T12:38:40.595+0800][5.131s][info][gc,marking  ] GC(71) Concurrent Clear Claimed Marks
[2026-09-03T12:38:40.595+0800][5.131s][info][gc,marking  ] GC(71) Concurrent Clear Claimed Marks 0.010ms
[2026-09-03T12:38:40.595+0800][5.131s][info][gc,marking  ] GC(71) Concurrent Cleanup for Next Mark
[2026-09-03T12:38:40.595+0800][5.131s][info][gc,marking  ] GC(71) Concurrent Cleanup for Next Mark 0.237ms
[2026-09-03T12:38:40.595+0800][5.131s][info][gc          ] GC(71) Concurrent Mark Cycle 15.254ms
[2026-09-03T12:38:40.655+0800][5.191s][info][gc,start    ] GC(72) Pause Young (Prepare Mixed) (G1 Evacuation Pause)
[2026-09-03T12:38:40.655+0800][5.191s][info][gc,task     ] GC(72) Using 9 workers of 9 for evacuation
[2026-09-03T12:38:40.657+0800][5.193s][info][gc,phases   ] GC(72)   Pre Evacuate Collection Set: 0.07ms
[2026-09-03T12:38:40.657+0800][5.193s][info][gc,phases   ] GC(72)   Merge Heap Roots: 0.03ms
[2026-09-03T12:38:40.657+0800][5.193s][info][gc,phases   ] GC(72)   Evacuate Collection Set: 1.75ms
[2026-09-03T12:38:40.657+0800][5.193s][info][gc,phases   ] GC(72)   Post Evacuate Collection Set: 0.10ms
[2026-09-03T12:38:40.657+0800][5.193s][info][gc,phases   ] GC(72)   Other: 0.09ms
[2026-09-03T12:38:40.657+0800][5.193s][info][gc,heap     ] GC(72) Eden regions: 77->0(91)
[2026-09-03T12:38:40.657+0800][5.193s][info][gc,heap     ] GC(72) Survivor regions: 13->12(12)
[2026-09-03T12:38:40.657+0800][5.193s][info][gc,heap     ] GC(72) Old regions: 97->114
[2026-09-03T12:38:40.657+0800][5.193s][info][gc,heap     ] GC(72) Humongous regions: 1->1
[2026-09-03T12:38:40.657+0800][5.193s][info][gc,metaspace] GC(72) Metaspace: 1059K(1216K)->1059K(1216K) NonClass: 994K(1088K)->994K(1088K) Class: 64K(128K)->64K(128K)
[2026-09-03T12:38:40.657+0800][5.194s][info][gc          ] GC(72) Pause Young (Prepare Mixed) (G1 Evacuation Pause) 187M->125M(256M) 2.159ms
[2026-09-03T12:38:40.657+0800][5.194s][info][gc,cpu      ] GC(72) User=0.01s Sys=0.00s Real=0.00s
[2026-09-03T12:38:40.657+0800][5.194s][info][safepoint   ] Safepoint "G1CollectForAllocation", Time since last: 60211083 ns, Reaching safepoint: 25792 ns, At safepoint: 2187583 ns, Leaving safepoint: 38917 ns, Total: 2252292 ns, Threads: 1 runnable, 42 total
[2026-09-03T12:38:40.745+0800][5.282s][info][gc,start    ] GC(73) Pause Young (Mixed) (G1 Evacuation Pause)
[2026-09-03T12:38:40.745+0800][5.282s][info][gc,task     ] GC(73) Using 9 workers of 9 for evacuation
[2026-09-03T12:38:40.748+0800][5.284s][info][gc,phases   ] GC(73)   Pre Evacuate Collection Set: 0.05ms
[2026-09-03T12:38:40.748+0800][5.284s][info][gc,phases   ] GC(73)   Merge Heap Roots: 0.04ms
[2026-09-03T12:38:40.748+0800][5.284s][info][gc,phases   ] GC(73)   Evacuate Collection Set: 1.90ms
[2026-09-03T12:38:40.748+0800][5.284s][info][gc,phases   ] GC(73)   Post Evacuate Collection Set: 0.11ms
[2026-09-03T12:38:40.748+0800][5.284s][info][gc,phases   ] GC(73)   Other: 0.06ms
[2026-09-03T12:38:40.748+0800][5.284s][info][gc,heap     ] GC(73) Eden regions: 91->0(99)
[2026-09-03T12:38:40.748+0800][5.284s][info][gc,heap     ] GC(73) Survivor regions: 12->13(13)
[2026-09-03T12:38:40.748+0800][5.284s][info][gc,heap     ] GC(73) Old regions: 114->102
[2026-09-03T12:38:40.748+0800][5.284s][info][gc,heap     ] GC(73) Humongous regions: 1->1
[2026-09-03T12:38:40.748+0800][5.284s][info][gc,metaspace] GC(73) Metaspace: 1059K(1216K)->1059K(1216K) NonClass: 994K(1088K)->994K(1088K) Class: 64K(128K)->64K(128K)
[2026-09-03T12:38:40.748+0800][5.284s][info][gc          ] GC(73) Pause Young (Mixed) (G1 Evacuation Pause) 216M->114M(256M) 2.282ms
[2026-09-03T12:38:40.748+0800][5.284s][info][gc,cpu      ] GC(73) User=0.01s Sys=0.00s Real=0.00s
[2026-09-03T12:38:40.748+0800][5.284s][info][safepoint   ] Safepoint "G1CollectForAllocation", Time since last: 88495833 ns, Reaching safepoint: 27333 ns, At safepoint: 2310750 ns, Leaving safepoint: 43209 ns, Total: 2381292 ns, Threads: 1 runnable, 42 total
[2026-09-03T12:38:40.843+0800][5.379s][info][gc,start    ] GC(74) Pause Young (Mixed) (G1 Evacuation Pause)
[2026-09-03T12:38:40.843+0800][5.380s][info][gc,task     ] GC(74) Using 9 workers of 9 for evacuation
[2026-09-03T12:38:40.845+0800][5.382s][info][gc,phases   ] GC(74)   Pre Evacuate Collection Set: 0.06ms
[2026-09-03T12:38:40.845+0800][5.382s][info][gc,phases   ] GC(74)   Merge Heap Roots: 0.04ms
[2026-09-03T12:38:40.845+0800][5.382s][info][gc,phases   ] GC(74)   Evacuate Collection Set: 1.81ms
[2026-09-03T12:38:40.845+0800][5.382s][info][gc,phases   ] GC(74)   Post Evacuate Collection Set: 0.11ms
[2026-09-03T12:38:40.845+0800][5.382s][info][gc,phases   ] GC(74)   Other: 0.09ms
[2026-09-03T12:38:40.845+0800][5.382s][info][gc,heap     ] GC(74) Eden regions: 99->0(90)
[2026-09-03T12:38:40.845+0800][5.382s][info][gc,heap     ] GC(74) Survivor regions: 13->14(14)
[2026-09-03T12:38:40.845+0800][5.382s][info][gc,heap     ] GC(74) Old regions: 102->113
[2026-09-03T12:38:40.845+0800][5.382s][info][gc,heap     ] GC(74) Humongous regions: 1->1
[2026-09-03T12:38:40.845+0800][5.382s][info][gc,metaspace] GC(74) Metaspace: 1059K(1216K)->1059K(1216K) NonClass: 994K(1088K)->994K(1088K) Class: 64K(128K)->64K(128K)
[2026-09-03T12:38:40.845+0800][5.382s][info][gc          ] GC(74) Pause Young (Mixed) (G1 Evacuation Pause) 213M->127M(256M) 2.259ms
[2026-09-03T12:38:40.845+0800][5.382s][info][gc,cpu      ] GC(74) User=0.02s Sys=0.00s Real=0.00s
[2026-09-03T12:38:40.845+0800][5.382s][info][safepoint   ] Safepoint "G1CollectForAllocation", Time since last: 94926916 ns, Reaching safepoint: 33625 ns, At safepoint: 2293792 ns, Leaving safepoint: 41750 ns, Total: 2369167 ns, Threads: 1 runnable, 42 total
[2026-09-03T12:38:40.930+0800][5.467s][info][gc,start    ] GC(75) Pause Young (Concurrent Start) (G1 Evacuation Pause)
[2026-09-03T12:38:40.930+0800][5.467s][info][gc,task     ] GC(75) Using 9 workers of 9 for evacuation
[2026-09-03T12:38:40.933+0800][5.469s][info][gc,phases   ] GC(75)   Pre Evacuate Collection Set: 0.08ms
[2026-09-03T12:38:40.933+0800][5.469s][info][gc,phases   ] GC(75)   Merge Heap Roots: 0.03ms
[2026-09-03T12:38:40.933+0800][5.469s][info][gc,phases   ] GC(75)   Evacuate Collection Set: 1.99ms
[2026-09-03T12:38:40.933+0800][5.469s][info][gc,phases   ] GC(75)   Post Evacuate Collection Set: 0.11ms
[2026-09-03T12:38:40.933+0800][5.469s][info][gc,phases   ] GC(75)   Other: 0.06ms
[2026-09-03T12:38:40.933+0800][5.469s][info][gc,heap     ] GC(75) Eden regions: 90->0(78)
[2026-09-03T12:38:40.933+0800][5.469s][info][gc,heap     ] GC(75) Survivor regions: 14->13(13)
[2026-09-03T12:38:40.933+0800][5.469s][info][gc,heap     ] GC(75) Old regions: 113->132
[2026-09-03T12:38:40.933+0800][5.469s][info][gc,heap     ] GC(75) Humongous regions: 1->1
[2026-09-03T12:38:40.933+0800][5.469s][info][gc,metaspace] GC(75) Metaspace: 1059K(1216K)->1059K(1216K) NonClass: 994K(1088K)->994K(1088K) Class: 64K(128K)->64K(128K)
[2026-09-03T12:38:40.933+0800][5.469s][info][gc          ] GC(75) Pause Young (Concurrent Start) (G1 Evacuation Pause) 217M->145M(256M) 2.394ms
[2026-09-03T12:38:40.933+0800][5.469s][info][gc          ] GC(76) Concurrent Mark Cycle
[2026-09-03T12:38:40.933+0800][5.469s][info][gc,cpu      ] GC(75) User=0.01s Sys=0.00s Real=0.00s
[2026-09-03T12:38:40.933+0800][5.469s][info][gc,marking  ] GC(76) Concurrent Scan Root Regions
[2026-09-03T12:38:40.933+0800][5.469s][info][safepoint   ] Safepoint "G1CollectForAllocation", Time since last: 85175875 ns, Reaching safepoint: 38208 ns, At safepoint: 2490375 ns, Leaving safepoint: 27834 ns, Total: 2556417 ns, Threads: 1 runnable, 42 total
[2026-09-03T12:38:40.935+0800][5.471s][info][gc,marking  ] GC(76) Concurrent Scan Root Regions 1.942ms
[2026-09-03T12:38:40.935+0800][5.471s][info][gc,marking  ] GC(76) Concurrent Mark
[2026-09-03T12:38:40.935+0800][5.471s][info][gc,marking  ] GC(76) Concurrent Mark From Roots
[2026-09-03T12:38:40.935+0800][5.471s][info][gc,task     ] GC(76) Concurrent Mark Using 2 of 2 Workers
[2026-09-03T12:38:40.939+0800][5.476s][info][gc,marking  ] GC(76) Concurrent Mark From Roots 4.279ms
[2026-09-03T12:38:40.939+0800][5.476s][info][gc,marking  ] GC(76) Concurrent Preclean
[2026-09-03T12:38:40.939+0800][5.476s][info][gc,marking  ] GC(76) Concurrent Preclean 0.018ms
[2026-09-03T12:38:40.939+0800][5.476s][info][gc,start    ] GC(76) Pause Remark
[2026-09-03T12:38:40.940+0800][5.476s][info][gc          ] GC(76) Pause Remark 152M->121M(256M) 0.354ms
[2026-09-03T12:38:40.940+0800][5.476s][info][gc,cpu      ] GC(76) User=0.00s Sys=0.00s Real=0.01s
[2026-09-03T12:38:40.940+0800][5.476s][info][safepoint   ] Safepoint "G1PauseRemark", Time since last: 6282416 ns, Reaching safepoint: 65625 ns, At safepoint: 401667 ns, Leaving safepoint: 24708 ns, Total: 492000 ns, Threads: 2 runnable, 42 total
[2026-09-03T12:38:40.940+0800][5.476s][info][gc,marking  ] GC(76) Concurrent Mark 4.926ms
[2026-09-03T12:38:40.940+0800][5.476s][info][gc,marking  ] GC(76) Concurrent Rebuild Remembered Sets and Scrub Regions
[2026-09-03T12:38:40.945+0800][5.481s][info][gc,marking  ] GC(76) Concurrent Rebuild Remembered Sets and Scrub Regions 5.111ms
[2026-09-03T12:38:40.945+0800][5.482s][info][gc,start    ] GC(76) Pause Cleanup
[2026-09-03T12:38:40.945+0800][5.482s][info][gc          ] GC(76) Pause Cleanup 126M->126M(256M) 0.042ms
[2026-09-03T12:38:40.945+0800][5.482s][info][gc,cpu      ] GC(76) User=0.00s Sys=0.00s Real=0.00s
[2026-09-03T12:38:40.945+0800][5.482s][info][safepoint   ] Safepoint "G1PauseCleanup", Time since last: 5236584 ns, Reaching safepoint: 21958 ns, At safepoint: 63417 ns, Leaving safepoint: 33083 ns, Total: 118458 ns, Threads: 2 runnable, 42 total
[2026-09-03T12:38:40.945+0800][5.482s][info][gc,marking  ] GC(76) Concurrent Clear Claimed Marks
[2026-09-03T12:38:40.945+0800][5.482s][info][gc,marking  ] GC(76) Concurrent Clear Claimed Marks 0.031ms
[2026-09-03T12:38:40.945+0800][5.482s][info][gc,marking  ] GC(76) Concurrent Cleanup for Next Mark
[2026-09-03T12:38:40.945+0800][5.482s][info][gc,marking  ] GC(76) Concurrent Cleanup for Next Mark 0.143ms
[2026-09-03T12:38:40.945+0800][5.482s][info][gc          ] GC(76) Concurrent Mark Cycle 12.400ms
[2026-09-03T12:38:41.007+0800][5.544s][info][gc,start    ] GC(77) Pause Young (Prepare Mixed) (G1 Evacuation Pause)
[2026-09-03T12:38:41.007+0800][5.544s][info][gc,task     ] GC(77) Using 9 workers of 9 for evacuation
[2026-09-03T12:38:41.009+0800][5.546s][info][gc,phases   ] GC(77)   Pre Evacuate Collection Set: 0.05ms
[2026-09-03T12:38:41.009+0800][5.546s][info][gc,phases   ] GC(77)   Merge Heap Roots: 0.02ms
[2026-09-03T12:38:41.009+0800][5.546s][info][gc,phases   ] GC(77)   Evacuate Collection Set: 1.85ms
[2026-09-03T12:38:41.009+0800][5.546s][info][gc,phases   ] GC(77)   Post Evacuate Collection Set: 0.08ms
[2026-09-03T12:38:41.009+0800][5.546s][info][gc,phases   ] GC(77)   Other: 0.06ms
[2026-09-03T12:38:41.009+0800][5.546s][info][gc,heap     ] GC(77) Eden regions: 78->0(88)
[2026-09-03T12:38:41.009+0800][5.546s][info][gc,heap     ] GC(77) Survivor regions: 13->12(12)
[2026-09-03T12:38:41.009+0800][5.546s][info][gc,heap     ] GC(77) Old regions: 101->118
[2026-09-03T12:38:41.009+0800][5.546s][info][gc,heap     ] GC(77) Humongous regions: 1->1
[2026-09-03T12:38:41.009+0800][5.546s][info][gc,metaspace] GC(77) Metaspace: 1059K(1216K)->1059K(1216K) NonClass: 994K(1088K)->994K(1088K) Class: 64K(128K)->64K(128K)
[2026-09-03T12:38:41.009+0800][5.546s][info][gc          ] GC(77) Pause Young (Prepare Mixed) (G1 Evacuation Pause) 192M->130M(256M) 2.180ms
[2026-09-03T12:38:41.009+0800][5.546s][info][gc,cpu      ] GC(77) User=0.02s Sys=0.00s Real=0.00s
[2026-09-03T12:38:41.009+0800][5.546s][info][safepoint   ] Safepoint "G1CollectForAllocation", Time since last: 62170833 ns, Reaching safepoint: 36834 ns, At safepoint: 2217291 ns, Leaving safepoint: 25875 ns, Total: 2280000 ns, Threads: 2 runnable, 42 total
[2026-09-03T12:38:41.092+0800][5.628s][info][gc,start    ] GC(78) Pause Young (Mixed) (G1 Evacuation Pause)
[2026-09-03T12:38:41.092+0800][5.629s][info][gc,task     ] GC(78) Using 9 workers of 9 for evacuation
[2026-09-03T12:38:41.094+0800][5.631s][info][gc,phases   ] GC(78)   Pre Evacuate Collection Set: 0.06ms
[2026-09-03T12:38:41.094+0800][5.631s][info][gc,phases   ] GC(78)   Merge Heap Roots: 0.02ms
[2026-09-03T12:38:41.094+0800][5.631s][info][gc,phases   ] GC(78)   Evacuate Collection Set: 1.85ms
[2026-09-03T12:38:41.094+0800][5.631s][info][gc,phases   ] GC(78)   Post Evacuate Collection Set: 0.10ms
[2026-09-03T12:38:41.094+0800][5.631s][info][gc,phases   ] GC(78)   Other: 0.06ms
[2026-09-03T12:38:41.094+0800][5.631s][info][gc,heap     ] GC(78) Eden regions: 88->0(93)
[2026-09-03T12:38:41.094+0800][5.631s][info][gc,heap     ] GC(78) Survivor regions: 12->13(13)
[2026-09-03T12:38:41.094+0800][5.631s][info][gc,heap     ] GC(78) Old regions: 118->110
[2026-09-03T12:38:41.094+0800][5.631s][info][gc,heap     ] GC(78) Humongous regions: 1->1
[2026-09-03T12:38:41.094+0800][5.631s][info][gc,metaspace] GC(78) Metaspace: 1059K(1216K)->1059K(1216K) NonClass: 994K(1088K)->994K(1088K) Class: 64K(128K)->64K(128K)
[2026-09-03T12:38:41.094+0800][5.631s][info][gc          ] GC(78) Pause Young (Mixed) (G1 Evacuation Pause) 218M->122M(256M) 2.218ms
[2026-09-03T12:38:41.094+0800][5.631s][info][gc,cpu      ] GC(78) User=0.01s Sys=0.00s Real=0.00s
[2026-09-03T12:38:41.094+0800][5.631s][info][safepoint   ] Safepoint "G1CollectForAllocation", Time since last: 82350000 ns, Reaching safepoint: 55125 ns, At safepoint: 2245542 ns, Leaving safepoint: 29875 ns, Total: 2330542 ns, Threads: 3 runnable, 42 total
[2026-09-03T12:38:41.182+0800][5.719s][info][gc,start    ] GC(79) Pause Young (Mixed) (G1 Evacuation Pause)
[2026-09-03T12:38:41.182+0800][5.719s][info][gc,task     ] GC(79) Using 9 workers of 9 for evacuation
[2026-09-03T12:38:41.184+0800][5.721s][info][gc,phases   ] GC(79)   Pre Evacuate Collection Set: 0.08ms
[2026-09-03T12:38:41.184+0800][5.721s][info][gc,phases   ] GC(79)   Merge Heap Roots: 0.03ms
[2026-09-03T12:38:41.184+0800][5.721s][info][gc,phases   ] GC(79)   Evacuate Collection Set: 2.02ms
[2026-09-03T12:38:41.184+0800][5.721s][info][gc,phases   ] GC(79)   Post Evacuate Collection Set: 0.10ms
[2026-09-03T12:38:41.184+0800][5.721s][info][gc,phases   ] GC(79)   Other: 0.06ms
[2026-09-03T12:38:41.184+0800][5.721s][info][gc,heap     ] GC(79) Eden regions: 93->0(92)
[2026-09-03T12:38:41.184+0800][5.721s][info][gc,heap     ] GC(79) Survivor regions: 13->14(14)
[2026-09-03T12:38:41.184+0800][5.721s][info][gc,heap     ] GC(79) Old regions: 110->111
[2026-09-03T12:38:41.184+0800][5.721s][info][gc,heap     ] GC(79) Humongous regions: 1->1
[2026-09-03T12:38:41.184+0800][5.721s][info][gc,metaspace] GC(79) Metaspace: 1059K(1216K)->1059K(1216K) NonClass: 994K(1088K)->994K(1088K) Class: 64K(128K)->64K(128K)
[2026-09-03T12:38:41.184+0800][5.721s][info][gc          ] GC(79) Pause Young (Mixed) (G1 Evacuation Pause) 215M->125M(256M) 2.402ms
[2026-09-03T12:38:41.184+0800][5.721s][info][gc,cpu      ] GC(79) User=0.02s Sys=0.00s Real=0.00s
[2026-09-03T12:38:41.184+0800][5.721s][info][safepoint   ] Safepoint "G1CollectForAllocation", Time since last: 87765458 ns, Reaching safepoint: 31209 ns, At safepoint: 2427291 ns, Leaving safepoint: 24500 ns, Total: 2483000 ns, Threads: 2 runnable, 42 total
[2026-09-03T12:38:41.271+0800][5.807s][info][gc,start    ] GC(80) Pause Young (Concurrent Start) (G1 Evacuation Pause)
[2026-09-03T12:38:41.271+0800][5.807s][info][gc,task     ] GC(80) Using 9 workers of 9 for evacuation
[2026-09-03T12:38:41.273+0800][5.809s][info][gc,phases   ] GC(80)   Pre Evacuate Collection Set: 0.09ms
[2026-09-03T12:38:41.273+0800][5.810s][info][gc,phases   ] GC(80)   Merge Heap Roots: 0.02ms
[2026-09-03T12:38:41.273+0800][5.810s][info][gc,phases   ] GC(80)   Evacuate Collection Set: 1.76ms
[2026-09-03T12:38:41.273+0800][5.810s][info][gc,phases   ] GC(80)   Post Evacuate Collection Set: 0.09ms
[2026-09-03T12:38:41.273+0800][5.810s][info][gc,phases   ] GC(80)   Other: 0.06ms
[2026-09-03T12:38:41.273+0800][5.810s][info][gc,heap     ] GC(80) Eden regions: 92->0(79)
[2026-09-03T12:38:41.273+0800][5.810s][info][gc,heap     ] GC(80) Survivor regions: 14->14(14)
[2026-09-03T12:38:41.273+0800][5.810s][info][gc,heap     ] GC(80) Old regions: 111->129
[2026-09-03T12:38:41.273+0800][5.810s][info][gc,heap     ] GC(80) Humongous regions: 1->1
[2026-09-03T12:38:41.273+0800][5.810s][info][gc,metaspace] GC(80) Metaspace: 1059K(1216K)->1059K(1216K) NonClass: 994K(1088K)->994K(1088K) Class: 64K(128K)->64K(128K)
[2026-09-03T12:38:41.273+0800][5.810s][info][gc          ] GC(80) Pause Young (Concurrent Start) (G1 Evacuation Pause) 217M->143M(256M) 2.137ms
[2026-09-03T12:38:41.273+0800][5.810s][info][gc,cpu      ] GC(80) User=0.02s Sys=0.00s Real=0.00s
[2026-09-03T12:38:41.273+0800][5.810s][info][gc          ] GC(81) Concurrent Mark Cycle
[2026-09-03T12:38:41.273+0800][5.810s][info][gc,marking  ] GC(81) Concurrent Scan Root Regions
[2026-09-03T12:38:41.273+0800][5.810s][info][safepoint   ] Safepoint "G1CollectForAllocation", Time since last: 86409667 ns, Reaching safepoint: 31208 ns, At safepoint: 2167125 ns, Leaving safepoint: 40084 ns, Total: 2238417 ns, Threads: 3 runnable, 42 total
[2026-09-03T12:38:41.275+0800][5.811s][info][gc,marking  ] GC(81) Concurrent Scan Root Regions 1.903ms
[2026-09-03T12:38:41.275+0800][5.812s][info][gc,marking  ] GC(81) Concurrent Mark
[2026-09-03T12:38:41.275+0800][5.812s][info][gc,marking  ] GC(81) Concurrent Mark From Roots
[2026-09-03T12:38:41.275+0800][5.812s][info][gc,task     ] GC(81) Concurrent Mark Using 2 of 2 Workers
[2026-09-03T12:38:41.279+0800][5.816s][info][gc,marking  ] GC(81) Concurrent Mark From Roots 4.232ms
[2026-09-03T12:38:41.279+0800][5.816s][info][gc,marking  ] GC(81) Concurrent Preclean
[2026-09-03T12:38:41.279+0800][5.816s][info][gc,marking  ] GC(81) Concurrent Preclean 0.031ms
[2026-09-03T12:38:41.279+0800][5.816s][info][gc,start    ] GC(81) Pause Remark
[2026-09-03T12:38:41.280+0800][5.816s][info][gc          ] GC(81) Pause Remark 150M->123M(256M) 0.312ms
[2026-09-03T12:38:41.280+0800][5.816s][info][gc,cpu      ] GC(81) User=0.00s Sys=0.00s Real=0.01s
[2026-09-03T12:38:41.280+0800][5.816s][info][safepoint   ] Safepoint "G1PauseRemark", Time since last: 6219708 ns, Reaching safepoint: 46417 ns, At safepoint: 331791 ns, Leaving safepoint: 27917 ns, Total: 406125 ns, Threads: 2 runnable, 42 total
[2026-09-03T12:38:41.280+0800][5.816s][info][gc,marking  ] GC(81) Concurrent Mark 4.808ms
[2026-09-03T12:38:41.280+0800][5.816s][info][gc,marking  ] GC(81) Concurrent Rebuild Remembered Sets and Scrub Regions
[2026-09-03T12:38:41.283+0800][5.820s][info][gc,marking  ] GC(81) Concurrent Rebuild Remembered Sets and Scrub Regions 3.516ms
[2026-09-03T12:38:41.283+0800][5.820s][info][gc,start    ] GC(81) Pause Cleanup
[2026-09-03T12:38:41.283+0800][5.820s][info][gc          ] GC(81) Pause Cleanup 126M->126M(256M) 0.039ms
[2026-09-03T12:38:41.283+0800][5.820s][info][gc,cpu      ] GC(81) User=0.00s Sys=0.00s Real=0.00s
[2026-09-03T12:38:41.283+0800][5.820s][info][safepoint   ] Safepoint "G1PauseCleanup", Time since last: 3613792 ns, Reaching safepoint: 18666 ns, At safepoint: 57959 ns, Leaving safepoint: 26083 ns, Total: 102708 ns, Threads: 1 runnable, 42 total
[2026-09-03T12:38:41.283+0800][5.820s][info][gc,marking  ] GC(81) Concurrent Clear Claimed Marks
[2026-09-03T12:38:41.283+0800][5.820s][info][gc,marking  ] GC(81) Concurrent Clear Claimed Marks 0.009ms
[2026-09-03T12:38:41.283+0800][5.820s][info][gc,marking  ] GC(81) Concurrent Cleanup for Next Mark
[2026-09-03T12:38:41.283+0800][5.820s][info][gc,marking  ] GC(81) Concurrent Cleanup for Next Mark 0.120ms
[2026-09-03T12:38:41.284+0800][5.820s][info][gc          ] GC(81) Concurrent Mark Cycle 10.582ms
[2026-09-03T12:38:41.348+0800][5.885s][info][gc,start    ] GC(82) Pause Young (Prepare Mixed) (G1 Evacuation Pause)
[2026-09-03T12:38:41.348+0800][5.885s][info][gc,task     ] GC(82) Using 9 workers of 9 for evacuation
[2026-09-03T12:38:41.350+0800][5.887s][info][gc,phases   ] GC(82)   Pre Evacuate Collection Set: 0.06ms
[2026-09-03T12:38:41.350+0800][5.887s][info][gc,phases   ] GC(82)   Merge Heap Roots: 0.02ms
[2026-09-03T12:38:41.350+0800][5.887s][info][gc,phases   ] GC(82)   Evacuate Collection Set: 1.82ms
[2026-09-03T12:38:41.350+0800][5.887s][info][gc,phases   ] GC(82)   Post Evacuate Collection Set: 0.10ms
[2026-09-03T12:38:41.350+0800][5.887s][info][gc,phases   ] GC(82)   Other: 0.06ms
[2026-09-03T12:38:41.350+0800][5.887s][info][gc,heap     ] GC(82) Eden regions: 79->0(86)
[2026-09-03T12:38:41.350+0800][5.887s][info][gc,heap     ] GC(82) Survivor regions: 14->12(12)
[2026-09-03T12:38:41.350+0800][5.887s][info][gc,heap     ] GC(82) Old regions: 102->121
[2026-09-03T12:38:41.350+0800][5.887s][info][gc,heap     ] GC(82) Humongous regions: 1->1
[2026-09-03T12:38:41.350+0800][5.887s][info][gc,metaspace] GC(82) Metaspace: 1059K(1216K)->1059K(1216K) NonClass: 994K(1088K)->994K(1088K) Class: 64K(128K)->64K(128K)
[2026-09-03T12:38:41.350+0800][5.887s][info][gc          ] GC(82) Pause Young (Prepare Mixed) (G1 Evacuation Pause) 195M->132M(256M) 2.173ms
[2026-09-03T12:38:41.350+0800][5.887s][info][gc,cpu      ] GC(82) User=0.02s Sys=0.00s Real=0.01s
[2026-09-03T12:38:41.350+0800][5.887s][info][safepoint   ] Safepoint "G1CollectForAllocation", Time since last: 64769917 ns, Reaching safepoint: 21416 ns, At safepoint: 2196750 ns, Leaving safepoint: 45917 ns, Total: 2264083 ns, Threads: 1 runnable, 42 total
[2026-09-03T12:38:41.431+0800][5.968s][info][gc,start    ] GC(83) Pause Young (Mixed) (G1 Evacuation Pause)
[2026-09-03T12:38:41.431+0800][5.968s][info][gc,task     ] GC(83) Using 9 workers of 9 for evacuation
[2026-09-03T12:38:41.434+0800][5.970s][info][gc,phases   ] GC(83)   Pre Evacuate Collection Set: 0.05ms
[2026-09-03T12:38:41.434+0800][5.970s][info][gc,phases   ] GC(83)   Merge Heap Roots: 0.03ms
[2026-09-03T12:38:41.434+0800][5.970s][info][gc,phases   ] GC(83)   Evacuate Collection Set: 1.90ms
[2026-09-03T12:38:41.434+0800][5.970s][info][gc,phases   ] GC(83)   Post Evacuate Collection Set: 0.12ms
[2026-09-03T12:38:41.434+0800][5.970s][info][gc,phases   ] GC(83)   Other: 0.06ms
[2026-09-03T12:38:41.434+0800][5.970s][info][gc,heap     ] GC(83) Eden regions: 86->0(92)
[2026-09-03T12:38:41.434+0800][5.970s][info][gc,heap     ] GC(83) Survivor regions: 12->13(13)
[2026-09-03T12:38:41.434+0800][5.970s][info][gc,heap     ] GC(83) Old regions: 121->111
[2026-09-03T12:38:41.434+0800][5.970s][info][gc,heap     ] GC(83) Humongous regions: 1->1
[2026-09-03T12:38:41.434+0800][5.970s][info][gc,metaspace] GC(83) Metaspace: 1059K(1216K)->1059K(1216K) NonClass: 994K(1088K)->994K(1088K) Class: 64K(128K)->64K(128K)
[2026-09-03T12:38:41.434+0800][5.970s][info][gc          ] GC(83) Pause Young (Mixed) (G1 Evacuation Pause) 218M->124M(256M) 2.269ms
[2026-09-03T12:38:41.434+0800][5.970s][info][gc,cpu      ] GC(83) User=0.01s Sys=0.00s Real=0.00s
[2026-09-03T12:38:41.434+0800][5.970s][info][safepoint   ] Safepoint "G1CollectForAllocation", Time since last: 81069750 ns, Reaching safepoint: 19208 ns, At safepoint: 2292500 ns, Leaving safepoint: 33500 ns, Total: 2345208 ns, Threads: 2 runnable, 42 total
[2026-09-03T12:38:41.521+0800][6.057s][info][gc,start    ] GC(84) Pause Young (Mixed) (G1 Evacuation Pause)
[2026-09-03T12:38:41.521+0800][6.057s][info][gc,task     ] GC(84) Using 9 workers of 9 for evacuation
[2026-09-03T12:38:41.523+0800][6.059s][info][gc,phases   ] GC(84)   Pre Evacuate Collection Set: 0.06ms
[2026-09-03T12:38:41.523+0800][6.059s][info][gc,phases   ] GC(84)   Merge Heap Roots: 0.03ms
[2026-09-03T12:38:41.523+0800][6.059s][info][gc,phases   ] GC(84)   Evacuate Collection Set: 1.80ms
[2026-09-03T12:38:41.523+0800][6.059s][info][gc,phases   ] GC(84)   Post Evacuate Collection Set: 0.10ms
[2026-09-03T12:38:41.523+0800][6.059s][info][gc,phases   ] GC(84)   Other: 0.06ms
[2026-09-03T12:38:41.523+0800][6.059s][info][gc,heap     ] GC(84) Eden regions: 92->0(93)
[2026-09-03T12:38:41.523+0800][6.059s][info][gc,heap     ] GC(84) Survivor regions: 13->14(14)
[2026-09-03T12:38:41.523+0800][6.059s][info][gc,heap     ] GC(84) Old regions: 111->109
[2026-09-03T12:38:41.523+0800][6.059s][info][gc,heap     ] GC(84) Humongous regions: 1->1
[2026-09-03T12:38:41.523+0800][6.059s][info][gc,metaspace] GC(84) Metaspace: 1059K(1216K)->1059K(1216K) NonClass: 994K(1088K)->994K(1088K) Class: 64K(128K)->64K(128K)
[2026-09-03T12:38:41.523+0800][6.059s][info][gc          ] GC(84) Pause Young (Mixed) (G1 Evacuation Pause) 216M->122M(256M) 2.149ms
[2026-09-03T12:38:41.523+0800][6.059s][info][gc,cpu      ] GC(84) User=0.02s Sys=0.00s Real=0.00s
[2026-09-03T12:38:41.523+0800][6.059s][info][safepoint   ] Safepoint "G1CollectForAllocation", Time since last: 86732750 ns, Reaching safepoint: 19834 ns, At safepoint: 2172250 ns, Leaving safepoint: 40750 ns, Total: 2232834 ns, Threads: 1 runnable, 42 total
[2026-09-03T12:38:41.611+0800][6.148s][info][gc,start    ] GC(85) Pause Young (Concurrent Start) (G1 Evacuation Pause)
[2026-09-03T12:38:41.611+0800][6.148s][info][gc,task     ] GC(85) Using 9 workers of 9 for evacuation
[2026-09-03T12:38:41.613+0800][6.150s][info][gc,phases   ] GC(85)   Pre Evacuate Collection Set: 0.09ms
[2026-09-03T12:38:41.613+0800][6.150s][info][gc,phases   ] GC(85)   Merge Heap Roots: 0.02ms
[2026-09-03T12:38:41.613+0800][6.150s][info][gc,phases   ] GC(85)   Evacuate Collection Set: 1.74ms
[2026-09-03T12:38:41.613+0800][6.150s][info][gc,phases   ] GC(85)   Post Evacuate Collection Set: 0.07ms
[2026-09-03T12:38:41.613+0800][6.150s][info][gc,phases   ] GC(85)   Other: 0.06ms
[2026-09-03T12:38:41.613+0800][6.150s][info][gc,heap     ] GC(85) Eden regions: 93->0(80)
[2026-09-03T12:38:41.613+0800][6.150s][info][gc,heap     ] GC(85) Survivor regions: 14->14(14)
[2026-09-03T12:38:41.613+0800][6.150s][info][gc,heap     ] GC(85) Old regions: 109->127
[2026-09-03T12:38:41.613+0800][6.150s][info][gc,heap     ] GC(85) Humongous regions: 1->1
[2026-09-03T12:38:41.613+0800][6.150s][info][gc,metaspace] GC(85) Metaspace: 1059K(1216K)->1059K(1216K) NonClass: 994K(1088K)->994K(1088K) Class: 64K(128K)->64K(128K)
[2026-09-03T12:38:41.613+0800][6.150s][info][gc          ] GC(85) Pause Young (Concurrent Start) (G1 Evacuation Pause) 215M->141M(256M) 2.083ms
[2026-09-03T12:38:41.613+0800][6.150s][info][gc,cpu      ] GC(85) User=0.01s Sys=0.00s Real=0.00s
[2026-09-03T12:38:41.613+0800][6.150s][info][gc          ] GC(86) Concurrent Mark Cycle
[2026-09-03T12:38:41.613+0800][6.150s][info][gc,marking  ] GC(86) Concurrent Scan Root Regions
[2026-09-03T12:38:41.613+0800][6.150s][info][safepoint   ] Safepoint "G1CollectForAllocation", Time since last: 88097750 ns, Reaching safepoint: 25291 ns, At safepoint: 2112125 ns, Leaving safepoint: 21875 ns, Total: 2159291 ns, Threads: 4 runnable, 42 total
[2026-09-03T12:38:41.615+0800][6.152s][info][gc,marking  ] GC(86) Concurrent Scan Root Regions 1.905ms
[2026-09-03T12:38:41.615+0800][6.152s][info][gc,marking  ] GC(86) Concurrent Mark
[2026-09-03T12:38:41.615+0800][6.152s][info][gc,marking  ] GC(86) Concurrent Mark From Roots
[2026-09-03T12:38:41.615+0800][6.152s][info][gc,task     ] GC(86) Concurrent Mark Using 2 of 2 Workers
[2026-09-03T12:38:41.619+0800][6.156s][info][gc,marking  ] GC(86) Concurrent Mark From Roots 4.439ms
[2026-09-03T12:38:41.619+0800][6.156s][info][gc,marking  ] GC(86) Concurrent Preclean
[2026-09-03T12:38:41.619+0800][6.156s][info][gc,marking  ] GC(86) Concurrent Preclean 0.036ms
[2026-09-03T12:38:41.620+0800][6.156s][info][gc,start    ] GC(86) Pause Remark
[2026-09-03T12:38:41.620+0800][6.157s][info][gc          ] GC(86) Pause Remark 148M->120M(256M) 0.312ms
[2026-09-03T12:38:41.620+0800][6.157s][info][gc,cpu      ] GC(86) User=0.00s Sys=0.00s Real=0.00s
[2026-09-03T12:38:41.620+0800][6.157s][info][safepoint   ] Safepoint "G1PauseRemark", Time since last: 6523959 ns, Reaching safepoint: 42916 ns, At safepoint: 332375 ns, Leaving safepoint: 21459 ns, Total: 396750 ns, Threads: 4 runnable, 42 total
[2026-09-03T12:38:41.620+0800][6.157s][info][gc,marking  ] GC(86) Concurrent Mark 5.030ms
[2026-09-03T12:38:41.620+0800][6.157s][info][gc,marking  ] GC(86) Concurrent Rebuild Remembered Sets and Scrub Regions
[2026-09-03T12:38:41.624+0800][6.160s][info][gc,marking  ] GC(86) Concurrent Rebuild Remembered Sets and Scrub Regions 3.735ms
[2026-09-03T12:38:41.624+0800][6.160s][info][gc,start    ] GC(86) Pause Cleanup
[2026-09-03T12:38:41.624+0800][6.161s][info][gc          ] GC(86) Pause Cleanup 124M->124M(256M) 0.044ms
[2026-09-03T12:38:41.624+0800][6.161s][info][gc,cpu      ] GC(86) User=0.00s Sys=0.00s Real=0.00s
[2026-09-03T12:38:41.624+0800][6.161s][info][safepoint   ] Safepoint "G1PauseCleanup", Time since last: 3878958 ns, Reaching safepoint: 26458 ns, At safepoint: 86500 ns, Leaving safepoint: 44584 ns, Total: 157542 ns, Threads: 1 runnable, 42 total
[2026-09-03T12:38:41.624+0800][6.161s][info][gc,marking  ] GC(86) Concurrent Clear Claimed Marks
[2026-09-03T12:38:41.624+0800][6.161s][info][gc,marking  ] GC(86) Concurrent Clear Claimed Marks 0.018ms
[2026-09-03T12:38:41.624+0800][6.161s][info][gc,marking  ] GC(86) Concurrent Cleanup for Next Mark
[2026-09-03T12:38:41.624+0800][6.161s][info][gc,marking  ] GC(86) Concurrent Cleanup for Next Mark 0.220ms
[2026-09-03T12:38:41.624+0800][6.161s][info][gc          ] GC(86) Concurrent Mark Cycle 11.322ms
[2026-09-03T12:38:41.689+0800][6.226s][info][gc,start    ] GC(87) Pause Young (Prepare Mixed) (G1 Evacuation Pause)
[2026-09-03T12:38:41.689+0800][6.226s][info][gc,task     ] GC(87) Using 9 workers of 9 for evacuation
[2026-09-03T12:38:41.691+0800][6.228s][info][gc,phases   ] GC(87)   Pre Evacuate Collection Set: 0.05ms
[2026-09-03T12:38:41.691+0800][6.228s][info][gc,phases   ] GC(87)   Merge Heap Roots: 0.02ms
[2026-09-03T12:38:41.691+0800][6.228s][info][gc,phases   ] GC(87)   Evacuate Collection Set: 1.66ms
[2026-09-03T12:38:41.691+0800][6.228s][info][gc,phases   ] GC(87)   Post Evacuate Collection Set: 0.10ms
[2026-09-03T12:38:41.691+0800][6.228s][info][gc,phases   ] GC(87)   Other: 0.08ms
[2026-09-03T12:38:41.691+0800][6.228s][info][gc,heap     ] GC(87) Eden regions: 80->0(88)
[2026-09-03T12:38:41.691+0800][6.228s][info][gc,heap     ] GC(87) Survivor regions: 14->12(12)
[2026-09-03T12:38:41.691+0800][6.228s][info][gc,heap     ] GC(87) Old regions: 99->118
[2026-09-03T12:38:41.691+0800][6.228s][info][gc,heap     ] GC(87) Humongous regions: 1->1
[2026-09-03T12:38:41.691+0800][6.228s][info][gc,metaspace] GC(87) Metaspace: 1059K(1216K)->1059K(1216K) NonClass: 994K(1088K)->994K(1088K) Class: 64K(128K)->64K(128K)
[2026-09-03T12:38:41.691+0800][6.228s][info][gc          ] GC(87) Pause Young (Prepare Mixed) (G1 Evacuation Pause) 193M->129M(256M) 2.056ms
[2026-09-03T12:38:41.691+0800][6.228s][info][gc,cpu      ] GC(87) User=0.02s Sys=0.00s Real=0.01s
[2026-09-03T12:38:41.691+0800][6.228s][info][safepoint   ] Safepoint "G1CollectForAllocation", Time since last: 65112375 ns, Reaching safepoint: 5125 ns, At safepoint: 2088625 ns, Leaving safepoint: 114791 ns, Total: 2208541 ns, Threads: 0 runnable, 42 total
[2026-09-03T12:38:41.774+0800][6.311s][info][gc,start    ] GC(88) Pause Young (Mixed) (G1 Evacuation Pause)
[2026-09-03T12:38:41.774+0800][6.311s][info][gc,task     ] GC(88) Using 9 workers of 9 for evacuation
[2026-09-03T12:38:41.776+0800][6.313s][info][gc,phases   ] GC(88)   Pre Evacuate Collection Set: 0.05ms
[2026-09-03T12:38:41.777+0800][6.313s][info][gc,phases   ] GC(88)   Merge Heap Roots: 0.02ms
[2026-09-03T12:38:41.777+0800][6.313s][info][gc,phases   ] GC(88)   Evacuate Collection Set: 2.15ms
[2026-09-03T12:38:41.777+0800][6.313s][info][gc,phases   ] GC(88)   Post Evacuate Collection Set: 0.15ms
[2026-09-03T12:38:41.777+0800][6.313s][info][gc,phases   ] GC(88)   Other: 0.06ms
[2026-09-03T12:38:41.777+0800][6.313s][info][gc,heap     ] GC(88) Eden regions: 88->0(94)
[2026-09-03T12:38:41.777+0800][6.313s][info][gc,heap     ] GC(88) Survivor regions: 12->13(13)
[2026-09-03T12:38:41.777+0800][6.313s][info][gc,heap     ] GC(88) Old regions: 118->109
[2026-09-03T12:38:41.777+0800][6.313s][info][gc,heap     ] GC(88) Humongous regions: 1->1
[2026-09-03T12:38:41.777+0800][6.313s][info][gc,metaspace] GC(88) Metaspace: 1059K(1216K)->1059K(1216K) NonClass: 994K(1088K)->994K(1088K) Class: 64K(128K)->64K(128K)
[2026-09-03T12:38:41.777+0800][6.313s][info][gc          ] GC(88) Pause Young (Mixed) (G1 Evacuation Pause) 217M->121M(256M) 2.554ms
[2026-09-03T12:38:41.777+0800][6.313s][info][gc,cpu      ] GC(88) User=0.02s Sys=0.00s Real=0.00s
[2026-09-03T12:38:41.777+0800][6.313s][info][safepoint   ] Safepoint "G1CollectForAllocation", Time since last: 82664500 ns, Reaching safepoint: 27500 ns, At safepoint: 2601417 ns, Leaving safepoint: 19708 ns, Total: 2648625 ns, Threads: 2 runnable, 42 total
[2026-09-03T12:38:41.865+0800][6.402s][info][gc,start    ] GC(89) Pause Young (Mixed) (G1 Evacuation Pause)
[2026-09-03T12:38:41.865+0800][6.402s][info][gc,task     ] GC(89) Using 9 workers of 9 for evacuation
[2026-09-03T12:38:41.867+0800][6.404s][info][gc,phases   ] GC(89)   Pre Evacuate Collection Set: 0.07ms
[2026-09-03T12:38:41.867+0800][6.404s][info][gc,phases   ] GC(89)   Merge Heap Roots: 0.03ms
[2026-09-03T12:38:41.867+0800][6.404s][info][gc,phases   ] GC(89)   Evacuate Collection Set: 1.75ms
[2026-09-03T12:38:41.867+0800][6.404s][info][gc,phases   ] GC(89)   Post Evacuate Collection Set: 0.10ms
[2026-09-03T12:38:41.867+0800][6.404s][info][gc,phases   ] GC(89)   Other: 0.06ms
[2026-09-03T12:38:41.867+0800][6.404s][info][gc,heap     ] GC(89) Eden regions: 94->0(92)
[2026-09-03T12:38:41.867+0800][6.404s][info][gc,heap     ] GC(89) Survivor regions: 13->14(14)
[2026-09-03T12:38:41.867+0800][6.404s][info][gc,heap     ] GC(89) Old regions: 109->111
[2026-09-03T12:38:41.867+0800][6.404s][info][gc,heap     ] GC(89) Humongous regions: 1->1
[2026-09-03T12:38:41.867+0800][6.404s][info][gc,metaspace] GC(89) Metaspace: 1059K(1216K)->1059K(1216K) NonClass: 994K(1088K)->994K(1088K) Class: 64K(128K)->64K(128K)
[2026-09-03T12:38:41.867+0800][6.404s][info][gc          ] GC(89) Pause Young (Mixed) (G1 Evacuation Pause) 215M->124M(256M) 2.116ms
[2026-09-03T12:38:41.867+0800][6.404s][info][gc,cpu      ] GC(89) User=0.02s Sys=0.00s Real=0.00s
[2026-09-03T12:38:41.867+0800][6.404s][info][safepoint   ] Safepoint "G1CollectForAllocation", Time since last: 88640125 ns, Reaching safepoint: 35625 ns, At safepoint: 2185250 ns, Leaving safepoint: 17542 ns, Total: 2238417 ns, Threads: 1 runnable, 42 total
[2026-09-03T12:38:41.955+0800][6.492s][info][gc,start    ] GC(90) Pause Young (Concurrent Start) (G1 Evacuation Pause)
[2026-09-03T12:38:41.955+0800][6.492s][info][gc,task     ] GC(90) Using 9 workers of 9 for evacuation
[2026-09-03T12:38:41.957+0800][6.494s][info][gc,phases   ] GC(90)   Pre Evacuate Collection Set: 0.09ms
[2026-09-03T12:38:41.957+0800][6.494s][info][gc,phases   ] GC(90)   Merge Heap Roots: 0.01ms
[2026-09-03T12:38:41.957+0800][6.494s][info][gc,phases   ] GC(90)   Evacuate Collection Set: 1.73ms
[2026-09-03T12:38:41.957+0800][6.494s][info][gc,phases   ] GC(90)   Post Evacuate Collection Set: 0.09ms
[2026-09-03T12:38:41.957+0800][6.494s][info][gc,phases   ] GC(90)   Other: 0.06ms
[2026-09-03T12:38:41.957+0800][6.494s][info][gc,heap     ] GC(90) Eden regions: 92->0(79)
[2026-09-03T12:38:41.957+0800][6.494s][info][gc,heap     ] GC(90) Survivor regions: 14->14(14)
[2026-09-03T12:38:41.957+0800][6.494s][info][gc,heap     ] GC(90) Old regions: 111->129
[2026-09-03T12:38:41.957+0800][6.494s][info][gc,heap     ] GC(90) Humongous regions: 1->1
[2026-09-03T12:38:41.957+0800][6.494s][info][gc,metaspace] GC(90) Metaspace: 1059K(1216K)->1059K(1216K) NonClass: 994K(1088K)->994K(1088K) Class: 64K(128K)->64K(128K)
[2026-09-03T12:38:41.957+0800][6.494s][info][gc          ] GC(90) Pause Young (Concurrent Start) (G1 Evacuation Pause) 216M->143M(256M) 2.081ms
[2026-09-03T12:38:41.957+0800][6.494s][info][gc,cpu      ] GC(90) User=0.01s Sys=0.00s Real=0.00s
[2026-09-03T12:38:41.957+0800][6.494s][info][gc          ] GC(91) Concurrent Mark Cycle
[2026-09-03T12:38:41.957+0800][6.494s][info][gc,marking  ] GC(91) Concurrent Scan Root Regions
[2026-09-03T12:38:41.957+0800][6.494s][info][safepoint   ] Safepoint "G1CollectForAllocation", Time since last: 87391958 ns, Reaching safepoint: 21209 ns, At safepoint: 2109583 ns, Leaving safepoint: 41417 ns, Total: 2172209 ns, Threads: 1 runnable, 42 total
[2026-09-03T12:38:41.959+0800][6.496s][info][gc,marking  ] GC(91) Concurrent Scan Root Regions 2.281ms
[2026-09-03T12:38:41.959+0800][6.496s][info][gc,marking  ] GC(91) Concurrent Mark
[2026-09-03T12:38:41.959+0800][6.496s][info][gc,marking  ] GC(91) Concurrent Mark From Roots
[2026-09-03T12:38:41.959+0800][6.496s][info][gc,task     ] GC(91) Concurrent Mark Using 2 of 2 Workers
[2026-09-03T12:38:41.964+0800][6.500s][info][gc,marking  ] GC(91) Concurrent Mark From Roots 4.242ms
[2026-09-03T12:38:41.964+0800][6.500s][info][gc,marking  ] GC(91) Concurrent Preclean
[2026-09-03T12:38:41.964+0800][6.500s][info][gc,marking  ] GC(91) Concurrent Preclean 0.009ms
[2026-09-03T12:38:41.964+0800][6.500s][info][gc,start    ] GC(91) Pause Remark
[2026-09-03T12:38:41.964+0800][6.501s][info][gc          ] GC(91) Pause Remark 150M->120M(256M) 0.335ms
[2026-09-03T12:38:41.964+0800][6.501s][info][gc,cpu      ] GC(91) User=0.00s Sys=0.00s Real=0.00s
[2026-09-03T12:38:41.964+0800][6.501s][info][safepoint   ] Safepoint "G1PauseRemark", Time since last: 6616833 ns, Reaching safepoint: 2708 ns, At safepoint: 357500 ns, Leaving safepoint: 21334 ns, Total: 381542 ns, Threads: 0 runnable, 42 total
[2026-09-03T12:38:41.964+0800][6.501s][info][gc,marking  ] GC(91) Concurrent Mark 4.764ms
[2026-09-03T12:38:41.964+0800][6.501s][info][gc,marking  ] GC(91) Concurrent Rebuild Remembered Sets and Scrub Regions
[2026-09-03T12:38:41.969+0800][6.505s][info][gc,marking  ] GC(91) Concurrent Rebuild Remembered Sets and Scrub Regions 4.487ms
[2026-09-03T12:38:41.969+0800][6.505s][info][gc,start    ] GC(91) Pause Cleanup
[2026-09-03T12:38:41.969+0800][6.505s][info][gc          ] GC(91) Pause Cleanup 125M->125M(256M) 0.089ms
[2026-09-03T12:38:41.969+0800][6.505s][info][gc,cpu      ] GC(91) User=0.00s Sys=0.00s Real=0.00s
[2026-09-03T12:38:41.969+0800][6.505s][info][safepoint   ] Safepoint "G1PauseCleanup", Time since last: 4579250 ns, Reaching safepoint: 24791 ns, At safepoint: 125250 ns, Leaving safepoint: 28917 ns, Total: 178958 ns, Threads: 1 runnable, 42 total
[2026-09-03T12:38:41.969+0800][6.505s][info][gc,marking  ] GC(91) Concurrent Clear Claimed Marks
[2026-09-03T12:38:41.969+0800][6.505s][info][gc,marking  ] GC(91) Concurrent Clear Claimed Marks 0.007ms
[2026-09-03T12:38:41.969+0800][6.505s][info][gc,marking  ] GC(91) Concurrent Cleanup for Next Mark
[2026-09-03T12:38:41.969+0800][6.506s][info][gc,marking  ] GC(91) Concurrent Cleanup for Next Mark 0.142ms
[2026-09-03T12:38:41.969+0800][6.506s][info][gc          ] GC(91) Concurrent Mark Cycle 12.067ms
[2026-09-03T12:38:42.033+0800][6.569s][info][gc,start    ] GC(92) Pause Young (Prepare Mixed) (G1 Evacuation Pause)
[2026-09-03T12:38:42.033+0800][6.569s][info][gc,task     ] GC(92) Using 9 workers of 9 for evacuation
[2026-09-03T12:38:42.034+0800][6.571s][info][gc,phases   ] GC(92)   Pre Evacuate Collection Set: 0.05ms
[2026-09-03T12:38:42.035+0800][6.571s][info][gc,phases   ] GC(92)   Merge Heap Roots: 0.03ms
[2026-09-03T12:38:42.035+0800][6.571s][info][gc,phases   ] GC(92)   Evacuate Collection Set: 1.65ms
[2026-09-03T12:38:42.035+0800][6.571s][info][gc,phases   ] GC(92)   Post Evacuate Collection Set: 0.09ms
[2026-09-03T12:38:42.035+0800][6.571s][info][gc,phases   ] GC(92)   Other: 0.06ms
[2026-09-03T12:38:42.035+0800][6.571s][info][gc,heap     ] GC(92) Eden regions: 79->0(88)
[2026-09-03T12:38:42.035+0800][6.571s][info][gc,heap     ] GC(92) Survivor regions: 14->12(12)
[2026-09-03T12:38:42.035+0800][6.571s][info][gc,heap     ] GC(92) Old regions: 99->118
[2026-09-03T12:38:42.035+0800][6.571s][info][gc,heap     ] GC(92) Humongous regions: 1->1
[2026-09-03T12:38:42.035+0800][6.571s][info][gc,metaspace] GC(92) Metaspace: 1059K(1216K)->1059K(1216K) NonClass: 994K(1088K)->994K(1088K) Class: 64K(128K)->64K(128K)
[2026-09-03T12:38:42.035+0800][6.571s][info][gc          ] GC(92) Pause Young (Prepare Mixed) (G1 Evacuation Pause) 192M->129M(256M) 1.991ms
[2026-09-03T12:38:42.035+0800][6.571s][info][gc,cpu      ] GC(92) User=0.01s Sys=0.00s Real=0.00s
[2026-09-03T12:38:42.035+0800][6.571s][info][safepoint   ] Safepoint "G1CollectForAllocation", Time since last: 63733458 ns, Reaching safepoint: 40875 ns, At safepoint: 2023125 ns, Leaving safepoint: 24750 ns, Total: 2088750 ns, Threads: 5 runnable, 42 total
[2026-09-03T12:38:42.118+0800][6.655s][info][gc,start    ] GC(93) Pause Young (Mixed) (G1 Evacuation Pause)
[2026-09-03T12:38:42.118+0800][6.655s][info][gc,task     ] GC(93) Using 9 workers of 9 for evacuation
[2026-09-03T12:38:42.120+0800][6.657s][info][gc,phases   ] GC(93)   Pre Evacuate Collection Set: 0.08ms
[2026-09-03T12:38:42.120+0800][6.657s][info][gc,phases   ] GC(93)   Merge Heap Roots: 0.03ms
[2026-09-03T12:38:42.120+0800][6.657s][info][gc,phases   ] GC(93)   Evacuate Collection Set: 1.66ms
[2026-09-03T12:38:42.120+0800][6.657s][info][gc,phases   ] GC(93)   Post Evacuate Collection Set: 0.11ms
[2026-09-03T12:38:42.120+0800][6.657s][info][gc,phases   ] GC(93)   Other: 0.06ms
[2026-09-03T12:38:42.120+0800][6.657s][info][gc,heap     ] GC(93) Eden regions: 88->0(95)
[2026-09-03T12:38:42.120+0800][6.657s][info][gc,heap     ] GC(93) Survivor regions: 12->13(13)
[2026-09-03T12:38:42.120+0800][6.657s][info][gc,heap     ] GC(93) Old regions: 118->108
[2026-09-03T12:38:42.120+0800][6.657s][info][gc,heap     ] GC(93) Humongous regions: 1->1
[2026-09-03T12:38:42.120+0800][6.657s][info][gc,metaspace] GC(93) Metaspace: 1059K(1216K)->1059K(1216K) NonClass: 994K(1088K)->994K(1088K) Class: 64K(128K)->64K(128K)
[2026-09-03T12:38:42.120+0800][6.657s][info][gc          ] GC(93) Pause Young (Mixed) (G1 Evacuation Pause) 217M->120M(256M) 2.052ms
[2026-09-03T12:38:42.120+0800][6.657s][info][gc,cpu      ] GC(93) User=0.02s Sys=0.00s Real=0.01s
[2026-09-03T12:38:42.120+0800][6.657s][info][safepoint   ] Safepoint "G1CollectForAllocation", Time since last: 83636667 ns, Reaching safepoint: 2125 ns, At safepoint: 2077125 ns, Leaving safepoint: 21000 ns, Total: 2100250 ns, Threads: 0 runnable, 42 total
[2026-09-03T12:38:42.206+0800][6.742s][info][gc,start    ] GC(94) Pause Young (Mixed) (G1 Evacuation Pause)
[2026-09-03T12:38:42.206+0800][6.742s][info][gc,task     ] GC(94) Using 9 workers of 9 for evacuation
[2026-09-03T12:38:42.208+0800][6.744s][info][gc,phases   ] GC(94)   Pre Evacuate Collection Set: 0.09ms
[2026-09-03T12:38:42.208+0800][6.744s][info][gc,phases   ] GC(94)   Merge Heap Roots: 0.03ms
[2026-09-03T12:38:42.208+0800][6.744s][info][gc,phases   ] GC(94)   Evacuate Collection Set: 1.76ms
[2026-09-03T12:38:42.208+0800][6.744s][info][gc,phases   ] GC(94)   Post Evacuate Collection Set: 0.11ms
[2026-09-03T12:38:42.208+0800][6.744s][info][gc,phases   ] GC(94)   Other: 0.06ms
[2026-09-03T12:38:42.208+0800][6.744s][info][gc,heap     ] GC(94) Eden regions: 95->0(92)
[2026-09-03T12:38:42.208+0800][6.744s][info][gc,heap     ] GC(94) Survivor regions: 13->14(14)
[2026-09-03T12:38:42.208+0800][6.744s][info][gc,heap     ] GC(94) Old regions: 108->110
[2026-09-03T12:38:42.208+0800][6.744s][info][gc,heap     ] GC(94) Humongous regions: 1->1
[2026-09-03T12:38:42.208+0800][6.744s][info][gc,metaspace] GC(94) Metaspace: 1059K(1216K)->1059K(1216K) NonClass: 994K(1088K)->994K(1088K) Class: 64K(128K)->64K(128K)
[2026-09-03T12:38:42.208+0800][6.744s][info][gc          ] GC(94) Pause Young (Mixed) (G1 Evacuation Pause) 215M->124M(256M) 2.158ms
[2026-09-03T12:38:42.208+0800][6.744s][info][gc,cpu      ] GC(94) User=0.02s Sys=0.00s Real=0.00s
[2026-09-03T12:38:42.208+0800][6.745s][info][safepoint   ] Safepoint "G1CollectForAllocation", Time since last: 85312167 ns, Reaching safepoint: 20250 ns, At safepoint: 2182583 ns, Leaving safepoint: 43083 ns, Total: 2245916 ns, Threads: 1 runnable, 42 total
[2026-09-03T12:38:42.293+0800][6.830s][info][gc,start    ] GC(95) Pause Young (Concurrent Start) (G1 Evacuation Pause)
[2026-09-03T12:38:42.293+0800][6.830s][info][gc,task     ] GC(95) Using 9 workers of 9 for evacuation
[2026-09-03T12:38:42.295+0800][6.832s][info][gc,phases   ] GC(95)   Pre Evacuate Collection Set: 0.07ms
[2026-09-03T12:38:42.295+0800][6.832s][info][gc,phases   ] GC(95)   Merge Heap Roots: 0.02ms
[2026-09-03T12:38:42.295+0800][6.832s][info][gc,phases   ] GC(95)   Evacuate Collection Set: 1.73ms
[2026-09-03T12:38:42.295+0800][6.832s][info][gc,phases   ] GC(95)   Post Evacuate Collection Set: 0.09ms
[2026-09-03T12:38:42.295+0800][6.832s][info][gc,phases   ] GC(95)   Other: 0.05ms
[2026-09-03T12:38:42.295+0800][6.832s][info][gc,heap     ] GC(95) Eden regions: 92->0(79)
[2026-09-03T12:38:42.295+0800][6.832s][info][gc,heap     ] GC(95) Survivor regions: 14->14(14)
[2026-09-03T12:38:42.295+0800][6.832s][info][gc,heap     ] GC(95) Old regions: 110->129
[2026-09-03T12:38:42.295+0800][6.832s][info][gc,heap     ] GC(95) Humongous regions: 1->1
[2026-09-03T12:38:42.295+0800][6.832s][info][gc,metaspace] GC(95) Metaspace: 1059K(1216K)->1059K(1216K) NonClass: 994K(1088K)->994K(1088K) Class: 64K(128K)->64K(128K)
[2026-09-03T12:38:42.295+0800][6.832s][info][gc          ] GC(95) Pause Young (Concurrent Start) (G1 Evacuation Pause) 216M->142M(256M) 2.055ms
[2026-09-03T12:38:42.295+0800][6.832s][info][gc,cpu      ] GC(95) User=0.01s Sys=0.00s Real=0.00s
[2026-09-03T12:38:42.295+0800][6.832s][info][gc          ] GC(96) Concurrent Mark Cycle
[2026-09-03T12:38:42.295+0800][6.832s][info][gc,marking  ] GC(96) Concurrent Scan Root Regions
[2026-09-03T12:38:42.295+0800][6.832s][info][safepoint   ] Safepoint "G1CollectForAllocation", Time since last: 85056250 ns, Reaching safepoint: 72625 ns, At safepoint: 2084334 ns, Leaving safepoint: 44125 ns, Total: 2201084 ns, Threads: 1 runnable, 42 total
[2026-09-03T12:38:42.297+0800][6.834s][info][gc,marking  ] GC(96) Concurrent Scan Root Regions 2.013ms
[2026-09-03T12:38:42.297+0800][6.834s][info][gc,marking  ] GC(96) Concurrent Mark
[2026-09-03T12:38:42.297+0800][6.834s][info][gc,marking  ] GC(96) Concurrent Mark From Roots
[2026-09-03T12:38:42.297+0800][6.834s][info][gc,task     ] GC(96) Concurrent Mark Using 2 of 2 Workers
[2026-09-03T12:38:42.301+0800][6.838s][info][gc,marking  ] GC(96) Concurrent Mark From Roots 4.162ms
[2026-09-03T12:38:42.301+0800][6.838s][info][gc,marking  ] GC(96) Concurrent Preclean
[2026-09-03T12:38:42.301+0800][6.838s][info][gc,marking  ] GC(96) Concurrent Preclean 0.009ms
[2026-09-03T12:38:42.301+0800][6.838s][info][gc,start    ] GC(96) Pause Remark
[2026-09-03T12:38:42.302+0800][6.838s][info][gc          ] GC(96) Pause Remark 149M->117M(256M) 0.359ms
[2026-09-03T12:38:42.302+0800][6.838s][info][gc,cpu      ] GC(96) User=0.00s Sys=0.00s Real=0.00s
[2026-09-03T12:38:42.302+0800][6.838s][info][safepoint   ] Safepoint "G1PauseRemark", Time since last: 6207333 ns, Reaching safepoint: 5500 ns, At safepoint: 385875 ns, Leaving safepoint: 17417 ns, Total: 408792 ns, Threads: 0 runnable, 42 total
[2026-09-03T12:38:42.302+0800][6.838s][info][gc,marking  ] GC(96) Concurrent Mark 4.671ms
[2026-09-03T12:38:42.302+0800][6.838s][info][gc,marking  ] GC(96) Concurrent Rebuild Remembered Sets and Scrub Regions
[2026-09-03T12:38:42.306+0800][6.842s][info][gc,marking  ] GC(96) Concurrent Rebuild Remembered Sets and Scrub Regions 3.676ms
[2026-09-03T12:38:42.306+0800][6.842s][info][gc,start    ] GC(96) Pause Cleanup
[2026-09-03T12:38:42.306+0800][6.842s][info][gc          ] GC(96) Pause Cleanup 121M->121M(256M) 0.066ms
[2026-09-03T12:38:42.306+0800][6.842s][info][gc,cpu      ] GC(96) User=0.00s Sys=0.00s Real=0.00s
[2026-09-03T12:38:42.306+0800][6.842s][info][safepoint   ] Safepoint "G1PauseCleanup", Time since last: 3783750 ns, Reaching safepoint: 4083 ns, At safepoint: 100708 ns, Leaving safepoint: 42834 ns, Total: 147625 ns, Threads: 0 runnable, 42 total
[2026-09-03T12:38:42.306+0800][6.842s][info][gc,marking  ] GC(96) Concurrent Clear Claimed Marks
[2026-09-03T12:38:42.306+0800][6.842s][info][gc,marking  ] GC(96) Concurrent Clear Claimed Marks 0.015ms
[2026-09-03T12:38:42.306+0800][6.842s][info][gc,marking  ] GC(96) Concurrent Cleanup for Next Mark
[2026-09-03T12:38:42.306+0800][6.843s][info][gc,marking  ] GC(96) Concurrent Cleanup for Next Mark 0.172ms
[2026-09-03T12:38:42.306+0800][6.843s][info][gc          ] GC(96) Concurrent Mark Cycle 10.822ms
[2026-09-03T12:38:42.371+0800][6.907s][info][gc,start    ] GC(97) Pause Young (Prepare Mixed) (G1 Evacuation Pause)
[2026-09-03T12:38:42.371+0800][6.907s][info][gc,task     ] GC(97) Using 9 workers of 9 for evacuation
[2026-09-03T12:38:42.373+0800][6.909s][info][gc,phases   ] GC(97)   Pre Evacuate Collection Set: 0.06ms
[2026-09-03T12:38:42.373+0800][6.909s][info][gc,phases   ] GC(97)   Merge Heap Roots: 0.02ms
[2026-09-03T12:38:42.373+0800][6.909s][info][gc,phases   ] GC(97)   Evacuate Collection Set: 1.64ms
[2026-09-03T12:38:42.373+0800][6.909s][info][gc,phases   ] GC(97)   Post Evacuate Collection Set: 0.09ms
[2026-09-03T12:38:42.373+0800][6.909s][info][gc,phases   ] GC(97)   Other: 0.05ms
[2026-09-03T12:38:42.373+0800][6.909s][info][gc,heap     ] GC(97) Eden regions: 79->0(90)
[2026-09-03T12:38:42.373+0800][6.909s][info][gc,heap     ] GC(97) Survivor regions: 14->12(12)
[2026-09-03T12:38:42.373+0800][6.909s][info][gc,heap     ] GC(97) Old regions: 97->115
[2026-09-03T12:38:42.373+0800][6.909s][info][gc,heap     ] GC(97) Humongous regions: 1->1
[2026-09-03T12:38:42.373+0800][6.909s][info][gc,metaspace] GC(97) Metaspace: 1059K(1216K)->1059K(1216K) NonClass: 994K(1088K)->994K(1088K) Class: 64K(128K)->64K(128K)
[2026-09-03T12:38:42.373+0800][6.909s][info][gc          ] GC(97) Pause Young (Prepare Mixed) (G1 Evacuation Pause) 189M->127M(256M) 1.950ms
[2026-09-03T12:38:42.373+0800][6.909s][info][gc,cpu      ] GC(97) User=0.01s Sys=0.00s Real=0.00s
[2026-09-03T12:38:42.373+0800][6.909s][info][safepoint   ] Safepoint "G1CollectForAllocation", Time since last: 65040208 ns, Reaching safepoint: 64583 ns, At safepoint: 1972334 ns, Leaving safepoint: 44583 ns, Total: 2081500 ns, Threads: 1 runnable, 42 total
[2026-09-03T12:38:42.457+0800][6.994s][info][gc,start    ] GC(98) Pause Young (Mixed) (G1 Evacuation Pause)
[2026-09-03T12:38:42.457+0800][6.994s][info][gc,task     ] GC(98) Using 9 workers of 9 for evacuation
[2026-09-03T12:38:42.460+0800][6.996s][info][gc,phases   ] GC(98)   Pre Evacuate Collection Set: 0.06ms
[2026-09-03T12:38:42.460+0800][6.996s][info][gc,phases   ] GC(98)   Merge Heap Roots: 0.03ms
[2026-09-03T12:38:42.460+0800][6.996s][info][gc,phases   ] GC(98)   Evacuate Collection Set: 1.86ms
[2026-09-03T12:38:42.460+0800][6.996s][info][gc,phases   ] GC(98)   Post Evacuate Collection Set: 0.11ms
[2026-09-03T12:38:42.460+0800][6.996s][info][gc,phases   ] GC(98)   Other: 0.07ms
[2026-09-03T12:38:42.460+0800][6.996s][info][gc,heap     ] GC(98) Eden regions: 90->0(98)
[2026-09-03T12:38:42.460+0800][6.996s][info][gc,heap     ] GC(98) Survivor regions: 12->13(13)
[2026-09-03T12:38:42.460+0800][6.996s][info][gc,heap     ] GC(98) Old regions: 115->103
[2026-09-03T12:38:42.460+0800][6.996s][info][gc,heap     ] GC(98) Humongous regions: 1->1
[2026-09-03T12:38:42.460+0800][6.996s][info][gc,metaspace] GC(98) Metaspace: 1059K(1216K)->1059K(1216K) NonClass: 994K(1088K)->994K(1088K) Class: 64K(128K)->64K(128K)
[2026-09-03T12:38:42.460+0800][6.996s][info][gc          ] GC(98) Pause Young (Mixed) (G1 Evacuation Pause) 217M->115M(256M) 2.254ms
[2026-09-03T12:38:42.460+0800][6.996s][info][gc,cpu      ] GC(98) User=0.02s Sys=0.00s Real=0.01s
[2026-09-03T12:38:42.460+0800][6.996s][info][safepoint   ] Safepoint "G1CollectForAllocation", Time since last: 84554292 ns, Reaching safepoint: 22208 ns, At safepoint: 2278750 ns, Leaving safepoint: 23167 ns, Total: 2324125 ns, Threads: 2 runnable, 42 total
[2026-09-03T12:38:42.552+0800][7.089s][info][gc,start    ] GC(99) Pause Young (Mixed) (G1 Evacuation Pause)
[2026-09-03T12:38:42.552+0800][7.089s][info][gc,task     ] GC(99) Using 9 workers of 9 for evacuation
[2026-09-03T12:38:42.554+0800][7.091s][info][gc,phases   ] GC(99)   Pre Evacuate Collection Set: 0.07ms
[2026-09-03T12:38:42.554+0800][7.091s][info][gc,phases   ] GC(99)   Merge Heap Roots: 0.02ms
[2026-09-03T12:38:42.554+0800][7.091s][info][gc,phases   ] GC(99)   Evacuate Collection Set: 1.80ms
[2026-09-03T12:38:42.554+0800][7.091s][info][gc,phases   ] GC(99)   Post Evacuate Collection Set: 0.11ms
[2026-09-03T12:38:42.554+0800][7.091s][info][gc,phases   ] GC(99)   Other: 0.06ms
[2026-09-03T12:38:42.554+0800][7.091s][info][gc,heap     ] GC(99) Eden regions: 98->0(91)
[2026-09-03T12:38:42.554+0800][7.091s][info][gc,heap     ] GC(99) Survivor regions: 13->14(14)
[2026-09-03T12:38:42.554+0800][7.091s][info][gc,heap     ] GC(99) Old regions: 103->112
[2026-09-03T12:38:42.554+0800][7.091s][info][gc,heap     ] GC(99) Humongous regions: 1->1
[2026-09-03T12:38:42.554+0800][7.091s][info][gc,metaspace] GC(99) Metaspace: 1059K(1216K)->1059K(1216K) NonClass: 994K(1088K)->994K(1088K) Class: 64K(128K)->64K(128K)
[2026-09-03T12:38:42.554+0800][7.091s][info][gc          ] GC(99) Pause Young (Mixed) (G1 Evacuation Pause) 213M->126M(256M) 2.161ms
[2026-09-03T12:38:42.554+0800][7.091s][info][gc,cpu      ] GC(99) User=0.02s Sys=0.00s Real=0.00s
[2026-09-03T12:38:42.554+0800][7.091s][info][safepoint   ] Safepoint "G1CollectForAllocation", Time since last: 92331208 ns, Reaching safepoint: 50375 ns, At safepoint: 2184292 ns, Leaving safepoint: 40666 ns, Total: 2275333 ns, Threads: 1 runnable, 42 total
[2026-09-03T12:38:42.640+0800][7.177s][info][gc,start    ] GC(100) Pause Young (Concurrent Start) (G1 Evacuation Pause)
[2026-09-03T12:38:42.640+0800][7.177s][info][gc,task     ] GC(100) Using 9 workers of 9 for evacuation
[2026-09-03T12:38:42.642+0800][7.179s][info][gc,phases   ] GC(100)   Pre Evacuate Collection Set: 0.06ms
[2026-09-03T12:38:42.642+0800][7.179s][info][gc,phases   ] GC(100)   Merge Heap Roots: 0.02ms
[2026-09-03T12:38:42.642+0800][7.179s][info][gc,phases   ] GC(100)   Evacuate Collection Set: 1.98ms
[2026-09-03T12:38:42.642+0800][7.179s][info][gc,phases   ] GC(100)   Post Evacuate Collection Set: 0.09ms
[2026-09-03T12:38:42.642+0800][7.179s][info][gc,phases   ] GC(100)   Other: 0.06ms
[2026-09-03T12:38:42.642+0800][7.179s][info][gc,heap     ] GC(100) Eden regions: 91->0(78)
[2026-09-03T12:38:42.642+0800][7.179s][info][gc,heap     ] GC(100) Survivor regions: 14->14(14)
[2026-09-03T12:38:42.642+0800][7.179s][info][gc,heap     ] GC(100) Old regions: 112->131
[2026-09-03T12:38:42.642+0800][7.179s][info][gc,heap     ] GC(100) Humongous regions: 1->1
[2026-09-03T12:38:42.642+0800][7.179s][info][gc,metaspace] GC(100) Metaspace: 1059K(1216K)->1059K(1216K) NonClass: 994K(1088K)->994K(1088K) Class: 64K(128K)->64K(128K)
[2026-09-03T12:38:42.642+0800][7.179s][info][gc          ] GC(100) Pause Young (Concurrent Start) (G1 Evacuation Pause) 217M->144M(256M) 2.321ms
[2026-09-03T12:38:42.642+0800][7.179s][info][gc,cpu      ] GC(100) User=0.02s Sys=0.00s Real=0.00s
[2026-09-03T12:38:42.642+0800][7.179s][info][gc          ] GC(101) Concurrent Mark Cycle
[2026-09-03T12:38:42.642+0800][7.179s][info][gc,marking  ] GC(101) Concurrent Scan Root Regions
[2026-09-03T12:38:42.642+0800][7.179s][info][safepoint   ] Safepoint "G1CollectForAllocation", Time since last: 85712292 ns, Reaching safepoint: 27167 ns, At safepoint: 2351375 ns, Leaving safepoint: 20958 ns, Total: 2399500 ns, Threads: 2 runnable, 42 total
[2026-09-03T12:38:42.644+0800][7.181s][info][gc,marking  ] GC(101) Concurrent Scan Root Regions 1.861ms
[2026-09-03T12:38:42.644+0800][7.181s][info][gc,marking  ] GC(101) Concurrent Mark
[2026-09-03T12:38:42.644+0800][7.181s][info][gc,marking  ] GC(101) Concurrent Mark From Roots
[2026-09-03T12:38:42.644+0800][7.181s][info][gc,task     ] GC(101) Concurrent Mark Using 2 of 2 Workers
[2026-09-03T12:38:42.649+0800][7.186s][info][gc,marking  ] GC(101) Concurrent Mark From Roots 4.836ms
[2026-09-03T12:38:42.649+0800][7.186s][info][gc,marking  ] GC(101) Concurrent Preclean
[2026-09-03T12:38:42.649+0800][7.186s][info][gc,marking  ] GC(101) Concurrent Preclean 0.017ms
[2026-09-03T12:38:42.649+0800][7.186s][info][gc,start    ] GC(101) Pause Remark
[2026-09-03T12:38:42.650+0800][7.186s][info][gc          ] GC(101) Pause Remark 153M->117M(256M) 0.355ms
[2026-09-03T12:38:42.650+0800][7.186s][info][gc,cpu      ] GC(101) User=0.00s Sys=0.00s Real=0.01s
[2026-09-03T12:38:42.650+0800][7.186s][info][safepoint   ] Safepoint "G1PauseRemark", Time since last: 6782583 ns, Reaching safepoint: 22084 ns, At safepoint: 386333 ns, Leaving safepoint: 22875 ns, Total: 431292 ns, Threads: 3 runnable, 42 total
[2026-09-03T12:38:42.650+0800][7.186s][info][gc,marking  ] GC(101) Concurrent Mark 5.365ms
[2026-09-03T12:38:42.650+0800][7.186s][info][gc,marking  ] GC(101) Concurrent Rebuild Remembered Sets and Scrub Regions
[2026-09-03T12:38:42.654+0800][7.191s][info][gc,marking  ] GC(101) Concurrent Rebuild Remembered Sets and Scrub Regions 4.758ms
[2026-09-03T12:38:42.654+0800][7.191s][info][gc,start    ] GC(101) Pause Cleanup
[2026-09-03T12:38:42.655+0800][7.191s][info][gc          ] GC(101) Pause Cleanup 122M->122M(256M) 0.036ms
[2026-09-03T12:38:42.655+0800][7.191s][info][gc,cpu      ] GC(101) User=0.00s Sys=0.00s Real=0.00s
[2026-09-03T12:38:42.655+0800][7.191s][info][safepoint   ] Safepoint "G1PauseCleanup", Time since last: 4796875 ns, Reaching safepoint: 44500 ns, At safepoint: 54875 ns, Leaving safepoint: 19125 ns, Total: 118500 ns, Threads: 3 runnable, 42 total
[2026-09-03T12:38:42.655+0800][7.191s][info][gc,marking  ] GC(101) Concurrent Clear Claimed Marks
[2026-09-03T12:38:42.655+0800][7.191s][info][gc,marking  ] GC(101) Concurrent Clear Claimed Marks 0.034ms
[2026-09-03T12:38:42.655+0800][7.191s][info][gc,marking  ] GC(101) Concurrent Cleanup for Next Mark
[2026-09-03T12:38:42.655+0800][7.191s][info][gc,marking  ] GC(101) Concurrent Cleanup for Next Mark 0.105ms
[2026-09-03T12:38:42.655+0800][7.191s][info][gc          ] GC(101) Concurrent Mark Cycle 12.329ms
[2026-09-03T12:38:42.714+0800][7.251s][info][gc,start    ] GC(102) Pause Young (Prepare Mixed) (G1 Evacuation Pause)
[2026-09-03T12:38:42.714+0800][7.251s][info][gc,task     ] GC(102) Using 9 workers of 9 for evacuation
[2026-09-03T12:38:42.716+0800][7.252s][info][gc,phases   ] GC(102)   Pre Evacuate Collection Set: 0.06ms
[2026-09-03T12:38:42.716+0800][7.252s][info][gc,phases   ] GC(102)   Merge Heap Roots: 0.02ms
[2026-09-03T12:38:42.716+0800][7.252s][info][gc,phases   ] GC(102)   Evacuate Collection Set: 1.59ms
[2026-09-03T12:38:42.716+0800][7.252s][info][gc,phases   ] GC(102)   Post Evacuate Collection Set: 0.10ms
[2026-09-03T12:38:42.716+0800][7.252s][info][gc,phases   ] GC(102)   Other: 0.06ms
[2026-09-03T12:38:42.716+0800][7.252s][info][gc,heap     ] GC(102) Eden regions: 78->0(92)
[2026-09-03T12:38:42.716+0800][7.252s][info][gc,heap     ] GC(102) Survivor regions: 14->12(12)
[2026-09-03T12:38:42.716+0800][7.252s][info][gc,heap     ] GC(102) Old regions: 95->113
[2026-09-03T12:38:42.716+0800][7.252s][info][gc,heap     ] GC(102) Humongous regions: 1->1
[2026-09-03T12:38:42.716+0800][7.252s][info][gc,metaspace] GC(102) Metaspace: 1059K(1216K)->1059K(1216K) NonClass: 994K(1088K)->994K(1088K) Class: 64K(128K)->64K(128K)
[2026-09-03T12:38:42.716+0800][7.252s][info][gc          ] GC(102) Pause Young (Prepare Mixed) (G1 Evacuation Pause) 186M->125M(256M) 1.917ms
[2026-09-03T12:38:42.716+0800][7.252s][info][gc,cpu      ] GC(102) User=0.01s Sys=0.00s Real=0.00s
[2026-09-03T12:38:42.716+0800][7.252s][info][safepoint   ] Safepoint "G1CollectForAllocation", Time since last: 59289500 ns, Reaching safepoint: 24875 ns, At safepoint: 1938792 ns, Leaving safepoint: 38125 ns, Total: 2001792 ns, Threads: 2 runnable, 42 total
[2026-09-03T12:38:42.802+0800][7.338s][info][gc,start    ] GC(103) Pause Young (Mixed) (G1 Evacuation Pause)
[2026-09-03T12:38:42.802+0800][7.338s][info][gc,task     ] GC(103) Using 9 workers of 9 for evacuation
[2026-09-03T12:38:42.804+0800][7.340s][info][gc,phases   ] GC(103)   Pre Evacuate Collection Set: 0.05ms
[2026-09-03T12:38:42.804+0800][7.340s][info][gc,phases   ] GC(103)   Merge Heap Roots: 0.03ms
[2026-09-03T12:38:42.804+0800][7.340s][info][gc,phases   ] GC(103)   Evacuate Collection Set: 1.77ms
[2026-09-03T12:38:42.804+0800][7.340s][info][gc,phases   ] GC(103)   Post Evacuate Collection Set: 0.11ms
[2026-09-03T12:38:42.804+0800][7.340s][info][gc,phases   ] GC(103)   Other: 0.06ms
[2026-09-03T12:38:42.804+0800][7.340s][info][gc,heap     ] GC(103) Eden regions: 92->0(99)
[2026-09-03T12:38:42.804+0800][7.340s][info][gc,heap     ] GC(103) Survivor regions: 12->13(13)
[2026-09-03T12:38:42.804+0800][7.340s][info][gc,heap     ] GC(103) Old regions: 113->102
[2026-09-03T12:38:42.804+0800][7.340s][info][gc,heap     ] GC(103) Humongous regions: 1->1
[2026-09-03T12:38:42.804+0800][7.340s][info][gc,metaspace] GC(103) Metaspace: 1059K(1216K)->1059K(1216K) NonClass: 994K(1088K)->994K(1088K) Class: 64K(128K)->64K(128K)
[2026-09-03T12:38:42.804+0800][7.340s][info][gc          ] GC(103) Pause Young (Mixed) (G1 Evacuation Pause) 217M->114M(256M) 2.117ms
[2026-09-03T12:38:42.804+0800][7.340s][info][gc,cpu      ] GC(103) User=0.01s Sys=0.00s Real=0.00s
[2026-09-03T12:38:42.804+0800][7.340s][info][safepoint   ] Safepoint "G1CollectForAllocation", Time since last: 85666833 ns, Reaching safepoint: 29750 ns, At safepoint: 2212625 ns, Leaving safepoint: 45083 ns, Total: 2287458 ns, Threads: 1 runnable, 42 total
[2026-09-03T12:38:42.897+0800][7.433s][info][gc,start    ] GC(104) Pause Young (Mixed) (G1 Evacuation Pause)
[2026-09-03T12:38:42.897+0800][7.433s][info][gc,task     ] GC(104) Using 9 workers of 9 for evacuation
[2026-09-03T12:38:42.899+0800][7.435s][info][gc,phases   ] GC(104)   Pre Evacuate Collection Set: 0.06ms
[2026-09-03T12:38:42.899+0800][7.435s][info][gc,phases   ] GC(104)   Merge Heap Roots: 0.04ms
[2026-09-03T12:38:42.899+0800][7.435s][info][gc,phases   ] GC(104)   Evacuate Collection Set: 1.88ms
[2026-09-03T12:38:42.899+0800][7.435s][info][gc,phases   ] GC(104)   Post Evacuate Collection Set: 0.10ms
[2026-09-03T12:38:42.899+0800][7.435s][info][gc,phases   ] GC(104)   Other: 0.06ms
[2026-09-03T12:38:42.899+0800][7.435s][info][gc,heap     ] GC(104) Eden regions: 99->0(90)
[2026-09-03T12:38:42.899+0800][7.435s][info][gc,heap     ] GC(104) Survivor regions: 13->14(14)
[2026-09-03T12:38:42.899+0800][7.435s][info][gc,heap     ] GC(104) Old regions: 102->113
[2026-09-03T12:38:42.899+0800][7.435s][info][gc,heap     ] GC(104) Humongous regions: 1->1
[2026-09-03T12:38:42.899+0800][7.435s][info][gc,metaspace] GC(104) Metaspace: 1059K(1216K)->1059K(1216K) NonClass: 994K(1088K)->994K(1088K) Class: 64K(128K)->64K(128K)
[2026-09-03T12:38:42.899+0800][7.435s][info][gc          ] GC(104) Pause Young (Mixed) (G1 Evacuation Pause) 213M->127M(256M) 2.248ms
[2026-09-03T12:38:42.899+0800][7.435s][info][gc,cpu      ] GC(104) User=0.01s Sys=0.00s Real=0.00s
[2026-09-03T12:38:42.899+0800][7.435s][info][safepoint   ] Safepoint "G1CollectForAllocation", Time since last: 92685875 ns, Reaching safepoint: 29500 ns, At safepoint: 2275834 ns, Leaving safepoint: 42750 ns, Total: 2348084 ns, Threads: 2 runnable, 42 total
[2026-09-03T12:38:42.985+0800][7.521s][info][gc,start    ] GC(105) Pause Young (Concurrent Start) (G1 Evacuation Pause)
[2026-09-03T12:38:42.985+0800][7.521s][info][gc,task     ] GC(105) Using 9 workers of 9 for evacuation
[2026-09-03T12:38:42.987+0800][7.523s][info][gc,phases   ] GC(105)   Pre Evacuate Collection Set: 0.06ms
[2026-09-03T12:38:42.987+0800][7.523s][info][gc,phases   ] GC(105)   Merge Heap Roots: 0.02ms
[2026-09-03T12:38:42.987+0800][7.523s][info][gc,phases   ] GC(105)   Evacuate Collection Set: 1.71ms
[2026-09-03T12:38:42.987+0800][7.523s][info][gc,phases   ] GC(105)   Post Evacuate Collection Set: 0.11ms
[2026-09-03T12:38:42.987+0800][7.523s][info][gc,phases   ] GC(105)   Other: 0.06ms
[2026-09-03T12:38:42.987+0800][7.523s][info][gc,heap     ] GC(105) Eden regions: 90->0(77)
[2026-09-03T12:38:42.987+0800][7.523s][info][gc,heap     ] GC(105) Survivor regions: 14->13(13)
[2026-09-03T12:38:42.987+0800][7.523s][info][gc,heap     ] GC(105) Old regions: 113->133
[2026-09-03T12:38:42.987+0800][7.523s][info][gc,heap     ] GC(105) Humongous regions: 1->1
[2026-09-03T12:38:42.987+0800][7.523s][info][gc,metaspace] GC(105) Metaspace: 1059K(1216K)->1059K(1216K) NonClass: 994K(1088K)->994K(1088K) Class: 64K(128K)->64K(128K)
[2026-09-03T12:38:42.987+0800][7.523s][info][gc          ] GC(105) Pause Young (Concurrent Start) (G1 Evacuation Pause) 217M->145M(256M) 2.062ms
[2026-09-03T12:38:42.987+0800][7.523s][info][gc,cpu      ] GC(105) User=0.02s Sys=0.00s Real=0.00s
[2026-09-03T12:38:42.987+0800][7.523s][info][gc          ] GC(106) Concurrent Mark Cycle
[2026-09-03T12:38:42.987+0800][7.523s][info][gc,marking  ] GC(106) Concurrent Scan Root Regions
[2026-09-03T12:38:42.987+0800][7.523s][info][safepoint   ] Safepoint "G1CollectForAllocation", Time since last: 85671000 ns, Reaching safepoint: 28083 ns, At safepoint: 2120875 ns, Leaving safepoint: 44292 ns, Total: 2193250 ns, Threads: 2 runnable, 42 total
[2026-09-03T12:38:42.989+0800][7.525s][info][gc,marking  ] GC(106) Concurrent Scan Root Regions 1.969ms
[2026-09-03T12:38:42.989+0800][7.525s][info][gc,marking  ] GC(106) Concurrent Mark
[2026-09-03T12:38:42.989+0800][7.525s][info][gc,marking  ] GC(106) Concurrent Mark From Roots
[2026-09-03T12:38:42.989+0800][7.525s][info][gc,task     ] GC(106) Concurrent Mark Using 2 of 2 Workers
[2026-09-03T12:38:42.993+0800][7.530s][info][gc,marking  ] GC(106) Concurrent Mark From Roots 4.695ms
[2026-09-03T12:38:42.993+0800][7.530s][info][gc,marking  ] GC(106) Concurrent Preclean
[2026-09-03T12:38:42.993+0800][7.530s][info][gc,marking  ] GC(106) Concurrent Preclean 0.028ms
[2026-09-03T12:38:42.993+0800][7.530s][info][gc,start    ] GC(106) Pause Remark
[2026-09-03T12:38:42.994+0800][7.530s][info][gc          ] GC(106) Pause Remark 152M->117M(256M) 0.368ms
[2026-09-03T12:38:42.994+0800][7.531s][info][gc,cpu      ] GC(106) User=0.00s Sys=0.00s Real=0.00s
[2026-09-03T12:38:42.994+0800][7.531s][info][safepoint   ] Safepoint "G1PauseRemark", Time since last: 6756541 ns, Reaching safepoint: 4792 ns, At safepoint: 404583 ns, Leaving safepoint: 29875 ns, Total: 439250 ns, Threads: 0 runnable, 42 total
[2026-09-03T12:38:42.994+0800][7.531s][info][gc,marking  ] GC(106) Concurrent Mark 5.321ms
[2026-09-03T12:38:42.994+0800][7.531s][info][gc,marking  ] GC(106) Concurrent Rebuild Remembered Sets and Scrub Regions
[2026-09-03T12:38:42.998+0800][7.535s][info][gc,marking  ] GC(106) Concurrent Rebuild Remembered Sets and Scrub Regions 3.962ms
[2026-09-03T12:38:42.998+0800][7.535s][info][gc,start    ] GC(106) Pause Cleanup
[2026-09-03T12:38:42.998+0800][7.535s][info][gc          ] GC(106) Pause Cleanup 122M->122M(256M) 0.037ms
[2026-09-03T12:38:42.998+0800][7.535s][info][gc,cpu      ] GC(106) User=0.00s Sys=0.00s Real=0.00s
[2026-09-03T12:38:42.998+0800][7.535s][info][safepoint   ] Safepoint "G1PauseCleanup", Time since last: 4093042 ns, Reaching safepoint: 61083 ns, At safepoint: 56084 ns, Leaving safepoint: 21458 ns, Total: 138625 ns, Threads: 1 runnable, 42 total
[2026-09-03T12:38:42.998+0800][7.535s][info][gc,marking  ] GC(106) Concurrent Clear Claimed Marks
[2026-09-03T12:38:42.998+0800][7.535s][info][gc,marking  ] GC(106) Concurrent Clear Claimed Marks 0.006ms
[2026-09-03T12:38:42.998+0800][7.535s][info][gc,marking  ] GC(106) Concurrent Cleanup for Next Mark
[2026-09-03T12:38:42.998+0800][7.535s][info][gc,marking  ] GC(106) Concurrent Cleanup for Next Mark 0.198ms
[2026-09-03T12:38:42.998+0800][7.535s][info][gc          ] GC(106) Concurrent Mark Cycle 11.783ms
[2026-09-03T12:38:43.061+0800][7.598s][info][gc,start    ] GC(107) Pause Young (Prepare Mixed) (G1 Evacuation Pause)
[2026-09-03T12:38:43.061+0800][7.598s][info][gc,task     ] GC(107) Using 9 workers of 9 for evacuation
[2026-09-03T12:38:43.063+0800][7.600s][info][gc,phases   ] GC(107)   Pre Evacuate Collection Set: 0.06ms
[2026-09-03T12:38:43.063+0800][7.600s][info][gc,phases   ] GC(107)   Merge Heap Roots: 0.04ms
[2026-09-03T12:38:43.063+0800][7.600s][info][gc,phases   ] GC(107)   Evacuate Collection Set: 1.73ms
[2026-09-03T12:38:43.063+0800][7.600s][info][gc,phases   ] GC(107)   Post Evacuate Collection Set: 0.10ms
[2026-09-03T12:38:43.063+0800][7.600s][info][gc,phases   ] GC(107)   Other: 0.06ms
[2026-09-03T12:38:43.063+0800][7.600s][info][gc,heap     ] GC(107) Eden regions: 77->0(91)
[2026-09-03T12:38:43.063+0800][7.600s][info][gc,heap     ] GC(107) Survivor regions: 13->12(12)
[2026-09-03T12:38:43.063+0800][7.600s][info][gc,heap     ] GC(107) Old regions: 98->114
[2026-09-03T12:38:43.063+0800][7.600s][info][gc,heap     ] GC(107) Humongous regions: 1->1
[2026-09-03T12:38:43.063+0800][7.600s][info][gc,metaspace] GC(107) Metaspace: 1059K(1216K)->1059K(1216K) NonClass: 994K(1088K)->994K(1088K) Class: 64K(128K)->64K(128K)
[2026-09-03T12:38:43.063+0800][7.600s][info][gc          ] GC(107) Pause Young (Prepare Mixed) (G1 Evacuation Pause) 187M->126M(256M) 2.085ms
[2026-09-03T12:38:43.063+0800][7.600s][info][gc,cpu      ] GC(107) User=0.02s Sys=0.00s Real=0.00s
[2026-09-03T12:38:43.063+0800][7.600s][info][safepoint   ] Safepoint "G1CollectForAllocation", Time since last: 62820625 ns, Reaching safepoint: 47292 ns, At safepoint: 2129541 ns, Leaving safepoint: 20625 ns, Total: 2197458 ns, Threads: 1 runnable, 42 total
[2026-09-03T12:38:43.149+0800][7.686s][info][gc,start    ] GC(108) Pause Young (Mixed) (G1 Evacuation Pause)
[2026-09-03T12:38:43.149+0800][7.686s][info][gc,task     ] GC(108) Using 9 workers of 9 for evacuation
[2026-09-03T12:38:43.151+0800][7.688s][info][gc,phases   ] GC(108)   Pre Evacuate Collection Set: 0.08ms
[2026-09-03T12:38:43.151+0800][7.688s][info][gc,phases   ] GC(108)   Merge Heap Roots: 0.03ms
[2026-09-03T12:38:43.151+0800][7.688s][info][gc,phases   ] GC(108)   Evacuate Collection Set: 1.85ms
[2026-09-03T12:38:43.151+0800][7.688s][info][gc,phases   ] GC(108)   Post Evacuate Collection Set: 0.11ms
[2026-09-03T12:38:43.151+0800][7.688s][info][gc,phases   ] GC(108)   Other: 0.06ms
[2026-09-03T12:38:43.151+0800][7.688s][info][gc,heap     ] GC(108) Eden regions: 91->0(99)
[2026-09-03T12:38:43.151+0800][7.688s][info][gc,heap     ] GC(108) Survivor regions: 12->13(13)
[2026-09-03T12:38:43.151+0800][7.688s][info][gc,heap     ] GC(108) Old regions: 114->102
[2026-09-03T12:38:43.151+0800][7.688s][info][gc,heap     ] GC(108) Humongous regions: 1->1
[2026-09-03T12:38:43.151+0800][7.688s][info][gc,metaspace] GC(108) Metaspace: 1059K(1216K)->1059K(1216K) NonClass: 994K(1088K)->994K(1088K) Class: 64K(128K)->64K(128K)
[2026-09-03T12:38:43.151+0800][7.688s][info][gc          ] GC(108) Pause Young (Mixed) (G1 Evacuation Pause) 217M->114M(256M) 2.247ms
[2026-09-03T12:38:43.151+0800][7.688s][info][gc,cpu      ] GC(108) User=0.02s Sys=0.00s Real=0.01s
[2026-09-03T12:38:43.151+0800][7.688s][info][safepoint   ] Safepoint "G1CollectForAllocation", Time since last: 85771584 ns, Reaching safepoint: 79125 ns, At safepoint: 2273041 ns, Leaving safepoint: 18459 ns, Total: 2370625 ns, Threads: 2 runnable, 42 total
[2026-09-03T12:38:43.243+0800][7.780s][info][gc,start    ] GC(109) Pause Young (Mixed) (G1 Evacuation Pause)
[2026-09-03T12:38:43.243+0800][7.780s][info][gc,task     ] GC(109) Using 9 workers of 9 for evacuation
[2026-09-03T12:38:43.245+0800][7.782s][info][gc,phases   ] GC(109)   Pre Evacuate Collection Set: 0.07ms
[2026-09-03T12:38:43.245+0800][7.782s][info][gc,phases   ] GC(109)   Merge Heap Roots: 0.02ms
[2026-09-03T12:38:43.245+0800][7.782s][info][gc,phases   ] GC(109)   Evacuate Collection Set: 1.74ms
[2026-09-03T12:38:43.245+0800][7.782s][info][gc,phases   ] GC(109)   Post Evacuate Collection Set: 0.11ms
[2026-09-03T12:38:43.245+0800][7.782s][info][gc,phases   ] GC(109)   Other: 0.06ms
[2026-09-03T12:38:43.245+0800][7.782s][info][gc,heap     ] GC(109) Eden regions: 99->0(90)
[2026-09-03T12:38:43.245+0800][7.782s][info][gc,heap     ] GC(109) Survivor regions: 13->14(14)
[2026-09-03T12:38:43.245+0800][7.782s][info][gc,heap     ] GC(109) Old regions: 102->113
[2026-09-03T12:38:43.245+0800][7.782s][info][gc,heap     ] GC(109) Humongous regions: 1->1
[2026-09-03T12:38:43.245+0800][7.782s][info][gc,metaspace] GC(109) Metaspace: 1059K(1216K)->1059K(1216K) NonClass: 994K(1088K)->994K(1088K) Class: 64K(128K)->64K(128K)
[2026-09-03T12:38:43.245+0800][7.782s][info][gc          ] GC(109) Pause Young (Mixed) (G1 Evacuation Pause) 213M->126M(256M) 2.106ms
[2026-09-03T12:38:43.245+0800][7.782s][info][gc,cpu      ] GC(109) User=0.01s Sys=0.00s Real=0.00s
[2026-09-03T12:38:43.245+0800][7.782s][info][safepoint   ] Safepoint "G1CollectForAllocation", Time since last: 91980708 ns, Reaching safepoint: 31542 ns, At safepoint: 2143166 ns, Leaving safepoint: 39875 ns, Total: 2214583 ns, Threads: 5 runnable, 42 total
[2026-09-03T12:38:43.330+0800][7.867s][info][gc,start    ] GC(110) Pause Young (Concurrent Start) (G1 Evacuation Pause)
[2026-09-03T12:38:43.331+0800][7.867s][info][gc,task     ] GC(110) Using 9 workers of 9 for evacuation
[2026-09-03T12:38:43.333+0800][7.869s][info][gc,phases   ] GC(110)   Pre Evacuate Collection Set: 0.09ms
[2026-09-03T12:38:43.333+0800][7.869s][info][gc,phases   ] GC(110)   Merge Heap Roots: 0.01ms
[2026-09-03T12:38:43.333+0800][7.869s][info][gc,phases   ] GC(110)   Evacuate Collection Set: 1.74ms
[2026-09-03T12:38:43.333+0800][7.869s][info][gc,phases   ] GC(110)   Post Evacuate Collection Set: 0.10ms
[2026-09-03T12:38:43.333+0800][7.869s][info][gc,phases   ] GC(110)   Other: 0.06ms
[2026-09-03T12:38:43.333+0800][7.869s][info][gc,heap     ] GC(110) Eden regions: 90->0(78)
[2026-09-03T12:38:43.333+0800][7.869s][info][gc,heap     ] GC(110) Survivor regions: 14->13(13)
[2026-09-03T12:38:43.333+0800][7.869s][info][gc,heap     ] GC(110) Old regions: 113->132
[2026-09-03T12:38:43.333+0800][7.869s][info][gc,heap     ] GC(110) Humongous regions: 1->1
[2026-09-03T12:38:43.333+0800][7.869s][info][gc,metaspace] GC(110) Metaspace: 1059K(1216K)->1059K(1216K) NonClass: 994K(1088K)->994K(1088K) Class: 64K(128K)->64K(128K)
[2026-09-03T12:38:43.333+0800][7.869s][info][gc          ] GC(110) Pause Young (Concurrent Start) (G1 Evacuation Pause) 216M->145M(256M) 2.098ms
[2026-09-03T12:38:43.333+0800][7.869s][info][gc,cpu      ] GC(110) User=0.02s Sys=0.00s Real=0.00s
[2026-09-03T12:38:43.333+0800][7.869s][info][gc          ] GC(111) Concurrent Mark Cycle
[2026-09-03T12:38:43.333+0800][7.869s][info][gc,marking  ] GC(111) Concurrent Scan Root Regions
[2026-09-03T12:38:43.333+0800][7.869s][info][safepoint   ] Safepoint "G1CollectForAllocation", Time since last: 84997334 ns, Reaching safepoint: 2708 ns, At safepoint: 2123583 ns, Leaving safepoint: 41500 ns, Total: 2167791 ns, Threads: 0 runnable, 42 total
[2026-09-03T12:38:43.335+0800][7.871s][info][gc,marking  ] GC(111) Concurrent Scan Root Regions 2.104ms
[2026-09-03T12:38:43.335+0800][7.871s][info][gc,marking  ] GC(111) Concurrent Mark
[2026-09-03T12:38:43.335+0800][7.871s][info][gc,marking  ] GC(111) Concurrent Mark From Roots
[2026-09-03T12:38:43.335+0800][7.871s][info][gc,task     ] GC(111) Concurrent Mark Using 2 of 2 Workers
[2026-09-03T12:38:43.339+0800][7.875s][info][gc,marking  ] GC(111) Concurrent Mark From Roots 4.023ms
[2026-09-03T12:38:43.339+0800][7.875s][info][gc,marking  ] GC(111) Concurrent Preclean
[2026-09-03T12:38:43.339+0800][7.875s][info][gc,marking  ] GC(111) Concurrent Preclean 0.008ms
[2026-09-03T12:38:43.339+0800][7.876s][info][gc,start    ] GC(111) Pause Remark
[2026-09-03T12:38:43.339+0800][7.876s][info][gc          ] GC(111) Pause Remark 152M->116M(256M) 0.302ms
[2026-09-03T12:38:43.339+0800][7.876s][info][gc,cpu      ] GC(111) User=0.00s Sys=0.00s Real=0.00s
[2026-09-03T12:38:43.339+0800][7.876s][info][safepoint   ] Safepoint "G1PauseRemark", Time since last: 6214500 ns, Reaching safepoint: 40125 ns, At safepoint: 322209 ns, Leaving safepoint: 26208 ns, Total: 388542 ns, Threads: 1 runnable, 42 total
[2026-09-03T12:38:43.339+0800][7.876s][info][gc,marking  ] GC(111) Concurrent Mark 4.536ms
[2026-09-03T12:38:43.339+0800][7.876s][info][gc,marking  ] GC(111) Concurrent Rebuild Remembered Sets and Scrub Regions
[2026-09-03T12:38:43.344+0800][7.881s][info][gc,marking  ] GC(111) Concurrent Rebuild Remembered Sets and Scrub Regions 4.941ms
[2026-09-03T12:38:43.344+0800][7.881s][info][gc,start    ] GC(111) Pause Cleanup
[2026-09-03T12:38:43.344+0800][7.881s][info][gc          ] GC(111) Pause Cleanup 121M->121M(256M) 0.039ms
[2026-09-03T12:38:43.344+0800][7.881s][info][gc,cpu      ] GC(111) User=0.00s Sys=0.00s Real=0.00s
[2026-09-03T12:38:43.344+0800][7.881s][info][safepoint   ] Safepoint "G1PauseCleanup", Time since last: 5039042 ns, Reaching safepoint: 37916 ns, At safepoint: 60000 ns, Leaving safepoint: 23084 ns, Total: 121000 ns, Threads: 2 runnable, 42 total
[2026-09-03T12:38:43.344+0800][7.881s][info][gc,marking  ] GC(111) Concurrent Clear Claimed Marks
[2026-09-03T12:38:43.344+0800][7.881s][info][gc,marking  ] GC(111) Concurrent Clear Claimed Marks 0.009ms
[2026-09-03T12:38:43.344+0800][7.881s][info][gc,marking  ] GC(111) Concurrent Cleanup for Next Mark
[2026-09-03T12:38:43.345+0800][7.881s][info][gc,marking  ] GC(111) Concurrent Cleanup for Next Mark 0.142ms
[2026-09-03T12:38:43.345+0800][7.881s][info][gc          ] GC(111) Concurrent Mark Cycle 12.075ms
[2026-09-03T12:38:43.407+0800][7.943s][info][gc,start    ] GC(112) Pause Young (Prepare Mixed) (G1 Evacuation Pause)
[2026-09-03T12:38:43.407+0800][7.943s][info][gc,task     ] GC(112) Using 9 workers of 9 for evacuation
[2026-09-03T12:38:43.409+0800][7.946s][info][gc,phases   ] GC(112)   Pre Evacuate Collection Set: 0.06ms
[2026-09-03T12:38:43.409+0800][7.946s][info][gc,phases   ] GC(112)   Merge Heap Roots: 0.03ms
[2026-09-03T12:38:43.409+0800][7.946s][info][gc,phases   ] GC(112)   Evacuate Collection Set: 1.88ms
[2026-09-03T12:38:43.409+0800][7.946s][info][gc,phases   ] GC(112)   Post Evacuate Collection Set: 0.09ms
[2026-09-03T12:38:43.409+0800][7.946s][info][gc,phases   ] GC(112)   Other: 0.06ms
[2026-09-03T12:38:43.409+0800][7.946s][info][gc,heap     ] GC(112) Eden regions: 78->0(91)
[2026-09-03T12:38:43.409+0800][7.946s][info][gc,heap     ] GC(112) Survivor regions: 13->12(12)
[2026-09-03T12:38:43.409+0800][7.946s][info][gc,heap     ] GC(112) Old regions: 96->114
[2026-09-03T12:38:43.409+0800][7.946s][info][gc,heap     ] GC(112) Humongous regions: 1->1
[2026-09-03T12:38:43.409+0800][7.946s][info][gc,metaspace] GC(112) Metaspace: 1059K(1216K)->1059K(1216K) NonClass: 994K(1088K)->994K(1088K) Class: 64K(128K)->64K(128K)
[2026-09-03T12:38:43.409+0800][7.946s][info][gc          ] GC(112) Pause Young (Prepare Mixed) (G1 Evacuation Pause) 187M->125M(256M) 2.215ms
[2026-09-03T12:38:43.409+0800][7.946s][info][gc,cpu      ] GC(112) User=0.01s Sys=0.00s Real=0.00s
[2026-09-03T12:38:43.409+0800][7.946s][info][safepoint   ] Safepoint "G1CollectForAllocation", Time since last: 62274500 ns, Reaching safepoint: 49458 ns, At safepoint: 2253208 ns, Leaving safepoint: 22292 ns, Total: 2324958 ns, Threads: 3 runnable, 42 total
[2026-09-03T12:38:43.495+0800][8.032s][info][gc,start    ] GC(113) Pause Young (Mixed) (G1 Evacuation Pause)
[2026-09-03T12:38:43.495+0800][8.032s][info][gc,task     ] GC(113) Using 9 workers of 9 for evacuation
[2026-09-03T12:38:43.497+0800][8.034s][info][gc,phases   ] GC(113)   Pre Evacuate Collection Set: 0.06ms
[2026-09-03T12:38:43.497+0800][8.034s][info][gc,phases   ] GC(113)   Merge Heap Roots: 0.04ms
[2026-09-03T12:38:43.497+0800][8.034s][info][gc,phases   ] GC(113)   Evacuate Collection Set: 1.74ms
[2026-09-03T12:38:43.497+0800][8.034s][info][gc,phases   ] GC(113)   Post Evacuate Collection Set: 0.09ms
[2026-09-03T12:38:43.497+0800][8.034s][info][gc,phases   ] GC(113)   Other: 0.06ms
[2026-09-03T12:38:43.497+0800][8.034s][info][gc,heap     ] GC(113) Eden regions: 91->0(99)
[2026-09-03T12:38:43.497+0800][8.034s][info][gc,heap     ] GC(113) Survivor regions: 12->13(13)
[2026-09-03T12:38:43.497+0800][8.034s][info][gc,heap     ] GC(113) Old regions: 114->102
[2026-09-03T12:38:43.497+0800][8.034s][info][gc,heap     ] GC(113) Humongous regions: 1->1
[2026-09-03T12:38:43.497+0800][8.034s][info][gc,metaspace] GC(113) Metaspace: 1059K(1216K)->1059K(1216K) NonClass: 994K(1088K)->994K(1088K) Class: 64K(128K)->64K(128K)
[2026-09-03T12:38:43.497+0800][8.034s][info][gc          ] GC(113) Pause Young (Mixed) (G1 Evacuation Pause) 216M->114M(256M) 2.101ms
[2026-09-03T12:38:43.497+0800][8.034s][info][gc,cpu      ] GC(113) User=0.02s Sys=0.00s Real=0.00s
[2026-09-03T12:38:43.497+0800][8.034s][info][safepoint   ] Safepoint "G1CollectForAllocation", Time since last: 86088042 ns, Reaching safepoint: 29291 ns, At safepoint: 2125584 ns, Leaving safepoint: 23625 ns, Total: 2178500 ns, Threads: 1 runnable, 42 total
[2026-09-03T12:38:43.592+0800][8.129s][info][gc,start    ] GC(114) Pause Young (Mixed) (G1 Evacuation Pause)
[2026-09-03T12:38:43.592+0800][8.129s][info][gc,task     ] GC(114) Using 9 workers of 9 for evacuation
[2026-09-03T12:38:43.594+0800][8.131s][info][gc,phases   ] GC(114)   Pre Evacuate Collection Set: 0.07ms
[2026-09-03T12:38:43.594+0800][8.131s][info][gc,phases   ] GC(114)   Merge Heap Roots: 0.05ms
[2026-09-03T12:38:43.594+0800][8.131s][info][gc,phases   ] GC(114)   Evacuate Collection Set: 1.90ms
[2026-09-03T12:38:43.594+0800][8.131s][info][gc,phases   ] GC(114)   Post Evacuate Collection Set: 0.09ms
[2026-09-03T12:38:43.594+0800][8.131s][info][gc,phases   ] GC(114)   Other: 0.06ms
[2026-09-03T12:38:43.594+0800][8.131s][info][gc,heap     ] GC(114) Eden regions: 99->0(90)
[2026-09-03T12:38:43.594+0800][8.131s][info][gc,heap     ] GC(114) Survivor regions: 13->14(14)
[2026-09-03T12:38:43.594+0800][8.131s][info][gc,heap     ] GC(114) Old regions: 102->113
[2026-09-03T12:38:43.594+0800][8.131s][info][gc,heap     ] GC(114) Humongous regions: 1->1
[2026-09-03T12:38:43.594+0800][8.131s][info][gc,metaspace] GC(114) Metaspace: 1059K(1216K)->1059K(1216K) NonClass: 994K(1088K)->994K(1088K) Class: 64K(128K)->64K(128K)
[2026-09-03T12:38:43.594+0800][8.131s][info][gc          ] GC(114) Pause Young (Mixed) (G1 Evacuation Pause) 213M->127M(256M) 2.260ms
[2026-09-03T12:38:43.594+0800][8.131s][info][gc,cpu      ] GC(114) User=0.02s Sys=0.01s Real=0.00s
[2026-09-03T12:38:43.594+0800][8.131s][info][safepoint   ] Safepoint "G1CollectForAllocation", Time since last: 94659875 ns, Reaching safepoint: 2416 ns, At safepoint: 2282625 ns, Leaving safepoint: 26959 ns, Total: 2312000 ns, Threads: 0 runnable, 42 total
[2026-09-03T12:38:43.679+0800][8.216s][info][gc,start    ] GC(115) Pause Young (Concurrent Start) (G1 Evacuation Pause)
[2026-09-03T12:38:43.679+0800][8.216s][info][gc,task     ] GC(115) Using 9 workers of 9 for evacuation
[2026-09-03T12:38:43.681+0800][8.218s][info][gc,phases   ] GC(115)   Pre Evacuate Collection Set: 0.06ms
[2026-09-03T12:38:43.682+0800][8.218s][info][gc,phases   ] GC(115)   Merge Heap Roots: 0.02ms
[2026-09-03T12:38:43.682+0800][8.218s][info][gc,phases   ] GC(115)   Evacuate Collection Set: 1.76ms
[2026-09-03T12:38:43.682+0800][8.218s][info][gc,phases   ] GC(115)   Post Evacuate Collection Set: 0.10ms
[2026-09-03T12:38:43.682+0800][8.218s][info][gc,phases   ] GC(115)   Other: 0.06ms
[2026-09-03T12:38:43.682+0800][8.218s][info][gc,heap     ] GC(115) Eden regions: 90->0(77)
[2026-09-03T12:38:43.682+0800][8.218s][info][gc,heap     ] GC(115) Survivor regions: 14->13(13)
[2026-09-03T12:38:43.682+0800][8.218s][info][gc,heap     ] GC(115) Old regions: 113->133
[2026-09-03T12:38:43.682+0800][8.218s][info][gc,heap     ] GC(115) Humongous regions: 1->1
[2026-09-03T12:38:43.682+0800][8.218s][info][gc,metaspace] GC(115) Metaspace: 1059K(1216K)->1059K(1216K) NonClass: 994K(1088K)->994K(1088K) Class: 64K(128K)->64K(128K)
[2026-09-03T12:38:43.682+0800][8.218s][info][gc          ] GC(115) Pause Young (Concurrent Start) (G1 Evacuation Pause) 217M->145M(256M) 2.109ms
[2026-09-03T12:38:43.682+0800][8.218s][info][gc,cpu      ] GC(115) User=0.01s Sys=0.00s Real=0.01s
[2026-09-03T12:38:43.682+0800][8.218s][info][gc          ] GC(116) Concurrent Mark Cycle
[2026-09-03T12:38:43.682+0800][8.218s][info][gc,marking  ] GC(116) Concurrent Scan Root Regions
[2026-09-03T12:38:43.682+0800][8.218s][info][safepoint   ] Safepoint "G1CollectForAllocation", Time since last: 85105958 ns, Reaching safepoint: 86333 ns, At safepoint: 2137459 ns, Leaving safepoint: 61041 ns, Total: 2284833 ns, Threads: 2 runnable, 42 total
[2026-09-03T12:38:43.684+0800][8.220s][info][gc,marking  ] GC(116) Concurrent Scan Root Regions 2.050ms
[2026-09-03T12:38:43.684+0800][8.220s][info][gc,marking  ] GC(116) Concurrent Mark
[2026-09-03T12:38:43.684+0800][8.220s][info][gc,marking  ] GC(116) Concurrent Mark From Roots
[2026-09-03T12:38:43.684+0800][8.220s][info][gc,task     ] GC(116) Concurrent Mark Using 2 of 2 Workers
[2026-09-03T12:38:43.688+0800][8.225s][info][gc,marking  ] GC(116) Concurrent Mark From Roots 4.587ms
[2026-09-03T12:38:43.688+0800][8.225s][info][gc,marking  ] GC(116) Concurrent Preclean
[2026-09-03T12:38:43.688+0800][8.225s][info][gc,marking  ] GC(116) Concurrent Preclean 0.018ms
[2026-09-03T12:38:43.688+0800][8.225s][info][gc,start    ] GC(116) Pause Remark
[2026-09-03T12:38:43.689+0800][8.225s][info][gc          ] GC(116) Pause Remark 153M->117M(256M) 0.327ms
[2026-09-03T12:38:43.689+0800][8.225s][info][gc,cpu      ] GC(116) User=0.00s Sys=0.00s Real=0.00s
[2026-09-03T12:38:43.689+0800][8.225s][info][safepoint   ] Safepoint "G1PauseRemark", Time since last: 6711667 ns, Reaching safepoint: 35042 ns, At safepoint: 368041 ns, Leaving safepoint: 22250 ns, Total: 425333 ns, Threads: 0 runnable, 42 total
[2026-09-03T12:38:43.689+0800][8.225s][info][gc,marking  ] GC(116) Concurrent Mark 5.175ms
[2026-09-03T12:38:43.689+0800][8.225s][info][gc,marking  ] GC(116) Concurrent Rebuild Remembered Sets and Scrub Regions
[2026-09-03T12:38:43.693+0800][8.230s][info][gc,marking  ] GC(116) Concurrent Rebuild Remembered Sets and Scrub Regions 4.084ms
[2026-09-03T12:38:43.693+0800][8.230s][info][gc,start    ] GC(116) Pause Cleanup
[2026-09-03T12:38:43.693+0800][8.230s][info][gc          ] GC(116) Pause Cleanup 122M->122M(256M) 0.048ms
[2026-09-03T12:38:43.693+0800][8.230s][info][gc,cpu      ] GC(116) User=0.00s Sys=0.00s Real=0.00s
[2026-09-03T12:38:43.693+0800][8.230s][info][safepoint   ] Safepoint "G1PauseCleanup", Time since last: 4214959 ns, Reaching safepoint: 46625 ns, At safepoint: 86958 ns, Leaving safepoint: 37625 ns, Total: 171208 ns, Threads: 3 runnable, 42 total
[2026-09-03T12:38:43.693+0800][8.230s][info][gc,marking  ] GC(116) Concurrent Clear Claimed Marks
[2026-09-03T12:38:43.693+0800][8.230s][info][gc,marking  ] GC(116) Concurrent Clear Claimed Marks 0.005ms
[2026-09-03T12:38:43.693+0800][8.230s][info][gc,marking  ] GC(116) Concurrent Cleanup for Next Mark
[2026-09-03T12:38:43.693+0800][8.230s][info][gc,marking  ] GC(116) Concurrent Cleanup for Next Mark 0.220ms
[2026-09-03T12:38:43.693+0800][8.230s][info][gc          ] GC(116) Concurrent Mark Cycle 11.888ms
[2026-09-03T12:38:43.755+0800][8.292s][info][gc,start    ] GC(117) Pause Young (Prepare Mixed) (G1 Evacuation Pause)
[2026-09-03T12:38:43.755+0800][8.292s][info][gc,task     ] GC(117) Using 9 workers of 9 for evacuation
[2026-09-03T12:38:43.757+0800][8.294s][info][gc,phases   ] GC(117)   Pre Evacuate Collection Set: 0.08ms
[2026-09-03T12:38:43.757+0800][8.294s][info][gc,phases   ] GC(117)   Merge Heap Roots: 0.01ms
[2026-09-03T12:38:43.757+0800][8.294s][info][gc,phases   ] GC(117)   Evacuate Collection Set: 1.62ms
[2026-09-03T12:38:43.757+0800][8.294s][info][gc,phases   ] GC(117)   Post Evacuate Collection Set: 0.10ms
[2026-09-03T12:38:43.757+0800][8.294s][info][gc,phases   ] GC(117)   Other: 0.06ms
[2026-09-03T12:38:43.757+0800][8.294s][info][gc,heap     ] GC(117) Eden regions: 77->0(90)
[2026-09-03T12:38:43.757+0800][8.294s][info][gc,heap     ] GC(117) Survivor regions: 13->12(12)
[2026-09-03T12:38:43.757+0800][8.294s][info][gc,heap     ] GC(117) Old regions: 97->115
[2026-09-03T12:38:43.757+0800][8.294s][info][gc,heap     ] GC(117) Humongous regions: 1->1
[2026-09-03T12:38:43.757+0800][8.294s][info][gc,metaspace] GC(117) Metaspace: 1059K(1216K)->1059K(1216K) NonClass: 994K(1088K)->994K(1088K) Class: 64K(128K)->64K(128K)
[2026-09-03T12:38:43.757+0800][8.294s][info][gc          ] GC(117) Pause Young (Prepare Mixed) (G1 Evacuation Pause) 186M->126M(256M) 1.957ms
[2026-09-03T12:38:43.757+0800][8.294s][info][gc,cpu      ] GC(117) User=0.01s Sys=0.00s Real=0.00s
[2026-09-03T12:38:43.757+0800][8.294s][info][safepoint   ] Safepoint "G1CollectForAllocation", Time since last: 62051625 ns, Reaching safepoint: 20167 ns, At safepoint: 1978875 ns, Leaving safepoint: 35875 ns, Total: 2034917 ns, Threads: 1 runnable, 42 total
[2026-09-03T12:38:43.841+0800][8.378s][info][gc,start    ] GC(118) Pause Young (Mixed) (G1 Evacuation Pause)
[2026-09-03T12:38:43.841+0800][8.378s][info][gc,task     ] GC(118) Using 9 workers of 9 for evacuation
[2026-09-03T12:38:43.843+0800][8.380s][info][gc,phases   ] GC(118)   Pre Evacuate Collection Set: 0.07ms
[2026-09-03T12:38:43.843+0800][8.380s][info][gc,phases   ] GC(118)   Merge Heap Roots: 0.03ms
[2026-09-03T12:38:43.844+0800][8.380s][info][gc,phases   ] GC(118)   Evacuate Collection Set: 1.78ms
[2026-09-03T12:38:43.844+0800][8.380s][info][gc,phases   ] GC(118)   Post Evacuate Collection Set: 0.09ms
[2026-09-03T12:38:43.844+0800][8.380s][info][gc,phases   ] GC(118)   Other: 0.06ms
[2026-09-03T12:38:43.844+0800][8.380s][info][gc,heap     ] GC(118) Eden regions: 90->0(99)
[2026-09-03T12:38:43.844+0800][8.380s][info][gc,heap     ] GC(118) Survivor regions: 12->13(13)
[2026-09-03T12:38:43.844+0800][8.380s][info][gc,heap     ] GC(118) Old regions: 115->102
[2026-09-03T12:38:43.844+0800][8.380s][info][gc,heap     ] GC(118) Humongous regions: 1->1
[2026-09-03T12:38:43.844+0800][8.380s][info][gc,metaspace] GC(118) Metaspace: 1059K(1216K)->1059K(1216K) NonClass: 994K(1088K)->994K(1088K) Class: 64K(128K)->64K(128K)
[2026-09-03T12:38:43.844+0800][8.380s][info][gc          ] GC(118) Pause Young (Mixed) (G1 Evacuation Pause) 216M->115M(256M) 2.153ms
[2026-09-03T12:38:43.844+0800][8.380s][info][gc,cpu      ] GC(118) User=0.01s Sys=0.00s Real=0.00s
[2026-09-03T12:38:43.844+0800][8.380s][info][safepoint   ] Safepoint "G1CollectForAllocation", Time since last: 84125625 ns, Reaching safepoint: 2375 ns, At safepoint: 2185125 ns, Leaving safepoint: 50416 ns, Total: 2237916 ns, Threads: 0 runnable, 42 total
[2026-09-03T12:38:43.936+0800][8.473s][info][gc,start    ] GC(119) Pause Young (Mixed) (G1 Evacuation Pause)
[2026-09-03T12:38:43.936+0800][8.473s][info][gc,task     ] GC(119) Using 9 workers of 9 for evacuation
[2026-09-03T12:38:43.938+0800][8.475s][info][gc,phases   ] GC(119)   Pre Evacuate Collection Set: 0.09ms
[2026-09-03T12:38:43.938+0800][8.475s][info][gc,phases   ] GC(119)   Merge Heap Roots: 0.02ms
[2026-09-03T12:38:43.938+0800][8.475s][info][gc,phases   ] GC(119)   Evacuate Collection Set: 1.88ms
[2026-09-03T12:38:43.938+0800][8.475s][info][gc,phases   ] GC(119)   Post Evacuate Collection Set: 0.08ms
[2026-09-03T12:38:43.938+0800][8.475s][info][gc,phases   ] GC(119)   Other: 0.06ms
[2026-09-03T12:38:43.938+0800][8.475s][info][gc,heap     ] GC(119) Eden regions: 99->0(90)
[2026-09-03T12:38:43.938+0800][8.475s][info][gc,heap     ] GC(119) Survivor regions: 13->14(14)
[2026-09-03T12:38:43.938+0800][8.475s][info][gc,heap     ] GC(119) Old regions: 102->114
[2026-09-03T12:38:43.938+0800][8.475s][info][gc,heap     ] GC(119) Humongous regions: 1->1
[2026-09-03T12:38:43.938+0800][8.475s][info][gc,metaspace] GC(119) Metaspace: 1059K(1216K)->1059K(1216K) NonClass: 994K(1088K)->994K(1088K) Class: 64K(128K)->64K(128K)
[2026-09-03T12:38:43.938+0800][8.475s][info][gc          ] GC(119) Pause Young (Mixed) (G1 Evacuation Pause) 214M->128M(256M) 2.222ms
[2026-09-03T12:38:43.938+0800][8.475s][info][gc,cpu      ] GC(119) User=0.01s Sys=0.00s Real=0.00s
[2026-09-03T12:38:43.938+0800][8.475s][info][safepoint   ] Safepoint "G1CollectForAllocation", Time since last: 92481709 ns, Reaching safepoint: 14208 ns, At safepoint: 2245500 ns, Leaving safepoint: 26917 ns, Total: 2286625 ns, Threads: 2 runnable, 42 total
[2026-09-03T12:38:44.025+0800][8.561s][info][gc,start    ] GC(120) Pause Young (Concurrent Start) (G1 Evacuation Pause)
[2026-09-03T12:38:44.025+0800][8.561s][info][gc,task     ] GC(120) Using 9 workers of 9 for evacuation
[2026-09-03T12:38:44.027+0800][8.563s][info][gc,phases   ] GC(120)   Pre Evacuate Collection Set: 0.09ms
[2026-09-03T12:38:44.027+0800][8.563s][info][gc,phases   ] GC(120)   Merge Heap Roots: 0.02ms
[2026-09-03T12:38:44.027+0800][8.563s][info][gc,phases   ] GC(120)   Evacuate Collection Set: 1.86ms
[2026-09-03T12:38:44.027+0800][8.563s][info][gc,phases   ] GC(120)   Post Evacuate Collection Set: 0.08ms
[2026-09-03T12:38:44.027+0800][8.563s][info][gc,phases   ] GC(120)   Other: 0.06ms
[2026-09-03T12:38:44.027+0800][8.563s][info][gc,heap     ] GC(120) Eden regions: 90->0(77)
[2026-09-03T12:38:44.027+0800][8.563s][info][gc,heap     ] GC(120) Survivor regions: 14->13(13)
[2026-09-03T12:38:44.027+0800][8.563s][info][gc,heap     ] GC(120) Old regions: 114->133
[2026-09-03T12:38:44.027+0800][8.563s][info][gc,heap     ] GC(120) Humongous regions: 1->1
[2026-09-03T12:38:44.027+0800][8.563s][info][gc,metaspace] GC(120) Metaspace: 1059K(1216K)->1059K(1216K) NonClass: 994K(1088K)->994K(1088K) Class: 64K(128K)->64K(128K)
[2026-09-03T12:38:44.027+0800][8.563s][info][gc          ] GC(120) Pause Young (Concurrent Start) (G1 Evacuation Pause) 218M->146M(256M) 2.221ms
[2026-09-03T12:38:44.027+0800][8.563s][info][gc          ] GC(121) Concurrent Mark Cycle
[2026-09-03T12:38:44.027+0800][8.563s][info][gc,cpu      ] GC(120) User=0.02s Sys=0.00s Real=0.00s
[2026-09-03T12:38:44.027+0800][8.563s][info][gc,marking  ] GC(121) Concurrent Scan Root Regions
[2026-09-03T12:38:44.027+0800][8.563s][info][safepoint   ] Safepoint "G1CollectForAllocation", Time since last: 86093750 ns, Reaching safepoint: 23625 ns, At safepoint: 2260666 ns, Leaving safepoint: 24875 ns, Total: 2309166 ns, Threads: 3 runnable, 42 total
[2026-09-03T12:38:44.029+0800][8.565s][info][gc,marking  ] GC(121) Concurrent Scan Root Regions 1.952ms
[2026-09-03T12:38:44.029+0800][8.565s][info][gc,marking  ] GC(121) Concurrent Mark
[2026-09-03T12:38:44.029+0800][8.565s][info][gc,marking  ] GC(121) Concurrent Mark From Roots
[2026-09-03T12:38:44.029+0800][8.565s][info][gc,task     ] GC(121) Concurrent Mark Using 2 of 2 Workers
[2026-09-03T12:38:44.033+0800][8.570s][info][gc,marking  ] GC(121) Concurrent Mark From Roots 4.262ms
[2026-09-03T12:38:44.033+0800][8.570s][info][gc,marking  ] GC(121) Concurrent Preclean
[2026-09-03T12:38:44.033+0800][8.570s][info][gc,marking  ] GC(121) Concurrent Preclean 0.010ms
[2026-09-03T12:38:44.033+0800][8.570s][info][gc,start    ] GC(121) Pause Remark
[2026-09-03T12:38:44.033+0800][8.570s][info][gc          ] GC(121) Pause Remark 153M->125M(256M) 0.365ms
[2026-09-03T12:38:44.033+0800][8.570s][info][gc,cpu      ] GC(121) User=0.00s Sys=0.00s Real=0.00s
[2026-09-03T12:38:44.033+0800][8.570s][info][safepoint   ] Safepoint "G1PauseRemark", Time since last: 6264375 ns, Reaching safepoint: 25250 ns, At safepoint: 388250 ns, Leaving safepoint: 25334 ns, Total: 438834 ns, Threads: 2 runnable, 42 total
[2026-09-03T12:38:44.034+0800][8.570s][info][gc,marking  ] GC(121) Concurrent Mark 4.831ms
[2026-09-03T12:38:44.034+0800][8.570s][info][gc,marking  ] GC(121) Concurrent Rebuild Remembered Sets and Scrub Regions
[2026-09-03T12:38:44.038+0800][8.575s][info][gc,marking  ] GC(121) Concurrent Rebuild Remembered Sets and Scrub Regions 4.458ms
[2026-09-03T12:38:44.038+0800][8.575s][info][gc,start    ] GC(121) Pause Cleanup
[2026-09-03T12:38:44.038+0800][8.575s][info][gc          ] GC(121) Pause Cleanup 130M->130M(256M) 0.047ms
[2026-09-03T12:38:44.038+0800][8.575s][info][gc,cpu      ] GC(121) User=0.00s Sys=0.00s Real=0.00s
[2026-09-03T12:38:44.038+0800][8.575s][info][safepoint   ] Safepoint "G1PauseCleanup", Time since last: 4603458 ns, Reaching safepoint: 2042 ns, At safepoint: 66583 ns, Leaving safepoint: 21625 ns, Total: 90250 ns, Threads: 0 runnable, 42 total
[2026-09-03T12:38:44.038+0800][8.575s][info][gc,marking  ] GC(121) Concurrent Clear Claimed Marks
[2026-09-03T12:38:44.038+0800][8.575s][info][gc,marking  ] GC(121) Concurrent Clear Claimed Marks 0.014ms
[2026-09-03T12:38:44.038+0800][8.575s][info][gc,marking  ] GC(121) Concurrent Cleanup for Next Mark
[2026-09-03T12:38:44.038+0800][8.575s][info][gc,marking  ] GC(121) Concurrent Cleanup for Next Mark 0.167ms
[2026-09-03T12:38:44.038+0800][8.575s][info][gc          ] GC(121) Concurrent Mark Cycle 11.686ms
[2026-09-03T12:38:44.100+0800][8.637s][info][gc,start    ] GC(122) Pause Young (Prepare Mixed) (G1 Evacuation Pause)
[2026-09-03T12:38:44.100+0800][8.637s][info][gc,task     ] GC(122) Using 9 workers of 9 for evacuation
[2026-09-03T12:38:44.102+0800][8.639s][info][gc,phases   ] GC(122)   Pre Evacuate Collection Set: 0.08ms
[2026-09-03T12:38:44.102+0800][8.639s][info][gc,phases   ] GC(122)   Merge Heap Roots: 0.03ms
[2026-09-03T12:38:44.102+0800][8.639s][info][gc,phases   ] GC(122)   Evacuate Collection Set: 1.74ms
[2026-09-03T12:38:44.102+0800][8.639s][info][gc,phases   ] GC(122)   Post Evacuate Collection Set: 0.10ms
[2026-09-03T12:38:44.102+0800][8.639s][info][gc,phases   ] GC(122)   Other: 0.05ms
[2026-09-03T12:38:44.102+0800][8.639s][info][gc,heap     ] GC(122) Eden regions: 77->0(85)
[2026-09-03T12:38:44.102+0800][8.639s][info][gc,heap     ] GC(122) Survivor regions: 13->12(12)
[2026-09-03T12:38:44.102+0800][8.639s][info][gc,heap     ] GC(122) Old regions: 105->122
[2026-09-03T12:38:44.102+0800][8.639s][info][gc,heap     ] GC(122) Humongous regions: 1->1
[2026-09-03T12:38:44.102+0800][8.639s][info][gc,metaspace] GC(122) Metaspace: 1059K(1216K)->1059K(1216K) NonClass: 994K(1088K)->994K(1088K) Class: 64K(128K)->64K(128K)
[2026-09-03T12:38:44.102+0800][8.639s][info][gc          ] GC(122) Pause Young (Prepare Mixed) (G1 Evacuation Pause) 195M->133M(256M) 2.102ms
[2026-09-03T12:38:44.102+0800][8.639s][info][gc,cpu      ] GC(122) User=0.02s Sys=0.01s Real=0.00s
[2026-09-03T12:38:44.102+0800][8.639s][info][safepoint   ] Safepoint "G1CollectForAllocation", Time since last: 62016667 ns, Reaching safepoint: 2208 ns, At safepoint: 2124167 ns, Leaving safepoint: 21750 ns, Total: 2148125 ns, Threads: 0 runnable, 42 total
[2026-09-03T12:38:44.182+0800][8.718s][info][gc,start    ] GC(123) Pause Young (Mixed) (G1 Evacuation Pause)
[2026-09-03T12:38:44.182+0800][8.718s][info][gc,task     ] GC(123) Using 9 workers of 9 for evacuation
[2026-09-03T12:38:44.184+0800][8.720s][info][gc,phases   ] GC(123)   Pre Evacuate Collection Set: 0.06ms
[2026-09-03T12:38:44.184+0800][8.720s][info][gc,phases   ] GC(123)   Merge Heap Roots: 0.02ms
[2026-09-03T12:38:44.184+0800][8.720s][info][gc,phases   ] GC(123)   Evacuate Collection Set: 1.91ms
[2026-09-03T12:38:44.184+0800][8.720s][info][gc,phases   ] GC(123)   Post Evacuate Collection Set: 0.13ms
[2026-09-03T12:38:44.184+0800][8.720s][info][gc,phases   ] GC(123)   Other: 0.06ms
[2026-09-03T12:38:44.184+0800][8.720s][info][gc,heap     ] GC(123) Eden regions: 85->0(92)
[2026-09-03T12:38:44.184+0800][8.720s][info][gc,heap     ] GC(123) Survivor regions: 12->13(13)
[2026-09-03T12:38:44.184+0800][8.720s][info][gc,heap     ] GC(123) Old regions: 122->112
[2026-09-03T12:38:44.184+0800][8.720s][info][gc,heap     ] GC(123) Humongous regions: 1->1
[2026-09-03T12:38:44.184+0800][8.720s][info][gc,metaspace] GC(123) Metaspace: 1059K(1216K)->1059K(1216K) NonClass: 994K(1088K)->994K(1088K) Class: 64K(128K)->64K(128K)
[2026-09-03T12:38:44.184+0800][8.720s][info][gc          ] GC(123) Pause Young (Mixed) (G1 Evacuation Pause) 218M->124M(256M) 2.308ms
[2026-09-03T12:38:44.184+0800][8.720s][info][gc,cpu      ] GC(123) User=0.01s Sys=0.01s Real=0.00s
[2026-09-03T12:38:44.184+0800][8.721s][info][safepoint   ] Safepoint "G1CollectForAllocation", Time since last: 79132208 ns, Reaching safepoint: 35708 ns, At safepoint: 2344292 ns, Leaving safepoint: 27000 ns, Total: 2407000 ns, Threads: 1 runnable, 42 total
[2026-09-03T12:38:44.270+0800][8.807s][info][gc,start    ] GC(124) Pause Young (Mixed) (G1 Evacuation Pause)
[2026-09-03T12:38:44.270+0800][8.807s][info][gc,task     ] GC(124) Using 9 workers of 9 for evacuation
[2026-09-03T12:38:44.272+0800][8.809s][info][gc,phases   ] GC(124)   Pre Evacuate Collection Set: 0.06ms
[2026-09-03T12:38:44.272+0800][8.809s][info][gc,phases   ] GC(124)   Merge Heap Roots: 0.03ms
[2026-09-03T12:38:44.272+0800][8.809s][info][gc,phases   ] GC(124)   Evacuate Collection Set: 1.81ms
[2026-09-03T12:38:44.272+0800][8.809s][info][gc,phases   ] GC(124)   Post Evacuate Collection Set: 0.11ms
[2026-09-03T12:38:44.272+0800][8.809s][info][gc,phases   ] GC(124)   Other: 0.06ms
[2026-09-03T12:38:44.272+0800][8.809s][info][gc,heap     ] GC(124) Eden regions: 92->0(93)
[2026-09-03T12:38:44.272+0800][8.809s][info][gc,heap     ] GC(124) Survivor regions: 13->14(14)
[2026-09-03T12:38:44.272+0800][8.809s][info][gc,heap     ] GC(124) Old regions: 112->109
[2026-09-03T12:38:44.272+0800][8.809s][info][gc,heap     ] GC(124) Humongous regions: 1->1
[2026-09-03T12:38:44.272+0800][8.809s][info][gc,metaspace] GC(124) Metaspace: 1059K(1216K)->1059K(1216K) NonClass: 994K(1088K)->994K(1088K) Class: 64K(128K)->64K(128K)
[2026-09-03T12:38:44.272+0800][8.809s][info][gc          ] GC(124) Pause Young (Mixed) (G1 Evacuation Pause) 216M->122M(256M) 2.162ms
[2026-09-03T12:38:44.272+0800][8.809s][info][gc,cpu      ] GC(124) User=0.02s Sys=0.00s Real=0.00s
[2026-09-03T12:38:44.272+0800][8.809s][info][safepoint   ] Safepoint "G1CollectForAllocation", Time since last: 86210292 ns, Reaching safepoint: 22500 ns, At safepoint: 2184041 ns, Leaving safepoint: 38084 ns, Total: 2244625 ns, Threads: 1 runnable, 42 total
[2026-09-03T12:38:44.357+0800][8.894s][info][gc,start    ] GC(125) Pause Young (Concurrent Start) (G1 Evacuation Pause)
[2026-09-03T12:38:44.357+0800][8.894s][info][gc,task     ] GC(125) Using 9 workers of 9 for evacuation
[2026-09-03T12:38:44.359+0800][8.896s][info][gc,phases   ] GC(125)   Pre Evacuate Collection Set: 0.08ms
[2026-09-03T12:38:44.359+0800][8.896s][info][gc,phases   ] GC(125)   Merge Heap Roots: 0.05ms
[2026-09-03T12:38:44.359+0800][8.896s][info][gc,phases   ] GC(125)   Evacuate Collection Set: 2.00ms
[2026-09-03T12:38:44.359+0800][8.896s][info][gc,phases   ] GC(125)   Post Evacuate Collection Set: 0.10ms
[2026-09-03T12:38:44.359+0800][8.896s][info][gc,phases   ] GC(125)   Other: 0.06ms
[2026-09-03T12:38:44.359+0800][8.896s][info][gc,heap     ] GC(125) Eden regions: 93->0(80)
[2026-09-03T12:38:44.359+0800][8.896s][info][gc,heap     ] GC(125) Survivor regions: 14->14(14)
[2026-09-03T12:38:44.359+0800][8.896s][info][gc,heap     ] GC(125) Old regions: 109->128
[2026-09-03T12:38:44.359+0800][8.896s][info][gc,heap     ] GC(125) Humongous regions: 1->1
[2026-09-03T12:38:44.359+0800][8.896s][info][gc,metaspace] GC(125) Metaspace: 1059K(1216K)->1059K(1216K) NonClass: 994K(1088K)->994K(1088K) Class: 64K(128K)->64K(128K)
[2026-09-03T12:38:44.359+0800][8.896s][info][gc          ] GC(125) Pause Young (Concurrent Start) (G1 Evacuation Pause) 215M->141M(256M) 2.405ms
[2026-09-03T12:38:44.359+0800][8.896s][info][gc,cpu      ] GC(125) User=0.02s Sys=0.01s Real=0.00s
[2026-09-03T12:38:44.359+0800][8.896s][info][gc          ] GC(126) Concurrent Mark Cycle
[2026-09-03T12:38:44.359+0800][8.896s][info][gc,marking  ] GC(126) Concurrent Scan Root Regions
[2026-09-03T12:38:44.359+0800][8.896s][info][safepoint   ] Safepoint "G1CollectForAllocation", Time since last: 84644458 ns, Reaching safepoint: 2208 ns, At safepoint: 2435625 ns, Leaving safepoint: 23250 ns, Total: 2461083 ns, Threads: 0 runnable, 42 total
[2026-09-03T12:38:44.361+0800][8.898s][info][gc,marking  ] GC(126) Concurrent Scan Root Regions 1.916ms
[2026-09-03T12:38:44.361+0800][8.898s][info][gc,marking  ] GC(126) Concurrent Mark
[2026-09-03T12:38:44.361+0800][8.898s][info][gc,marking  ] GC(126) Concurrent Mark From Roots
[2026-09-03T12:38:44.361+0800][8.898s][info][gc,task     ] GC(126) Concurrent Mark Using 2 of 2 Workers
[2026-09-03T12:38:44.366+0800][8.903s][info][gc,marking  ] GC(126) Concurrent Mark From Roots 4.756ms
[2026-09-03T12:38:44.366+0800][8.903s][info][gc,marking  ] GC(126) Concurrent Preclean
[2026-09-03T12:38:44.366+0800][8.903s][info][gc,marking  ] GC(126) Concurrent Preclean 0.008ms
[2026-09-03T12:38:44.366+0800][8.903s][info][gc,start    ] GC(126) Pause Remark
[2026-09-03T12:38:44.367+0800][8.903s][info][gc          ] GC(126) Pause Remark 149M->119M(256M) 0.375ms
[2026-09-03T12:38:44.367+0800][8.903s][info][gc,cpu      ] GC(126) User=0.00s Sys=0.00s Real=0.00s
[2026-09-03T12:38:44.367+0800][8.903s][info][safepoint   ] Safepoint "G1PauseRemark", Time since last: 6718167 ns, Reaching safepoint: 30375 ns, At safepoint: 406167 ns, Leaving safepoint: 18708 ns, Total: 455250 ns, Threads: 2 runnable, 42 total
[2026-09-03T12:38:44.367+0800][8.903s][info][gc,marking  ] GC(126) Concurrent Mark 5.279ms
[2026-09-03T12:38:44.367+0800][8.903s][info][gc,marking  ] GC(126) Concurrent Rebuild Remembered Sets and Scrub Regions
[2026-09-03T12:38:44.371+0800][8.907s][info][gc,marking  ] GC(126) Concurrent Rebuild Remembered Sets and Scrub Regions 4.064ms
[2026-09-03T12:38:44.371+0800][8.907s][info][gc,start    ] GC(126) Pause Cleanup
[2026-09-03T12:38:44.371+0800][8.907s][info][gc          ] GC(126) Pause Cleanup 124M->124M(256M) 0.042ms
[2026-09-03T12:38:44.371+0800][8.907s][info][gc,cpu      ] GC(126) User=0.00s Sys=0.00s Real=0.00s
[2026-09-03T12:38:44.371+0800][8.908s][info][safepoint   ] Safepoint "G1PauseCleanup", Time since last: 4143333 ns, Reaching safepoint: 31417 ns, At safepoint: 60042 ns, Leaving safepoint: 19208 ns, Total: 110667 ns, Threads: 2 runnable, 42 total
[2026-09-03T12:38:44.371+0800][8.908s][info][gc,marking  ] GC(126) Concurrent Clear Claimed Marks
[2026-09-03T12:38:44.371+0800][8.908s][info][gc,marking  ] GC(126) Concurrent Clear Claimed Marks 0.005ms
[2026-09-03T12:38:44.371+0800][8.908s][info][gc,marking  ] GC(126) Concurrent Cleanup for Next Mark
[2026-09-03T12:38:44.371+0800][8.908s][info][gc,marking  ] GC(126) Concurrent Cleanup for Next Mark 0.097ms
[2026-09-03T12:38:44.371+0800][8.908s][info][gc          ] GC(126) Concurrent Mark Cycle 11.604ms
[2026-09-03T12:38:44.435+0800][8.972s][info][gc,start    ] GC(127) Pause Young (Prepare Mixed) (G1 Evacuation Pause)
[2026-09-03T12:38:44.435+0800][8.972s][info][gc,task     ] GC(127) Using 9 workers of 9 for evacuation
[2026-09-03T12:38:44.437+0800][8.974s][info][gc,phases   ] GC(127)   Pre Evacuate Collection Set: 0.07ms
[2026-09-03T12:38:44.437+0800][8.974s][info][gc,phases   ] GC(127)   Merge Heap Roots: 0.03ms
[2026-09-03T12:38:44.437+0800][8.974s][info][gc,phases   ] GC(127)   Evacuate Collection Set: 1.63ms
[2026-09-03T12:38:44.437+0800][8.974s][info][gc,phases   ] GC(127)   Post Evacuate Collection Set: 0.10ms
[2026-09-03T12:38:44.437+0800][8.974s][info][gc,phases   ] GC(127)   Other: 0.05ms
[2026-09-03T12:38:44.437+0800][8.974s][info][gc,heap     ] GC(127) Eden regions: 80->0(89)
[2026-09-03T12:38:44.437+0800][8.974s][info][gc,heap     ] GC(127) Survivor regions: 14->12(12)
[2026-09-03T12:38:44.437+0800][8.974s][info][gc,heap     ] GC(127) Old regions: 98->117
[2026-09-03T12:38:44.437+0800][8.974s][info][gc,heap     ] GC(127) Humongous regions: 1->1
[2026-09-03T12:38:44.437+0800][8.974s][info][gc,metaspace] GC(127) Metaspace: 1059K(1216K)->1059K(1216K) NonClass: 994K(1088K)->994K(1088K) Class: 64K(128K)->64K(128K)
[2026-09-03T12:38:44.437+0800][8.974s][info][gc          ] GC(127) Pause Young (Prepare Mixed) (G1 Evacuation Pause) 191M->129M(256M) 1.974ms
[2026-09-03T12:38:44.437+0800][8.974s][info][gc,cpu      ] GC(127) User=0.01s Sys=0.00s Real=0.00s
[2026-09-03T12:38:44.437+0800][8.974s][info][safepoint   ] Safepoint "G1CollectForAllocation", Time since last: 64463083 ns, Reaching safepoint: 68209 ns, At safepoint: 1996458 ns, Leaving safepoint: 41917 ns, Total: 2106584 ns, Threads: 1 runnable, 42 total
[2026-09-03T12:38:44.521+0800][9.058s][info][gc,start    ] GC(128) Pause Young (Mixed) (G1 Evacuation Pause)
[2026-09-03T12:38:44.521+0800][9.058s][info][gc,task     ] GC(128) Using 9 workers of 9 for evacuation
[2026-09-03T12:38:44.523+0800][9.060s][info][gc,phases   ] GC(128)   Pre Evacuate Collection Set: 0.05ms
[2026-09-03T12:38:44.523+0800][9.060s][info][gc,phases   ] GC(128)   Merge Heap Roots: 0.03ms
[2026-09-03T12:38:44.523+0800][9.060s][info][gc,phases   ] GC(128)   Evacuate Collection Set: 1.68ms
[2026-09-03T12:38:44.523+0800][9.060s][info][gc,phases   ] GC(128)   Post Evacuate Collection Set: 0.11ms
[2026-09-03T12:38:44.523+0800][9.060s][info][gc,phases   ] GC(128)   Other: 0.06ms
[2026-09-03T12:38:44.523+0800][9.060s][info][gc,heap     ] GC(128) Eden regions: 89->0(94)
[2026-09-03T12:38:44.523+0800][9.060s][info][gc,heap     ] GC(128) Survivor regions: 12->13(13)
[2026-09-03T12:38:44.523+0800][9.060s][info][gc,heap     ] GC(128) Old regions: 117->109
[2026-09-03T12:38:44.523+0800][9.060s][info][gc,heap     ] GC(128) Humongous regions: 1->1
[2026-09-03T12:38:44.523+0800][9.060s][info][gc,metaspace] GC(128) Metaspace: 1059K(1216K)->1059K(1216K) NonClass: 994K(1088K)->994K(1088K) Class: 64K(128K)->64K(128K)
[2026-09-03T12:38:44.523+0800][9.060s][info][gc          ] GC(128) Pause Young (Mixed) (G1 Evacuation Pause) 218M->121M(256M) 2.035ms
[2026-09-03T12:38:44.523+0800][9.060s][info][gc,cpu      ] GC(128) User=0.02s Sys=0.00s Real=0.00s
[2026-09-03T12:38:44.524+0800][9.060s][info][safepoint   ] Safepoint "G1CollectForAllocation", Time since last: 83911791 ns, Reaching safepoint: 4667 ns, At safepoint: 2070333 ns, Leaving safepoint: 77625 ns, Total: 2152625 ns, Threads: 0 runnable, 42 total
[2026-09-03T12:38:44.613+0800][9.149s][info][gc,start    ] GC(129) Pause Young (Mixed) (G1 Evacuation Pause)
[2026-09-03T12:38:44.613+0800][9.149s][info][gc,task     ] GC(129) Using 9 workers of 9 for evacuation
[2026-09-03T12:38:44.615+0800][9.151s][info][gc,phases   ] GC(129)   Pre Evacuate Collection Set: 0.06ms
[2026-09-03T12:38:44.615+0800][9.151s][info][gc,phases   ] GC(129)   Merge Heap Roots: 0.02ms
[2026-09-03T12:38:44.615+0800][9.151s][info][gc,phases   ] GC(129)   Evacuate Collection Set: 1.75ms
[2026-09-03T12:38:44.615+0800][9.151s][info][gc,phases   ] GC(129)   Post Evacuate Collection Set: 0.11ms
[2026-09-03T12:38:44.615+0800][9.151s][info][gc,phases   ] GC(129)   Other: 0.06ms
[2026-09-03T12:38:44.615+0800][9.151s][info][gc,heap     ] GC(129) Eden regions: 94->0(92)
[2026-09-03T12:38:44.615+0800][9.151s][info][gc,heap     ] GC(129) Survivor regions: 13->14(14)
[2026-09-03T12:38:44.615+0800][9.151s][info][gc,heap     ] GC(129) Old regions: 109->111
[2026-09-03T12:38:44.615+0800][9.151s][info][gc,heap     ] GC(129) Humongous regions: 1->1
[2026-09-03T12:38:44.615+0800][9.151s][info][gc,metaspace] GC(129) Metaspace: 1059K(1216K)->1059K(1216K) NonClass: 994K(1088K)->994K(1088K) Class: 64K(128K)->64K(128K)
[2026-09-03T12:38:44.615+0800][9.151s][info][gc          ] GC(129) Pause Young (Mixed) (G1 Evacuation Pause) 215M->124M(256M) 2.095ms
[2026-09-03T12:38:44.615+0800][9.151s][info][gc,cpu      ] GC(129) User=0.02s Sys=0.01s Real=0.00s
[2026-09-03T12:38:44.615+0800][9.151s][info][safepoint   ] Safepoint "G1CollectForAllocation", Time since last: 89130000 ns, Reaching safepoint: 28584 ns, At safepoint: 2148625 ns, Leaving safepoint: 41708 ns, Total: 2218917 ns, Threads: 1 runnable, 42 total
[2026-09-03T12:38:44.702+0800][9.238s][info][gc,start    ] GC(130) Pause Young (Concurrent Start) (G1 Evacuation Pause)
[2026-09-03T12:38:44.702+0800][9.239s][info][gc,task     ] GC(130) Using 9 workers of 9 for evacuation
[2026-09-03T12:38:44.704+0800][9.241s][info][gc,phases   ] GC(130)   Pre Evacuate Collection Set: 0.06ms
[2026-09-03T12:38:44.704+0800][9.241s][info][gc,phases   ] GC(130)   Merge Heap Roots: 0.03ms
[2026-09-03T12:38:44.704+0800][9.241s][info][gc,phases   ] GC(130)   Evacuate Collection Set: 1.76ms
[2026-09-03T12:38:44.704+0800][9.241s][info][gc,phases   ] GC(130)   Post Evacuate Collection Set: 0.08ms
[2026-09-03T12:38:44.704+0800][9.241s][info][gc,phases   ] GC(130)   Other: 0.06ms
[2026-09-03T12:38:44.704+0800][9.241s][info][gc,heap     ] GC(130) Eden regions: 92->0(78)
[2026-09-03T12:38:44.704+0800][9.241s][info][gc,heap     ] GC(130) Survivor regions: 14->14(14)
[2026-09-03T12:38:44.704+0800][9.241s][info][gc,heap     ] GC(130) Old regions: 111->130
[2026-09-03T12:38:44.704+0800][9.241s][info][gc,heap     ] GC(130) Humongous regions: 1->1
[2026-09-03T12:38:44.704+0800][9.241s][info][gc,metaspace] GC(130) Metaspace: 1059K(1216K)->1059K(1216K) NonClass: 994K(1088K)->994K(1088K) Class: 64K(128K)->64K(128K)
[2026-09-03T12:38:44.704+0800][9.241s][info][gc          ] GC(130) Pause Young (Concurrent Start) (G1 Evacuation Pause) 216M->144M(256M) 2.095ms
[2026-09-03T12:38:44.704+0800][9.241s][info][gc,cpu      ] GC(130) User=0.01s Sys=0.01s Real=0.00s
[2026-09-03T12:38:44.704+0800][9.241s][info][gc          ] GC(131) Concurrent Mark Cycle
[2026-09-03T12:38:44.704+0800][9.241s][info][gc,marking  ] GC(131) Concurrent Scan Root Regions
[2026-09-03T12:38:44.704+0800][9.241s][info][safepoint   ] Safepoint "G1CollectForAllocation", Time since last: 86984208 ns, Reaching safepoint: 2042 ns, At safepoint: 2125042 ns, Leaving safepoint: 25458 ns, Total: 2152542 ns, Threads: 0 runnable, 42 total
[2026-09-03T12:38:44.706+0800][9.243s][info][gc,marking  ] GC(131) Concurrent Scan Root Regions 1.951ms
[2026-09-03T12:38:44.706+0800][9.243s][info][gc,marking  ] GC(131) Concurrent Mark
[2026-09-03T12:38:44.706+0800][9.243s][info][gc,marking  ] GC(131) Concurrent Mark From Roots
[2026-09-03T12:38:44.706+0800][9.243s][info][gc,task     ] GC(131) Concurrent Mark Using 2 of 2 Workers
[2026-09-03T12:38:44.711+0800][9.247s][info][gc,marking  ] GC(131) Concurrent Mark From Roots 4.541ms
[2026-09-03T12:38:44.711+0800][9.247s][info][gc,marking  ] GC(131) Concurrent Preclean
[2026-09-03T12:38:44.711+0800][9.247s][info][gc,marking  ] GC(131) Concurrent Preclean 0.009ms
[2026-09-03T12:38:44.711+0800][9.247s][info][gc,start    ] GC(131) Pause Remark
[2026-09-03T12:38:44.711+0800][9.248s][info][gc          ] GC(131) Pause Remark 151M->114M(256M) 0.314ms
[2026-09-03T12:38:44.711+0800][9.248s][info][gc,cpu      ] GC(131) User=0.00s Sys=0.00s Real=0.00s
[2026-09-03T12:38:44.711+0800][9.248s][info][safepoint   ] Safepoint "G1PauseRemark", Time since last: 6565958 ns, Reaching safepoint: 51292 ns, At safepoint: 334458 ns, Leaving safepoint: 28542 ns, Total: 414292 ns, Threads: 2 runnable, 42 total
[2026-09-03T12:38:44.711+0800][9.248s][info][gc,marking  ] GC(131) Concurrent Mark 5.064ms
[2026-09-03T12:38:44.711+0800][9.248s][info][gc,marking  ] GC(131) Concurrent Rebuild Remembered Sets and Scrub Regions
[2026-09-03T12:38:44.715+0800][9.252s][info][gc,marking  ] GC(131) Concurrent Rebuild Remembered Sets and Scrub Regions 3.849ms
[2026-09-03T12:38:44.715+0800][9.252s][info][gc,start    ] GC(131) Pause Cleanup
[2026-09-03T12:38:44.715+0800][9.252s][info][gc          ] GC(131) Pause Cleanup 119M->119M(256M) 0.032ms
[2026-09-03T12:38:44.715+0800][9.252s][info][gc,cpu      ] GC(131) User=0.00s Sys=0.00s Real=0.00s
[2026-09-03T12:38:44.715+0800][9.252s][info][safepoint   ] Safepoint "G1PauseCleanup", Time since last: 3966583 ns, Reaching safepoint: 45667 ns, At safepoint: 47625 ns, Leaving safepoint: 41042 ns, Total: 134334 ns, Threads: 3 runnable, 42 total
[2026-09-03T12:38:44.715+0800][9.252s][info][gc,marking  ] GC(131) Concurrent Clear Claimed Marks
[2026-09-03T12:38:44.715+0800][9.252s][info][gc,marking  ] GC(131) Concurrent Clear Claimed Marks 0.040ms
[2026-09-03T12:38:44.715+0800][9.252s][info][gc,marking  ] GC(131) Concurrent Cleanup for Next Mark
[2026-09-03T12:38:44.715+0800][9.252s][info][gc,marking  ] GC(131) Concurrent Cleanup for Next Mark 0.148ms
[2026-09-03T12:38:44.715+0800][9.252s][info][gc          ] GC(131) Concurrent Mark Cycle 11.382ms
[2026-09-03T12:38:44.778+0800][9.315s][info][gc,start    ] GC(132) Pause Young (Prepare Mixed) (G1 Evacuation Pause)
[2026-09-03T12:38:44.778+0800][9.315s][info][gc,task     ] GC(132) Using 9 workers of 9 for evacuation
[2026-09-03T12:38:44.780+0800][9.317s][info][gc,phases   ] GC(132)   Pre Evacuate Collection Set: 0.08ms
[2026-09-03T12:38:44.780+0800][9.317s][info][gc,phases   ] GC(132)   Merge Heap Roots: 0.03ms
[2026-09-03T12:38:44.780+0800][9.317s][info][gc,phases   ] GC(132)   Evacuate Collection Set: 1.60ms
[2026-09-03T12:38:44.780+0800][9.317s][info][gc,phases   ] GC(132)   Post Evacuate Collection Set: 0.08ms
[2026-09-03T12:38:44.780+0800][9.317s][info][gc,phases   ] GC(132)   Other: 0.06ms
[2026-09-03T12:38:44.780+0800][9.317s][info][gc,heap     ] GC(132) Eden regions: 78->0(93)
[2026-09-03T12:38:44.780+0800][9.317s][info][gc,heap     ] GC(132) Survivor regions: 14->12(12)
[2026-09-03T12:38:44.780+0800][9.317s][info][gc,heap     ] GC(132) Old regions: 93->111
[2026-09-03T12:38:44.780+0800][9.317s][info][gc,heap     ] GC(132) Humongous regions: 1->1
[2026-09-03T12:38:44.780+0800][9.317s][info][gc,metaspace] GC(132) Metaspace: 1059K(1216K)->1059K(1216K) NonClass: 994K(1088K)->994K(1088K) Class: 64K(128K)->64K(128K)
[2026-09-03T12:38:44.780+0800][9.317s][info][gc          ] GC(132) Pause Young (Prepare Mixed) (G1 Evacuation Pause) 185M->123M(256M) 1.938ms
[2026-09-03T12:38:44.780+0800][9.317s][info][gc,cpu      ] GC(132) User=0.01s Sys=0.00s Real=0.01s
[2026-09-03T12:38:44.780+0800][9.317s][info][safepoint   ] Safepoint "G1CollectForAllocation", Time since last: 62947666 ns, Reaching safepoint: 1875 ns, At safepoint: 1961167 ns, Leaving safepoint: 23667 ns, Total: 1986709 ns, Threads: 0 runnable, 42 total
[2026-09-03T12:38:44.868+0800][9.405s][info][gc,start    ] GC(133) Pause Young (Mixed) (G1 Evacuation Pause)
[2026-09-03T12:38:44.868+0800][9.405s][info][gc,task     ] GC(133) Using 9 workers of 9 for evacuation
[2026-09-03T12:38:44.870+0800][9.407s][info][gc,phases   ] GC(133)   Pre Evacuate Collection Set: 0.05ms
[2026-09-03T12:38:44.870+0800][9.407s][info][gc,phases   ] GC(133)   Merge Heap Roots: 0.03ms
[2026-09-03T12:38:44.870+0800][9.407s][info][gc,phases   ] GC(133)   Evacuate Collection Set: 1.76ms
[2026-09-03T12:38:44.870+0800][9.407s][info][gc,phases   ] GC(133)   Post Evacuate Collection Set: 0.12ms
[2026-09-03T12:38:44.870+0800][9.407s][info][gc,phases   ] GC(133)   Other: 0.06ms
[2026-09-03T12:38:44.870+0800][9.407s][info][gc,heap     ] GC(133) Eden regions: 93->0(100)
[2026-09-03T12:38:44.870+0800][9.407s][info][gc,heap     ] GC(133) Survivor regions: 12->14(14)
[2026-09-03T12:38:44.870+0800][9.407s][info][gc,heap     ] GC(133) Old regions: 111->99
[2026-09-03T12:38:44.870+0800][9.407s][info][gc,heap     ] GC(133) Humongous regions: 1->1
[2026-09-03T12:38:44.870+0800][9.407s][info][gc,metaspace] GC(133) Metaspace: 1059K(1216K)->1059K(1216K) NonClass: 994K(1088K)->994K(1088K) Class: 64K(128K)->64K(128K)
[2026-09-03T12:38:44.870+0800][9.407s][info][gc          ] GC(133) Pause Young (Mixed) (G1 Evacuation Pause) 216M->113M(256M) 2.118ms
[2026-09-03T12:38:44.870+0800][9.407s][info][gc,cpu      ] GC(133) User=0.02s Sys=0.00s Real=0.01s
[2026-09-03T12:38:44.870+0800][9.407s][info][safepoint   ] Safepoint "G1CollectForAllocation", Time since last: 87902208 ns, Reaching safepoint: 24667 ns, At safepoint: 2142750 ns, Leaving safepoint: 44833 ns, Total: 2212250 ns, Threads: 2 runnable, 42 total
[2026-09-03T12:38:44.965+0800][9.501s][info][gc,start    ] GC(134) Pause Young (Mixed) (G1 Evacuation Pause)
[2026-09-03T12:38:44.965+0800][9.501s][info][gc,task     ] GC(134) Using 9 workers of 9 for evacuation
[2026-09-03T12:38:44.967+0800][9.504s][info][gc,phases   ] GC(134)   Pre Evacuate Collection Set: 0.07ms
[2026-09-03T12:38:44.967+0800][9.504s][info][gc,phases   ] GC(134)   Merge Heap Roots: 0.04ms
[2026-09-03T12:38:44.967+0800][9.504s][info][gc,phases   ] GC(134)   Evacuate Collection Set: 1.94ms
[2026-09-03T12:38:44.967+0800][9.504s][info][gc,phases   ] GC(134)   Post Evacuate Collection Set: 0.12ms
[2026-09-03T12:38:44.967+0800][9.504s][info][gc,phases   ] GC(134)   Other: 0.06ms
[2026-09-03T12:38:44.967+0800][9.504s][info][gc,heap     ] GC(134) Eden regions: 100->0(90)
[2026-09-03T12:38:44.967+0800][9.504s][info][gc,heap     ] GC(134) Survivor regions: 14->15(15)
[2026-09-03T12:38:44.967+0800][9.504s][info][gc,heap     ] GC(134) Old regions: 99->113
[2026-09-03T12:38:44.967+0800][9.504s][info][gc,heap     ] GC(134) Humongous regions: 1->1
[2026-09-03T12:38:44.967+0800][9.504s][info][gc,metaspace] GC(134) Metaspace: 1059K(1216K)->1059K(1216K) NonClass: 994K(1088K)->994K(1088K) Class: 64K(128K)->64K(128K)
[2026-09-03T12:38:44.967+0800][9.504s][info][gc          ] GC(134) Pause Young (Mixed) (G1 Evacuation Pause) 213M->128M(256M) 2.340ms
[2026-09-03T12:38:44.967+0800][9.504s][info][gc,cpu      ] GC(134) User=0.02s Sys=0.00s Real=0.00s
[2026-09-03T12:38:44.967+0800][9.504s][info][safepoint   ] Safepoint "G1CollectForAllocation", Time since last: 94455333 ns, Reaching safepoint: 34959 ns, At safepoint: 2365000 ns, Leaving safepoint: 44666 ns, Total: 2444625 ns, Threads: 1 runnable, 42 total
[2026-09-03T12:38:45.053+0800][9.590s][info][gc,start    ] GC(135) Pause Young (Concurrent Start) (G1 Evacuation Pause)
[2026-09-03T12:38:45.053+0800][9.590s][info][gc,task     ] GC(135) Using 9 workers of 9 for evacuation
[2026-09-03T12:38:45.055+0800][9.592s][info][gc,phases   ] GC(135)   Pre Evacuate Collection Set: 0.06ms
[2026-09-03T12:38:45.055+0800][9.592s][info][gc,phases   ] GC(135)   Merge Heap Roots: 0.02ms
[2026-09-03T12:38:45.055+0800][9.592s][info][gc,phases   ] GC(135)   Evacuate Collection Set: 1.75ms
[2026-09-03T12:38:45.055+0800][9.592s][info][gc,phases   ] GC(135)   Post Evacuate Collection Set: 0.10ms
[2026-09-03T12:38:45.055+0800][9.592s][info][gc,phases   ] GC(135)   Other: 0.06ms
[2026-09-03T12:38:45.055+0800][9.592s][info][gc,heap     ] GC(135) Eden regions: 90->0(76)
[2026-09-03T12:38:45.055+0800][9.592s][info][gc,heap     ] GC(135) Survivor regions: 15->14(14)
[2026-09-03T12:38:45.055+0800][9.592s][info][gc,heap     ] GC(135) Old regions: 113->133
[2026-09-03T12:38:45.055+0800][9.592s][info][gc,heap     ] GC(135) Humongous regions: 1->1
[2026-09-03T12:38:45.055+0800][9.592s][info][gc,metaspace] GC(135) Metaspace: 1059K(1216K)->1059K(1216K) NonClass: 994K(1088K)->994K(1088K) Class: 64K(128K)->64K(128K)
[2026-09-03T12:38:45.055+0800][9.592s][info][gc          ] GC(135) Pause Young (Concurrent Start) (G1 Evacuation Pause) 218M->146M(256M) 2.105ms
[2026-09-03T12:38:45.055+0800][9.592s][info][gc,cpu      ] GC(135) User=0.02s Sys=0.00s Real=0.00s
[2026-09-03T12:38:45.055+0800][9.592s][info][gc          ] GC(136) Concurrent Mark Cycle
[2026-09-03T12:38:45.056+0800][9.592s][info][gc,marking  ] GC(136) Concurrent Scan Root Regions
[2026-09-03T12:38:45.056+0800][9.592s][info][safepoint   ] Safepoint "G1CollectForAllocation", Time since last: 86279834 ns, Reaching safepoint: 27000 ns, At safepoint: 2157541 ns, Leaving safepoint: 23209 ns, Total: 2207750 ns, Threads: 1 runnable, 42 total
[2026-09-03T12:38:45.057+0800][9.594s][info][gc,marking  ] GC(136) Concurrent Scan Root Regions 1.950ms
[2026-09-03T12:38:45.057+0800][9.594s][info][gc,marking  ] GC(136) Concurrent Mark
[2026-09-03T12:38:45.057+0800][9.594s][info][gc,marking  ] GC(136) Concurrent Mark From Roots
[2026-09-03T12:38:45.057+0800][9.594s][info][gc,task     ] GC(136) Concurrent Mark Using 2 of 2 Workers
[2026-09-03T12:38:45.062+0800][9.599s][info][gc,marking  ] GC(136) Concurrent Mark From Roots 4.605ms
[2026-09-03T12:38:45.062+0800][9.599s][info][gc,marking  ] GC(136) Concurrent Preclean
[2026-09-03T12:38:45.062+0800][9.599s][info][gc,marking  ] GC(136) Concurrent Preclean 0.010ms
[2026-09-03T12:38:45.062+0800][9.599s][info][gc,start    ] GC(136) Pause Remark
[2026-09-03T12:38:45.062+0800][9.599s][info][gc          ] GC(136) Pause Remark 154M->117M(256M) 0.349ms
[2026-09-03T12:38:45.063+0800][9.599s][info][gc,cpu      ] GC(136) User=0.00s Sys=0.00s Real=0.00s
[2026-09-03T12:38:45.063+0800][9.599s][info][safepoint   ] Safepoint "G1PauseRemark", Time since last: 6624708 ns, Reaching safepoint: 2333 ns, At safepoint: 369000 ns, Leaving safepoint: 31667 ns, Total: 403000 ns, Threads: 0 runnable, 42 total
[2026-09-03T12:38:45.063+0800][9.599s][info][gc,marking  ] GC(136) Concurrent Mark 5.115ms
[2026-09-03T12:38:45.063+0800][9.599s][info][gc,marking  ] GC(136) Concurrent Rebuild Remembered Sets and Scrub Regions
[2026-09-03T12:38:45.066+0800][9.603s][info][gc,marking  ] GC(136) Concurrent Rebuild Remembered Sets and Scrub Regions 3.303ms
[2026-09-03T12:38:45.066+0800][9.603s][info][gc,start    ] GC(136) Pause Cleanup
[2026-09-03T12:38:45.066+0800][9.603s][info][gc          ] GC(136) Pause Cleanup 121M->121M(256M) 0.086ms
[2026-09-03T12:38:45.066+0800][9.603s][info][gc,cpu      ] GC(136) User=0.00s Sys=0.00s Real=0.00s
[2026-09-03T12:38:45.066+0800][9.603s][info][safepoint   ] Safepoint "G1PauseCleanup", Time since last: 3362583 ns, Reaching safepoint: 1875 ns, At safepoint: 121292 ns, Leaving safepoint: 27542 ns, Total: 150709 ns, Threads: 0 runnable, 42 total
[2026-09-03T12:38:45.066+0800][9.603s][info][gc,marking  ] GC(136) Concurrent Clear Claimed Marks
[2026-09-03T12:38:45.066+0800][9.603s][info][gc,marking  ] GC(136) Concurrent Clear Claimed Marks 0.032ms
[2026-09-03T12:38:45.066+0800][9.603s][info][gc,marking  ] GC(136) Concurrent Cleanup for Next Mark
[2026-09-03T12:38:45.066+0800][9.603s][info][gc,marking  ] GC(136) Concurrent Cleanup for Next Mark 0.258ms
[2026-09-03T12:38:45.066+0800][9.603s][info][gc          ] GC(136) Concurrent Mark Cycle 10.950ms
[2026-09-03T12:38:45.128+0800][9.664s][info][gc,start    ] GC(137) Pause Young (Prepare Mixed) (G1 Evacuation Pause)
[2026-09-03T12:38:45.128+0800][9.664s][info][gc,task     ] GC(137) Using 9 workers of 9 for evacuation
[2026-09-03T12:38:45.130+0800][9.666s][info][gc,phases   ] GC(137)   Pre Evacuate Collection Set: 0.08ms
[2026-09-03T12:38:45.130+0800][9.666s][info][gc,phases   ] GC(137)   Merge Heap Roots: 0.04ms
[2026-09-03T12:38:45.130+0800][9.666s][info][gc,phases   ] GC(137)   Evacuate Collection Set: 1.58ms
[2026-09-03T12:38:45.130+0800][9.666s][info][gc,phases   ] GC(137)   Post Evacuate Collection Set: 0.09ms
[2026-09-03T12:38:45.130+0800][9.666s][info][gc,phases   ] GC(137)   Other: 0.05ms
[2026-09-03T12:38:45.130+0800][9.666s][info][gc,heap     ] GC(137) Eden regions: 76->0(92)
[2026-09-03T12:38:45.130+0800][9.666s][info][gc,heap     ] GC(137) Survivor regions: 14->12(12)
[2026-09-03T12:38:45.130+0800][9.666s][info][gc,heap     ] GC(137) Old regions: 96->113
[2026-09-03T12:38:45.130+0800][9.666s][info][gc,heap     ] GC(137) Humongous regions: 1->1
[2026-09-03T12:38:45.130+0800][9.666s][info][gc,metaspace] GC(137) Metaspace: 1059K(1216K)->1059K(1216K) NonClass: 994K(1088K)->994K(1088K) Class: 64K(128K)->64K(128K)
[2026-09-03T12:38:45.130+0800][9.666s][info][gc          ] GC(137) Pause Young (Prepare Mixed) (G1 Evacuation Pause) 185M->125M(256M) 1.960ms
[2026-09-03T12:38:45.130+0800][9.666s][info][gc,cpu      ] GC(137) User=0.01s Sys=0.00s Real=0.01s
[2026-09-03T12:38:45.130+0800][9.666s][info][safepoint   ] Safepoint "G1CollectForAllocation", Time since last: 61646583 ns, Reaching safepoint: 18875 ns, At safepoint: 1983167 ns, Leaving safepoint: 28375 ns, Total: 2030417 ns, Threads: 2 runnable, 42 total
[2026-09-03T12:38:45.216+0800][9.753s][info][gc,start    ] GC(138) Pause Young (Mixed) (G1 Evacuation Pause)
[2026-09-03T12:38:45.216+0800][9.753s][info][gc,task     ] GC(138) Using 9 workers of 9 for evacuation
[2026-09-03T12:38:45.218+0800][9.755s][info][gc,phases   ] GC(138)   Pre Evacuate Collection Set: 0.06ms
[2026-09-03T12:38:45.218+0800][9.755s][info][gc,phases   ] GC(138)   Merge Heap Roots: 0.04ms
[2026-09-03T12:38:45.218+0800][9.755s][info][gc,phases   ] GC(138)   Evacuate Collection Set: 1.88ms
[2026-09-03T12:38:45.218+0800][9.755s][info][gc,phases   ] GC(138)   Post Evacuate Collection Set: 0.11ms
[2026-09-03T12:38:45.218+0800][9.755s][info][gc,phases   ] GC(138)   Other: 0.09ms
[2026-09-03T12:38:45.218+0800][9.755s][info][gc,heap     ] GC(138) Eden regions: 92->0(99)
[2026-09-03T12:38:45.218+0800][9.755s][info][gc,heap     ] GC(138) Survivor regions: 12->13(13)
[2026-09-03T12:38:45.218+0800][9.755s][info][gc,heap     ] GC(138) Old regions: 113->102
[2026-09-03T12:38:45.218+0800][9.755s][info][gc,heap     ] GC(138) Humongous regions: 1->1
[2026-09-03T12:38:45.218+0800][9.755s][info][gc,metaspace] GC(138) Metaspace: 1059K(1216K)->1059K(1216K) NonClass: 994K(1088K)->994K(1088K) Class: 64K(128K)->64K(128K)
[2026-09-03T12:38:45.218+0800][9.755s][info][gc          ] GC(138) Pause Young (Mixed) (G1 Evacuation Pause) 217M->114M(256M) 2.296ms
[2026-09-03T12:38:45.218+0800][9.755s][info][gc,cpu      ] GC(138) User=0.01s Sys=0.00s Real=0.00s
[2026-09-03T12:38:45.218+0800][9.755s][info][safepoint   ] Safepoint "G1CollectForAllocation", Time since last: 86350000 ns, Reaching safepoint: 3375 ns, At safepoint: 2319250 ns, Leaving safepoint: 27916 ns, Total: 2350541 ns, Threads: 0 runnable, 42 total
[2026-09-03T12:38:45.309+0800][9.846s][info][gc,start    ] GC(139) Pause Young (Mixed) (G1 Evacuation Pause)
[2026-09-03T12:38:45.310+0800][9.846s][info][gc,task     ] GC(139) Using 9 workers of 9 for evacuation
[2026-09-03T12:38:45.312+0800][9.848s][info][gc,phases   ] GC(139)   Pre Evacuate Collection Set: 0.07ms
[2026-09-03T12:38:45.312+0800][9.848s][info][gc,phases   ] GC(139)   Merge Heap Roots: 0.03ms
[2026-09-03T12:38:45.312+0800][9.848s][info][gc,phases   ] GC(139)   Evacuate Collection Set: 1.77ms
[2026-09-03T12:38:45.312+0800][9.848s][info][gc,phases   ] GC(139)   Post Evacuate Collection Set: 0.10ms
[2026-09-03T12:38:45.312+0800][9.848s][info][gc,phases   ] GC(139)   Other: 0.07ms
[2026-09-03T12:38:45.312+0800][9.848s][info][gc,heap     ] GC(139) Eden regions: 99->0(90)
[2026-09-03T12:38:45.312+0800][9.848s][info][gc,heap     ] GC(139) Survivor regions: 13->14(14)
[2026-09-03T12:38:45.312+0800][9.848s][info][gc,heap     ] GC(139) Old regions: 102->114
[2026-09-03T12:38:45.312+0800][9.848s][info][gc,heap     ] GC(139) Humongous regions: 1->1
[2026-09-03T12:38:45.312+0800][9.848s][info][gc,metaspace] GC(139) Metaspace: 1059K(1216K)->1059K(1216K) NonClass: 994K(1088K)->994K(1088K) Class: 64K(128K)->64K(128K)
[2026-09-03T12:38:45.312+0800][9.848s][info][gc          ] GC(139) Pause Young (Mixed) (G1 Evacuation Pause) 213M->128M(256M) 2.158ms
[2026-09-03T12:38:45.312+0800][9.848s][info][gc,cpu      ] GC(139) User=0.01s Sys=0.00s Real=0.01s
[2026-09-03T12:38:45.312+0800][9.848s][info][safepoint   ] Safepoint "G1CollectForAllocation", Time since last: 91021125 ns, Reaching safepoint: 4542 ns, At safepoint: 2208667 ns, Leaving safepoint: 50625 ns, Total: 2263834 ns, Threads: 0 runnable, 42 total
[2026-09-03T12:38:45.394+0800][9.931s][info][gc,start    ] GC(140) Pause Young (Concurrent Start) (G1 Evacuation Pause)
[2026-09-03T12:38:45.394+0800][9.931s][info][gc,task     ] GC(140) Using 9 workers of 9 for evacuation
[2026-09-03T12:38:45.396+0800][9.933s][info][gc,phases   ] GC(140)   Pre Evacuate Collection Set: 0.10ms
[2026-09-03T12:38:45.396+0800][9.933s][info][gc,phases   ] GC(140)   Merge Heap Roots: 0.02ms
[2026-09-03T12:38:45.396+0800][9.933s][info][gc,phases   ] GC(140)   Evacuate Collection Set: 1.71ms
[2026-09-03T12:38:45.396+0800][9.933s][info][gc,phases   ] GC(140)   Post Evacuate Collection Set: 0.10ms
[2026-09-03T12:38:45.396+0800][9.933s][info][gc,phases   ] GC(140)   Other: 0.06ms
[2026-09-03T12:38:45.396+0800][9.933s][info][gc,heap     ] GC(140) Eden regions: 90->0(76)
[2026-09-03T12:38:45.396+0800][9.933s][info][gc,heap     ] GC(140) Survivor regions: 14->13(13)
[2026-09-03T12:38:45.396+0800][9.933s][info][gc,heap     ] GC(140) Old regions: 114->134
[2026-09-03T12:38:45.396+0800][9.933s][info][gc,heap     ] GC(140) Humongous regions: 1->1
[2026-09-03T12:38:45.396+0800][9.933s][info][gc,metaspace] GC(140) Metaspace: 1059K(1216K)->1059K(1216K) NonClass: 994K(1088K)->994K(1088K) Class: 64K(128K)->64K(128K)
[2026-09-03T12:38:45.396+0800][9.933s][info][gc          ] GC(140) Pause Young (Concurrent Start) (G1 Evacuation Pause) 218M->146M(256M) 2.081ms
[2026-09-03T12:38:45.396+0800][9.933s][info][gc,cpu      ] GC(140) User=0.02s Sys=0.00s Real=0.00s
[2026-09-03T12:38:45.396+0800][9.933s][info][gc          ] GC(141) Concurrent Mark Cycle
[2026-09-03T12:38:45.396+0800][9.933s][info][gc,marking  ] GC(141) Concurrent Scan Root Regions
[2026-09-03T12:38:45.396+0800][9.933s][info][safepoint   ] Safepoint "G1CollectForAllocation", Time since last: 82148333 ns, Reaching safepoint: 2625 ns, At safepoint: 2109083 ns, Leaving safepoint: 42542 ns, Total: 2154250 ns, Threads: 0 runnable, 42 total
[2026-09-03T12:38:45.398+0800][9.934s][info][gc,marking  ] GC(141) Concurrent Scan Root Regions 1.831ms
[2026-09-03T12:38:45.398+0800][9.934s][info][gc,marking  ] GC(141) Concurrent Mark
[2026-09-03T12:38:45.398+0800][9.934s][info][gc,marking  ] GC(141) Concurrent Mark From Roots
[2026-09-03T12:38:45.398+0800][9.935s][info][gc,task     ] GC(141) Concurrent Mark Using 2 of 2 Workers
[2026-09-03T12:38:45.402+0800][9.939s][info][gc,marking  ] GC(141) Concurrent Mark From Roots 4.494ms
[2026-09-03T12:38:45.402+0800][9.939s][info][gc,marking  ] GC(141) Concurrent Preclean
[2026-09-03T12:38:45.402+0800][9.939s][info][gc,marking  ] GC(141) Concurrent Preclean 0.011ms
[2026-09-03T12:38:45.402+0800][9.939s][info][gc,start    ] GC(141) Pause Remark
[2026-09-03T12:38:45.403+0800][9.939s][info][gc          ] GC(141) Pause Remark 154M->117M(256M) 0.316ms
[2026-09-03T12:38:45.403+0800][9.939s][info][gc,cpu      ] GC(141) User=0.00s Sys=0.00s Real=0.00s
[2026-09-03T12:38:45.403+0800][9.939s][info][safepoint   ] Safepoint "G1PauseRemark", Time since last: 6388417 ns, Reaching safepoint: 33500 ns, At safepoint: 337125 ns, Leaving safepoint: 26791 ns, Total: 397416 ns, Threads: 3 runnable, 42 total
[2026-09-03T12:38:45.403+0800][9.940s][info][gc,marking  ] GC(141) Concurrent Mark 5.015ms
[2026-09-03T12:38:45.403+0800][9.940s][info][gc,marking  ] GC(141) Concurrent Rebuild Remembered Sets and Scrub Regions
[2026-09-03T12:38:45.406+0800][9.943s][info][gc,marking  ] GC(141) Concurrent Rebuild Remembered Sets and Scrub Regions 3.470ms
[2026-09-03T12:38:45.406+0800][9.943s][info][gc,start    ] GC(141) Pause Cleanup
[2026-09-03T12:38:45.406+0800][9.943s][info][gc          ] GC(141) Pause Cleanup 121M->121M(256M) 0.066ms
[2026-09-03T12:38:45.407+0800][9.943s][info][gc,cpu      ] GC(141) User=0.00s Sys=0.00s Real=0.00s
[2026-09-03T12:38:45.407+0800][9.943s][info][safepoint   ] Safepoint "G1PauseCleanup", Time since last: 3590625 ns, Reaching safepoint: 4584 ns, At safepoint: 103291 ns, Leaving safepoint: 25917 ns, Total: 133792 ns, Threads: 0 runnable, 42 total
[2026-09-03T12:38:45.407+0800][9.943s][info][gc,marking  ] GC(141) Concurrent Clear Claimed Marks
[2026-09-03T12:38:45.407+0800][9.943s][info][gc,marking  ] GC(141) Concurrent Clear Claimed Marks 0.027ms
[2026-09-03T12:38:45.407+0800][9.943s][info][gc,marking  ] GC(141) Concurrent Cleanup for Next Mark
[2026-09-03T12:38:45.407+0800][9.943s][info][gc,marking  ] GC(141) Concurrent Cleanup for Next Mark 0.189ms
[2026-09-03T12:38:45.407+0800][9.943s][info][gc          ] GC(141) Concurrent Mark Cycle 10.819ms
[2026-09-03T12:38:45.468+0800][10.005s][info][gc,start    ] GC(142) Pause Young (Prepare Mixed) (G1 Evacuation Pause)
[2026-09-03T12:38:45.468+0800][10.005s][info][gc,task     ] GC(142) Using 9 workers of 9 for evacuation
[2026-09-03T12:38:45.470+0800][10.006s][info][gc,phases   ] GC(142)   Pre Evacuate Collection Set: 0.08ms
[2026-09-03T12:38:45.470+0800][10.006s][info][gc,phases   ] GC(142)   Merge Heap Roots: 0.02ms
[2026-09-03T12:38:45.470+0800][10.006s][info][gc,phases   ] GC(142)   Evacuate Collection Set: 1.53ms
[2026-09-03T12:38:45.470+0800][10.007s][info][gc,phases   ] GC(142)   Post Evacuate Collection Set: 0.10ms
[2026-09-03T12:38:45.470+0800][10.007s][info][gc,phases   ] GC(142)   Other: 0.06ms
[2026-09-03T12:38:45.470+0800][10.007s][info][gc,heap     ] GC(142) Eden regions: 76->0(91)
[2026-09-03T12:38:45.470+0800][10.007s][info][gc,heap     ] GC(142) Survivor regions: 13->12(12)
[2026-09-03T12:38:45.470+0800][10.007s][info][gc,heap     ] GC(142) Old regions: 97->114
[2026-09-03T12:38:45.470+0800][10.007s][info][gc,heap     ] GC(142) Humongous regions: 1->1
[2026-09-03T12:38:45.470+0800][10.007s][info][gc,metaspace] GC(142) Metaspace: 1059K(1216K)->1059K(1216K) NonClass: 994K(1088K)->994K(1088K) Class: 64K(128K)->64K(128K)
[2026-09-03T12:38:45.470+0800][10.007s][info][gc          ] GC(142) Pause Young (Prepare Mixed) (G1 Evacuation Pause) 185M->125M(256M) 1.893ms
[2026-09-03T12:38:45.470+0800][10.007s][info][gc,cpu      ] GC(142) User=0.02s Sys=0.00s Real=0.01s
[2026-09-03T12:38:45.470+0800][10.007s][info][safepoint   ] Safepoint "G1CollectForAllocation", Time since last: 61427833 ns, Reaching safepoint: 4625 ns, At safepoint: 1947792 ns, Leaving safepoint: 36292 ns, Total: 1988709 ns, Threads: 0 runnable, 42 total
[2026-09-03T12:38:45.556+0800][10.092s][info][gc,start    ] GC(143) Pause Young (Mixed) (G1 Evacuation Pause)
[2026-09-03T12:38:45.556+0800][10.092s][info][gc,task     ] GC(143) Using 9 workers of 9 for evacuation
[2026-09-03T12:38:45.558+0800][10.094s][info][gc,phases   ] GC(143)   Pre Evacuate Collection Set: 0.08ms
[2026-09-03T12:38:45.558+0800][10.094s][info][gc,phases   ] GC(143)   Merge Heap Roots: 0.03ms
[2026-09-03T12:38:45.558+0800][10.094s][info][gc,phases   ] GC(143)   Evacuate Collection Set: 1.75ms
[2026-09-03T12:38:45.558+0800][10.094s][info][gc,phases   ] GC(143)   Post Evacuate Collection Set: 0.11ms
[2026-09-03T12:38:45.558+0800][10.094s][info][gc,phases   ] GC(143)   Other: 0.06ms
[2026-09-03T12:38:45.558+0800][10.094s][info][gc,heap     ] GC(143) Eden regions: 91->0(99)
[2026-09-03T12:38:45.558+0800][10.094s][info][gc,heap     ] GC(143) Survivor regions: 12->13(13)
[2026-09-03T12:38:45.558+0800][10.094s][info][gc,heap     ] GC(143) Old regions: 114->102
[2026-09-03T12:38:45.558+0800][10.094s][info][gc,heap     ] GC(143) Humongous regions: 1->1
[2026-09-03T12:38:45.558+0800][10.094s][info][gc,metaspace] GC(143) Metaspace: 1059K(1216K)->1059K(1216K) NonClass: 994K(1088K)->994K(1088K) Class: 64K(128K)->64K(128K)
[2026-09-03T12:38:45.558+0800][10.094s][info][gc          ] GC(143) Pause Young (Mixed) (G1 Evacuation Pause) 216M->114M(256M) 2.126ms
[2026-09-03T12:38:45.558+0800][10.094s][info][gc,cpu      ] GC(143) User=0.01s Sys=0.00s Real=0.00s
[2026-09-03T12:38:45.558+0800][10.094s][info][safepoint   ] Safepoint "G1CollectForAllocation", Time since last: 85574083 ns, Reaching safepoint: 25667 ns, At safepoint: 2150083 ns, Leaving safepoint: 41917 ns, Total: 2217667 ns, Threads: 1 runnable, 42 total
[2026-09-03T12:38:45.651+0800][10.188s][info][gc,start    ] GC(144) Pause Young (Mixed) (G1 Evacuation Pause)
[2026-09-03T12:38:45.651+0800][10.188s][info][gc,task     ] GC(144) Using 9 workers of 9 for evacuation
[2026-09-03T12:38:45.653+0800][10.190s][info][gc,phases   ] GC(144)   Pre Evacuate Collection Set: 0.07ms
[2026-09-03T12:38:45.654+0800][10.190s][info][gc,phases   ] GC(144)   Merge Heap Roots: 0.03ms
[2026-09-03T12:38:45.654+0800][10.190s][info][gc,phases   ] GC(144)   Evacuate Collection Set: 1.77ms
[2026-09-03T12:38:45.654+0800][10.190s][info][gc,phases   ] GC(144)   Post Evacuate Collection Set: 0.10ms
[2026-09-03T12:38:45.654+0800][10.190s][info][gc,phases   ] GC(144)   Other: 0.07ms
[2026-09-03T12:38:45.654+0800][10.190s][info][gc,heap     ] GC(144) Eden regions: 99->0(91)
[2026-09-03T12:38:45.654+0800][10.190s][info][gc,heap     ] GC(144) Survivor regions: 13->14(14)
[2026-09-03T12:38:45.654+0800][10.190s][info][gc,heap     ] GC(144) Old regions: 102->112
[2026-09-03T12:38:45.654+0800][10.190s][info][gc,heap     ] GC(144) Humongous regions: 1->1
[2026-09-03T12:38:45.654+0800][10.190s][info][gc,metaspace] GC(144) Metaspace: 1059K(1216K)->1059K(1216K) NonClass: 994K(1088K)->994K(1088K) Class: 64K(128K)->64K(128K)
[2026-09-03T12:38:45.654+0800][10.190s][info][gc          ] GC(144) Pause Young (Mixed) (G1 Evacuation Pause) 213M->126M(256M) 2.182ms
[2026-09-03T12:38:45.654+0800][10.190s][info][gc,cpu      ] GC(144) User=0.01s Sys=0.00s Real=0.00s
[2026-09-03T12:38:45.654+0800][10.190s][info][safepoint   ] Safepoint "G1CollectForAllocation", Time since last: 93597166 ns, Reaching safepoint: 5167 ns, At safepoint: 2214708 ns, Leaving safepoint: 41042 ns, Total: 2260917 ns, Threads: 0 runnable, 42 total
[2026-09-03T12:38:45.740+0800][10.276s][info][gc,start    ] GC(145) Pause Young (Concurrent Start) (G1 Evacuation Pause)
[2026-09-03T12:38:45.740+0800][10.276s][info][gc,task     ] GC(145) Using 9 workers of 9 for evacuation
[2026-09-03T12:38:45.742+0800][10.279s][info][gc,phases   ] GC(145)   Pre Evacuate Collection Set: 0.08ms
[2026-09-03T12:38:45.742+0800][10.279s][info][gc,phases   ] GC(145)   Merge Heap Roots: 0.02ms
[2026-09-03T12:38:45.742+0800][10.279s][info][gc,phases   ] GC(145)   Evacuate Collection Set: 2.02ms
[2026-09-03T12:38:45.742+0800][10.279s][info][gc,phases   ] GC(145)   Post Evacuate Collection Set: 0.10ms
[2026-09-03T12:38:45.742+0800][10.279s][info][gc,phases   ] GC(145)   Other: 0.06ms
[2026-09-03T12:38:45.742+0800][10.279s][info][gc,heap     ] GC(145) Eden regions: 91->0(78)
[2026-09-03T12:38:45.742+0800][10.279s][info][gc,heap     ] GC(145) Survivor regions: 14->14(14)
[2026-09-03T12:38:45.742+0800][10.279s][info][gc,heap     ] GC(145) Old regions: 112->131
[2026-09-03T12:38:45.742+0800][10.279s][info][gc,heap     ] GC(145) Humongous regions: 1->1
[2026-09-03T12:38:45.742+0800][10.279s][info][gc,metaspace] GC(145) Metaspace: 1059K(1216K)->1059K(1216K) NonClass: 994K(1088K)->994K(1088K) Class: 64K(128K)->64K(128K)
[2026-09-03T12:38:45.742+0800][10.279s][info][gc          ] GC(145) Pause Young (Concurrent Start) (G1 Evacuation Pause) 217M->145M(256M) 2.389ms
[2026-09-03T12:38:45.742+0800][10.279s][info][gc,cpu      ] GC(145) User=0.02s Sys=0.00s Real=0.00s
[2026-09-03T12:38:45.742+0800][10.279s][info][gc          ] GC(146) Concurrent Mark Cycle
[2026-09-03T12:38:45.742+0800][10.279s][info][gc,marking  ] GC(146) Concurrent Scan Root Regions
[2026-09-03T12:38:45.742+0800][10.279s][info][safepoint   ] Safepoint "G1CollectForAllocation", Time since last: 85978667 ns, Reaching safepoint: 29708 ns, At safepoint: 2417792 ns, Leaving safepoint: 39333 ns, Total: 2486833 ns, Threads: 3 runnable, 42 total
[2026-09-03T12:38:45.744+0800][10.281s][info][gc,marking  ] GC(146) Concurrent Scan Root Regions 1.963ms
[2026-09-03T12:38:45.744+0800][10.281s][info][gc,marking  ] GC(146) Concurrent Mark
[2026-09-03T12:38:45.744+0800][10.281s][info][gc,marking  ] GC(146) Concurrent Mark From Roots
[2026-09-03T12:38:45.744+0800][10.281s][info][gc,task     ] GC(146) Concurrent Mark Using 2 of 2 Workers
[2026-09-03T12:38:45.748+0800][10.284s][info][gc,marking  ] GC(146) Concurrent Mark From Roots 3.696ms
[2026-09-03T12:38:45.748+0800][10.284s][info][gc,marking  ] GC(146) Concurrent Preclean
[2026-09-03T12:38:45.748+0800][10.284s][info][gc,marking  ] GC(146) Concurrent Preclean 0.008ms
[2026-09-03T12:38:45.748+0800][10.284s][info][gc,start    ] GC(146) Pause Remark
[2026-09-03T12:38:45.748+0800][10.285s][info][gc          ] GC(146) Pause Remark 152M->115M(256M) 0.338ms
[2026-09-03T12:38:45.748+0800][10.285s][info][gc,cpu      ] GC(146) User=0.00s Sys=0.00s Real=0.00s
[2026-09-03T12:38:45.748+0800][10.285s][info][safepoint   ] Safepoint "G1PauseRemark", Time since last: 5710958 ns, Reaching safepoint: 19625 ns, At safepoint: 356209 ns, Leaving safepoint: 27875 ns, Total: 403709 ns, Threads: 1 runnable, 42 total
[2026-09-03T12:38:45.748+0800][10.285s][info][gc,marking  ] GC(146) Concurrent Mark 4.185ms
[2026-09-03T12:38:45.748+0800][10.285s][info][gc,marking  ] GC(146) Concurrent Rebuild Remembered Sets and Scrub Regions
[2026-09-03T12:38:45.753+0800][10.289s][info][gc,marking  ] GC(146) Concurrent Rebuild Remembered Sets and Scrub Regions 4.440ms
[2026-09-03T12:38:45.753+0800][10.289s][info][gc,start    ] GC(146) Pause Cleanup
[2026-09-03T12:38:45.753+0800][10.289s][info][gc          ] GC(146) Pause Cleanup 119M->119M(256M) 0.036ms
[2026-09-03T12:38:45.753+0800][10.289s][info][gc,cpu      ] GC(146) User=0.00s Sys=0.00s Real=0.00s
[2026-09-03T12:38:45.753+0800][10.289s][info][safepoint   ] Safepoint "G1PauseCleanup", Time since last: 4539708 ns, Reaching safepoint: 35333 ns, At safepoint: 55459 ns, Leaving safepoint: 25208 ns, Total: 116000 ns, Threads: 3 runnable, 42 total
[2026-09-03T12:38:45.753+0800][10.290s][info][gc,marking  ] GC(146) Concurrent Clear Claimed Marks
[2026-09-03T12:38:45.753+0800][10.290s][info][gc,marking  ] GC(146) Concurrent Clear Claimed Marks 0.005ms
[2026-09-03T12:38:45.753+0800][10.290s][info][gc,marking  ] GC(146) Concurrent Cleanup for Next Mark
[2026-09-03T12:38:45.753+0800][10.290s][info][gc,marking  ] GC(146) Concurrent Cleanup for Next Mark 0.173ms
[2026-09-03T12:38:45.753+0800][10.290s][info][gc          ] GC(146) Concurrent Mark Cycle 11.055ms
[2026-09-03T12:38:45.817+0800][10.353s][info][gc,start    ] GC(147) Pause Young (Prepare Mixed) (G1 Evacuation Pause)
[2026-09-03T12:38:45.817+0800][10.353s][info][gc,task     ] GC(147) Using 9 workers of 9 for evacuation
[2026-09-03T12:38:45.819+0800][10.355s][info][gc,phases   ] GC(147)   Pre Evacuate Collection Set: 0.04ms
[2026-09-03T12:38:45.819+0800][10.355s][info][gc,phases   ] GC(147)   Merge Heap Roots: 0.02ms
[2026-09-03T12:38:45.819+0800][10.355s][info][gc,phases   ] GC(147)   Evacuate Collection Set: 1.65ms
[2026-09-03T12:38:45.819+0800][10.355s][info][gc,phases   ] GC(147)   Post Evacuate Collection Set: 0.09ms
[2026-09-03T12:38:45.819+0800][10.355s][info][gc,phases   ] GC(147)   Other: 0.07ms
[2026-09-03T12:38:45.819+0800][10.355s][info][gc,heap     ] GC(147) Eden regions: 78->0(92)
[2026-09-03T12:38:45.819+0800][10.355s][info][gc,heap     ] GC(147) Survivor regions: 14->12(12)
[2026-09-03T12:38:45.819+0800][10.355s][info][gc,heap     ] GC(147) Old regions: 94->112
[2026-09-03T12:38:45.819+0800][10.355s][info][gc,heap     ] GC(147) Humongous regions: 1->1
[2026-09-03T12:38:45.819+0800][10.355s][info][gc,metaspace] GC(147) Metaspace: 1059K(1216K)->1059K(1216K) NonClass: 994K(1088K)->994K(1088K) Class: 64K(128K)->64K(128K)
[2026-09-03T12:38:45.819+0800][10.355s][info][gc          ] GC(147) Pause Young (Prepare Mixed) (G1 Evacuation Pause) 186M->124M(256M) 2.021ms
[2026-09-03T12:38:45.819+0800][10.355s][info][gc,cpu      ] GC(147) User=0.01s Sys=0.00s Real=0.00s
[2026-09-03T12:38:45.819+0800][10.355s][info][safepoint   ] Safepoint "G1CollectForAllocation", Time since last: 63877167 ns, Reaching safepoint: 38083 ns, At safepoint: 2056958 ns, Leaving safepoint: 29709 ns, Total: 2124750 ns, Threads: 2 runnable, 42 total
[2026-09-03T12:38:46.053+0800][10.590s][info][gc,start    ] GC(148) Pause Young (Mixed) (G1 Evacuation Pause)
[2026-09-03T12:38:46.053+0800][10.590s][info][gc,task     ] GC(148) Using 9 workers of 9 for evacuation
[2026-09-03T12:38:46.055+0800][10.592s][info][gc,phases   ] GC(148)   Pre Evacuate Collection Set: 0.08ms
[2026-09-03T12:38:46.055+0800][10.592s][info][gc,phases   ] GC(148)   Merge Heap Roots: 0.04ms
[2026-09-03T12:38:46.055+0800][10.592s][info][gc,phases   ] GC(148)   Evacuate Collection Set: 1.71ms
[2026-09-03T12:38:46.055+0800][10.592s][info][gc,phases   ] GC(148)   Post Evacuate Collection Set: 0.10ms
[2026-09-03T12:38:46.055+0800][10.592s][info][gc,phases   ] GC(148)   Other: 0.06ms
[2026-09-03T12:38:46.055+0800][10.592s][info][gc,heap     ] GC(148) Eden regions: 92->0(100)
[2026-09-03T12:38:46.055+0800][10.592s][info][gc,heap     ] GC(148) Survivor regions: 12->13(13)
[2026-09-03T12:38:46.055+0800][10.592s][info][gc,heap     ] GC(148) Old regions: 112->100
[2026-09-03T12:38:46.055+0800][10.592s][info][gc,heap     ] GC(148) Humongous regions: 1->1
[2026-09-03T12:38:46.055+0800][10.592s][info][gc,metaspace] GC(148) Metaspace: 1059K(1216K)->1059K(1216K) NonClass: 994K(1088K)->994K(1088K) Class: 64K(128K)->64K(128K)
[2026-09-03T12:38:46.055+0800][10.592s][info][gc          ] GC(148) Pause Young (Mixed) (G1 Evacuation Pause) 216M->113M(256M) 2.093ms
[2026-09-03T12:38:46.055+0800][10.592s][info][gc,cpu      ] GC(148) User=0.02s Sys=0.00s Real=0.00s
[2026-09-03T12:38:46.055+0800][10.592s][info][safepoint   ] Safepoint "G1CollectForAllocation", Time since last: 234072500 ns, Reaching safepoint: 2375 ns, At safepoint: 2115250 ns, Leaving safepoint: 22083 ns, Total: 2139708 ns, Threads: 0 runnable, 42 total
[2026-09-03T12:38:46.356+0800][10.893s][info][gc,start    ] GC(149) Pause Young (Mixed) (G1 Evacuation Pause)
[2026-09-03T12:38:46.356+0800][10.893s][info][gc,task     ] GC(149) Using 9 workers of 9 for evacuation
[2026-09-03T12:38:46.358+0800][10.895s][info][gc,phases   ] GC(149)   Pre Evacuate Collection Set: 0.05ms
[2026-09-03T12:38:46.358+0800][10.895s][info][gc,phases   ] GC(149)   Merge Heap Roots: 0.02ms
[2026-09-03T12:38:46.358+0800][10.895s][info][gc,phases   ] GC(149)   Evacuate Collection Set: 1.88ms
[2026-09-03T12:38:46.358+0800][10.895s][info][gc,phases   ] GC(149)   Post Evacuate Collection Set: 0.11ms
[2026-09-03T12:38:46.358+0800][10.895s][info][gc,phases   ] GC(149)   Other: 0.05ms
[2026-09-03T12:38:46.358+0800][10.895s][info][gc,heap     ] GC(149) Eden regions: 100->0(91)
[2026-09-03T12:38:46.358+0800][10.895s][info][gc,heap     ] GC(149) Survivor regions: 13->15(15)
[2026-09-03T12:38:46.358+0800][10.895s][info][gc,heap     ] GC(149) Old regions: 100->111
[2026-09-03T12:38:46.358+0800][10.895s][info][gc,heap     ] GC(149) Humongous regions: 1->1
[2026-09-03T12:38:46.358+0800][10.895s][info][gc,metaspace] GC(149) Metaspace: 1059K(1216K)->1059K(1216K) NonClass: 994K(1088K)->994K(1088K) Class: 64K(128K)->64K(128K)
[2026-09-03T12:38:46.358+0800][10.895s][info][gc          ] GC(149) Pause Young (Mixed) (G1 Evacuation Pause) 213M->126M(256M) 2.219ms
[2026-09-03T12:38:46.358+0800][10.895s][info][gc,cpu      ] GC(149) User=0.02s Sys=0.00s Real=0.00s
[2026-09-03T12:38:46.358+0800][10.895s][info][safepoint   ] Safepoint "G1CollectForAllocation", Time since last: 300996583 ns, Reaching safepoint: 2209 ns, At safepoint: 2242625 ns, Leaving safepoint: 66000 ns, Total: 2310834 ns, Threads: 0 runnable, 42 total
[2026-09-03T12:38:46.632+0800][11.168s][info][gc,start    ] GC(150) Pause Young (Concurrent Start) (G1 Evacuation Pause)
[2026-09-03T12:38:46.632+0800][11.168s][info][gc,task     ] GC(150) Using 9 workers of 9 for evacuation
[2026-09-03T12:38:46.634+0800][11.171s][info][gc,phases   ] GC(150)   Pre Evacuate Collection Set: 0.05ms
[2026-09-03T12:38:46.634+0800][11.171s][info][gc,phases   ] GC(150)   Merge Heap Roots: 0.03ms
[2026-09-03T12:38:46.634+0800][11.171s][info][gc,phases   ] GC(150)   Evacuate Collection Set: 2.03ms
[2026-09-03T12:38:46.634+0800][11.171s][info][gc,phases   ] GC(150)   Post Evacuate Collection Set: 0.08ms
[2026-09-03T12:38:46.634+0800][11.171s][info][gc,phases   ] GC(150)   Other: 0.06ms
[2026-09-03T12:38:46.634+0800][11.171s][info][gc,heap     ] GC(150) Eden regions: 91->0(78)
[2026-09-03T12:38:46.634+0800][11.171s][info][gc,heap     ] GC(150) Survivor regions: 15->14(14)
[2026-09-03T12:38:46.634+0800][11.171s][info][gc,heap     ] GC(150) Old regions: 111->131
[2026-09-03T12:38:46.634+0800][11.171s][info][gc,heap     ] GC(150) Humongous regions: 1->1
[2026-09-03T12:38:46.634+0800][11.171s][info][gc,metaspace] GC(150) Metaspace: 1059K(1216K)->1059K(1216K) NonClass: 994K(1088K)->994K(1088K) Class: 64K(128K)->64K(128K)
[2026-09-03T12:38:46.634+0800][11.171s][info][gc          ] GC(150) Pause Young (Concurrent Start) (G1 Evacuation Pause) 217M->144M(256M) 2.350ms
[2026-09-03T12:38:46.634+0800][11.171s][info][gc,cpu      ] GC(150) User=0.01s Sys=0.00s Real=0.00s
[2026-09-03T12:38:46.634+0800][11.171s][info][gc          ] GC(151) Concurrent Mark Cycle
[2026-09-03T12:38:46.634+0800][11.171s][info][gc,marking  ] GC(151) Concurrent Scan Root Regions
[2026-09-03T12:38:46.634+0800][11.171s][info][safepoint   ] Safepoint "G1CollectForAllocation", Time since last: 273325333 ns, Reaching safepoint: 2792 ns, At safepoint: 2377375 ns, Leaving safepoint: 22125 ns, Total: 2402292 ns, Threads: 0 runnable, 42 total
[2026-09-03T12:38:46.636+0800][11.173s][info][gc,marking  ] GC(151) Concurrent Scan Root Regions 2.007ms
[2026-09-03T12:38:46.636+0800][11.173s][info][gc,marking  ] GC(151) Concurrent Mark
[2026-09-03T12:38:46.636+0800][11.173s][info][gc,marking  ] GC(151) Concurrent Mark From Roots
[2026-09-03T12:38:46.636+0800][11.173s][info][gc,task     ] GC(151) Concurrent Mark Using 2 of 2 Workers
[2026-09-03T12:38:46.640+0800][11.176s][info][gc,marking  ] GC(151) Concurrent Mark From Roots 3.621ms
[2026-09-03T12:38:46.640+0800][11.176s][info][gc,marking  ] GC(151) Concurrent Preclean
[2026-09-03T12:38:46.640+0800][11.176s][info][gc,marking  ] GC(151) Concurrent Preclean 0.012ms
[2026-09-03T12:38:46.640+0800][11.176s][info][gc,start    ] GC(151) Pause Remark
[2026-09-03T12:38:46.640+0800][11.177s][info][gc          ] GC(151) Pause Remark 148M->109M(256M) 0.363ms
[2026-09-03T12:38:46.640+0800][11.177s][info][gc,cpu      ] GC(151) User=0.00s Sys=0.00s Real=0.00s
[2026-09-03T12:38:46.640+0800][11.177s][info][safepoint   ] Safepoint "G1PauseRemark", Time since last: 5687833 ns, Reaching safepoint: 2792 ns, At safepoint: 386375 ns, Leaving safepoint: 18625 ns, Total: 407792 ns, Threads: 0 runnable, 42 total
[2026-09-03T12:38:46.640+0800][11.177s][info][gc,marking  ] GC(151) Concurrent Mark 4.146ms
[2026-09-03T12:38:46.640+0800][11.177s][info][gc,marking  ] GC(151) Concurrent Rebuild Remembered Sets and Scrub Regions
[2026-09-03T12:38:46.644+0800][11.181s][info][gc,marking  ] GC(151) Concurrent Rebuild Remembered Sets and Scrub Regions 4.047ms
[2026-09-03T12:38:46.644+0800][11.181s][info][gc,start    ] GC(151) Pause Cleanup
[2026-09-03T12:38:46.644+0800][11.181s][info][gc          ] GC(151) Pause Cleanup 110M->110M(256M) 0.034ms
[2026-09-03T12:38:46.644+0800][11.181s][info][gc,cpu      ] GC(151) User=0.00s Sys=0.00s Real=0.00s
[2026-09-03T12:38:46.644+0800][11.181s][info][safepoint   ] Safepoint "G1PauseCleanup", Time since last: 4168208 ns, Reaching safepoint: 1917 ns, At safepoint: 50833 ns, Leaving safepoint: 3417 ns, Total: 56167 ns, Threads: 0 runnable, 42 total
[2026-09-03T12:38:46.644+0800][11.181s][info][gc,marking  ] GC(151) Concurrent Clear Claimed Marks
[2026-09-03T12:38:46.644+0800][11.181s][info][gc,marking  ] GC(151) Concurrent Clear Claimed Marks 0.008ms
[2026-09-03T12:38:46.644+0800][11.181s][info][gc,marking  ] GC(151) Concurrent Cleanup for Next Mark
[2026-09-03T12:38:46.645+0800][11.181s][info][gc,marking  ] GC(151) Concurrent Cleanup for Next Mark 0.086ms
[2026-09-03T12:38:46.645+0800][11.181s][info][gc          ] GC(151) Concurrent Mark Cycle 10.465ms
[2026-09-03T12:38:46.869+0800][11.406s][info][gc,start    ] GC(152) Pause Young (Prepare Mixed) (G1 Evacuation Pause)
[2026-09-03T12:38:46.869+0800][11.406s][info][gc,task     ] GC(152) Using 9 workers of 9 for evacuation
[2026-09-03T12:38:46.871+0800][11.408s][info][gc,phases   ] GC(152)   Pre Evacuate Collection Set: 0.07ms
[2026-09-03T12:38:46.871+0800][11.408s][info][gc,phases   ] GC(152)   Merge Heap Roots: 0.03ms
[2026-09-03T12:38:46.871+0800][11.408s][info][gc,phases   ] GC(152)   Evacuate Collection Set: 1.58ms
[2026-09-03T12:38:46.871+0800][11.408s][info][gc,phases   ] GC(152)   Post Evacuate Collection Set: 0.10ms
[2026-09-03T12:38:46.871+0800][11.408s][info][gc,phases   ] GC(152)   Other: 0.06ms
[2026-09-03T12:38:46.871+0800][11.408s][info][gc,heap     ] GC(152) Eden regions: 78->0(94)
[2026-09-03T12:38:46.871+0800][11.408s][info][gc,heap     ] GC(152) Survivor regions: 14->12(12)
[2026-09-03T12:38:46.871+0800][11.408s][info][gc,heap     ] GC(152) Old regions: 92->110
[2026-09-03T12:38:46.871+0800][11.408s][info][gc,heap     ] GC(152) Humongous regions: 1->1
[2026-09-03T12:38:46.871+0800][11.408s][info][gc,metaspace] GC(152) Metaspace: 1059K(1216K)->1059K(1216K) NonClass: 994K(1088K)->994K(1088K) Class: 64K(128K)->64K(128K)
[2026-09-03T12:38:46.871+0800][11.408s][info][gc          ] GC(152) Pause Young (Prepare Mixed) (G1 Evacuation Pause) 183M->121M(256M) 1.946ms
[2026-09-03T12:38:46.871+0800][11.408s][info][gc,cpu      ] GC(152) User=0.01s Sys=0.00s Real=0.01s
[2026-09-03T12:38:46.871+0800][11.408s][info][safepoint   ] Safepoint "G1CollectForAllocation", Time since last: 224597416 ns, Reaching safepoint: 2459 ns, At safepoint: 1967708 ns, Leaving safepoint: 49542 ns, Total: 2019709 ns, Threads: 0 runnable, 42 total
[2026-09-03T12:38:47.154+0800][11.690s][info][gc,start    ] GC(153) Pause Young (Mixed) (G1 Evacuation Pause)
[2026-09-03T12:38:47.154+0800][11.690s][info][gc,task     ] GC(153) Using 9 workers of 9 for evacuation
[2026-09-03T12:38:47.156+0800][11.692s][info][gc,phases   ] GC(153)   Pre Evacuate Collection Set: 0.07ms
[2026-09-03T12:38:47.156+0800][11.692s][info][gc,phases   ] GC(153)   Merge Heap Roots: 0.03ms
[2026-09-03T12:38:47.156+0800][11.692s][info][gc,phases   ] GC(153)   Evacuate Collection Set: 1.88ms
[2026-09-03T12:38:47.156+0800][11.692s][info][gc,phases   ] GC(153)   Post Evacuate Collection Set: 0.10ms
[2026-09-03T12:38:47.156+0800][11.692s][info][gc,phases   ] GC(153)   Other: 0.06ms
[2026-09-03T12:38:47.156+0800][11.692s][info][gc,heap     ] GC(153) Eden regions: 94->0(100)
[2026-09-03T12:38:47.156+0800][11.692s][info][gc,heap     ] GC(153) Survivor regions: 12->14(14)
[2026-09-03T12:38:47.156+0800][11.692s][info][gc,heap     ] GC(153) Old regions: 110->99
[2026-09-03T12:38:47.156+0800][11.692s][info][gc,heap     ] GC(153) Humongous regions: 1->1
[2026-09-03T12:38:47.156+0800][11.692s][info][gc,metaspace] GC(153) Metaspace: 1059K(1216K)->1059K(1216K) NonClass: 994K(1088K)->994K(1088K) Class: 64K(128K)->64K(128K)
[2026-09-03T12:38:47.156+0800][11.692s][info][gc          ] GC(153) Pause Young (Mixed) (G1 Evacuation Pause) 215M->112M(256M) 2.246ms
[2026-09-03T12:38:47.156+0800][11.692s][info][gc,cpu      ] GC(153) User=0.02s Sys=0.00s Real=0.00s
[2026-09-03T12:38:47.156+0800][11.693s][info][safepoint   ] Safepoint "G1CollectForAllocation", Time since last: 282572375 ns, Reaching safepoint: 2000 ns, At safepoint: 2269791 ns, Leaving safepoint: 39459 ns, Total: 2311250 ns, Threads: 0 runnable, 42 total
[2026-09-03T12:38:47.458+0800][11.995s][info][gc,start    ] GC(154) Pause Young (Mixed) (G1 Evacuation Pause)
[2026-09-03T12:38:47.458+0800][11.995s][info][gc,task     ] GC(154) Using 9 workers of 9 for evacuation
[2026-09-03T12:38:47.461+0800][11.997s][info][gc,phases   ] GC(154)   Pre Evacuate Collection Set: 0.05ms
[2026-09-03T12:38:47.461+0800][11.997s][info][gc,phases   ] GC(154)   Merge Heap Roots: 0.03ms
[2026-09-03T12:38:47.461+0800][11.997s][info][gc,phases   ] GC(154)   Evacuate Collection Set: 2.06ms
[2026-09-03T12:38:47.461+0800][11.997s][info][gc,phases   ] GC(154)   Post Evacuate Collection Set: 0.08ms
[2026-09-03T12:38:47.461+0800][11.997s][info][gc,phases   ] GC(154)   Other: 0.06ms
[2026-09-03T12:38:47.461+0800][11.997s][info][gc,heap     ] GC(154) Eden regions: 100->0(90)
[2026-09-03T12:38:47.461+0800][11.997s][info][gc,heap     ] GC(154) Survivor regions: 14->15(15)
[2026-09-03T12:38:47.461+0800][11.997s][info][gc,heap     ] GC(154) Old regions: 99->113
[2026-09-03T12:38:47.461+0800][11.997s][info][gc,heap     ] GC(154) Humongous regions: 1->1
[2026-09-03T12:38:47.461+0800][11.997s][info][gc,metaspace] GC(154) Metaspace: 1059K(1216K)->1059K(1216K) NonClass: 994K(1088K)->994K(1088K) Class: 64K(128K)->64K(128K)
[2026-09-03T12:38:47.461+0800][11.997s][info][gc          ] GC(154) Pause Young (Mixed) (G1 Evacuation Pause) 212M->127M(256M) 2.382ms
[2026-09-03T12:38:47.461+0800][11.997s][info][gc,cpu      ] GC(154) User=0.02s Sys=0.00s Real=0.01s
[2026-09-03T12:38:47.461+0800][11.997s][info][safepoint   ] Safepoint "G1CollectForAllocation", Time since last: 302459583 ns, Reaching safepoint: 2125 ns, At safepoint: 2422792 ns, Leaving safepoint: 69750 ns, Total: 2494667 ns, Threads: 0 runnable, 42 total
[2026-09-03T12:38:47.733+0800][12.269s][info][gc,start    ] GC(155) Pause Young (Concurrent Start) (G1 Evacuation Pause)
[2026-09-03T12:38:47.733+0800][12.269s][info][gc,task     ] GC(155) Using 9 workers of 9 for evacuation
[2026-09-03T12:38:47.735+0800][12.272s][info][gc,phases   ] GC(155)   Pre Evacuate Collection Set: 0.07ms
[2026-09-03T12:38:47.735+0800][12.272s][info][gc,phases   ] GC(155)   Merge Heap Roots: 0.02ms
[2026-09-03T12:38:47.735+0800][12.272s][info][gc,phases   ] GC(155)   Evacuate Collection Set: 1.95ms
[2026-09-03T12:38:47.735+0800][12.272s][info][gc,phases   ] GC(155)   Post Evacuate Collection Set: 0.10ms
[2026-09-03T12:38:47.735+0800][12.272s][info][gc,phases   ] GC(155)   Other: 0.06ms
[2026-09-03T12:38:47.735+0800][12.272s][info][gc,heap     ] GC(155) Eden regions: 90->0(77)
[2026-09-03T12:38:47.735+0800][12.272s][info][gc,heap     ] GC(155) Survivor regions: 15->14(14)
[2026-09-03T12:38:47.735+0800][12.272s][info][gc,heap     ] GC(155) Old regions: 113->132
[2026-09-03T12:38:47.735+0800][12.272s][info][gc,heap     ] GC(155) Humongous regions: 1->1
[2026-09-03T12:38:47.735+0800][12.272s][info][gc,metaspace] GC(155) Metaspace: 1059K(1216K)->1059K(1216K) NonClass: 994K(1088K)->994K(1088K) Class: 64K(128K)->64K(128K)
[2026-09-03T12:38:47.735+0800][12.272s][info][gc          ] GC(155) Pause Young (Concurrent Start) (G1 Evacuation Pause) 217M->145M(256M) 2.316ms
[2026-09-03T12:38:47.735+0800][12.272s][info][gc,cpu      ] GC(155) User=0.01s Sys=0.01s Real=0.00s
[2026-09-03T12:38:47.735+0800][12.272s][info][gc          ] GC(156) Concurrent Mark Cycle
[2026-09-03T12:38:47.735+0800][12.272s][info][gc,marking  ] GC(156) Concurrent Scan Root Regions
[2026-09-03T12:38:47.735+0800][12.272s][info][safepoint   ] Safepoint "G1CollectForAllocation", Time since last: 271777458 ns, Reaching safepoint: 3292 ns, At safepoint: 2345625 ns, Leaving safepoint: 24500 ns, Total: 2373417 ns, Threads: 0 runnable, 42 total
[2026-09-03T12:38:47.737+0800][12.274s][info][gc,marking  ] GC(156) Concurrent Scan Root Regions 1.930ms
[2026-09-03T12:38:47.737+0800][12.274s][info][gc,marking  ] GC(156) Concurrent Mark
[2026-09-03T12:38:47.737+0800][12.274s][info][gc,marking  ] GC(156) Concurrent Mark From Roots
[2026-09-03T12:38:47.737+0800][12.274s][info][gc,task     ] GC(156) Concurrent Mark Using 2 of 2 Workers
[2026-09-03T12:38:47.740+0800][12.277s][info][gc,marking  ] GC(156) Concurrent Mark From Roots 3.293ms
[2026-09-03T12:38:47.740+0800][12.277s][info][gc,marking  ] GC(156) Concurrent Preclean
[2026-09-03T12:38:47.740+0800][12.277s][info][gc,marking  ] GC(156) Concurrent Preclean 0.008ms
[2026-09-03T12:38:47.740+0800][12.277s][info][gc,start    ] GC(156) Pause Remark
[2026-09-03T12:38:47.741+0800][12.277s][info][gc          ] GC(156) Pause Remark 149M->109M(256M) 0.302ms
[2026-09-03T12:38:47.741+0800][12.277s][info][gc,cpu      ] GC(156) User=0.00s Sys=0.00s Real=0.00s
[2026-09-03T12:38:47.741+0800][12.277s][info][safepoint   ] Safepoint "G1PauseRemark", Time since last: 5265416 ns, Reaching safepoint: 17667 ns, At safepoint: 330875 ns, Leaving safepoint: 16542 ns, Total: 365084 ns, Threads: 2 runnable, 42 total
[2026-09-03T12:38:47.741+0800][12.277s][info][gc,marking  ] GC(156) Concurrent Mark 3.761ms
[2026-09-03T12:38:47.741+0800][12.277s][info][gc,marking  ] GC(156) Concurrent Rebuild Remembered Sets and Scrub Regions
[2026-09-03T12:38:47.744+0800][12.281s][info][gc,marking  ] GC(156) Concurrent Rebuild Remembered Sets and Scrub Regions 3.585ms
[2026-09-03T12:38:47.744+0800][12.281s][info][gc,start    ] GC(156) Pause Cleanup
[2026-09-03T12:38:47.744+0800][12.281s][info][gc          ] GC(156) Pause Cleanup 110M->110M(256M) 0.035ms
[2026-09-03T12:38:47.744+0800][12.281s][info][gc,cpu      ] GC(156) User=0.00s Sys=0.00s Real=0.00s
[2026-09-03T12:38:47.744+0800][12.281s][info][safepoint   ] Safepoint "G1PauseCleanup", Time since last: 3706208 ns, Reaching safepoint: 2208 ns, At safepoint: 53500 ns, Leaving safepoint: 2417 ns, Total: 58125 ns, Threads: 0 runnable, 42 total
[2026-09-03T12:38:47.744+0800][12.281s][info][gc,marking  ] GC(156) Concurrent Clear Claimed Marks
[2026-09-03T12:38:47.744+0800][12.281s][info][gc,marking  ] GC(156) Concurrent Clear Claimed Marks 0.005ms
[2026-09-03T12:38:47.744+0800][12.281s][info][gc,marking  ] GC(156) Concurrent Cleanup for Next Mark
[2026-09-03T12:38:47.745+0800][12.281s][info][gc,marking  ] GC(156) Concurrent Cleanup for Next Mark 0.085ms
[2026-09-03T12:38:47.745+0800][12.281s][info][gc          ] GC(156) Concurrent Mark Cycle 9.537ms
[2026-09-03T12:38:47.966+0800][12.503s][info][gc,start    ] GC(157) Pause Young (Prepare Mixed) (G1 Evacuation Pause)
[2026-09-03T12:38:47.966+0800][12.503s][info][gc,task     ] GC(157) Using 9 workers of 9 for evacuation
[2026-09-03T12:38:47.968+0800][12.505s][info][gc,phases   ] GC(157)   Pre Evacuate Collection Set: 0.08ms
[2026-09-03T12:38:47.968+0800][12.505s][info][gc,phases   ] GC(157)   Merge Heap Roots: 0.04ms
[2026-09-03T12:38:47.968+0800][12.505s][info][gc,phases   ] GC(157)   Evacuate Collection Set: 1.74ms
[2026-09-03T12:38:47.968+0800][12.505s][info][gc,phases   ] GC(157)   Post Evacuate Collection Set: 0.09ms
[2026-09-03T12:38:47.968+0800][12.505s][info][gc,phases   ] GC(157)   Other: 0.06ms
[2026-09-03T12:38:47.968+0800][12.505s][info][gc,heap     ] GC(157) Eden regions: 77->0(94)
[2026-09-03T12:38:47.968+0800][12.505s][info][gc,heap     ] GC(157) Survivor regions: 14->12(12)
[2026-09-03T12:38:47.968+0800][12.505s][info][gc,heap     ] GC(157) Old regions: 92->110
[2026-09-03T12:38:47.968+0800][12.505s][info][gc,heap     ] GC(157) Humongous regions: 1->1
[2026-09-03T12:38:47.968+0800][12.505s][info][gc,metaspace] GC(157) Metaspace: 1059K(1216K)->1059K(1216K) NonClass: 994K(1088K)->994K(1088K) Class: 64K(128K)->64K(128K)
[2026-09-03T12:38:47.968+0800][12.505s][info][gc          ] GC(157) Pause Young (Prepare Mixed) (G1 Evacuation Pause) 182M->121M(256M) 2.126ms
[2026-09-03T12:38:47.968+0800][12.505s][info][gc,cpu      ] GC(157) User=0.01s Sys=0.00s Real=0.00s
[2026-09-03T12:38:47.968+0800][12.505s][info][safepoint   ] Safepoint "G1CollectForAllocation", Time since last: 221465333 ns, Reaching safepoint: 21084 ns, At safepoint: 2150291 ns, Leaving safepoint: 34292 ns, Total: 2205667 ns, Threads: 2 runnable, 42 total
[2026-09-03T12:38:48.254+0800][12.790s][info][gc,start    ] GC(158) Pause Young (Mixed) (G1 Evacuation Pause)
[2026-09-03T12:38:48.254+0800][12.790s][info][gc,task     ] GC(158) Using 9 workers of 9 for evacuation
[2026-09-03T12:38:48.256+0800][12.792s][info][gc,phases   ] GC(158)   Pre Evacuate Collection Set: 0.04ms
[2026-09-03T12:38:48.256+0800][12.792s][info][gc,phases   ] GC(158)   Merge Heap Roots: 0.03ms
[2026-09-03T12:38:48.256+0800][12.792s][info][gc,phases   ] GC(158)   Evacuate Collection Set: 1.85ms
[2026-09-03T12:38:48.256+0800][12.792s][info][gc,phases   ] GC(158)   Post Evacuate Collection Set: 0.12ms
[2026-09-03T12:38:48.256+0800][12.792s][info][gc,phases   ] GC(158)   Other: 0.05ms
[2026-09-03T12:38:48.256+0800][12.792s][info][gc,heap     ] GC(158) Eden regions: 94->0(101)
[2026-09-03T12:38:48.256+0800][12.792s][info][gc,heap     ] GC(158) Survivor regions: 12->14(14)
[2026-09-03T12:38:48.256+0800][12.792s][info][gc,heap     ] GC(158) Old regions: 110->98
[2026-09-03T12:38:48.256+0800][12.792s][info][gc,heap     ] GC(158) Humongous regions: 1->1
[2026-09-03T12:38:48.256+0800][12.792s][info][gc,metaspace] GC(158) Metaspace: 1059K(1216K)->1059K(1216K) NonClass: 994K(1088K)->994K(1088K) Class: 64K(128K)->64K(128K)
[2026-09-03T12:38:48.256+0800][12.793s][info][gc          ] GC(158) Pause Young (Mixed) (G1 Evacuation Pause) 215M->111M(256M) 2.196ms
[2026-09-03T12:38:48.256+0800][12.793s][info][gc,cpu      ] GC(158) User=0.02s Sys=0.00s Real=0.00s
[2026-09-03T12:38:48.256+0800][12.793s][info][safepoint   ] Safepoint "G1CollectForAllocation", Time since last: 285592917 ns, Reaching safepoint: 2291 ns, At safepoint: 2218417 ns, Leaving safepoint: 39875 ns, Total: 2260583 ns, Threads: 0 runnable, 42 total
[2026-09-03T12:38:48.561+0800][13.097s][info][gc,start    ] GC(159) Pause Young (Mixed) (G1 Evacuation Pause)
[2026-09-03T12:38:48.561+0800][13.097s][info][gc,task     ] GC(159) Using 9 workers of 9 for evacuation
[2026-09-03T12:38:48.563+0800][13.099s][info][gc,phases   ] GC(159)   Pre Evacuate Collection Set: 0.07ms
[2026-09-03T12:38:48.563+0800][13.099s][info][gc,phases   ] GC(159)   Merge Heap Roots: 0.02ms
[2026-09-03T12:38:48.563+0800][13.099s][info][gc,phases   ] GC(159)   Evacuate Collection Set: 1.97ms
[2026-09-03T12:38:48.563+0800][13.099s][info][gc,phases   ] GC(159)   Post Evacuate Collection Set: 0.10ms
[2026-09-03T12:38:48.563+0800][13.099s][info][gc,phases   ] GC(159)   Other: 0.05ms
[2026-09-03T12:38:48.563+0800][13.099s][info][gc,heap     ] GC(159) Eden regions: 101->0(90)
[2026-09-03T12:38:48.563+0800][13.099s][info][gc,heap     ] GC(159) Survivor regions: 14->15(15)
[2026-09-03T12:38:48.563+0800][13.099s][info][gc,heap     ] GC(159) Old regions: 98->113
[2026-09-03T12:38:48.563+0800][13.099s][info][gc,heap     ] GC(159) Humongous regions: 1->1
[2026-09-03T12:38:48.563+0800][13.099s][info][gc,metaspace] GC(159) Metaspace: 1059K(1216K)->1059K(1216K) NonClass: 994K(1088K)->994K(1088K) Class: 64K(128K)->64K(128K)
[2026-09-03T12:38:48.563+0800][13.100s][info][gc          ] GC(159) Pause Young (Mixed) (G1 Evacuation Pause) 212M->128M(256M) 2.323ms
[2026-09-03T12:38:48.563+0800][13.100s][info][gc,cpu      ] GC(159) User=0.02s Sys=0.00s Real=0.00s
[2026-09-03T12:38:48.563+0800][13.100s][info][safepoint   ] Safepoint "G1CollectForAllocation", Time since last: 304606208 ns, Reaching safepoint: 2792 ns, At safepoint: 2346500 ns, Leaving safepoint: 38208 ns, Total: 2387500 ns, Threads: 0 runnable, 42 total
[2026-09-03T12:38:48.837+0800][13.374s][info][gc,start    ] GC(160) Pause Young (Concurrent Start) (G1 Evacuation Pause)
[2026-09-03T12:38:48.837+0800][13.374s][info][gc,task     ] GC(160) Using 9 workers of 9 for evacuation
[2026-09-03T12:38:48.840+0800][13.376s][info][gc,phases   ] GC(160)   Pre Evacuate Collection Set: 0.08ms
[2026-09-03T12:38:48.840+0800][13.376s][info][gc,phases   ] GC(160)   Merge Heap Roots: 0.05ms
[2026-09-03T12:38:48.840+0800][13.376s][info][gc,phases   ] GC(160)   Evacuate Collection Set: 1.88ms
[2026-09-03T12:38:48.840+0800][13.376s][info][gc,phases   ] GC(160)   Post Evacuate Collection Set: 0.10ms
[2026-09-03T12:38:48.840+0800][13.376s][info][gc,phases   ] GC(160)   Other: 0.06ms
[2026-09-03T12:38:48.840+0800][13.376s][info][gc,heap     ] GC(160) Eden regions: 90->0(76)
[2026-09-03T12:38:48.840+0800][13.376s][info][gc,heap     ] GC(160) Survivor regions: 15->14(14)
[2026-09-03T12:38:48.840+0800][13.376s][info][gc,heap     ] GC(160) Old regions: 113->133
[2026-09-03T12:38:48.840+0800][13.376s][info][gc,heap     ] GC(160) Humongous regions: 1->1
[2026-09-03T12:38:48.840+0800][13.376s][info][gc,metaspace] GC(160) Metaspace: 1059K(1216K)->1059K(1216K) NonClass: 994K(1088K)->994K(1088K) Class: 64K(128K)->64K(128K)
[2026-09-03T12:38:48.840+0800][13.376s][info][gc          ] GC(160) Pause Young (Concurrent Start) (G1 Evacuation Pause) 218M->147M(256M) 2.278ms
[2026-09-03T12:38:48.840+0800][13.376s][info][gc,cpu      ] GC(160) User=0.01s Sys=0.01s Real=0.01s
[2026-09-03T12:38:48.840+0800][13.376s][info][gc          ] GC(161) Concurrent Mark Cycle
[2026-09-03T12:38:48.840+0800][13.376s][info][gc,marking  ] GC(161) Concurrent Scan Root Regions
[2026-09-03T12:38:48.840+0800][13.376s][info][safepoint   ] Safepoint "G1CollectForAllocation", Time since last: 274418042 ns, Reaching safepoint: 2042 ns, At safepoint: 2306291 ns, Leaving safepoint: 36667 ns, Total: 2345000 ns, Threads: 0 runnable, 42 total
[2026-09-03T12:38:48.842+0800][13.378s][info][gc,marking  ] GC(161) Concurrent Scan Root Regions 2.021ms
[2026-09-03T12:38:48.842+0800][13.378s][info][gc,marking  ] GC(161) Concurrent Mark
[2026-09-03T12:38:48.842+0800][13.378s][info][gc,marking  ] GC(161) Concurrent Mark From Roots
[2026-09-03T12:38:48.842+0800][13.378s][info][gc,task     ] GC(161) Concurrent Mark Using 2 of 2 Workers
[2026-09-03T12:38:48.846+0800][13.382s][info][gc,marking  ] GC(161) Concurrent Mark From Roots 3.834ms
[2026-09-03T12:38:48.846+0800][13.382s][info][gc,marking  ] GC(161) Concurrent Preclean
[2026-09-03T12:38:48.846+0800][13.382s][info][gc,marking  ] GC(161) Concurrent Preclean 0.008ms
[2026-09-03T12:38:48.846+0800][13.382s][info][gc,start    ] GC(161) Pause Remark
[2026-09-03T12:38:48.846+0800][13.383s][info][gc          ] GC(161) Pause Remark 150M->108M(256M) 0.368ms
[2026-09-03T12:38:48.846+0800][13.383s][info][gc,cpu      ] GC(161) User=0.00s Sys=0.00s Real=0.00s
[2026-09-03T12:38:48.846+0800][13.383s][info][safepoint   ] Safepoint "G1PauseRemark", Time since last: 5888458 ns, Reaching safepoint: 9375 ns, At safepoint: 401167 ns, Leaving safepoint: 17208 ns, Total: 427750 ns, Threads: 0 runnable, 42 total
[2026-09-03T12:38:48.846+0800][13.383s][info][gc,marking  ] GC(161) Concurrent Mark 4.363ms
[2026-09-03T12:38:48.846+0800][13.383s][info][gc,marking  ] GC(161) Concurrent Rebuild Remembered Sets and Scrub Regions
[2026-09-03T12:38:48.849+0800][13.386s][info][gc,marking  ] GC(161) Concurrent Rebuild Remembered Sets and Scrub Regions 2.991ms
[2026-09-03T12:38:48.849+0800][13.386s][info][gc,start    ] GC(161) Pause Cleanup
[2026-09-03T12:38:48.849+0800][13.386s][info][gc          ] GC(161) Pause Cleanup 110M->110M(256M) 0.047ms
[2026-09-03T12:38:48.849+0800][13.386s][info][gc,cpu      ] GC(161) User=0.00s Sys=0.00s Real=0.00s
[2026-09-03T12:38:48.849+0800][13.386s][info][safepoint   ] Safepoint "G1PauseCleanup", Time since last: 3125500 ns, Reaching safepoint: 2667 ns, At safepoint: 72417 ns, Leaving safepoint: 8000 ns, Total: 83084 ns, Threads: 0 runnable, 42 total
[2026-09-03T12:38:48.849+0800][13.386s][info][gc,marking  ] GC(161) Concurrent Clear Claimed Marks
[2026-09-03T12:38:48.849+0800][13.386s][info][gc,marking  ] GC(161) Concurrent Clear Claimed Marks 0.006ms
[2026-09-03T12:38:48.849+0800][13.386s][info][gc,marking  ] GC(161) Concurrent Cleanup for Next Mark
[2026-09-03T12:38:48.849+0800][13.386s][info][gc,marking  ] GC(161) Concurrent Cleanup for Next Mark 0.138ms
[2026-09-03T12:38:48.849+0800][13.386s][info][gc          ] GC(161) Concurrent Mark Cycle 9.741ms
[2026-09-03T12:38:49.069+0800][13.606s][info][gc,start    ] GC(162) Pause Young (Prepare Mixed) (G1 Evacuation Pause)
[2026-09-03T12:38:49.069+0800][13.606s][info][gc,task     ] GC(162) Using 9 workers of 9 for evacuation
[2026-09-03T12:38:49.071+0800][13.608s][info][gc,phases   ] GC(162)   Pre Evacuate Collection Set: 0.05ms
[2026-09-03T12:38:49.071+0800][13.608s][info][gc,phases   ] GC(162)   Merge Heap Roots: 0.03ms
[2026-09-03T12:38:49.071+0800][13.608s][info][gc,phases   ] GC(162)   Evacuate Collection Set: 1.61ms
[2026-09-03T12:38:49.071+0800][13.608s][info][gc,phases   ] GC(162)   Post Evacuate Collection Set: 0.09ms
[2026-09-03T12:38:49.071+0800][13.608s][info][gc,phases   ] GC(162)   Other: 0.06ms
[2026-09-03T12:38:49.071+0800][13.608s][info][gc,heap     ] GC(162) Eden regions: 76->0(94)
[2026-09-03T12:38:49.071+0800][13.608s][info][gc,heap     ] GC(162) Survivor regions: 14->12(12)
[2026-09-03T12:38:49.071+0800][13.608s][info][gc,heap     ] GC(162) Old regions: 91->109
[2026-09-03T12:38:49.071+0800][13.608s][info][gc,heap     ] GC(162) Humongous regions: 1->1
[2026-09-03T12:38:49.071+0800][13.608s][info][gc,metaspace] GC(162) Metaspace: 1059K(1216K)->1059K(1216K) NonClass: 994K(1088K)->994K(1088K) Class: 64K(128K)->64K(128K)
[2026-09-03T12:38:49.071+0800][13.608s][info][gc          ] GC(162) Pause Young (Prepare Mixed) (G1 Evacuation Pause) 181M->121M(256M) 1.953ms
[2026-09-03T12:38:49.071+0800][13.608s][info][gc,cpu      ] GC(162) User=0.01s Sys=0.00s Real=0.01s
[2026-09-03T12:38:49.071+0800][13.608s][info][safepoint   ] Safepoint "G1CollectForAllocation", Time since last: 219809750 ns, Reaching safepoint: 2791 ns, At safepoint: 1976375 ns, Leaving safepoint: 22292 ns, Total: 2001458 ns, Threads: 0 runnable, 42 total
[2026-09-03T12:38:49.353+0800][13.890s][info][gc,start    ] GC(163) Pause Young (Mixed) (G1 Evacuation Pause)
[2026-09-03T12:38:49.353+0800][13.890s][info][gc,task     ] GC(163) Using 9 workers of 9 for evacuation
[2026-09-03T12:38:49.355+0800][13.892s][info][gc,phases   ] GC(163)   Pre Evacuate Collection Set: 0.07ms
[2026-09-03T12:38:49.355+0800][13.892s][info][gc,phases   ] GC(163)   Merge Heap Roots: 0.04ms
[2026-09-03T12:38:49.355+0800][13.892s][info][gc,phases   ] GC(163)   Evacuate Collection Set: 1.81ms
[2026-09-03T12:38:49.355+0800][13.892s][info][gc,phases   ] GC(163)   Post Evacuate Collection Set: 0.09ms
[2026-09-03T12:38:49.355+0800][13.892s][info][gc,phases   ] GC(163)   Other: 0.06ms
[2026-09-03T12:38:49.355+0800][13.892s][info][gc,heap     ] GC(163) Eden regions: 94->0(102)
[2026-09-03T12:38:49.355+0800][13.892s][info][gc,heap     ] GC(163) Survivor regions: 12->14(14)
[2026-09-03T12:38:49.355+0800][13.892s][info][gc,heap     ] GC(163) Old regions: 109->97
[2026-09-03T12:38:49.355+0800][13.892s][info][gc,heap     ] GC(163) Humongous regions: 1->1
[2026-09-03T12:38:49.355+0800][13.892s][info][gc,metaspace] GC(163) Metaspace: 1059K(1216K)->1059K(1216K) NonClass: 994K(1088K)->994K(1088K) Class: 64K(128K)->64K(128K)
[2026-09-03T12:38:49.355+0800][13.892s][info][gc          ] GC(163) Pause Young (Mixed) (G1 Evacuation Pause) 215M->110M(256M) 2.169ms
[2026-09-03T12:38:49.355+0800][13.892s][info][gc,cpu      ] GC(163) User=0.02s Sys=0.00s Real=0.00s
[2026-09-03T12:38:49.355+0800][13.892s][info][safepoint   ] Safepoint "G1CollectForAllocation", Time since last: 281944000 ns, Reaching safepoint: 2500 ns, At safepoint: 2191583 ns, Leaving safepoint: 22750 ns, Total: 2216833 ns, Threads: 0 runnable, 42 total
[2026-09-03T12:38:49.664+0800][14.201s][info][gc,start    ] GC(164) Pause Young (Mixed) (G1 Evacuation Pause)
[2026-09-03T12:38:49.664+0800][14.201s][info][gc,task     ] GC(164) Using 9 workers of 9 for evacuation
[2026-09-03T12:38:49.666+0800][14.203s][info][gc,phases   ] GC(164)   Pre Evacuate Collection Set: 0.04ms
[2026-09-03T12:38:49.666+0800][14.203s][info][gc,phases   ] GC(164)   Merge Heap Roots: 0.02ms
[2026-09-03T12:38:49.666+0800][14.203s][info][gc,phases   ] GC(164)   Evacuate Collection Set: 1.96ms
[2026-09-03T12:38:49.666+0800][14.203s][info][gc,phases   ] GC(164)   Post Evacuate Collection Set: 0.10ms
[2026-09-03T12:38:49.666+0800][14.203s][info][gc,phases   ] GC(164)   Other: 0.06ms
[2026-09-03T12:38:49.666+0800][14.203s][info][gc,heap     ] GC(164) Eden regions: 102->0(89)
[2026-09-03T12:38:49.666+0800][14.203s][info][gc,heap     ] GC(164) Survivor regions: 14->15(15)
[2026-09-03T12:38:49.666+0800][14.203s][info][gc,heap     ] GC(164) Old regions: 97->114
[2026-09-03T12:38:49.666+0800][14.203s][info][gc,heap     ] GC(164) Humongous regions: 1->1
[2026-09-03T12:38:49.666+0800][14.203s][info][gc,metaspace] GC(164) Metaspace: 1059K(1216K)->1059K(1216K) NonClass: 994K(1088K)->994K(1088K) Class: 64K(128K)->64K(128K)
[2026-09-03T12:38:49.666+0800][14.203s][info][gc          ] GC(164) Pause Young (Mixed) (G1 Evacuation Pause) 212M->128M(256M) 2.289ms
[2026-09-03T12:38:49.666+0800][14.203s][info][gc,cpu      ] GC(164) User=0.02s Sys=0.00s Real=0.00s
[2026-09-03T12:38:49.666+0800][14.203s][info][safepoint   ] Safepoint "G1CollectForAllocation", Time since last: 308734917 ns, Reaching safepoint: 2333 ns, At safepoint: 2311042 ns, Leaving safepoint: 58458 ns, Total: 2371833 ns, Threads: 0 runnable, 42 total
[2026-09-03T12:38:49.934+0800][14.470s][info][gc,start    ] GC(165) Pause Young (Concurrent Start) (G1 Evacuation Pause)
[2026-09-03T12:38:49.934+0800][14.470s][info][gc,task     ] GC(165) Using 9 workers of 9 for evacuation
[2026-09-03T12:38:49.936+0800][14.472s][info][gc,phases   ] GC(165)   Pre Evacuate Collection Set: 0.07ms
[2026-09-03T12:38:49.936+0800][14.472s][info][gc,phases   ] GC(165)   Merge Heap Roots: 0.03ms
[2026-09-03T12:38:49.936+0800][14.472s][info][gc,phases   ] GC(165)   Evacuate Collection Set: 1.83ms
[2026-09-03T12:38:49.936+0800][14.472s][info][gc,phases   ] GC(165)   Post Evacuate Collection Set: 0.09ms
[2026-09-03T12:38:49.936+0800][14.472s][info][gc,phases   ] GC(165)   Other: 0.05ms
[2026-09-03T12:38:49.936+0800][14.472s][info][gc,heap     ] GC(165) Eden regions: 89->0(76)
[2026-09-03T12:38:49.936+0800][14.472s][info][gc,heap     ] GC(165) Survivor regions: 15->13(13)
[2026-09-03T12:38:49.936+0800][14.472s][info][gc,heap     ] GC(165) Old regions: 114->134
[2026-09-03T12:38:49.936+0800][14.472s][info][gc,heap     ] GC(165) Humongous regions: 1->1
[2026-09-03T12:38:49.936+0800][14.472s][info][gc,metaspace] GC(165) Metaspace: 1059K(1216K)->1059K(1216K) NonClass: 994K(1088K)->994K(1088K) Class: 64K(128K)->64K(128K)
[2026-09-03T12:38:49.936+0800][14.472s][info][gc          ] GC(165) Pause Young (Concurrent Start) (G1 Evacuation Pause) 217M->147M(256M) 2.179ms
[2026-09-03T12:38:49.936+0800][14.472s][info][gc,cpu      ] GC(165) User=0.01s Sys=0.00s Real=0.00s
[2026-09-03T12:38:49.936+0800][14.472s][info][gc          ] GC(166) Concurrent Mark Cycle
[2026-09-03T12:38:49.936+0800][14.472s][info][gc,marking  ] GC(166) Concurrent Scan Root Regions
[2026-09-03T12:38:49.936+0800][14.472s][info][safepoint   ] Safepoint "G1CollectForAllocation", Time since last: 267205334 ns, Reaching safepoint: 2250 ns, At safepoint: 2206708 ns, Leaving safepoint: 22792 ns, Total: 2231750 ns, Threads: 0 runnable, 42 total
[2026-09-03T12:38:49.938+0800][14.474s][info][gc,marking  ] GC(166) Concurrent Scan Root Regions 1.943ms
[2026-09-03T12:38:49.938+0800][14.474s][info][gc,marking  ] GC(166) Concurrent Mark
[2026-09-03T12:38:49.938+0800][14.474s][info][gc,marking  ] GC(166) Concurrent Mark From Roots
[2026-09-03T12:38:49.938+0800][14.474s][info][gc,task     ] GC(166) Concurrent Mark Using 2 of 2 Workers
[2026-09-03T12:38:49.941+0800][14.478s][info][gc,marking  ] GC(166) Concurrent Mark From Roots 3.580ms
[2026-09-03T12:38:49.941+0800][14.478s][info][gc,marking  ] GC(166) Concurrent Preclean
[2026-09-03T12:38:49.941+0800][14.478s][info][gc,marking  ] GC(166) Concurrent Preclean 0.009ms
[2026-09-03T12:38:49.941+0800][14.478s][info][gc,start    ] GC(166) Pause Remark
[2026-09-03T12:38:49.942+0800][14.478s][info][gc          ] GC(166) Pause Remark 150M->105M(256M) 0.328ms
[2026-09-03T12:38:49.942+0800][14.478s][info][gc,cpu      ] GC(166) User=0.00s Sys=0.00s Real=0.00s
[2026-09-03T12:38:49.942+0800][14.478s][info][safepoint   ] Safepoint "G1PauseRemark", Time since last: 5570500 ns, Reaching safepoint: 2750 ns, At safepoint: 352041 ns, Leaving safepoint: 11375 ns, Total: 366166 ns, Threads: 0 runnable, 42 total
[2026-09-03T12:38:49.942+0800][14.478s][info][gc,marking  ] GC(166) Concurrent Mark 4.032ms
[2026-09-03T12:38:49.942+0800][14.478s][info][gc,marking  ] GC(166) Concurrent Rebuild Remembered Sets and Scrub Regions
[2026-09-03T12:38:49.945+0800][14.482s][info][gc,marking  ] GC(166) Concurrent Rebuild Remembered Sets and Scrub Regions 3.386ms
[2026-09-03T12:38:49.945+0800][14.482s][info][gc,start    ] GC(166) Pause Cleanup
[2026-09-03T12:38:49.945+0800][14.482s][info][gc          ] GC(166) Pause Cleanup 107M->107M(256M) 0.035ms
[2026-09-03T12:38:49.945+0800][14.482s][info][gc,cpu      ] GC(166) User=0.00s Sys=0.00s Real=0.00s
[2026-09-03T12:38:49.945+0800][14.482s][info][safepoint   ] Safepoint "G1PauseCleanup", Time since last: 3456834 ns, Reaching safepoint: 1791 ns, At safepoint: 53000 ns, Leaving safepoint: 417 ns, Total: 55208 ns, Threads: 0 runnable, 42 total
[2026-09-03T12:38:49.945+0800][14.482s][info][gc,marking  ] GC(166) Concurrent Clear Claimed Marks
[2026-09-03T12:38:49.945+0800][14.482s][info][gc,marking  ] GC(166) Concurrent Clear Claimed Marks 0.004ms
[2026-09-03T12:38:49.945+0800][14.482s][info][gc,marking  ] GC(166) Concurrent Cleanup for Next Mark
[2026-09-03T12:38:49.945+0800][14.482s][info][gc,marking  ] GC(166) Concurrent Cleanup for Next Mark 0.093ms
[2026-09-03T12:38:49.945+0800][14.482s][info][gc          ] GC(166) Concurrent Mark Cycle 9.598ms
[2026-09-03T12:38:50.163+0800][14.700s][info][gc,start    ] GC(167) Pause Young (Prepare Mixed) (G1 Evacuation Pause)
[2026-09-03T12:38:50.163+0800][14.700s][info][gc,task     ] GC(167) Using 9 workers of 9 for evacuation
[2026-09-03T12:38:50.165+0800][14.701s][info][gc,phases   ] GC(167)   Pre Evacuate Collection Set: 0.04ms
[2026-09-03T12:38:50.165+0800][14.701s][info][gc,phases   ] GC(167)   Merge Heap Roots: 0.02ms
[2026-09-03T12:38:50.165+0800][14.701s][info][gc,phases   ] GC(167)   Evacuate Collection Set: 1.62ms
[2026-09-03T12:38:50.165+0800][14.701s][info][gc,phases   ] GC(167)   Post Evacuate Collection Set: 0.09ms
[2026-09-03T12:38:50.165+0800][14.701s][info][gc,phases   ] GC(167)   Other: 0.06ms
[2026-09-03T12:38:50.165+0800][14.701s][info][gc,heap     ] GC(167) Eden regions: 76->0(97)
[2026-09-03T12:38:50.165+0800][14.701s][info][gc,heap     ] GC(167) Survivor regions: 13->12(12)
[2026-09-03T12:38:50.165+0800][14.701s][info][gc,heap     ] GC(167) Old regions: 89->106
[2026-09-03T12:38:50.165+0800][14.701s][info][gc,heap     ] GC(167) Humongous regions: 1->1
[2026-09-03T12:38:50.165+0800][14.701s][info][gc,metaspace] GC(167) Metaspace: 1059K(1216K)->1059K(1216K) NonClass: 994K(1088K)->994K(1088K) Class: 64K(128K)->64K(128K)
[2026-09-03T12:38:50.165+0800][14.702s][info][gc          ] GC(167) Pause Young (Prepare Mixed) (G1 Evacuation Pause) 178M->117M(256M) 1.938ms
[2026-09-03T12:38:50.165+0800][14.702s][info][gc,cpu      ] GC(167) User=0.01s Sys=0.00s Real=0.00s
[2026-09-03T12:38:50.165+0800][14.702s][info][safepoint   ] Safepoint "G1CollectForAllocation", Time since last: 217748792 ns, Reaching safepoint: 2041 ns, At safepoint: 1963209 ns, Leaving safepoint: 42000 ns, Total: 2007250 ns, Threads: 0 runnable, 42 total
[2026-09-03T12:38:50.456+0800][14.993s][info][gc,start    ] GC(168) Pause Young (Mixed) (G1 Evacuation Pause)
[2026-09-03T12:38:50.456+0800][14.993s][info][gc,task     ] GC(168) Using 9 workers of 9 for evacuation
[2026-09-03T12:38:50.459+0800][14.995s][info][gc,phases   ] GC(168)   Pre Evacuate Collection Set: 0.05ms
[2026-09-03T12:38:50.459+0800][14.995s][info][gc,phases   ] GC(168)   Merge Heap Roots: 0.03ms
[2026-09-03T12:38:50.459+0800][14.995s][info][gc,phases   ] GC(168)   Evacuate Collection Set: 2.08ms
[2026-09-03T12:38:50.459+0800][14.995s][info][gc,phases   ] GC(168)   Post Evacuate Collection Set: 0.11ms
[2026-09-03T12:38:50.459+0800][14.995s][info][gc,phases   ] GC(168)   Other: 0.06ms
[2026-09-03T12:38:50.459+0800][14.995s][info][gc,heap     ] GC(168) Eden regions: 97->0(102)
[2026-09-03T12:38:50.459+0800][14.995s][info][gc,heap     ] GC(168) Survivor regions: 12->14(14)
[2026-09-03T12:38:50.459+0800][14.995s][info][gc,heap     ] GC(168) Old regions: 106->96
[2026-09-03T12:38:50.459+0800][14.995s][info][gc,heap     ] GC(168) Humongous regions: 1->1
[2026-09-03T12:38:50.459+0800][14.995s][info][gc,metaspace] GC(168) Metaspace: 1059K(1216K)->1059K(1216K) NonClass: 994K(1088K)->994K(1088K) Class: 64K(128K)->64K(128K)
[2026-09-03T12:38:50.459+0800][14.995s][info][gc          ] GC(168) Pause Young (Mixed) (G1 Evacuation Pause) 214M->109M(256M) 2.417ms
[2026-09-03T12:38:50.459+0800][14.995s][info][gc,cpu      ] GC(168) User=0.02s Sys=0.00s Real=0.00s
[2026-09-03T12:38:50.459+0800][14.995s][info][safepoint   ] Safepoint "G1CollectForAllocation", Time since last: 291347416 ns, Reaching safepoint: 2542 ns, At safepoint: 2438583 ns, Leaving safepoint: 32167 ns, Total: 2473292 ns, Threads: 0 runnable, 42 total
[2026-09-03T12:38:50.768+0800][15.305s][info][gc,start    ] GC(169) Pause Young (Mixed) (G1 Evacuation Pause)
[2026-09-03T12:38:50.768+0800][15.305s][info][gc,task     ] GC(169) Using 9 workers of 9 for evacuation
[2026-09-03T12:38:50.770+0800][15.307s][info][gc,phases   ] GC(169)   Pre Evacuate Collection Set: 0.09ms
[2026-09-03T12:38:50.770+0800][15.307s][info][gc,phases   ] GC(169)   Merge Heap Roots: 0.03ms
[2026-09-03T12:38:50.770+0800][15.307s][info][gc,phases   ] GC(169)   Evacuate Collection Set: 2.00ms
[2026-09-03T12:38:50.770+0800][15.307s][info][gc,phases   ] GC(169)   Post Evacuate Collection Set: 0.11ms
[2026-09-03T12:38:50.770+0800][15.307s][info][gc,phases   ] GC(169)   Other: 0.07ms
[2026-09-03T12:38:50.770+0800][15.307s][info][gc,heap     ] GC(169) Eden regions: 102->0(89)
[2026-09-03T12:38:50.770+0800][15.307s][info][gc,heap     ] GC(169) Survivor regions: 14->15(15)
[2026-09-03T12:38:50.770+0800][15.307s][info][gc,heap     ] GC(169) Old regions: 96->114
[2026-09-03T12:38:50.770+0800][15.307s][info][gc,heap     ] GC(169) Humongous regions: 1->1
[2026-09-03T12:38:50.770+0800][15.307s][info][gc,metaspace] GC(169) Metaspace: 1059K(1216K)->1059K(1216K) NonClass: 994K(1088K)->994K(1088K) Class: 64K(128K)->64K(128K)
[2026-09-03T12:38:50.770+0800][15.307s][info][gc          ] GC(169) Pause Young (Mixed) (G1 Evacuation Pause) 211M->128M(256M) 2.402ms
[2026-09-03T12:38:50.770+0800][15.307s][info][gc,cpu      ] GC(169) User=0.02s Sys=0.00s Real=0.01s
[2026-09-03T12:38:50.771+0800][15.307s][info][safepoint   ] Safepoint "G1CollectForAllocation", Time since last: 309277042 ns, Reaching safepoint: 3125 ns, At safepoint: 2426541 ns, Leaving safepoint: 75542 ns, Total: 2505208 ns, Threads: 0 runnable, 42 total
[2026-09-03T12:38:51.038+0800][15.575s][info][gc,start    ] GC(170) Pause Young (Concurrent Start) (G1 Evacuation Pause)
[2026-09-03T12:38:51.038+0800][15.575s][info][gc,task     ] GC(170) Using 9 workers of 9 for evacuation
[2026-09-03T12:38:51.041+0800][15.577s][info][gc,phases   ] GC(170)   Pre Evacuate Collection Set: 0.08ms
[2026-09-03T12:38:51.041+0800][15.577s][info][gc,phases   ] GC(170)   Merge Heap Roots: 0.03ms
[2026-09-03T12:38:51.041+0800][15.577s][info][gc,phases   ] GC(170)   Evacuate Collection Set: 1.99ms
[2026-09-03T12:38:51.041+0800][15.577s][info][gc,phases   ] GC(170)   Post Evacuate Collection Set: 0.10ms
[2026-09-03T12:38:51.041+0800][15.577s][info][gc,phases   ] GC(170)   Other: 0.06ms
[2026-09-03T12:38:51.041+0800][15.577s][info][gc,heap     ] GC(170) Eden regions: 89->0(76)
[2026-09-03T12:38:51.041+0800][15.577s][info][gc,heap     ] GC(170) Survivor regions: 15->13(13)
[2026-09-03T12:38:51.041+0800][15.577s][info][gc,heap     ] GC(170) Old regions: 114->134
[2026-09-03T12:38:51.041+0800][15.577s][info][gc,heap     ] GC(170) Humongous regions: 1->1
[2026-09-03T12:38:51.041+0800][15.577s][info][gc,metaspace] GC(170) Metaspace: 1059K(1216K)->1059K(1216K) NonClass: 994K(1088K)->994K(1088K) Class: 64K(128K)->64K(128K)
[2026-09-03T12:38:51.041+0800][15.577s][info][gc          ] GC(170) Pause Young (Concurrent Start) (G1 Evacuation Pause) 217M->147M(256M) 2.371ms
[2026-09-03T12:38:51.041+0800][15.577s][info][gc,cpu      ] GC(170) User=0.01s Sys=0.00s Real=0.01s
[2026-09-03T12:38:51.041+0800][15.577s][info][gc          ] GC(171) Concurrent Mark Cycle
[2026-09-03T12:38:51.041+0800][15.577s][info][gc,marking  ] GC(171) Concurrent Scan Root Regions
[2026-09-03T12:38:51.041+0800][15.577s][info][safepoint   ] Safepoint "G1CollectForAllocation", Time since last: 267631083 ns, Reaching safepoint: 21084 ns, At safepoint: 2400875 ns, Leaving safepoint: 28333 ns, Total: 2450292 ns, Threads: 1 runnable, 42 total
[2026-09-03T12:38:51.043+0800][15.580s][info][gc,marking  ] GC(171) Concurrent Scan Root Regions 2.423ms
[2026-09-03T12:38:51.043+0800][15.580s][info][gc,marking  ] GC(171) Concurrent Mark
[2026-09-03T12:38:51.043+0800][15.580s][info][gc,marking  ] GC(171) Concurrent Mark From Roots
[2026-09-03T12:38:51.043+0800][15.580s][info][gc,task     ] GC(171) Concurrent Mark Using 2 of 2 Workers
[2026-09-03T12:38:51.047+0800][15.583s][info][gc,marking  ] GC(171) Concurrent Mark From Roots 3.787ms
[2026-09-03T12:38:51.047+0800][15.583s][info][gc,marking  ] GC(171) Concurrent Preclean
[2026-09-03T12:38:51.047+0800][15.584s][info][gc,marking  ] GC(171) Concurrent Preclean 0.009ms
[2026-09-03T12:38:51.047+0800][15.584s][info][gc,start    ] GC(171) Pause Remark
[2026-09-03T12:38:51.047+0800][15.584s][info][gc          ] GC(171) Pause Remark 150M->106M(256M) 0.301ms
[2026-09-03T12:38:51.047+0800][15.584s][info][gc,cpu      ] GC(171) User=0.00s Sys=0.00s Real=0.00s
[2026-09-03T12:38:51.047+0800][15.584s][info][safepoint   ] Safepoint "G1PauseRemark", Time since last: 6271708 ns, Reaching safepoint: 2834 ns, At safepoint: 319250 ns, Leaving safepoint: 20291 ns, Total: 342375 ns, Threads: 0 runnable, 42 total
[2026-09-03T12:38:51.047+0800][15.584s][info][gc,marking  ] GC(171) Concurrent Mark 4.220ms
[2026-09-03T12:38:51.047+0800][15.584s][info][gc,marking  ] GC(171) Concurrent Rebuild Remembered Sets and Scrub Regions
[2026-09-03T12:38:51.051+0800][15.587s][info][gc,marking  ] GC(171) Concurrent Rebuild Remembered Sets and Scrub Regions 3.315ms
[2026-09-03T12:38:51.051+0800][15.587s][info][gc,start    ] GC(171) Pause Cleanup
[2026-09-03T12:38:51.051+0800][15.587s][info][gc          ] GC(171) Pause Cleanup 108M->108M(256M) 0.036ms
[2026-09-03T12:38:51.051+0800][15.587s][info][gc,cpu      ] GC(171) User=0.00s Sys=0.00s Real=0.00s
[2026-09-03T12:38:51.051+0800][15.587s][info][safepoint   ] Safepoint "G1PauseCleanup", Time since last: 3412792 ns, Reaching safepoint: 1917 ns, At safepoint: 53083 ns, Leaving safepoint: 3375 ns, Total: 58375 ns, Threads: 0 runnable, 42 total
[2026-09-03T12:38:51.051+0800][15.587s][info][gc,marking  ] GC(171) Concurrent Clear Claimed Marks
[2026-09-03T12:38:51.051+0800][15.587s][info][gc,marking  ] GC(171) Concurrent Clear Claimed Marks 0.008ms
[2026-09-03T12:38:51.051+0800][15.587s][info][gc,marking  ] GC(171) Concurrent Cleanup for Next Mark
[2026-09-03T12:38:51.051+0800][15.587s][info][gc,marking  ] GC(171) Concurrent Cleanup for Next Mark 0.105ms
[2026-09-03T12:38:51.051+0800][15.587s][info][gc          ] GC(171) Concurrent Mark Cycle 10.263ms
[2026-09-03T12:38:51.267+0800][15.804s][info][gc,start    ] GC(172) Pause Young (Prepare Mixed) (G1 Evacuation Pause)
[2026-09-03T12:38:51.267+0800][15.804s][info][gc,task     ] GC(172) Using 9 workers of 9 for evacuation
[2026-09-03T12:38:51.269+0800][15.806s][info][gc,phases   ] GC(172)   Pre Evacuate Collection Set: 0.04ms
[2026-09-03T12:38:51.269+0800][15.806s][info][gc,phases   ] GC(172)   Merge Heap Roots: 0.02ms
[2026-09-03T12:38:51.269+0800][15.806s][info][gc,phases   ] GC(172)   Evacuate Collection Set: 1.64ms
[2026-09-03T12:38:51.269+0800][15.806s][info][gc,phases   ] GC(172)   Post Evacuate Collection Set: 0.10ms
[2026-09-03T12:38:51.269+0800][15.806s][info][gc,phases   ] GC(172)   Other: 0.06ms
[2026-09-03T12:38:51.269+0800][15.806s][info][gc,heap     ] GC(172) Eden regions: 76->0(96)
[2026-09-03T12:38:51.269+0800][15.806s][info][gc,heap     ] GC(172) Survivor regions: 13->12(12)
[2026-09-03T12:38:51.269+0800][15.806s][info][gc,heap     ] GC(172) Old regions: 90->107
[2026-09-03T12:38:51.269+0800][15.806s][info][gc,heap     ] GC(172) Humongous regions: 1->1
[2026-09-03T12:38:51.269+0800][15.806s][info][gc,metaspace] GC(172) Metaspace: 1059K(1216K)->1059K(1216K) NonClass: 994K(1088K)->994K(1088K) Class: 64K(128K)->64K(128K)
[2026-09-03T12:38:51.269+0800][15.806s][info][gc          ] GC(172) Pause Young (Prepare Mixed) (G1 Evacuation Pause) 179M->118M(256M) 1.962ms
[2026-09-03T12:38:51.269+0800][15.806s][info][gc,cpu      ] GC(172) User=0.01s Sys=0.00s Real=0.00s
[2026-09-03T12:38:51.269+0800][15.806s][info][safepoint   ] Safepoint "G1CollectForAllocation", Time since last: 216692625 ns, Reaching safepoint: 3167 ns, At safepoint: 1983166 ns, Leaving safepoint: 22125 ns, Total: 2008458 ns, Threads: 0 runnable, 42 total
[2026-09-03T12:38:51.557+0800][16.093s][info][gc,start    ] GC(173) Pause Young (Mixed) (G1 Evacuation Pause)
[2026-09-03T12:38:51.557+0800][16.093s][info][gc,task     ] GC(173) Using 9 workers of 9 for evacuation
[2026-09-03T12:38:51.560+0800][16.097s][info][gc,phases   ] GC(173)   Pre Evacuate Collection Set: 0.07ms
[2026-09-03T12:38:51.560+0800][16.097s][info][gc,phases   ] GC(173)   Merge Heap Roots: 0.04ms
[2026-09-03T12:38:51.560+0800][16.097s][info][gc,phases   ] GC(173)   Evacuate Collection Set: 2.93ms
[2026-09-03T12:38:51.560+0800][16.097s][info][gc,phases   ] GC(173)   Post Evacuate Collection Set: 0.11ms
[2026-09-03T12:38:51.560+0800][16.097s][info][gc,phases   ] GC(173)   Other: 0.06ms
[2026-09-03T12:38:51.560+0800][16.097s][info][gc,heap     ] GC(173) Eden regions: 96->0(102)
[2026-09-03T12:38:51.560+0800][16.097s][info][gc,heap     ] GC(173) Survivor regions: 12->14(14)
[2026-09-03T12:38:51.560+0800][16.097s][info][gc,heap     ] GC(173) Old regions: 107->97
[2026-09-03T12:38:51.560+0800][16.097s][info][gc,heap     ] GC(173) Humongous regions: 1->1
[2026-09-03T12:38:51.560+0800][16.097s][info][gc,metaspace] GC(173) Metaspace: 1059K(1216K)->1059K(1216K) NonClass: 994K(1088K)->994K(1088K) Class: 64K(128K)->64K(128K)
[2026-09-03T12:38:51.560+0800][16.097s][info][gc          ] GC(173) Pause Young (Mixed) (G1 Evacuation Pause) 214M->111M(256M) 3.322ms
[2026-09-03T12:38:51.560+0800][16.097s][info][gc,cpu      ] GC(173) User=0.02s Sys=0.00s Real=0.01s
[2026-09-03T12:38:51.560+0800][16.097s][info][safepoint   ] Safepoint "G1CollectForAllocation", Time since last: 287401125 ns, Reaching safepoint: 2959 ns, At safepoint: 3346708 ns, Leaving safepoint: 35333 ns, Total: 3385000 ns, Threads: 0 runnable, 42 total
[2026-09-03T12:38:51.868+0800][16.405s][info][gc,start    ] GC(174) Pause Young (Mixed) (G1 Evacuation Pause)
[2026-09-03T12:38:51.868+0800][16.405s][info][gc,task     ] GC(174) Using 9 workers of 9 for evacuation
[2026-09-03T12:38:51.870+0800][16.407s][info][gc,phases   ] GC(174)   Pre Evacuate Collection Set: 0.06ms
[2026-09-03T12:38:51.870+0800][16.407s][info][gc,phases   ] GC(174)   Merge Heap Roots: 0.02ms
[2026-09-03T12:38:51.870+0800][16.407s][info][gc,phases   ] GC(174)   Evacuate Collection Set: 1.86ms
[2026-09-03T12:38:51.870+0800][16.407s][info][gc,phases   ] GC(174)   Post Evacuate Collection Set: 0.10ms
[2026-09-03T12:38:51.870+0800][16.407s][info][gc,phases   ] GC(174)   Other: 0.06ms
[2026-09-03T12:38:51.870+0800][16.407s][info][gc,heap     ] GC(174) Eden regions: 102->0(90)
[2026-09-03T12:38:51.870+0800][16.407s][info][gc,heap     ] GC(174) Survivor regions: 14->15(15)
[2026-09-03T12:38:51.870+0800][16.407s][info][gc,heap     ] GC(174) Old regions: 97->112
[2026-09-03T12:38:51.870+0800][16.407s][info][gc,heap     ] GC(174) Humongous regions: 1->1
[2026-09-03T12:38:51.870+0800][16.407s][info][gc,metaspace] GC(174) Metaspace: 1059K(1216K)->1059K(1216K) NonClass: 994K(1088K)->994K(1088K) Class: 64K(128K)->64K(128K)
[2026-09-03T12:38:51.870+0800][16.407s][info][gc          ] GC(174) Pause Young (Mixed) (G1 Evacuation Pause) 213M->126M(256M) 2.226ms
[2026-09-03T12:38:51.871+0800][16.407s][info][gc,cpu      ] GC(174) User=0.01s Sys=0.00s Real=0.01s
[2026-09-03T12:38:51.871+0800][16.407s][info][safepoint   ] Safepoint "G1CollectForAllocation", Time since last: 308048084 ns, Reaching safepoint: 2916 ns, At safepoint: 2250500 ns, Leaving safepoint: 44542 ns, Total: 2297958 ns, Threads: 0 runnable, 42 total
[2026-09-03T12:38:52.144+0800][16.680s][info][gc,start    ] GC(175) Pause Young (Concurrent Start) (G1 Evacuation Pause)
[2026-09-03T12:38:52.144+0800][16.680s][info][gc,task     ] GC(175) Using 9 workers of 9 for evacuation
[2026-09-03T12:38:52.146+0800][16.683s][info][gc,phases   ] GC(175)   Pre Evacuate Collection Set: 0.07ms
[2026-09-03T12:38:52.146+0800][16.683s][info][gc,phases   ] GC(175)   Merge Heap Roots: 0.03ms
[2026-09-03T12:38:52.146+0800][16.683s][info][gc,phases   ] GC(175)   Evacuate Collection Set: 2.01ms
[2026-09-03T12:38:52.146+0800][16.683s][info][gc,phases   ] GC(175)   Post Evacuate Collection Set: 0.10ms
[2026-09-03T12:38:52.146+0800][16.683s][info][gc,phases   ] GC(175)   Other: 0.06ms
[2026-09-03T12:38:52.146+0800][16.683s][info][gc,heap     ] GC(175) Eden regions: 90->0(77)
[2026-09-03T12:38:52.146+0800][16.683s][info][gc,heap     ] GC(175) Survivor regions: 15->14(14)
[2026-09-03T12:38:52.146+0800][16.683s][info][gc,heap     ] GC(175) Old regions: 112->131
[2026-09-03T12:38:52.146+0800][16.683s][info][gc,heap     ] GC(175) Humongous regions: 1->1
[2026-09-03T12:38:52.146+0800][16.683s][info][gc,metaspace] GC(175) Metaspace: 1059K(1216K)->1059K(1216K) NonClass: 994K(1088K)->994K(1088K) Class: 64K(128K)->64K(128K)
[2026-09-03T12:38:52.146+0800][16.683s][info][gc          ] GC(175) Pause Young (Concurrent Start) (G1 Evacuation Pause) 216M->144M(256M) 2.386ms
[2026-09-03T12:38:52.146+0800][16.683s][info][gc,cpu      ] GC(175) User=0.01s Sys=0.00s Real=0.00s
[2026-09-03T12:38:52.146+0800][16.683s][info][gc          ] GC(176) Concurrent Mark Cycle
[2026-09-03T12:38:52.146+0800][16.683s][info][gc,marking  ] GC(176) Concurrent Scan Root Regions
[2026-09-03T12:38:52.146+0800][16.683s][info][safepoint   ] Safepoint "G1CollectForAllocation", Time since last: 273125917 ns, Reaching safepoint: 21791 ns, At safepoint: 2415459 ns, Leaving safepoint: 74000 ns, Total: 2511250 ns, Threads: 1 runnable, 42 total
[2026-09-03T12:38:52.148+0800][16.685s][info][gc,marking  ] GC(176) Concurrent Scan Root Regions 2.084ms
[2026-09-03T12:38:52.148+0800][16.685s][info][gc,marking  ] GC(176) Concurrent Mark
[2026-09-03T12:38:52.148+0800][16.685s][info][gc,marking  ] GC(176) Concurrent Mark From Roots
[2026-09-03T12:38:52.148+0800][16.685s][info][gc,task     ] GC(176) Concurrent Mark Using 2 of 2 Workers
[2026-09-03T12:38:52.152+0800][16.689s][info][gc,marking  ] GC(176) Concurrent Mark From Roots 4.009ms
[2026-09-03T12:38:52.152+0800][16.689s][info][gc,marking  ] GC(176) Concurrent Preclean
[2026-09-03T12:38:52.152+0800][16.689s][info][gc,marking  ] GC(176) Concurrent Preclean 0.010ms
[2026-09-03T12:38:52.152+0800][16.689s][info][gc,start    ] GC(176) Pause Remark
[2026-09-03T12:38:52.153+0800][16.690s][info][gc          ] GC(176) Pause Remark 148M->104M(256M) 0.531ms
[2026-09-03T12:38:52.153+0800][16.690s][info][gc,cpu      ] GC(176) User=0.00s Sys=0.00s Real=0.00s
[2026-09-03T12:38:52.153+0800][16.690s][info][safepoint   ] Safepoint "G1PauseRemark", Time since last: 6117708 ns, Reaching safepoint: 39167 ns, At safepoint: 577500 ns, Leaving safepoint: 20708 ns, Total: 637375 ns, Threads: 1 runnable, 42 total
[2026-09-03T12:38:52.153+0800][16.690s][info][gc,marking  ] GC(176) Concurrent Mark 4.770ms
[2026-09-03T12:38:52.153+0800][16.690s][info][gc,marking  ] GC(176) Concurrent Rebuild Remembered Sets and Scrub Regions
[2026-09-03T12:38:52.157+0800][16.694s][info][gc,marking  ] GC(176) Concurrent Rebuild Remembered Sets and Scrub Regions 3.915ms
[2026-09-03T12:38:52.157+0800][16.694s][info][gc,start    ] GC(176) Pause Cleanup
[2026-09-03T12:38:52.157+0800][16.694s][info][gc          ] GC(176) Pause Cleanup 106M->106M(256M) 0.040ms
[2026-09-03T12:38:52.157+0800][16.694s][info][gc,cpu      ] GC(176) User=0.00s Sys=0.00s Real=0.00s
[2026-09-03T12:38:52.157+0800][16.694s][info][safepoint   ] Safepoint "G1PauseCleanup", Time since last: 4040375 ns, Reaching safepoint: 2458 ns, At safepoint: 59834 ns, Leaving safepoint: 3250 ns, Total: 65542 ns, Threads: 0 runnable, 42 total
[2026-09-03T12:38:52.157+0800][16.694s][info][gc,marking  ] GC(176) Concurrent Clear Claimed Marks
[2026-09-03T12:38:52.157+0800][16.694s][info][gc,marking  ] GC(176) Concurrent Clear Claimed Marks 0.009ms
[2026-09-03T12:38:52.157+0800][16.694s][info][gc,marking  ] GC(176) Concurrent Cleanup for Next Mark
[2026-09-03T12:38:52.157+0800][16.694s][info][gc,marking  ] GC(176) Concurrent Cleanup for Next Mark 0.139ms
[2026-09-03T12:38:52.157+0800][16.694s][info][gc          ] GC(176) Concurrent Mark Cycle 11.119ms
[2026-09-03T12:38:52.378+0800][16.915s][info][gc,start    ] GC(177) Pause Young (Prepare Mixed) (G1 Evacuation Pause)
[2026-09-03T12:38:52.378+0800][16.915s][info][gc,task     ] GC(177) Using 9 workers of 9 for evacuation
[2026-09-03T12:38:52.380+0800][16.917s][info][gc,phases   ] GC(177)   Pre Evacuate Collection Set: 0.06ms
[2026-09-03T12:38:52.380+0800][16.917s][info][gc,phases   ] GC(177)   Merge Heap Roots: 0.02ms
[2026-09-03T12:38:52.380+0800][16.917s][info][gc,phases   ] GC(177)   Evacuate Collection Set: 1.69ms
[2026-09-03T12:38:52.380+0800][16.917s][info][gc,phases   ] GC(177)   Post Evacuate Collection Set: 0.08ms
[2026-09-03T12:38:52.380+0800][16.917s][info][gc,phases   ] GC(177)   Other: 0.06ms
[2026-09-03T12:38:52.380+0800][16.917s][info][gc,heap     ] GC(177) Eden regions: 77->0(97)
[2026-09-03T12:38:52.380+0800][16.917s][info][gc,heap     ] GC(177) Survivor regions: 14->12(12)
[2026-09-03T12:38:52.380+0800][16.917s][info][gc,heap     ] GC(177) Old regions: 87->105
[2026-09-03T12:38:52.380+0800][16.917s][info][gc,heap     ] GC(177) Humongous regions: 1->1
[2026-09-03T12:38:52.380+0800][16.917s][info][gc,metaspace] GC(177) Metaspace: 1059K(1216K)->1059K(1216K) NonClass: 994K(1088K)->994K(1088K) Class: 64K(128K)->64K(128K)
[2026-09-03T12:38:52.380+0800][16.917s][info][gc          ] GC(177) Pause Young (Prepare Mixed) (G1 Evacuation Pause) 177M->116M(256M) 2.037ms
[2026-09-03T12:38:52.380+0800][16.917s][info][gc,cpu      ] GC(177) User=0.01s Sys=0.00s Real=0.01s
[2026-09-03T12:38:52.380+0800][16.917s][info][safepoint   ] Safepoint "G1CollectForAllocation", Time since last: 221037791 ns, Reaching safepoint: 2584 ns, At safepoint: 2062541 ns, Leaving safepoint: 22334 ns, Total: 2087459 ns, Threads: 0 runnable, 42 total
[2026-09-03T12:38:52.674+0800][17.211s][info][gc,start    ] GC(178) Pause Young (Mixed) (G1 Evacuation Pause)
[2026-09-03T12:38:52.674+0800][17.211s][info][gc,task     ] GC(178) Using 9 workers of 9 for evacuation
[2026-09-03T12:38:52.677+0800][17.213s][info][gc,phases   ] GC(178)   Pre Evacuate Collection Set: 0.07ms
[2026-09-03T12:38:52.677+0800][17.214s][info][gc,phases   ] GC(178)   Merge Heap Roots: 0.06ms
[2026-09-03T12:38:52.677+0800][17.214s][info][gc,phases   ] GC(178)   Evacuate Collection Set: 2.46ms
[2026-09-03T12:38:52.677+0800][17.214s][info][gc,phases   ] GC(178)   Post Evacuate Collection Set: 0.12ms
[2026-09-03T12:38:52.677+0800][17.214s][info][gc,phases   ] GC(178)   Other: 0.06ms
[2026-09-03T12:38:52.677+0800][17.214s][info][gc,heap     ] GC(178) Eden regions: 97->0(103)
[2026-09-03T12:38:52.677+0800][17.214s][info][gc,heap     ] GC(178) Survivor regions: 12->14(14)
[2026-09-03T12:38:52.677+0800][17.214s][info][gc,heap     ] GC(178) Old regions: 105->95
[2026-09-03T12:38:52.677+0800][17.214s][info][gc,heap     ] GC(178) Humongous regions: 1->1
[2026-09-03T12:38:52.677+0800][17.214s][info][gc,metaspace] GC(178) Metaspace: 1059K(1216K)->1059K(1216K) NonClass: 994K(1088K)->994K(1088K) Class: 64K(128K)->64K(128K)
[2026-09-03T12:38:52.677+0800][17.214s][info][gc          ] GC(178) Pause Young (Mixed) (G1 Evacuation Pause) 213M->108M(256M) 2.890ms
[2026-09-03T12:38:52.677+0800][17.214s][info][gc,cpu      ] GC(178) User=0.01s Sys=0.00s Real=0.00s
[2026-09-03T12:38:52.677+0800][17.214s][info][safepoint   ] Safepoint "G1CollectForAllocation", Time since last: 293848416 ns, Reaching safepoint: 2459 ns, At safepoint: 2918583 ns, Leaving safepoint: 23917 ns, Total: 2944959 ns, Threads: 0 runnable, 42 total
[2026-09-03T12:38:52.988+0800][17.524s][info][gc,start    ] GC(179) Pause Young (Concurrent Start) (G1 Evacuation Pause)
[2026-09-03T12:38:52.988+0800][17.524s][info][gc,task     ] GC(179) Using 9 workers of 9 for evacuation
[2026-09-03T12:38:52.990+0800][17.526s][info][gc,phases   ] GC(179)   Pre Evacuate Collection Set: 0.08ms
[2026-09-03T12:38:52.990+0800][17.527s][info][gc,phases   ] GC(179)   Merge Heap Roots: 0.02ms
[2026-09-03T12:38:52.990+0800][17.527s][info][gc,phases   ] GC(179)   Evacuate Collection Set: 1.94ms
[2026-09-03T12:38:52.990+0800][17.527s][info][gc,phases   ] GC(179)   Post Evacuate Collection Set: 0.09ms
[2026-09-03T12:38:52.990+0800][17.527s][info][gc,phases   ] GC(179)   Other: 0.06ms
[2026-09-03T12:38:52.990+0800][17.527s][info][gc,heap     ] GC(179) Eden regions: 103->0(89)
[2026-09-03T12:38:52.990+0800][17.527s][info][gc,heap     ] GC(179) Survivor regions: 14->15(15)
[2026-09-03T12:38:52.990+0800][17.527s][info][gc,heap     ] GC(179) Old regions: 95->114
[2026-09-03T12:38:52.990+0800][17.527s][info][gc,heap     ] GC(179) Humongous regions: 1->1
[2026-09-03T12:38:52.990+0800][17.527s][info][gc,metaspace] GC(179) Metaspace: 1059K(1216K)->1059K(1216K) NonClass: 994K(1088K)->994K(1088K) Class: 64K(128K)->64K(128K)
[2026-09-03T12:38:52.990+0800][17.527s][info][gc          ] GC(179) Pause Young (Concurrent Start) (G1 Evacuation Pause) 211M->129M(256M) 2.315ms
[2026-09-03T12:38:52.990+0800][17.527s][info][gc,cpu      ] GC(179) User=0.02s Sys=0.00s Real=0.01s
[2026-09-03T12:38:52.990+0800][17.527s][info][gc          ] GC(180) Concurrent Mark Cycle
[2026-09-03T12:38:52.990+0800][17.527s][info][gc,marking  ] GC(180) Concurrent Scan Root Regions
[2026-09-03T12:38:52.990+0800][17.527s][info][safepoint   ] Safepoint "G1CollectForAllocation", Time since last: 310639333 ns, Reaching safepoint: 2292 ns, At safepoint: 2343041 ns, Leaving safepoint: 21000 ns, Total: 2366333 ns, Threads: 0 runnable, 42 total
[2026-09-03T12:38:52.992+0800][17.529s][info][gc,marking  ] GC(180) Concurrent Scan Root Regions 2.216ms
[2026-09-03T12:38:52.992+0800][17.529s][info][gc,marking  ] GC(180) Concurrent Mark
[2026-09-03T12:38:52.992+0800][17.529s][info][gc,marking  ] GC(180) Concurrent Mark From Roots
[2026-09-03T12:38:52.992+0800][17.529s][info][gc,task     ] GC(180) Concurrent Mark Using 2 of 2 Workers
[2026-09-03T12:38:52.996+0800][17.532s][info][gc,marking  ] GC(180) Concurrent Mark From Roots 3.556ms
[2026-09-03T12:38:52.996+0800][17.532s][info][gc,marking  ] GC(180) Concurrent Preclean
[2026-09-03T12:38:52.996+0800][17.532s][info][gc,marking  ] GC(180) Concurrent Preclean 0.009ms
[2026-09-03T12:38:52.996+0800][17.532s][info][gc,start    ] GC(180) Pause Remark
[2026-09-03T12:38:52.996+0800][17.533s][info][gc          ] GC(180) Pause Remark 133M->97M(256M) 0.337ms
[2026-09-03T12:38:52.996+0800][17.533s][info][gc,cpu      ] GC(180) User=0.00s Sys=0.00s Real=0.00s
[2026-09-03T12:38:52.996+0800][17.533s][info][safepoint   ] Safepoint "G1PauseRemark", Time since last: 5835834 ns, Reaching safepoint: 2375 ns, At safepoint: 358333 ns, Leaving safepoint: 13792 ns, Total: 374500 ns, Threads: 0 runnable, 42 total
[2026-09-03T12:38:52.996+0800][17.533s][info][gc,marking  ] GC(180) Concurrent Mark 4.034ms
[2026-09-03T12:38:52.996+0800][17.533s][info][gc,marking  ] GC(180) Concurrent Rebuild Remembered Sets and Scrub Regions
[2026-09-03T12:38:52.999+0800][17.536s][info][gc,marking  ] GC(180) Concurrent Rebuild Remembered Sets and Scrub Regions 3.142ms
[2026-09-03T12:38:52.999+0800][17.536s][info][gc,start    ] GC(180) Pause Cleanup
[2026-09-03T12:38:53.000+0800][17.536s][info][gc          ] GC(180) Pause Cleanup 97M->97M(256M) 0.035ms
[2026-09-03T12:38:53.000+0800][17.536s][info][gc,cpu      ] GC(180) User=0.00s Sys=0.00s Real=0.01s
[2026-09-03T12:38:53.000+0800][17.536s][info][safepoint   ] Safepoint "G1PauseCleanup", Time since last: 3229416 ns, Reaching safepoint: 43084 ns, At safepoint: 54916 ns, Leaving safepoint: 2917 ns, Total: 100917 ns, Threads: 1 runnable, 42 total
[2026-09-03T12:38:53.000+0800][17.536s][info][gc,marking  ] GC(180) Concurrent Clear Claimed Marks
[2026-09-03T12:38:53.000+0800][17.536s][info][gc,marking  ] GC(180) Concurrent Clear Claimed Marks 0.007ms
[2026-09-03T12:38:53.000+0800][17.536s][info][gc,marking  ] GC(180) Concurrent Cleanup for Next Mark
[2026-09-03T12:38:53.000+0800][17.536s][info][gc,marking  ] GC(180) Concurrent Cleanup for Next Mark 0.091ms
[2026-09-03T12:38:53.000+0800][17.536s][info][gc          ] GC(180) Concurrent Mark Cycle 9.693ms
[2026-09-03T12:38:53.259+0800][17.796s][info][gc,start    ] GC(181) Pause Young (Prepare Mixed) (G1 Evacuation Pause)
[2026-09-03T12:38:53.259+0800][17.796s][info][gc,task     ] GC(181) Using 9 workers of 9 for evacuation
[2026-09-03T12:38:53.261+0800][17.798s][info][gc,phases   ] GC(181)   Pre Evacuate Collection Set: 0.07ms
[2026-09-03T12:38:53.262+0800][17.798s][info][gc,phases   ] GC(181)   Merge Heap Roots: 0.04ms
[2026-09-03T12:38:53.262+0800][17.798s][info][gc,phases   ] GC(181)   Evacuate Collection Set: 1.81ms
[2026-09-03T12:38:53.262+0800][17.798s][info][gc,phases   ] GC(181)   Post Evacuate Collection Set: 0.08ms
[2026-09-03T12:38:53.262+0800][17.798s][info][gc,phases   ] GC(181)   Other: 0.07ms
[2026-09-03T12:38:53.262+0800][17.798s][info][gc,heap     ] GC(181) Eden regions: 89->0(101)
[2026-09-03T12:38:53.262+0800][17.798s][info][gc,heap     ] GC(181) Survivor regions: 15->13(13)
[2026-09-03T12:38:53.262+0800][17.798s][info][gc,heap     ] GC(181) Old regions: 78->99
[2026-09-03T12:38:53.262+0800][17.798s][info][gc,heap     ] GC(181) Humongous regions: 1->1
[2026-09-03T12:38:53.262+0800][17.798s][info][gc,metaspace] GC(181) Metaspace: 1059K(1216K)->1059K(1216K) NonClass: 994K(1088K)->994K(1088K) Class: 64K(128K)->64K(128K)
[2026-09-03T12:38:53.262+0800][17.798s][info][gc          ] GC(181) Pause Young (Prepare Mixed) (G1 Evacuation Pause) 182M->111M(256M) 2.187ms
[2026-09-03T12:38:53.262+0800][17.798s][info][gc,cpu      ] GC(181) User=0.02s Sys=0.00s Real=0.01s
[2026-09-03T12:38:53.262+0800][17.798s][info][safepoint   ] Safepoint "G1CollectForAllocation", Time since last: 259847333 ns, Reaching safepoint: 2250 ns, At safepoint: 2212959 ns, Leaving safepoint: 27166 ns, Total: 2242375 ns, Threads: 0 runnable, 42 total
[2026-09-03T12:38:53.568+0800][18.105s][info][gc,start    ] GC(182) Pause Young (Mixed) (G1 Evacuation Pause)
[2026-09-03T12:38:53.568+0800][18.105s][info][gc,task     ] GC(182) Using 9 workers of 9 for evacuation
[2026-09-03T12:38:53.570+0800][18.107s][info][gc,phases   ] GC(182)   Pre Evacuate Collection Set: 0.07ms
[2026-09-03T12:38:53.570+0800][18.107s][info][gc,phases   ] GC(182)   Merge Heap Roots: 0.03ms
[2026-09-03T12:38:53.570+0800][18.107s][info][gc,phases   ] GC(182)   Evacuate Collection Set: 1.86ms
[2026-09-03T12:38:53.570+0800][18.107s][info][gc,phases   ] GC(182)   Post Evacuate Collection Set: 0.10ms
[2026-09-03T12:38:53.570+0800][18.107s][info][gc,phases   ] GC(182)   Other: 0.06ms
[2026-09-03T12:38:53.570+0800][18.107s][info][gc,heap     ] GC(182) Eden regions: 101->0(101)
[2026-09-03T12:38:53.570+0800][18.107s][info][gc,heap     ] GC(182) Survivor regions: 13->15(15)
[2026-09-03T12:38:53.570+0800][18.107s][info][gc,heap     ] GC(182) Old regions: 99->97
[2026-09-03T12:38:53.570+0800][18.107s][info][gc,heap     ] GC(182) Humongous regions: 1->1
[2026-09-03T12:38:53.570+0800][18.107s][info][gc,metaspace] GC(182) Metaspace: 1059K(1216K)->1059K(1216K) NonClass: 994K(1088K)->994K(1088K) Class: 64K(128K)->64K(128K)
[2026-09-03T12:38:53.570+0800][18.107s][info][gc          ] GC(182) Pause Young (Mixed) (G1 Evacuation Pause) 212M->111M(256M) 2.235ms
[2026-09-03T12:38:53.570+0800][18.107s][info][gc,cpu      ] GC(182) User=0.01s Sys=0.00s Real=0.01s
[2026-09-03T12:38:53.570+0800][18.107s][info][safepoint   ] Safepoint "G1CollectForAllocation", Time since last: 306572667 ns, Reaching safepoint: 2458 ns, At safepoint: 2259625 ns, Leaving safepoint: 38834 ns, Total: 2300917 ns, Threads: 0 runnable, 42 total
[2026-09-03T12:38:53.874+0800][18.411s][info][gc,start    ] GC(183) Pause Young (Concurrent Start) (G1 Evacuation Pause)
[2026-09-03T12:38:53.874+0800][18.411s][info][gc,task     ] GC(183) Using 9 workers of 9 for evacuation
[2026-09-03T12:38:53.877+0800][18.413s][info][gc,phases   ] GC(183)   Pre Evacuate Collection Set: 0.06ms
[2026-09-03T12:38:53.877+0800][18.413s][info][gc,phases   ] GC(183)   Merge Heap Roots: 0.02ms
[2026-09-03T12:38:53.877+0800][18.413s][info][gc,phases   ] GC(183)   Evacuate Collection Set: 2.27ms
[2026-09-03T12:38:53.877+0800][18.413s][info][gc,phases   ] GC(183)   Post Evacuate Collection Set: 0.10ms
[2026-09-03T12:38:53.877+0800][18.413s][info][gc,phases   ] GC(183)   Other: 0.08ms
[2026-09-03T12:38:53.877+0800][18.413s][info][gc,heap     ] GC(183) Eden regions: 101->0(87)
[2026-09-03T12:38:53.877+0800][18.413s][info][gc,heap     ] GC(183) Survivor regions: 15->15(15)
[2026-09-03T12:38:53.877+0800][18.413s][info][gc,heap     ] GC(183) Old regions: 97->117
[2026-09-03T12:38:53.877+0800][18.413s][info][gc,heap     ] GC(183) Humongous regions: 1->1
[2026-09-03T12:38:53.877+0800][18.413s][info][gc,metaspace] GC(183) Metaspace: 1059K(1216K)->1059K(1216K) NonClass: 994K(1088K)->994K(1088K) Class: 64K(128K)->64K(128K)
[2026-09-03T12:38:53.877+0800][18.413s][info][gc          ] GC(183) Pause Young (Concurrent Start) (G1 Evacuation Pause) 212M->132M(256M) 2.641ms
[2026-09-03T12:38:53.877+0800][18.413s][info][gc,cpu      ] GC(183) User=0.02s Sys=0.00s Real=0.00s
[2026-09-03T12:38:53.877+0800][18.413s][info][gc          ] GC(184) Concurrent Mark Cycle
[2026-09-03T12:38:53.877+0800][18.413s][info][gc,marking  ] GC(184) Concurrent Scan Root Regions
[2026-09-03T12:38:53.877+0800][18.413s][info][safepoint   ] Safepoint "G1CollectForAllocation", Time since last: 303697083 ns, Reaching safepoint: 2417 ns, At safepoint: 2670458 ns, Leaving safepoint: 26208 ns, Total: 2699083 ns, Threads: 0 runnable, 42 total
[2026-09-03T12:38:53.879+0800][18.416s][info][gc,marking  ] GC(184) Concurrent Scan Root Regions 2.088ms
[2026-09-03T12:38:53.879+0800][18.416s][info][gc,marking  ] GC(184) Concurrent Mark
[2026-09-03T12:38:53.879+0800][18.416s][info][gc,marking  ] GC(184) Concurrent Mark From Roots
[2026-09-03T12:38:53.879+0800][18.416s][info][gc,task     ] GC(184) Concurrent Mark Using 2 of 2 Workers
[2026-09-03T12:38:53.883+0800][18.419s][info][gc,marking  ] GC(184) Concurrent Mark From Roots 3.655ms
[2026-09-03T12:38:53.883+0800][18.419s][info][gc,marking  ] GC(184) Concurrent Preclean
[2026-09-03T12:38:53.883+0800][18.419s][info][gc,marking  ] GC(184) Concurrent Preclean 0.010ms
[2026-09-03T12:38:53.883+0800][18.419s][info][gc,start    ] GC(184) Pause Remark
[2026-09-03T12:38:53.883+0800][18.420s][info][gc          ] GC(184) Pause Remark 136M->103M(256M) 0.339ms
[2026-09-03T12:38:53.883+0800][18.420s][info][gc,cpu      ] GC(184) User=0.00s Sys=0.00s Real=0.00s
[2026-09-03T12:38:53.883+0800][18.420s][info][safepoint   ] Safepoint "G1PauseRemark", Time since last: 5799959 ns, Reaching safepoint: 2916 ns, At safepoint: 360125 ns, Leaving safepoint: 13792 ns, Total: 376833 ns, Threads: 0 runnable, 42 total
[2026-09-03T12:38:53.883+0800][18.420s][info][gc,marking  ] GC(184) Concurrent Mark 4.125ms
[2026-09-03T12:38:53.883+0800][18.420s][info][gc,marking  ] GC(184) Concurrent Rebuild Remembered Sets and Scrub Regions
[2026-09-03T12:38:53.887+0800][18.423s][info][gc,marking  ] GC(184) Concurrent Rebuild Remembered Sets and Scrub Regions 3.557ms
[2026-09-03T12:38:53.887+0800][18.423s][info][gc,start    ] GC(184) Pause Cleanup
[2026-09-03T12:38:53.887+0800][18.423s][info][gc          ] GC(184) Pause Cleanup 104M->104M(256M) 0.032ms
[2026-09-03T12:38:53.887+0800][18.423s][info][gc,cpu      ] GC(184) User=0.00s Sys=0.00s Real=0.00s
[2026-09-03T12:38:53.887+0800][18.423s][info][safepoint   ] Safepoint "G1PauseCleanup", Time since last: 3629042 ns, Reaching safepoint: 1750 ns, At safepoint: 52708 ns, Leaving safepoint: 4708 ns, Total: 59166 ns, Threads: 0 runnable, 42 total
[2026-09-03T12:38:53.887+0800][18.423s][info][gc,marking  ] GC(184) Concurrent Clear Claimed Marks
[2026-09-03T12:38:53.887+0800][18.423s][info][gc,marking  ] GC(184) Concurrent Clear Claimed Marks 0.009ms
[2026-09-03T12:38:53.887+0800][18.423s][info][gc,marking  ] GC(184) Concurrent Cleanup for Next Mark
[2026-09-03T12:38:53.887+0800][18.423s][info][gc,marking  ] GC(184) Concurrent Cleanup for Next Mark 0.096ms
[2026-09-03T12:38:53.887+0800][18.423s][info][gc          ] GC(184) Concurrent Mark Cycle 10.040ms
[2026-09-03T12:38:54.137+0800][18.674s][info][gc,start    ] GC(185) Pause Young (Prepare Mixed) (G1 Evacuation Pause)
[2026-09-03T12:38:54.138+0800][18.674s][info][gc,task     ] GC(185) Using 9 workers of 9 for evacuation
[2026-09-03T12:38:54.140+0800][18.676s][info][gc,phases   ] GC(185)   Pre Evacuate Collection Set: 0.06ms
[2026-09-03T12:38:54.140+0800][18.676s][info][gc,phases   ] GC(185)   Merge Heap Roots: 0.02ms
[2026-09-03T12:38:54.140+0800][18.676s][info][gc,phases   ] GC(185)   Evacuate Collection Set: 1.79ms
[2026-09-03T12:38:54.140+0800][18.676s][info][gc,phases   ] GC(185)   Post Evacuate Collection Set: 0.10ms
[2026-09-03T12:38:54.140+0800][18.676s][info][gc,phases   ] GC(185)   Other: 0.05ms
[2026-09-03T12:38:54.140+0800][18.676s][info][gc,heap     ] GC(185) Eden regions: 87->0(97)
[2026-09-03T12:38:54.140+0800][18.676s][info][gc,heap     ] GC(185) Survivor regions: 15->13(13)
[2026-09-03T12:38:54.140+0800][18.676s][info][gc,heap     ] GC(185) Old regions: 84->104
[2026-09-03T12:38:54.140+0800][18.676s][info][gc,heap     ] GC(185) Humongous regions: 1->1
[2026-09-03T12:38:54.140+0800][18.676s][info][gc,metaspace] GC(185) Metaspace: 1059K(1216K)->1059K(1216K) NonClass: 994K(1088K)->994K(1088K) Class: 64K(128K)->64K(128K)
[2026-09-03T12:38:54.140+0800][18.676s][info][gc          ] GC(185) Pause Young (Prepare Mixed) (G1 Evacuation Pause) 186M->117M(256M) 2.119ms
[2026-09-03T12:38:54.140+0800][18.676s][info][gc,cpu      ] GC(185) User=0.02s Sys=0.00s Real=0.01s
[2026-09-03T12:38:54.140+0800][18.676s][info][safepoint   ] Safepoint "G1CollectForAllocation", Time since last: 250720542 ns, Reaching safepoint: 2125 ns, At safepoint: 2138542 ns, Leaving safepoint: 72000 ns, Total: 2212667 ns, Threads: 0 runnable, 42 total
[2026-09-03T12:38:54.431+0800][18.968s][info][gc,start    ] GC(186) Pause Young (Mixed) (G1 Evacuation Pause)
[2026-09-03T12:38:54.431+0800][18.968s][info][gc,task     ] GC(186) Using 9 workers of 9 for evacuation
[2026-09-03T12:38:54.433+0800][18.970s][info][gc,phases   ] GC(186)   Pre Evacuate Collection Set: 0.05ms
[2026-09-03T12:38:54.433+0800][18.970s][info][gc,phases   ] GC(186)   Merge Heap Roots: 0.05ms
[2026-09-03T12:38:54.433+0800][18.970s][info][gc,phases   ] GC(186)   Evacuate Collection Set: 2.00ms
[2026-09-03T12:38:54.433+0800][18.970s][info][gc,phases   ] GC(186)   Post Evacuate Collection Set: 0.12ms
[2026-09-03T12:38:54.433+0800][18.970s][info][gc,phases   ] GC(186)   Other: 0.06ms
[2026-09-03T12:38:54.433+0800][18.970s][info][gc,heap     ] GC(186) Eden regions: 97->0(103)
[2026-09-03T12:38:54.433+0800][18.970s][info][gc,heap     ] GC(186) Survivor regions: 13->14(14)
[2026-09-03T12:38:54.433+0800][18.970s][info][gc,heap     ] GC(186) Old regions: 104->95
[2026-09-03T12:38:54.433+0800][18.970s][info][gc,heap     ] GC(186) Humongous regions: 1->1
[2026-09-03T12:38:54.433+0800][18.970s][info][gc,metaspace] GC(186) Metaspace: 1059K(1216K)->1059K(1216K) NonClass: 994K(1088K)->994K(1088K) Class: 64K(128K)->64K(128K)
[2026-09-03T12:38:54.433+0800][18.970s][info][gc          ] GC(186) Pause Young (Mixed) (G1 Evacuation Pause) 214M->109M(256M) 2.386ms
[2026-09-03T12:38:54.433+0800][18.970s][info][gc,cpu      ] GC(186) User=0.02s Sys=0.00s Real=0.00s
[2026-09-03T12:38:54.433+0800][18.970s][info][safepoint   ] Safepoint "G1CollectForAllocation", Time since last: 291333208 ns, Reaching safepoint: 2125 ns, At safepoint: 2407292 ns, Leaving safepoint: 22375 ns, Total: 2431792 ns, Threads: 0 runnable, 42 total
[2026-09-03T12:38:54.742+0800][19.279s][info][gc,start    ] GC(187) Pause Young (Concurrent Start) (G1 Evacuation Pause)
[2026-09-03T12:38:54.743+0800][19.279s][info][gc,task     ] GC(187) Using 9 workers of 9 for evacuation
[2026-09-03T12:38:54.745+0800][19.281s][info][gc,phases   ] GC(187)   Pre Evacuate Collection Set: 0.13ms
[2026-09-03T12:38:54.745+0800][19.281s][info][gc,phases   ] GC(187)   Merge Heap Roots: 0.04ms
[2026-09-03T12:38:54.745+0800][19.281s][info][gc,phases   ] GC(187)   Evacuate Collection Set: 1.93ms
[2026-09-03T12:38:54.745+0800][19.281s][info][gc,phases   ] GC(187)   Post Evacuate Collection Set: 0.10ms
[2026-09-03T12:38:54.745+0800][19.281s][info][gc,phases   ] GC(187)   Other: 0.06ms
[2026-09-03T12:38:54.745+0800][19.281s][info][gc,heap     ] GC(187) Eden regions: 103->0(88)
[2026-09-03T12:38:54.745+0800][19.281s][info][gc,heap     ] GC(187) Survivor regions: 14->15(15)
[2026-09-03T12:38:54.745+0800][19.281s][info][gc,heap     ] GC(187) Old regions: 95->115
[2026-09-03T12:38:54.745+0800][19.281s][info][gc,heap     ] GC(187) Humongous regions: 1->1
[2026-09-03T12:38:54.745+0800][19.281s][info][gc,metaspace] GC(187) Metaspace: 1059K(1216K)->1059K(1216K) NonClass: 994K(1088K)->994K(1088K) Class: 64K(128K)->64K(128K)
[2026-09-03T12:38:54.745+0800][19.281s][info][gc          ] GC(187) Pause Young (Concurrent Start) (G1 Evacuation Pause) 212M->129M(256M) 2.378ms
[2026-09-03T12:38:54.745+0800][19.281s][info][gc,cpu      ] GC(187) User=0.02s Sys=0.00s Real=0.00s
[2026-09-03T12:38:54.745+0800][19.281s][info][gc          ] GC(188) Concurrent Mark Cycle
[2026-09-03T12:38:54.745+0800][19.281s][info][gc,marking  ] GC(188) Concurrent Scan Root Regions
[2026-09-03T12:38:54.745+0800][19.281s][info][safepoint   ] Safepoint "G1CollectForAllocation", Time since last: 308984333 ns, Reaching safepoint: 10417 ns, At safepoint: 2406416 ns, Leaving safepoint: 27792 ns, Total: 2444625 ns, Threads: 0 runnable, 42 total
[2026-09-03T12:38:54.747+0800][19.284s][info][gc,marking  ] GC(188) Concurrent Scan Root Regions 2.084ms
[2026-09-03T12:38:54.747+0800][19.284s][info][gc,marking  ] GC(188) Concurrent Mark
[2026-09-03T12:38:54.747+0800][19.284s][info][gc,marking  ] GC(188) Concurrent Mark From Roots
[2026-09-03T12:38:54.747+0800][19.284s][info][gc,task     ] GC(188) Concurrent Mark Using 2 of 2 Workers
[2026-09-03T12:38:54.751+0800][19.287s][info][gc,marking  ] GC(188) Concurrent Mark From Roots 3.632ms
[2026-09-03T12:38:54.751+0800][19.287s][info][gc,marking  ] GC(188) Concurrent Preclean
[2026-09-03T12:38:54.751+0800][19.287s][info][gc,marking  ] GC(188) Concurrent Preclean 0.010ms
[2026-09-03T12:38:54.751+0800][19.287s][info][gc,start    ] GC(188) Pause Remark
[2026-09-03T12:38:54.751+0800][19.288s][info][gc          ] GC(188) Pause Remark 133M->99M(256M) 0.405ms
[2026-09-03T12:38:54.751+0800][19.288s][info][gc,cpu      ] GC(188) User=0.00s Sys=0.00s Real=0.00s
[2026-09-03T12:38:54.751+0800][19.288s][info][safepoint   ] Safepoint "G1PauseRemark", Time since last: 5769125 ns, Reaching safepoint: 24667 ns, At safepoint: 440000 ns, Leaving safepoint: 13791 ns, Total: 478458 ns, Threads: 1 runnable, 42 total
[2026-09-03T12:38:54.751+0800][19.288s][info][gc,marking  ] GC(188) Concurrent Mark 4.243ms
[2026-09-03T12:38:54.751+0800][19.288s][info][gc,marking  ] GC(188) Concurrent Rebuild Remembered Sets and Scrub Regions
[2026-09-03T12:38:54.755+0800][19.291s][info][gc,marking  ] GC(188) Concurrent Rebuild Remembered Sets and Scrub Regions 3.507ms
[2026-09-03T12:38:54.755+0800][19.291s][info][gc,start    ] GC(188) Pause Cleanup
[2026-09-03T12:38:54.755+0800][19.291s][info][gc          ] GC(188) Pause Cleanup 100M->100M(256M) 0.039ms
[2026-09-03T12:38:54.755+0800][19.291s][info][gc,cpu      ] GC(188) User=0.00s Sys=0.00s Real=0.00s
[2026-09-03T12:38:54.755+0800][19.291s][info][safepoint   ] Safepoint "G1PauseCleanup", Time since last: 3619167 ns, Reaching safepoint: 1875 ns, At safepoint: 56125 ns, Leaving safepoint: 4083 ns, Total: 62083 ns, Threads: 0 runnable, 42 total
[2026-09-03T12:38:54.755+0800][19.291s][info][gc,marking  ] GC(188) Concurrent Clear Claimed Marks
[2026-09-03T12:38:54.755+0800][19.291s][info][gc,marking  ] GC(188) Concurrent Clear Claimed Marks 0.004ms
[2026-09-03T12:38:54.755+0800][19.291s][info][gc,marking  ] GC(188) Concurrent Cleanup for Next Mark
[2026-09-03T12:38:54.755+0800][19.292s][info][gc,marking  ] GC(188) Concurrent Cleanup for Next Mark 0.093ms
[2026-09-03T12:38:54.755+0800][19.292s][info][gc          ] GC(188) Concurrent Mark Cycle 10.082ms
[2026-09-03T12:38:55.013+0800][19.549s][info][gc,start    ] GC(189) Pause Young (Prepare Mixed) (G1 Evacuation Pause)
[2026-09-03T12:38:55.013+0800][19.550s][info][gc,task     ] GC(189) Using 9 workers of 9 for evacuation
[2026-09-03T12:38:55.015+0800][19.552s][info][gc,phases   ] GC(189)   Pre Evacuate Collection Set: 0.04ms
[2026-09-03T12:38:55.015+0800][19.552s][info][gc,phases   ] GC(189)   Merge Heap Roots: 0.02ms
[2026-09-03T12:38:55.015+0800][19.552s][info][gc,phases   ] GC(189)   Evacuate Collection Set: 1.84ms
[2026-09-03T12:38:55.015+0800][19.552s][info][gc,phases   ] GC(189)   Post Evacuate Collection Set: 0.10ms
[2026-09-03T12:38:55.015+0800][19.552s][info][gc,phases   ] GC(189)   Other: 0.06ms
[2026-09-03T12:38:55.015+0800][19.552s][info][gc,heap     ] GC(189) Eden regions: 88->0(99)
[2026-09-03T12:38:55.015+0800][19.552s][info][gc,heap     ] GC(189) Survivor regions: 15->13(13)
[2026-09-03T12:38:55.015+0800][19.552s][info][gc,heap     ] GC(189) Old regions: 81->101
[2026-09-03T12:38:55.015+0800][19.552s][info][gc,heap     ] GC(189) Humongous regions: 1->1
[2026-09-03T12:38:55.015+0800][19.552s][info][gc,metaspace] GC(189) Metaspace: 1059K(1216K)->1059K(1216K) NonClass: 994K(1088K)->994K(1088K) Class: 64K(128K)->64K(128K)
[2026-09-03T12:38:55.015+0800][19.552s][info][gc          ] GC(189) Pause Young (Prepare Mixed) (G1 Evacuation Pause) 183M->113M(256M) 2.173ms
[2026-09-03T12:38:55.015+0800][19.552s][info][gc,cpu      ] GC(189) User=0.02s Sys=0.00s Real=0.00s
[2026-09-03T12:38:55.015+0800][19.552s][info][safepoint   ] Safepoint "G1CollectForAllocation", Time since last: 258037625 ns, Reaching safepoint: 2500 ns, At safepoint: 2195292 ns, Leaving safepoint: 69042 ns, Total: 2266834 ns, Threads: 0 runnable, 42 total
[2026-09-03T12:38:55.313+0800][19.850s][info][gc,start    ] GC(190) Pause Young (Mixed) (G1 Evacuation Pause)
[2026-09-03T12:38:55.313+0800][19.850s][info][gc,task     ] GC(190) Using 9 workers of 9 for evacuation
[2026-09-03T12:38:55.315+0800][19.852s][info][gc,phases   ] GC(190)   Pre Evacuate Collection Set: 0.04ms
[2026-09-03T12:38:55.315+0800][19.852s][info][gc,phases   ] GC(190)   Merge Heap Roots: 0.02ms
[2026-09-03T12:38:55.315+0800][19.852s][info][gc,phases   ] GC(190)   Evacuate Collection Set: 2.03ms
[2026-09-03T12:38:55.315+0800][19.852s][info][gc,phases   ] GC(190)   Post Evacuate Collection Set: 0.08ms
[2026-09-03T12:38:55.315+0800][19.852s][info][gc,phases   ] GC(190)   Other: 0.06ms
[2026-09-03T12:38:55.315+0800][19.852s][info][gc,heap     ] GC(190) Eden regions: 99->0(102)
[2026-09-03T12:38:55.315+0800][19.852s][info][gc,heap     ] GC(190) Survivor regions: 13->14(14)
[2026-09-03T12:38:55.315+0800][19.852s][info][gc,heap     ] GC(190) Old regions: 101->96
[2026-09-03T12:38:55.315+0800][19.852s][info][gc,heap     ] GC(190) Humongous regions: 1->1
[2026-09-03T12:38:55.315+0800][19.852s][info][gc,metaspace] GC(190) Metaspace: 1059K(1216K)->1059K(1216K) NonClass: 994K(1088K)->994K(1088K) Class: 64K(128K)->64K(128K)
[2026-09-03T12:38:55.315+0800][19.852s][info][gc          ] GC(190) Pause Young (Mixed) (G1 Evacuation Pause) 212M->110M(256M) 2.351ms
[2026-09-03T12:38:55.315+0800][19.852s][info][gc,cpu      ] GC(190) User=0.02s Sys=0.00s Real=0.00s
[2026-09-03T12:38:55.315+0800][19.852s][info][safepoint   ] Safepoint "G1CollectForAllocation", Time since last: 297857916 ns, Reaching safepoint: 21125 ns, At safepoint: 2375334 ns, Leaving safepoint: 22666 ns, Total: 2419125 ns, Threads: 1 runnable, 42 total
[2026-09-03T12:38:55.622+0800][20.158s][info][gc,start    ] GC(191) Pause Young (Concurrent Start) (G1 Evacuation Pause)
[2026-09-03T12:38:55.622+0800][20.158s][info][gc,task     ] GC(191) Using 9 workers of 9 for evacuation
[2026-09-03T12:38:55.624+0800][20.160s][info][gc,phases   ] GC(191)   Pre Evacuate Collection Set: 0.05ms
[2026-09-03T12:38:55.624+0800][20.160s][info][gc,phases   ] GC(191)   Merge Heap Roots: 0.02ms
[2026-09-03T12:38:55.624+0800][20.160s][info][gc,phases   ] GC(191)   Evacuate Collection Set: 1.87ms
[2026-09-03T12:38:55.624+0800][20.160s][info][gc,phases   ] GC(191)   Post Evacuate Collection Set: 0.11ms
[2026-09-03T12:38:55.624+0800][20.160s][info][gc,phases   ] GC(191)   Other: 0.05ms
[2026-09-03T12:38:55.624+0800][20.160s][info][gc,heap     ] GC(191) Eden regions: 102->0(87)
[2026-09-03T12:38:55.624+0800][20.160s][info][gc,heap     ] GC(191) Survivor regions: 14->15(15)
[2026-09-03T12:38:55.624+0800][20.160s][info][gc,heap     ] GC(191) Old regions: 96->116
[2026-09-03T12:38:55.624+0800][20.160s][info][gc,heap     ] GC(191) Humongous regions: 1->1
[2026-09-03T12:38:55.624+0800][20.160s][info][gc,metaspace] GC(191) Metaspace: 1059K(1216K)->1059K(1216K) NonClass: 994K(1088K)->994K(1088K) Class: 64K(128K)->64K(128K)
[2026-09-03T12:38:55.624+0800][20.160s][info][gc          ] GC(191) Pause Young (Concurrent Start) (G1 Evacuation Pause) 212M->130M(256M) 2.211ms
[2026-09-03T12:38:55.624+0800][20.160s][info][gc,cpu      ] GC(191) User=0.02s Sys=0.00s Real=0.00s
[2026-09-03T12:38:55.624+0800][20.160s][info][gc          ] GC(192) Concurrent Mark Cycle
[2026-09-03T12:38:55.624+0800][20.160s][info][gc,marking  ] GC(192) Concurrent Scan Root Regions
[2026-09-03T12:38:55.624+0800][20.160s][info][safepoint   ] Safepoint "G1CollectForAllocation", Time since last: 306178459 ns, Reaching safepoint: 2541 ns, At safepoint: 2239417 ns, Leaving safepoint: 42083 ns, Total: 2284041 ns, Threads: 0 runnable, 42 total
[2026-09-03T12:38:55.626+0800][20.163s][info][gc,marking  ] GC(192) Concurrent Scan Root Regions 2.267ms
[2026-09-03T12:38:55.626+0800][20.163s][info][gc,marking  ] GC(192) Concurrent Mark
[2026-09-03T12:38:55.626+0800][20.163s][info][gc,marking  ] GC(192) Concurrent Mark From Roots
[2026-09-03T12:38:55.626+0800][20.163s][info][gc,task     ] GC(192) Concurrent Mark Using 2 of 2 Workers
[2026-09-03T12:38:55.629+0800][20.166s][info][gc,marking  ] GC(192) Concurrent Mark From Roots 3.222ms
[2026-09-03T12:38:55.629+0800][20.166s][info][gc,marking  ] GC(192) Concurrent Preclean
[2026-09-03T12:38:55.629+0800][20.166s][info][gc,marking  ] GC(192) Concurrent Preclean 0.009ms
[2026-09-03T12:38:55.629+0800][20.166s][info][gc,start    ] GC(192) Pause Remark
[2026-09-03T12:38:55.630+0800][20.166s][info][gc          ] GC(192) Pause Remark 134M->103M(256M) 0.306ms
[2026-09-03T12:38:55.630+0800][20.166s][info][gc,cpu      ] GC(192) User=0.00s Sys=0.00s Real=0.01s
[2026-09-03T12:38:55.630+0800][20.166s][info][safepoint   ] Safepoint "G1PauseRemark", Time since last: 5519667 ns, Reaching safepoint: 2625 ns, At safepoint: 326083 ns, Leaving safepoint: 13417 ns, Total: 342125 ns, Threads: 0 runnable, 42 total
[2026-09-03T12:38:55.630+0800][20.166s][info][gc,marking  ] GC(192) Concurrent Mark 3.648ms
[2026-09-03T12:38:55.630+0800][20.166s][info][gc,marking  ] GC(192) Concurrent Rebuild Remembered Sets and Scrub Regions
[2026-09-03T12:38:55.633+0800][20.170s][info][gc,marking  ] GC(192) Concurrent Rebuild Remembered Sets and Scrub Regions 3.203ms
[2026-09-03T12:38:55.633+0800][20.170s][info][gc,start    ] GC(192) Pause Cleanup
[2026-09-03T12:38:55.633+0800][20.170s][info][gc          ] GC(192) Pause Cleanup 103M->103M(256M) 0.037ms
[2026-09-03T12:38:55.633+0800][20.170s][info][gc,cpu      ] GC(192) User=0.00s Sys=0.00s Real=0.00s
[2026-09-03T12:38:55.633+0800][20.170s][info][safepoint   ] Safepoint "G1PauseCleanup", Time since last: 3272292 ns, Reaching safepoint: 1791 ns, At safepoint: 53542 ns, Leaving safepoint: 4458 ns, Total: 59791 ns, Threads: 0 runnable, 42 total
[2026-09-03T12:38:55.633+0800][20.170s][info][gc,marking  ] GC(192) Concurrent Clear Claimed Marks
[2026-09-03T12:38:55.633+0800][20.170s][info][gc,marking  ] GC(192) Concurrent Clear Claimed Marks 0.008ms
[2026-09-03T12:38:55.633+0800][20.170s][info][gc,marking  ] GC(192) Concurrent Cleanup for Next Mark
[2026-09-03T12:38:55.633+0800][20.170s][info][gc,marking  ] GC(192) Concurrent Cleanup for Next Mark 0.098ms
[2026-09-03T12:38:55.633+0800][20.170s][info][gc          ] GC(192) Concurrent Mark Cycle 9.376ms
[2026-09-03T12:38:55.886+0800][20.422s][info][gc,start    ] GC(193) Pause Young (Prepare Mixed) (G1 Evacuation Pause)
[2026-09-03T12:38:55.886+0800][20.423s][info][gc,task     ] GC(193) Using 9 workers of 9 for evacuation
[2026-09-03T12:38:55.888+0800][20.424s][info][gc,phases   ] GC(193)   Pre Evacuate Collection Set: 0.07ms
[2026-09-03T12:38:55.888+0800][20.424s][info][gc,phases   ] GC(193)   Merge Heap Roots: 0.04ms
[2026-09-03T12:38:55.888+0800][20.425s][info][gc,phases   ] GC(193)   Evacuate Collection Set: 1.71ms
[2026-09-03T12:38:55.888+0800][20.425s][info][gc,phases   ] GC(193)   Post Evacuate Collection Set: 0.09ms
[2026-09-03T12:38:55.888+0800][20.425s][info][gc,phases   ] GC(193)   Other: 0.05ms
[2026-09-03T12:38:55.888+0800][20.425s][info][gc,heap     ] GC(193) Eden regions: 87->0(97)
[2026-09-03T12:38:55.888+0800][20.425s][info][gc,heap     ] GC(193) Survivor regions: 15->13(13)
[2026-09-03T12:38:55.888+0800][20.425s][info][gc,heap     ] GC(193) Old regions: 85->105
[2026-09-03T12:38:55.888+0800][20.425s][info][gc,heap     ] GC(193) Humongous regions: 1->1
[2026-09-03T12:38:55.888+0800][20.425s][info][gc,metaspace] GC(193) Metaspace: 1059K(1216K)->1059K(1216K) NonClass: 994K(1088K)->994K(1088K) Class: 64K(128K)->64K(128K)
[2026-09-03T12:38:55.888+0800][20.425s][info][gc          ] GC(193) Pause Young (Prepare Mixed) (G1 Evacuation Pause) 186M->117M(256M) 2.082ms
[2026-09-03T12:38:55.888+0800][20.425s][info][gc,cpu      ] GC(193) User=0.02s Sys=0.00s Real=0.00s
[2026-09-03T12:38:55.888+0800][20.425s][info][safepoint   ] Safepoint "G1CollectForAllocation", Time since last: 252799084 ns, Reaching safepoint: 1750 ns, At safepoint: 2104583 ns, Leaving safepoint: 25792 ns, Total: 2132125 ns, Threads: 0 runnable, 42 total
[2026-09-03T12:38:56.179+0800][20.716s][info][gc,start    ] GC(194) Pause Young (Mixed) (G1 Evacuation Pause)
[2026-09-03T12:38:56.179+0800][20.716s][info][gc,task     ] GC(194) Using 9 workers of 9 for evacuation
[2026-09-03T12:38:56.182+0800][20.718s][info][gc,phases   ] GC(194)   Pre Evacuate Collection Set: 0.05ms
[2026-09-03T12:38:56.182+0800][20.718s][info][gc,phases   ] GC(194)   Merge Heap Roots: 0.04ms
[2026-09-03T12:38:56.182+0800][20.718s][info][gc,phases   ] GC(194)   Evacuate Collection Set: 1.94ms
[2026-09-03T12:38:56.182+0800][20.718s][info][gc,phases   ] GC(194)   Post Evacuate Collection Set: 0.11ms
[2026-09-03T12:38:56.182+0800][20.718s][info][gc,phases   ] GC(194)   Other: 0.06ms
[2026-09-03T12:38:56.182+0800][20.718s][info][gc,heap     ] GC(194) Eden regions: 97->0(103)
[2026-09-03T12:38:56.182+0800][20.718s][info][gc,heap     ] GC(194) Survivor regions: 13->14(14)
[2026-09-03T12:38:56.182+0800][20.718s][info][gc,heap     ] GC(194) Old regions: 105->95
[2026-09-03T12:38:56.182+0800][20.718s][info][gc,heap     ] GC(194) Humongous regions: 1->1
[2026-09-03T12:38:56.182+0800][20.718s][info][gc,metaspace] GC(194) Metaspace: 1059K(1216K)->1059K(1216K) NonClass: 994K(1088K)->994K(1088K) Class: 64K(128K)->64K(128K)
[2026-09-03T12:38:56.182+0800][20.718s][info][gc          ] GC(194) Pause Young (Mixed) (G1 Evacuation Pause) 214M->108M(256M) 2.309ms
[2026-09-03T12:38:56.182+0800][20.718s][info][gc,cpu      ] GC(194) User=0.01s Sys=0.00s Real=0.01s
[2026-09-03T12:38:56.182+0800][20.718s][info][safepoint   ] Safepoint "G1CollectForAllocation", Time since last: 291311666 ns, Reaching safepoint: 1917 ns, At safepoint: 2334542 ns, Leaving safepoint: 38500 ns, Total: 2374959 ns, Threads: 0 runnable, 42 total
[2026-09-03T12:38:56.491+0800][21.027s][info][gc,start    ] GC(195) Pause Young (Mixed) (G1 Evacuation Pause)
[2026-09-03T12:38:56.491+0800][21.027s][info][gc,task     ] GC(195) Using 9 workers of 9 for evacuation
[2026-09-03T12:38:56.493+0800][21.030s][info][gc,phases   ] GC(195)   Pre Evacuate Collection Set: 0.06ms
[2026-09-03T12:38:56.493+0800][21.030s][info][gc,phases   ] GC(195)   Merge Heap Roots: 0.03ms
[2026-09-03T12:38:56.493+0800][21.030s][info][gc,phases   ] GC(195)   Evacuate Collection Set: 2.06ms
[2026-09-03T12:38:56.493+0800][21.030s][info][gc,phases   ] GC(195)   Post Evacuate Collection Set: 0.09ms
[2026-09-03T12:38:56.493+0800][21.030s][info][gc,phases   ] GC(195)   Other: 0.07ms
[2026-09-03T12:38:56.493+0800][21.030s][info][gc,heap     ] GC(195) Eden regions: 103->0(90)
[2026-09-03T12:38:56.493+0800][21.030s][info][gc,heap     ] GC(195) Survivor regions: 14->15(15)
[2026-09-03T12:38:56.493+0800][21.030s][info][gc,heap     ] GC(195) Old regions: 95->113
[2026-09-03T12:38:56.493+0800][21.030s][info][gc,heap     ] GC(195) Humongous regions: 1->1
[2026-09-03T12:38:56.493+0800][21.030s][info][gc,metaspace] GC(195) Metaspace: 1059K(1216K)->1059K(1216K) NonClass: 994K(1088K)->994K(1088K) Class: 64K(128K)->64K(128K)
[2026-09-03T12:38:56.493+0800][21.030s][info][gc          ] GC(195) Pause Young (Mixed) (G1 Evacuation Pause) 211M->128M(256M) 2.424ms
[2026-09-03T12:38:56.493+0800][21.030s][info][gc,cpu      ] GC(195) User=0.01s Sys=0.00s Real=0.00s
[2026-09-03T12:38:56.493+0800][21.030s][info][safepoint   ] Safepoint "G1CollectForAllocation", Time since last: 309024875 ns, Reaching safepoint: 2833 ns, At safepoint: 2450042 ns, Leaving safepoint: 21166 ns, Total: 2474041 ns, Threads: 0 runnable, 42 total
[2026-09-03T12:38:56.767+0800][21.304s][info][gc,start    ] GC(196) Pause Young (Concurrent Start) (G1 Evacuation Pause)
[2026-09-03T12:38:56.767+0800][21.304s][info][gc,task     ] GC(196) Using 9 workers of 9 for evacuation
[2026-09-03T12:38:56.769+0800][21.306s][info][gc,phases   ] GC(196)   Pre Evacuate Collection Set: 0.09ms
[2026-09-03T12:38:56.769+0800][21.306s][info][gc,phases   ] GC(196)   Merge Heap Roots: 0.02ms
[2026-09-03T12:38:56.769+0800][21.306s][info][gc,phases   ] GC(196)   Evacuate Collection Set: 1.83ms
[2026-09-03T12:38:56.769+0800][21.306s][info][gc,phases   ] GC(196)   Post Evacuate Collection Set: 0.09ms
[2026-09-03T12:38:56.769+0800][21.306s][info][gc,phases   ] GC(196)   Other: 0.06ms
[2026-09-03T12:38:56.769+0800][21.306s][info][gc,heap     ] GC(196) Eden regions: 90->0(76)
[2026-09-03T12:38:56.769+0800][21.306s][info][gc,heap     ] GC(196) Survivor regions: 15->14(14)
[2026-09-03T12:38:56.769+0800][21.306s][info][gc,heap     ] GC(196) Old regions: 113->133
[2026-09-03T12:38:56.769+0800][21.306s][info][gc,heap     ] GC(196) Humongous regions: 1->1
[2026-09-03T12:38:56.769+0800][21.306s][info][gc,metaspace] GC(196) Metaspace: 1059K(1216K)->1059K(1216K) NonClass: 994K(1088K)->994K(1088K) Class: 64K(128K)->64K(128K)
[2026-09-03T12:38:56.769+0800][21.306s][info][gc          ] GC(196) Pause Young (Concurrent Start) (G1 Evacuation Pause) 218M->147M(256M) 2.199ms
[2026-09-03T12:38:56.769+0800][21.306s][info][gc,cpu      ] GC(196) User=0.02s Sys=0.00s Real=0.00s
[2026-09-03T12:38:56.769+0800][21.306s][info][gc          ] GC(197) Concurrent Mark Cycle
[2026-09-03T12:38:56.769+0800][21.306s][info][gc,marking  ] GC(197) Concurrent Scan Root Regions
[2026-09-03T12:38:56.769+0800][21.306s][info][safepoint   ] Safepoint "G1CollectForAllocation", Time since last: 273843417 ns, Reaching safepoint: 36083 ns, At safepoint: 2225625 ns, Leaving safepoint: 22584 ns, Total: 2284292 ns, Threads: 1 runnable, 42 total
[2026-09-03T12:38:56.771+0800][21.308s][info][gc,marking  ] GC(197) Concurrent Scan Root Regions 1.981ms
[2026-09-03T12:38:56.771+0800][21.308s][info][gc,marking  ] GC(197) Concurrent Mark
[2026-09-03T12:38:56.771+0800][21.308s][info][gc,marking  ] GC(197) Concurrent Mark From Roots
[2026-09-03T12:38:56.771+0800][21.308s][info][gc,task     ] GC(197) Concurrent Mark Using 2 of 2 Workers
[2026-09-03T12:38:56.775+0800][21.311s][info][gc,marking  ] GC(197) Concurrent Mark From Roots 3.531ms
[2026-09-03T12:38:56.775+0800][21.311s][info][gc,marking  ] GC(197) Concurrent Preclean
[2026-09-03T12:38:56.775+0800][21.311s][info][gc,marking  ] GC(197) Concurrent Preclean 0.008ms
[2026-09-03T12:38:56.775+0800][21.311s][info][gc,start    ] GC(197) Pause Remark
[2026-09-03T12:38:56.775+0800][21.312s][info][gc          ] GC(197) Pause Remark 150M->108M(256M) 0.359ms
[2026-09-03T12:38:56.775+0800][21.312s][info][gc,cpu      ] GC(197) User=0.00s Sys=0.00s Real=0.00s
[2026-09-03T12:38:56.775+0800][21.312s][info][safepoint   ] Safepoint "G1PauseRemark", Time since last: 5565416 ns, Reaching safepoint: 2167 ns, At safepoint: 383792 ns, Leaving safepoint: 14958 ns, Total: 400917 ns, Threads: 0 runnable, 42 total
[2026-09-03T12:38:56.775+0800][21.312s][info][gc,marking  ] GC(197) Concurrent Mark 4.031ms
[2026-09-03T12:38:56.775+0800][21.312s][info][gc,marking  ] GC(197) Concurrent Rebuild Remembered Sets and Scrub Regions
[2026-09-03T12:38:56.779+0800][21.315s][info][gc,marking  ] GC(197) Concurrent Rebuild Remembered Sets and Scrub Regions 3.315ms
[2026-09-03T12:38:56.779+0800][21.315s][info][gc,start    ] GC(197) Pause Cleanup
[2026-09-03T12:38:56.779+0800][21.315s][info][gc          ] GC(197) Pause Cleanup 110M->110M(256M) 0.038ms
[2026-09-03T12:38:56.779+0800][21.315s][info][gc,cpu      ] GC(197) User=0.00s Sys=0.00s Real=0.00s
[2026-09-03T12:38:56.779+0800][21.315s][info][safepoint   ] Safepoint "G1PauseCleanup", Time since last: 3395958 ns, Reaching safepoint: 2000 ns, At safepoint: 57042 ns, Leaving safepoint: 4542 ns, Total: 63584 ns, Threads: 0 runnable, 42 total
[2026-09-03T12:38:56.779+0800][21.315s][info][gc,marking  ] GC(197) Concurrent Clear Claimed Marks
[2026-09-03T12:38:56.779+0800][21.315s][info][gc,marking  ] GC(197) Concurrent Clear Claimed Marks 0.006ms
[2026-09-03T12:38:56.779+0800][21.315s][info][gc,marking  ] GC(197) Concurrent Cleanup for Next Mark
[2026-09-03T12:38:56.779+0800][21.315s][info][gc,marking  ] GC(197) Concurrent Cleanup for Next Mark 0.089ms
[2026-09-03T12:38:56.779+0800][21.315s][info][gc          ] GC(197) Concurrent Mark Cycle 9.574ms
[2026-09-03T12:38:56.998+0800][21.535s][info][gc,start    ] GC(198) Pause Young (Prepare Mixed) (G1 Evacuation Pause)
[2026-09-03T12:38:56.998+0800][21.535s][info][gc,task     ] GC(198) Using 9 workers of 9 for evacuation
[2026-09-03T12:38:57.001+0800][21.537s][info][gc,phases   ] GC(198)   Pre Evacuate Collection Set: 0.08ms
[2026-09-03T12:38:57.001+0800][21.537s][info][gc,phases   ] GC(198)   Merge Heap Roots: 0.02ms
[2026-09-03T12:38:57.001+0800][21.537s][info][gc,phases   ] GC(198)   Evacuate Collection Set: 1.85ms
[2026-09-03T12:38:57.001+0800][21.537s][info][gc,phases   ] GC(198)   Post Evacuate Collection Set: 0.08ms
[2026-09-03T12:38:57.001+0800][21.537s][info][gc,phases   ] GC(198)   Other: 0.05ms
[2026-09-03T12:38:57.001+0800][21.537s][info][gc,heap     ] GC(198) Eden regions: 76->0(94)
[2026-09-03T12:38:57.001+0800][21.537s][info][gc,heap     ] GC(198) Survivor regions: 14->12(12)
[2026-09-03T12:38:57.001+0800][21.537s][info][gc,heap     ] GC(198) Old regions: 91->109
[2026-09-03T12:38:57.001+0800][21.537s][info][gc,heap     ] GC(198) Humongous regions: 1->1
[2026-09-03T12:38:57.001+0800][21.537s][info][gc,metaspace] GC(198) Metaspace: 1059K(1216K)->1059K(1216K) NonClass: 994K(1088K)->994K(1088K) Class: 64K(128K)->64K(128K)
[2026-09-03T12:38:57.001+0800][21.537s][info][gc          ] GC(198) Pause Young (Prepare Mixed) (G1 Evacuation Pause) 181M->120M(256M) 2.223ms
[2026-09-03T12:38:57.001+0800][21.537s][info][gc,cpu      ] GC(198) User=0.02s Sys=0.00s Real=0.01s
[2026-09-03T12:38:57.001+0800][21.537s][info][safepoint   ] Safepoint "G1CollectForAllocation", Time since last: 219658583 ns, Reaching safepoint: 2667 ns, At safepoint: 2249833 ns, Leaving safepoint: 20875 ns, Total: 2273375 ns, Threads: 0 runnable, 42 total
[2026-09-03T12:38:57.283+0800][21.820s][info][gc,start    ] GC(199) Pause Young (Mixed) (G1 Evacuation Pause)
[2026-09-03T12:38:57.283+0800][21.820s][info][gc,task     ] GC(199) Using 9 workers of 9 for evacuation
[2026-09-03T12:38:57.285+0800][21.822s][info][gc,phases   ] GC(199)   Pre Evacuate Collection Set: 0.08ms
[2026-09-03T12:38:57.285+0800][21.822s][info][gc,phases   ] GC(199)   Merge Heap Roots: 0.04ms
[2026-09-03T12:38:57.285+0800][21.822s][info][gc,phases   ] GC(199)   Evacuate Collection Set: 1.89ms
[2026-09-03T12:38:57.285+0800][21.822s][info][gc,phases   ] GC(199)   Post Evacuate Collection Set: 0.12ms
[2026-09-03T12:38:57.285+0800][21.822s][info][gc,phases   ] GC(199)   Other: 0.06ms
[2026-09-03T12:38:57.285+0800][21.822s][info][gc,heap     ] GC(199) Eden regions: 94->0(102)
[2026-09-03T12:38:57.285+0800][21.822s][info][gc,heap     ] GC(199) Survivor regions: 12->14(14)
[2026-09-03T12:38:57.285+0800][21.822s][info][gc,heap     ] GC(199) Old regions: 109->97
[2026-09-03T12:38:57.285+0800][21.822s][info][gc,heap     ] GC(199) Humongous regions: 1->1
[2026-09-03T12:38:57.285+0800][21.822s][info][gc,metaspace] GC(199) Metaspace: 1059K(1216K)->1059K(1216K) NonClass: 994K(1088K)->994K(1088K) Class: 64K(128K)->64K(128K)
[2026-09-03T12:38:57.285+0800][21.822s][info][gc          ] GC(199) Pause Young (Mixed) (G1 Evacuation Pause) 214M->110M(256M) 2.287ms
[2026-09-03T12:38:57.285+0800][21.822s][info][gc,cpu      ] GC(199) User=0.01s Sys=0.00s Real=0.00s
[2026-09-03T12:38:57.285+0800][21.822s][info][safepoint   ] Safepoint "G1CollectForAllocation", Time since last: 282318667 ns, Reaching safepoint: 2041 ns, At safepoint: 2308417 ns, Leaving safepoint: 29167 ns, Total: 2339625 ns, Threads: 0 runnable, 42 total
[2026-09-03T12:38:57.594+0800][22.131s][info][gc,start    ] GC(200) Pause Young (Mixed) (G1 Evacuation Pause)
[2026-09-03T12:38:57.594+0800][22.131s][info][gc,task     ] GC(200) Using 9 workers of 9 for evacuation
[2026-09-03T12:38:57.596+0800][22.133s][info][gc,phases   ] GC(200)   Pre Evacuate Collection Set: 0.05ms
[2026-09-03T12:38:57.596+0800][22.133s][info][gc,phases   ] GC(200)   Merge Heap Roots: 0.03ms
[2026-09-03T12:38:57.596+0800][22.133s][info][gc,phases   ] GC(200)   Evacuate Collection Set: 1.83ms
[2026-09-03T12:38:57.596+0800][22.133s][info][gc,phases   ] GC(200)   Post Evacuate Collection Set: 0.11ms
[2026-09-03T12:38:57.596+0800][22.133s][info][gc,phases   ] GC(200)   Other: 0.05ms
[2026-09-03T12:38:57.596+0800][22.133s][info][gc,heap     ] GC(200) Eden regions: 102->0(90)
[2026-09-03T12:38:57.596+0800][22.133s][info][gc,heap     ] GC(200) Survivor regions: 14->15(15)
[2026-09-03T12:38:57.596+0800][22.133s][info][gc,heap     ] GC(200) Old regions: 97->112
[2026-09-03T12:38:57.596+0800][22.133s][info][gc,heap     ] GC(200) Humongous regions: 1->1
[2026-09-03T12:38:57.596+0800][22.133s][info][gc,metaspace] GC(200) Metaspace: 1059K(1216K)->1059K(1216K) NonClass: 994K(1088K)->994K(1088K) Class: 64K(128K)->64K(128K)
[2026-09-03T12:38:57.596+0800][22.133s][info][gc          ] GC(200) Pause Young (Mixed) (G1 Evacuation Pause) 212M->126M(256M) 2.188ms
[2026-09-03T12:38:57.596+0800][22.133s][info][gc,cpu      ] GC(200) User=0.01s Sys=0.00s Real=0.00s
[2026-09-03T12:38:57.596+0800][22.133s][info][safepoint   ] Safepoint "G1CollectForAllocation", Time since last: 308603208 ns, Reaching safepoint: 2667 ns, At safepoint: 2212750 ns, Leaving safepoint: 42458 ns, Total: 2257875 ns, Threads: 0 runnable, 42 total
[2026-09-03T12:38:57.869+0800][22.405s][info][gc,start    ] GC(201) Pause Young (Concurrent Start) (G1 Evacuation Pause)
[2026-09-03T12:38:57.869+0800][22.405s][info][gc,task     ] GC(201) Using 9 workers of 9 for evacuation
[2026-09-03T12:38:57.871+0800][22.407s][info][gc,phases   ] GC(201)   Pre Evacuate Collection Set: 0.08ms
[2026-09-03T12:38:57.871+0800][22.407s][info][gc,phases   ] GC(201)   Merge Heap Roots: 0.02ms
[2026-09-03T12:38:57.871+0800][22.407s][info][gc,phases   ] GC(201)   Evacuate Collection Set: 1.77ms
[2026-09-03T12:38:57.871+0800][22.407s][info][gc,phases   ] GC(201)   Post Evacuate Collection Set: 0.10ms
[2026-09-03T12:38:57.871+0800][22.407s][info][gc,phases   ] GC(201)   Other: 0.05ms
[2026-09-03T12:38:57.871+0800][22.407s][info][gc,heap     ] GC(201) Eden regions: 90->0(77)
[2026-09-03T12:38:57.871+0800][22.407s][info][gc,heap     ] GC(201) Survivor regions: 15->14(14)
[2026-09-03T12:38:57.871+0800][22.407s][info][gc,heap     ] GC(201) Old regions: 112->131
[2026-09-03T12:38:57.871+0800][22.407s][info][gc,heap     ] GC(201) Humongous regions: 1->1
[2026-09-03T12:38:57.871+0800][22.407s][info][gc,metaspace] GC(201) Metaspace: 1059K(1216K)->1059K(1216K) NonClass: 994K(1088K)->994K(1088K) Class: 64K(128K)->64K(128K)
[2026-09-03T12:38:57.871+0800][22.407s][info][gc          ] GC(201) Pause Young (Concurrent Start) (G1 Evacuation Pause) 216M->145M(256M) 2.121ms
[2026-09-03T12:38:57.871+0800][22.407s][info][gc,cpu      ] GC(201) User=0.02s Sys=0.00s Real=0.01s
[2026-09-03T12:38:57.871+0800][22.407s][info][gc          ] GC(202) Concurrent Mark Cycle
[2026-09-03T12:38:57.871+0800][22.408s][info][gc,marking  ] GC(202) Concurrent Scan Root Regions
[2026-09-03T12:38:57.871+0800][22.408s][info][safepoint   ] Safepoint "G1CollectForAllocation", Time since last: 272571917 ns, Reaching safepoint: 2500 ns, At safepoint: 2147625 ns, Leaving safepoint: 42958 ns, Total: 2193083 ns, Threads: 0 runnable, 42 total
[2026-09-03T12:38:57.873+0800][22.409s][info][gc,marking  ] GC(202) Concurrent Scan Root Regions 1.933ms
[2026-09-03T12:38:57.873+0800][22.409s][info][gc,marking  ] GC(202) Concurrent Mark
[2026-09-03T12:38:57.873+0800][22.409s][info][gc,marking  ] GC(202) Concurrent Mark From Roots
[2026-09-03T12:38:57.873+0800][22.409s][info][gc,task     ] GC(202) Concurrent Mark Using 2 of 2 Workers
[2026-09-03T12:38:57.877+0800][22.413s][info][gc,marking  ] GC(202) Concurrent Mark From Roots 3.682ms
[2026-09-03T12:38:57.877+0800][22.413s][info][gc,marking  ] GC(202) Concurrent Preclean
[2026-09-03T12:38:57.877+0800][22.413s][info][gc,marking  ] GC(202) Concurrent Preclean 0.011ms
[2026-09-03T12:38:57.877+0800][22.413s][info][gc,start    ] GC(202) Pause Remark
[2026-09-03T12:38:57.877+0800][22.414s][info][gc          ] GC(202) Pause Remark 148M->93M(256M) 0.331ms
[2026-09-03T12:38:57.877+0800][22.414s][info][gc,cpu      ] GC(202) User=0.00s Sys=0.00s Real=0.00s
[2026-09-03T12:38:57.877+0800][22.414s][info][safepoint   ] Safepoint "G1PauseRemark", Time since last: 5655458 ns, Reaching safepoint: 2292 ns, At safepoint: 351458 ns, Leaving safepoint: 18500 ns, Total: 372250 ns, Threads: 0 runnable, 42 total
[2026-09-03T12:38:57.877+0800][22.414s][info][gc,marking  ] GC(202) Concurrent Mark 4.151ms
[2026-09-03T12:38:57.877+0800][22.414s][info][gc,marking  ] GC(202) Concurrent Rebuild Remembered Sets and Scrub Regions
[2026-09-03T12:38:57.880+0800][22.417s][info][gc,marking  ] GC(202) Concurrent Rebuild Remembered Sets and Scrub Regions 2.966ms
[2026-09-03T12:38:57.880+0800][22.417s][info][gc,start    ] GC(202) Pause Cleanup
[2026-09-03T12:38:57.880+0800][22.417s][info][gc          ] GC(202) Pause Cleanup 95M->95M(256M) 0.037ms
[2026-09-03T12:38:57.880+0800][22.417s][info][gc,cpu      ] GC(202) User=0.00s Sys=0.00s Real=0.00s
[2026-09-03T12:38:57.880+0800][22.417s][info][safepoint   ] Safepoint "G1PauseCleanup", Time since last: 3055292 ns, Reaching safepoint: 21208 ns, At safepoint: 54000 ns, Leaving safepoint: 3875 ns, Total: 79083 ns, Threads: 1 runnable, 42 total
[2026-09-03T12:38:57.880+0800][22.417s][info][gc,marking  ] GC(202) Concurrent Clear Claimed Marks
[2026-09-03T12:38:57.880+0800][22.417s][info][gc,marking  ] GC(202) Concurrent Clear Claimed Marks 0.024ms
[2026-09-03T12:38:57.880+0800][22.417s][info][gc,marking  ] GC(202) Concurrent Cleanup for Next Mark
[2026-09-03T12:38:57.880+0800][22.417s][info][gc,marking  ] GC(202) Concurrent Cleanup for Next Mark 0.095ms
[2026-09-03T12:38:57.880+0800][22.417s][info][gc          ] GC(202) Concurrent Mark Cycle 9.364ms
[2026-09-03T12:38:58.104+0800][22.641s][info][gc,start    ] GC(203) Pause Young (Prepare Mixed) (G1 Evacuation Pause)
[2026-09-03T12:38:58.104+0800][22.641s][info][gc,task     ] GC(203) Using 9 workers of 9 for evacuation
[2026-09-03T12:38:58.106+0800][22.643s][info][gc,phases   ] GC(203)   Pre Evacuate Collection Set: 0.04ms
[2026-09-03T12:38:58.106+0800][22.643s][info][gc,phases   ] GC(203)   Merge Heap Roots: 0.02ms
[2026-09-03T12:38:58.106+0800][22.643s][info][gc,phases   ] GC(203)   Evacuate Collection Set: 1.65ms
[2026-09-03T12:38:58.106+0800][22.643s][info][gc,phases   ] GC(203)   Post Evacuate Collection Set: 0.10ms
[2026-09-03T12:38:58.106+0800][22.643s][info][gc,phases   ] GC(203)   Other: 0.06ms
[2026-09-03T12:38:58.106+0800][22.643s][info][gc,heap     ] GC(203) Eden regions: 77->0(104)
[2026-09-03T12:38:58.106+0800][22.643s][info][gc,heap     ] GC(203) Survivor regions: 14->12(12)
[2026-09-03T12:38:58.106+0800][22.643s][info][gc,heap     ] GC(203) Old regions: 76->95
[2026-09-03T12:38:58.106+0800][22.643s][info][gc,heap     ] GC(203) Humongous regions: 1->1
[2026-09-03T12:38:58.106+0800][22.643s][info][gc,metaspace] GC(203) Metaspace: 1059K(1216K)->1059K(1216K) NonClass: 994K(1088K)->994K(1088K) Class: 64K(128K)->64K(128K)
[2026-09-03T12:38:58.106+0800][22.643s][info][gc          ] GC(203) Pause Young (Prepare Mixed) (G1 Evacuation Pause) 167M->106M(256M) 1.974ms
[2026-09-03T12:38:58.106+0800][22.643s][info][gc,cpu      ] GC(203) User=0.02s Sys=0.00s Real=0.00s
[2026-09-03T12:38:58.106+0800][22.643s][info][safepoint   ] Safepoint "G1CollectForAllocation", Time since last: 224030667 ns, Reaching safepoint: 2583 ns, At safepoint: 1996667 ns, Leaving safepoint: 41292 ns, Total: 2040542 ns, Threads: 0 runnable, 42 total
[2026-09-03T12:38:58.421+0800][22.958s][info][gc,start    ] GC(204) Pause Young (Mixed) (G1 Evacuation Pause)
[2026-09-03T12:38:58.421+0800][22.958s][info][gc,task     ] GC(204) Using 9 workers of 9 for evacuation
[2026-09-03T12:38:58.423+0800][22.960s][info][gc,phases   ] GC(204)   Pre Evacuate Collection Set: 0.06ms
[2026-09-03T12:38:58.423+0800][22.960s][info][gc,phases   ] GC(204)   Merge Heap Roots: 0.03ms
[2026-09-03T12:38:58.423+0800][22.960s][info][gc,phases   ] GC(204)   Evacuate Collection Set: 1.97ms
[2026-09-03T12:38:58.423+0800][22.960s][info][gc,phases   ] GC(204)   Post Evacuate Collection Set: 0.11ms
[2026-09-03T12:38:58.423+0800][22.960s][info][gc,phases   ] GC(204)   Other: 0.05ms
[2026-09-03T12:38:58.423+0800][22.960s][info][gc,heap     ] GC(204) Eden regions: 104->0(103)
[2026-09-03T12:38:58.423+0800][22.960s][info][gc,heap     ] GC(204) Survivor regions: 12->15(15)
[2026-09-03T12:38:58.423+0800][22.960s][info][gc,heap     ] GC(204) Old regions: 95->94
[2026-09-03T12:38:58.423+0800][22.960s][info][gc,heap     ] GC(204) Humongous regions: 1->1
[2026-09-03T12:38:58.423+0800][22.960s][info][gc,metaspace] GC(204) Metaspace: 1059K(1216K)->1059K(1216K) NonClass: 994K(1088K)->994K(1088K) Class: 64K(128K)->64K(128K)
[2026-09-03T12:38:58.423+0800][22.960s][info][gc          ] GC(204) Pause Young (Mixed) (G1 Evacuation Pause) 210M->108M(256M) 2.322ms
[2026-09-03T12:38:58.423+0800][22.960s][info][gc,cpu      ] GC(204) User=0.02s Sys=0.00s Real=0.00s
[2026-09-03T12:38:58.423+0800][22.960s][info][safepoint   ] Safepoint "G1CollectForAllocation", Time since last: 314825416 ns, Reaching safepoint: 19084 ns, At safepoint: 2347125 ns, Leaving safepoint: 45625 ns, Total: 2411834 ns, Threads: 1 runnable, 42 total
[2026-09-03T12:38:58.733+0800][23.270s][info][gc,start    ] GC(205) Pause Young (Concurrent Start) (G1 Evacuation Pause)
[2026-09-03T12:38:58.733+0800][23.270s][info][gc,task     ] GC(205) Using 9 workers of 9 for evacuation
[2026-09-03T12:38:58.735+0800][23.272s][info][gc,phases   ] GC(205)   Pre Evacuate Collection Set: 0.09ms
[2026-09-03T12:38:58.735+0800][23.272s][info][gc,phases   ] GC(205)   Merge Heap Roots: 0.03ms
[2026-09-03T12:38:58.735+0800][23.272s][info][gc,phases   ] GC(205)   Evacuate Collection Set: 1.98ms
[2026-09-03T12:38:58.735+0800][23.272s][info][gc,phases   ] GC(205)   Post Evacuate Collection Set: 0.09ms
[2026-09-03T12:38:58.735+0800][23.272s][info][gc,phases   ] GC(205)   Other: 0.06ms
[2026-09-03T12:38:58.735+0800][23.272s][info][gc,heap     ] GC(205) Eden regions: 103->0(89)
[2026-09-03T12:38:58.735+0800][23.272s][info][gc,heap     ] GC(205) Survivor regions: 15->15(15)
[2026-09-03T12:38:58.735+0800][23.272s][info][gc,heap     ] GC(205) Old regions: 94->114
[2026-09-03T12:38:58.735+0800][23.272s][info][gc,heap     ] GC(205) Humongous regions: 1->1
[2026-09-03T12:38:58.735+0800][23.272s][info][gc,metaspace] GC(205) Metaspace: 1059K(1216K)->1059K(1216K) NonClass: 994K(1088K)->994K(1088K) Class: 64K(128K)->64K(128K)
[2026-09-03T12:38:58.735+0800][23.272s][info][gc          ] GC(205) Pause Young (Concurrent Start) (G1 Evacuation Pause) 211M->129M(256M) 2.367ms
[2026-09-03T12:38:58.735+0800][23.272s][info][gc,cpu      ] GC(205) User=0.02s Sys=0.00s Real=0.00s
[2026-09-03T12:38:58.735+0800][23.272s][info][gc          ] GC(206) Concurrent Mark Cycle
[2026-09-03T12:38:58.735+0800][23.272s][info][gc,marking  ] GC(206) Concurrent Scan Root Regions
[2026-09-03T12:38:58.735+0800][23.272s][info][safepoint   ] Safepoint "G1CollectForAllocation", Time since last: 309625041 ns, Reaching safepoint: 2417 ns, At safepoint: 2394875 ns, Leaving safepoint: 26833 ns, Total: 2424125 ns, Threads: 0 runnable, 42 total
[2026-09-03T12:38:58.738+0800][23.274s][info][gc,marking  ] GC(206) Concurrent Scan Root Regions 2.089ms
[2026-09-03T12:38:58.738+0800][23.274s][info][gc,marking  ] GC(206) Concurrent Mark
[2026-09-03T12:38:58.738+0800][23.274s][info][gc,marking  ] GC(206) Concurrent Mark From Roots
[2026-09-03T12:38:58.738+0800][23.274s][info][gc,task     ] GC(206) Concurrent Mark Using 2 of 2 Workers
[2026-09-03T12:38:58.741+0800][23.277s][info][gc,marking  ] GC(206) Concurrent Mark From Roots 3.087ms
[2026-09-03T12:38:58.741+0800][23.277s][info][gc,marking  ] GC(206) Concurrent Preclean
[2026-09-03T12:38:58.741+0800][23.277s][info][gc,marking  ] GC(206) Concurrent Preclean 0.009ms
[2026-09-03T12:38:58.741+0800][23.277s][info][gc,start    ] GC(206) Pause Remark
[2026-09-03T12:38:58.741+0800][23.278s][info][gc          ] GC(206) Pause Remark 133M->102M(256M) 0.383ms
[2026-09-03T12:38:58.741+0800][23.278s][info][gc,cpu      ] GC(206) User=0.00s Sys=0.00s Real=0.00s
[2026-09-03T12:38:58.741+0800][23.278s][info][safepoint   ] Safepoint "G1PauseRemark", Time since last: 5221167 ns, Reaching safepoint: 2375 ns, At safepoint: 405125 ns, Leaving safepoint: 23750 ns, Total: 431250 ns, Threads: 0 runnable, 42 total
[2026-09-03T12:38:58.741+0800][23.278s][info][gc,marking  ] GC(206) Concurrent Mark 3.634ms
[2026-09-03T12:38:58.741+0800][23.278s][info][gc,marking  ] GC(206) Concurrent Rebuild Remembered Sets and Scrub Regions
[2026-09-03T12:38:58.745+0800][23.281s][info][gc,marking  ] GC(206) Concurrent Rebuild Remembered Sets and Scrub Regions 3.499ms
[2026-09-03T12:38:58.745+0800][23.281s][info][gc,start    ] GC(206) Pause Cleanup
[2026-09-03T12:38:58.745+0800][23.281s][info][gc          ] GC(206) Pause Cleanup 102M->102M(256M) 0.035ms
[2026-09-03T12:38:58.745+0800][23.281s][info][gc,cpu      ] GC(206) User=0.00s Sys=0.00s Real=0.00s
[2026-09-03T12:38:58.745+0800][23.281s][info][safepoint   ] Safepoint "G1PauseCleanup", Time since last: 3625042 ns, Reaching safepoint: 1583 ns, At safepoint: 52333 ns, Leaving safepoint: 2375 ns, Total: 56291 ns, Threads: 0 runnable, 42 total
[2026-09-03T12:38:58.745+0800][23.281s][info][gc,marking  ] GC(206) Concurrent Clear Claimed Marks
[2026-09-03T12:38:58.745+0800][23.281s][info][gc,marking  ] GC(206) Concurrent Clear Claimed Marks 0.008ms
[2026-09-03T12:38:58.745+0800][23.281s][info][gc,marking  ] GC(206) Concurrent Cleanup for Next Mark
[2026-09-03T12:38:58.745+0800][23.282s][info][gc,marking  ] GC(206) Concurrent Cleanup for Next Mark 0.093ms
[2026-09-03T12:38:58.745+0800][23.282s][info][gc          ] GC(206) Concurrent Mark Cycle 9.492ms
[2026-09-03T12:38:59.002+0800][23.539s][info][gc,start    ] GC(207) Pause Young (Prepare Mixed) (G1 Evacuation Pause)
[2026-09-03T12:38:59.002+0800][23.539s][info][gc,task     ] GC(207) Using 9 workers of 9 for evacuation
[2026-09-03T12:38:59.004+0800][23.541s][info][gc,phases   ] GC(207)   Pre Evacuate Collection Set: 0.06ms
[2026-09-03T12:38:59.004+0800][23.541s][info][gc,phases   ] GC(207)   Merge Heap Roots: 0.04ms
[2026-09-03T12:38:59.004+0800][23.541s][info][gc,phases   ] GC(207)   Evacuate Collection Set: 1.73ms
[2026-09-03T12:38:59.004+0800][23.541s][info][gc,phases   ] GC(207)   Post Evacuate Collection Set: 0.10ms
[2026-09-03T12:38:59.004+0800][23.541s][info][gc,phases   ] GC(207)   Other: 0.06ms
[2026-09-03T12:38:59.004+0800][23.541s][info][gc,heap     ] GC(207) Eden regions: 89->0(98)
[2026-09-03T12:38:59.004+0800][23.541s][info][gc,heap     ] GC(207) Survivor regions: 15->13(13)
[2026-09-03T12:38:59.004+0800][23.541s][info][gc,heap     ] GC(207) Old regions: 83->103
[2026-09-03T12:38:59.004+0800][23.541s][info][gc,heap     ] GC(207) Humongous regions: 1->1
[2026-09-03T12:38:59.004+0800][23.541s][info][gc,metaspace] GC(207) Metaspace: 1059K(1216K)->1059K(1216K) NonClass: 994K(1088K)->994K(1088K) Class: 64K(128K)->64K(128K)
[2026-09-03T12:38:59.004+0800][23.541s][info][gc          ] GC(207) Pause Young (Prepare Mixed) (G1 Evacuation Pause) 187M->116M(256M) 2.102ms
[2026-09-03T12:38:59.004+0800][23.541s][info][gc,cpu      ] GC(207) User=0.01s Sys=0.00s Real=0.00s
[2026-09-03T12:38:59.005+0800][23.541s][info][safepoint   ] Safepoint "G1CollectForAllocation", Time since last: 257567667 ns, Reaching safepoint: 2125 ns, At safepoint: 2126458 ns, Leaving safepoint: 22209 ns, Total: 2150792 ns, Threads: 0 runnable, 42 total
[2026-09-03T12:38:59.299+0800][23.835s][info][gc,start    ] GC(208) Pause Young (Mixed) (G1 Evacuation Pause)
[2026-09-03T12:38:59.299+0800][23.835s][info][gc,task     ] GC(208) Using 9 workers of 9 for evacuation
[2026-09-03T12:38:59.301+0800][23.838s][info][gc,phases   ] GC(208)   Pre Evacuate Collection Set: 0.07ms
[2026-09-03T12:38:59.301+0800][23.838s][info][gc,phases   ] GC(208)   Merge Heap Roots: 0.02ms
[2026-09-03T12:38:59.301+0800][23.838s][info][gc,phases   ] GC(208)   Evacuate Collection Set: 2.17ms
[2026-09-03T12:38:59.301+0800][23.838s][info][gc,phases   ] GC(208)   Post Evacuate Collection Set: 0.10ms
[2026-09-03T12:38:59.301+0800][23.838s][info][gc,phases   ] GC(208)   Other: 0.06ms
[2026-09-03T12:38:59.301+0800][23.838s][info][gc,heap     ] GC(208) Eden regions: 98->0(102)
[2026-09-03T12:38:59.301+0800][23.838s][info][gc,heap     ] GC(208) Survivor regions: 13->14(14)
[2026-09-03T12:38:59.301+0800][23.838s][info][gc,heap     ] GC(208) Old regions: 103->97
[2026-09-03T12:38:59.301+0800][23.838s][info][gc,heap     ] GC(208) Humongous regions: 1->1
[2026-09-03T12:38:59.301+0800][23.838s][info][gc,metaspace] GC(208) Metaspace: 1059K(1216K)->1059K(1216K) NonClass: 994K(1088K)->994K(1088K) Class: 64K(128K)->64K(128K)
[2026-09-03T12:38:59.301+0800][23.838s][info][gc          ] GC(208) Pause Young (Mixed) (G1 Evacuation Pause) 214M->110M(256M) 2.528ms
[2026-09-03T12:38:59.301+0800][23.838s][info][gc,cpu      ] GC(208) User=0.02s Sys=0.00s Real=0.01s
[2026-09-03T12:38:59.301+0800][23.838s][info][safepoint   ] Safepoint "G1CollectForAllocation", Time since last: 294182791 ns, Reaching safepoint: 2209 ns, At safepoint: 2551083 ns, Leaving safepoint: 18875 ns, Total: 2572167 ns, Threads: 0 runnable, 42 total
[2026-09-03T12:38:59.612+0800][24.148s][info][gc,start    ] GC(209) Pause Young (Concurrent Start) (G1 Evacuation Pause)
[2026-09-03T12:38:59.612+0800][24.148s][info][gc,task     ] GC(209) Using 9 workers of 9 for evacuation
[2026-09-03T12:38:59.614+0800][24.151s][info][gc,phases   ] GC(209)   Pre Evacuate Collection Set: 0.04ms
[2026-09-03T12:38:59.614+0800][24.151s][info][gc,phases   ] GC(209)   Merge Heap Roots: 0.03ms
[2026-09-03T12:38:59.614+0800][24.151s][info][gc,phases   ] GC(209)   Evacuate Collection Set: 1.88ms
[2026-09-03T12:38:59.614+0800][24.151s][info][gc,phases   ] GC(209)   Post Evacuate Collection Set: 0.11ms
[2026-09-03T12:38:59.614+0800][24.151s][info][gc,phases   ] GC(209)   Other: 0.05ms
[2026-09-03T12:38:59.614+0800][24.151s][info][gc,heap     ] GC(209) Eden regions: 102->0(87)
[2026-09-03T12:38:59.614+0800][24.151s][info][gc,heap     ] GC(209) Survivor regions: 14->15(15)
[2026-09-03T12:38:59.614+0800][24.151s][info][gc,heap     ] GC(209) Old regions: 97->117
[2026-09-03T12:38:59.614+0800][24.151s][info][gc,heap     ] GC(209) Humongous regions: 1->1
[2026-09-03T12:38:59.614+0800][24.151s][info][gc,metaspace] GC(209) Metaspace: 1059K(1216K)->1059K(1216K) NonClass: 994K(1088K)->994K(1088K) Class: 64K(128K)->64K(128K)
[2026-09-03T12:38:59.614+0800][24.151s][info][gc          ] GC(209) Pause Young (Concurrent Start) (G1 Evacuation Pause) 212M->131M(256M) 2.219ms
[2026-09-03T12:38:59.614+0800][24.151s][info][gc,cpu      ] GC(209) User=0.02s Sys=0.00s Real=0.00s
[2026-09-03T12:38:59.614+0800][24.151s][info][gc          ] GC(210) Concurrent Mark Cycle
[2026-09-03T12:38:59.614+0800][24.151s][info][gc,marking  ] GC(210) Concurrent Scan Root Regions
[2026-09-03T12:38:59.614+0800][24.151s][info][safepoint   ] Safepoint "G1CollectForAllocation", Time since last: 310517500 ns, Reaching safepoint: 2792 ns, At safepoint: 2246625 ns, Leaving safepoint: 38125 ns, Total: 2287542 ns, Threads: 0 runnable, 42 total
[2026-09-03T12:38:59.616+0800][24.153s][info][gc,marking  ] GC(210) Concurrent Scan Root Regions 2.060ms
[2026-09-03T12:38:59.616+0800][24.153s][info][gc,marking  ] GC(210) Concurrent Mark
[2026-09-03T12:38:59.616+0800][24.153s][info][gc,marking  ] GC(210) Concurrent Mark From Roots
[2026-09-03T12:38:59.616+0800][24.153s][info][gc,task     ] GC(210) Concurrent Mark Using 2 of 2 Workers
[2026-09-03T12:38:59.620+0800][24.156s][info][gc,marking  ] GC(210) Concurrent Mark From Roots 3.707ms
[2026-09-03T12:38:59.620+0800][24.156s][info][gc,marking  ] GC(210) Concurrent Preclean
[2026-09-03T12:38:59.620+0800][24.156s][info][gc,marking  ] GC(210) Concurrent Preclean 0.010ms
[2026-09-03T12:38:59.620+0800][24.157s][info][gc,start    ] GC(210) Pause Remark
[2026-09-03T12:38:59.620+0800][24.157s][info][gc          ] GC(210) Pause Remark 135M->103M(256M) 0.294ms
[2026-09-03T12:38:59.620+0800][24.157s][info][gc,cpu      ] GC(210) User=0.00s Sys=0.00s Real=0.00s
[2026-09-03T12:38:59.620+0800][24.157s][info][safepoint   ] Safepoint "G1PauseRemark", Time since last: 5815666 ns, Reaching safepoint: 35584 ns, At safepoint: 315041 ns, Leaving safepoint: 17500 ns, Total: 368125 ns, Threads: 1 runnable, 42 total
[2026-09-03T12:38:59.620+0800][24.157s][info][gc,marking  ] GC(210) Concurrent Mark 4.173ms
[2026-09-03T12:38:59.620+0800][24.157s][info][gc,marking  ] GC(210) Concurrent Rebuild Remembered Sets and Scrub Regions
[2026-09-03T12:38:59.623+0800][24.160s][info][gc,marking  ] GC(210) Concurrent Rebuild Remembered Sets and Scrub Regions 3.018ms
[2026-09-03T12:38:59.623+0800][24.160s][info][gc,start    ] GC(210) Pause Cleanup
[2026-09-03T12:38:59.623+0800][24.160s][info][gc          ] GC(210) Pause Cleanup 103M->103M(256M) 0.031ms
[2026-09-03T12:38:59.623+0800][24.160s][info][gc,cpu      ] GC(210) User=0.00s Sys=0.00s Real=0.00s
[2026-09-03T12:38:59.623+0800][24.160s][info][safepoint   ] Safepoint "G1PauseCleanup", Time since last: 3097875 ns, Reaching safepoint: 1500 ns, At safepoint: 46417 ns, Leaving safepoint: 2500 ns, Total: 50417 ns, Threads: 0 runnable, 42 total
[2026-09-03T12:38:59.623+0800][24.160s][info][gc,marking  ] GC(210) Concurrent Clear Claimed Marks
[2026-09-03T12:38:59.623+0800][24.160s][info][gc,marking  ] GC(210) Concurrent Clear Claimed Marks 0.004ms
[2026-09-03T12:38:59.623+0800][24.160s][info][gc,marking  ] GC(210) Concurrent Cleanup for Next Mark
[2026-09-03T12:38:59.624+0800][24.160s][info][gc,marking  ] GC(210) Concurrent Cleanup for Next Mark 0.085ms
[2026-09-03T12:38:59.624+0800][24.160s][info][gc          ] GC(210) Concurrent Mark Cycle 9.487ms
[2026-09-03T12:38:59.875+0800][24.412s][info][gc,start    ] GC(211) Pause Young (Prepare Mixed) (G1 Evacuation Pause)
[2026-09-03T12:38:59.875+0800][24.412s][info][gc,task     ] GC(211) Using 9 workers of 9 for evacuation
[2026-09-03T12:38:59.877+0800][24.414s][info][gc,phases   ] GC(211)   Pre Evacuate Collection Set: 0.09ms
[2026-09-03T12:38:59.877+0800][24.414s][info][gc,phases   ] GC(211)   Merge Heap Roots: 0.04ms
[2026-09-03T12:38:59.877+0800][24.414s][info][gc,phases   ] GC(211)   Evacuate Collection Set: 1.82ms
[2026-09-03T12:38:59.877+0800][24.414s][info][gc,phases   ] GC(211)   Post Evacuate Collection Set: 0.09ms
[2026-09-03T12:38:59.877+0800][24.414s][info][gc,phases   ] GC(211)   Other: 0.06ms
[2026-09-03T12:38:59.877+0800][24.414s][info][gc,heap     ] GC(211) Eden regions: 87->0(97)
[2026-09-03T12:38:59.877+0800][24.414s][info][gc,heap     ] GC(211) Survivor regions: 15->13(13)
[2026-09-03T12:38:59.877+0800][24.414s][info][gc,heap     ] GC(211) Old regions: 85->105
[2026-09-03T12:38:59.877+0800][24.414s][info][gc,heap     ] GC(211) Humongous regions: 1->1
[2026-09-03T12:38:59.877+0800][24.414s][info][gc,metaspace] GC(211) Metaspace: 1059K(1216K)->1059K(1216K) NonClass: 994K(1088K)->994K(1088K) Class: 64K(128K)->64K(128K)
[2026-09-03T12:38:59.877+0800][24.414s][info][gc          ] GC(211) Pause Young (Prepare Mixed) (G1 Evacuation Pause) 186M->117M(256M) 2.207ms
[2026-09-03T12:38:59.877+0800][24.414s][info][gc,cpu      ] GC(211) User=0.01s Sys=0.00s Real=0.00s
[2026-09-03T12:38:59.877+0800][24.414s][info][safepoint   ] Safepoint "G1CollectForAllocation", Time since last: 251581583 ns, Reaching safepoint: 2375 ns, At safepoint: 2229125 ns, Leaving safepoint: 28959 ns, Total: 2260459 ns, Threads: 0 runnable, 42 total
[2026-09-03T12:39:00.169+0800][24.705s][info][gc,start    ] GC(212) Pause Young (Mixed) (G1 Evacuation Pause)
[2026-09-03T12:39:00.169+0800][24.705s][info][gc,task     ] GC(212) Using 9 workers of 9 for evacuation
[2026-09-03T12:39:00.171+0800][24.707s][info][gc,phases   ] GC(212)   Pre Evacuate Collection Set: 0.07ms
[2026-09-03T12:39:00.171+0800][24.707s][info][gc,phases   ] GC(212)   Merge Heap Roots: 0.03ms
[2026-09-03T12:39:00.171+0800][24.707s][info][gc,phases   ] GC(212)   Evacuate Collection Set: 1.79ms
[2026-09-03T12:39:00.171+0800][24.707s][info][gc,phases   ] GC(212)   Post Evacuate Collection Set: 0.11ms
[2026-09-03T12:39:00.171+0800][24.707s][info][gc,phases   ] GC(212)   Other: 0.06ms
[2026-09-03T12:39:00.171+0800][24.707s][info][gc,heap     ] GC(212) Eden regions: 97->0(100)
[2026-09-03T12:39:00.171+0800][24.707s][info][gc,heap     ] GC(212) Survivor regions: 13->14(14)
[2026-09-03T12:39:00.171+0800][24.707s][info][gc,heap     ] GC(212) Old regions: 105->99
[2026-09-03T12:39:00.171+0800][24.707s][info][gc,heap     ] GC(212) Humongous regions: 1->1
[2026-09-03T12:39:00.171+0800][24.707s][info][gc,metaspace] GC(212) Metaspace: 1059K(1216K)->1059K(1216K) NonClass: 994K(1088K)->994K(1088K) Class: 64K(128K)->64K(128K)
[2026-09-03T12:39:00.171+0800][24.707s][info][gc          ] GC(212) Pause Young (Mixed) (G1 Evacuation Pause) 214M->112M(256M) 2.162ms
[2026-09-03T12:39:00.171+0800][24.707s][info][gc,cpu      ] GC(212) User=0.01s Sys=0.00s Real=0.01s
[2026-09-03T12:39:00.171+0800][24.707s][info][safepoint   ] Safepoint "G1CollectForAllocation", Time since last: 291278250 ns, Reaching safepoint: 1708 ns, At safepoint: 2184167 ns, Leaving safepoint: 44666 ns, Total: 2230541 ns, Threads: 0 runnable, 42 total
[2026-09-03T12:39:00.474+0800][25.010s][info][gc,start    ] GC(213) Pause Young (Mixed) (G1 Evacuation Pause)
[2026-09-03T12:39:00.474+0800][25.010s][info][gc,task     ] GC(213) Using 9 workers of 9 for evacuation
[2026-09-03T12:39:00.476+0800][25.013s][info][gc,phases   ] GC(213)   Pre Evacuate Collection Set: 0.07ms
[2026-09-03T12:39:00.476+0800][25.013s][info][gc,phases   ] GC(213)   Merge Heap Roots: 0.02ms
[2026-09-03T12:39:00.476+0800][25.013s][info][gc,phases   ] GC(213)   Evacuate Collection Set: 2.08ms
[2026-09-03T12:39:00.476+0800][25.013s][info][gc,phases   ] GC(213)   Post Evacuate Collection Set: 0.10ms
[2026-09-03T12:39:00.476+0800][25.013s][info][gc,phases   ] GC(213)   Other: 0.06ms
[2026-09-03T12:39:00.476+0800][25.013s][info][gc,heap     ] GC(213) Eden regions: 100->0(89)
[2026-09-03T12:39:00.476+0800][25.013s][info][gc,heap     ] GC(213) Survivor regions: 14->15(15)
[2026-09-03T12:39:00.476+0800][25.013s][info][gc,heap     ] GC(213) Old regions: 99->113
[2026-09-03T12:39:00.476+0800][25.013s][info][gc,heap     ] GC(213) Humongous regions: 1->1
[2026-09-03T12:39:00.476+0800][25.013s][info][gc,metaspace] GC(213) Metaspace: 1059K(1216K)->1059K(1216K) NonClass: 994K(1088K)->994K(1088K) Class: 64K(128K)->64K(128K)
[2026-09-03T12:39:00.476+0800][25.013s][info][gc          ] GC(213) Pause Young (Mixed) (G1 Evacuation Pause) 212M->128M(256M) 2.459ms
[2026-09-03T12:39:00.476+0800][25.013s][info][gc,cpu      ] GC(213) User=0.02s Sys=0.01s Real=0.00s
[2026-09-03T12:39:00.476+0800][25.013s][info][safepoint   ] Safepoint "G1CollectForAllocation", Time since last: 302950500 ns, Reaching safepoint: 2125 ns, At safepoint: 2482417 ns, Leaving safepoint: 18542 ns, Total: 2503084 ns, Threads: 0 runnable, 42 total
[2026-09-03T12:39:00.745+0800][25.282s][info][gc,start    ] GC(214) Pause Young (Concurrent Start) (G1 Evacuation Pause)
[2026-09-03T12:39:00.745+0800][25.282s][info][gc,task     ] GC(214) Using 9 workers of 9 for evacuation
[2026-09-03T12:39:00.747+0800][25.284s][info][gc,phases   ] GC(214)   Pre Evacuate Collection Set: 0.06ms
[2026-09-03T12:39:00.747+0800][25.284s][info][gc,phases   ] GC(214)   Merge Heap Roots: 0.03ms
[2026-09-03T12:39:00.747+0800][25.284s][info][gc,phases   ] GC(214)   Evacuate Collection Set: 1.85ms
[2026-09-03T12:39:00.747+0800][25.284s][info][gc,phases   ] GC(214)   Post Evacuate Collection Set: 0.07ms
[2026-09-03T12:39:00.747+0800][25.284s][info][gc,phases   ] GC(214)   Other: 0.06ms
[2026-09-03T12:39:00.747+0800][25.284s][info][gc,heap     ] GC(214) Eden regions: 89->0(77)
[2026-09-03T12:39:00.747+0800][25.284s][info][gc,heap     ] GC(214) Survivor regions: 15->13(13)
[2026-09-03T12:39:00.747+0800][25.284s][info][gc,heap     ] GC(214) Old regions: 113->133
[2026-09-03T12:39:00.747+0800][25.284s][info][gc,heap     ] GC(214) Humongous regions: 1->1
[2026-09-03T12:39:00.747+0800][25.284s][info][gc,metaspace] GC(214) Metaspace: 1059K(1216K)->1059K(1216K) NonClass: 994K(1088K)->994K(1088K) Class: 64K(128K)->64K(128K)
[2026-09-03T12:39:00.747+0800][25.284s][info][gc          ] GC(214) Pause Young (Concurrent Start) (G1 Evacuation Pause) 217M->146M(256M) 2.240ms
[2026-09-03T12:39:00.747+0800][25.284s][info][gc          ] GC(215) Concurrent Mark Cycle
[2026-09-03T12:39:00.747+0800][25.284s][info][gc,cpu      ] GC(214) User=0.02s Sys=0.00s Real=0.00s
[2026-09-03T12:39:00.747+0800][25.284s][info][gc,marking  ] GC(215) Concurrent Scan Root Regions
[2026-09-03T12:39:00.747+0800][25.284s][info][safepoint   ] Safepoint "G1CollectForAllocation", Time since last: 268711000 ns, Reaching safepoint: 2416 ns, At safepoint: 2279209 ns, Leaving safepoint: 19166 ns, Total: 2300791 ns, Threads: 0 runnable, 42 total
[2026-09-03T12:39:00.749+0800][25.286s][info][gc,marking  ] GC(215) Concurrent Scan Root Regions 2.008ms
[2026-09-03T12:39:00.749+0800][25.286s][info][gc,marking  ] GC(215) Concurrent Mark
[2026-09-03T12:39:00.749+0800][25.286s][info][gc,marking  ] GC(215) Concurrent Mark From Roots
[2026-09-03T12:39:00.749+0800][25.286s][info][gc,task     ] GC(215) Concurrent Mark Using 2 of 2 Workers
[2026-09-03T12:39:00.753+0800][25.290s][info][gc,marking  ] GC(215) Concurrent Mark From Roots 3.880ms
[2026-09-03T12:39:00.753+0800][25.290s][info][gc,marking  ] GC(215) Concurrent Preclean
[2026-09-03T12:39:00.753+0800][25.290s][info][gc,marking  ] GC(215) Concurrent Preclean 0.010ms
[2026-09-03T12:39:00.753+0800][25.290s][info][gc,start    ] GC(215) Pause Remark
[2026-09-03T12:39:00.753+0800][25.290s][info][gc          ] GC(215) Pause Remark 149M->104M(256M) 0.299ms
[2026-09-03T12:39:00.753+0800][25.290s][info][gc,cpu      ] GC(215) User=0.00s Sys=0.01s Real=0.00s
[2026-09-03T12:39:00.753+0800][25.290s][info][safepoint   ] Safepoint "G1PauseRemark", Time since last: 5927334 ns, Reaching safepoint: 2375 ns, At safepoint: 321041 ns, Leaving safepoint: 12250 ns, Total: 335666 ns, Threads: 0 runnable, 42 total
[2026-09-03T12:39:00.754+0800][25.290s][info][gc,marking  ] GC(215) Concurrent Mark 4.304ms
[2026-09-03T12:39:00.754+0800][25.290s][info][gc,marking  ] GC(215) Concurrent Rebuild Remembered Sets and Scrub Regions
[2026-09-03T12:39:00.757+0800][25.293s][info][gc,marking  ] GC(215) Concurrent Rebuild Remembered Sets and Scrub Regions 3.139ms
[2026-09-03T12:39:00.757+0800][25.293s][info][gc,start    ] GC(215) Pause Cleanup
[2026-09-03T12:39:00.757+0800][25.293s][info][gc          ] GC(215) Pause Cleanup 106M->106M(256M) 0.034ms
[2026-09-03T12:39:00.757+0800][25.293s][info][gc,cpu      ] GC(215) User=0.00s Sys=0.00s Real=0.00s
[2026-09-03T12:39:00.757+0800][25.293s][info][safepoint   ] Safepoint "G1PauseCleanup", Time since last: 3214709 ns, Reaching safepoint: 1791 ns, At safepoint: 52250 ns, Leaving safepoint: 7709 ns, Total: 61750 ns, Threads: 0 runnable, 42 total
[2026-09-03T12:39:00.757+0800][25.293s][info][gc,marking  ] GC(215) Concurrent Clear Claimed Marks
[2026-09-03T12:39:00.757+0800][25.293s][info][gc,marking  ] GC(215) Concurrent Clear Claimed Marks 0.008ms
[2026-09-03T12:39:00.757+0800][25.293s][info][gc,marking  ] GC(215) Concurrent Cleanup for Next Mark
[2026-09-03T12:39:00.757+0800][25.293s][info][gc,marking  ] GC(215) Concurrent Cleanup for Next Mark 0.097ms
[2026-09-03T12:39:00.757+0800][25.293s][info][gc          ] GC(215) Concurrent Mark Cycle 9.714ms
[2026-09-03T12:39:00.979+0800][25.516s][info][gc,start    ] GC(216) Pause Young (Prepare Mixed) (G1 Evacuation Pause)
[2026-09-03T12:39:00.979+0800][25.516s][info][gc,task     ] GC(216) Using 9 workers of 9 for evacuation
[2026-09-03T12:39:00.981+0800][25.518s][info][gc,phases   ] GC(216)   Pre Evacuate Collection Set: 0.05ms
[2026-09-03T12:39:00.981+0800][25.518s][info][gc,phases   ] GC(216)   Merge Heap Roots: 0.02ms
[2026-09-03T12:39:00.981+0800][25.518s][info][gc,phases   ] GC(216)   Evacuate Collection Set: 1.66ms
[2026-09-03T12:39:00.981+0800][25.518s][info][gc,phases   ] GC(216)   Post Evacuate Collection Set: 0.10ms
[2026-09-03T12:39:00.981+0800][25.518s][info][gc,phases   ] GC(216)   Other: 0.06ms
[2026-09-03T12:39:00.981+0800][25.518s][info][gc,heap     ] GC(216) Eden regions: 77->0(97)
[2026-09-03T12:39:00.981+0800][25.518s][info][gc,heap     ] GC(216) Survivor regions: 13->12(12)
[2026-09-03T12:39:00.981+0800][25.518s][info][gc,heap     ] GC(216) Old regions: 88->105
[2026-09-03T12:39:00.981+0800][25.518s][info][gc,heap     ] GC(216) Humongous regions: 1->1
[2026-09-03T12:39:00.981+0800][25.518s][info][gc,metaspace] GC(216) Metaspace: 1059K(1216K)->1059K(1216K) NonClass: 994K(1088K)->994K(1088K) Class: 64K(128K)->64K(128K)
[2026-09-03T12:39:00.981+0800][25.518s][info][gc          ] GC(216) Pause Young (Prepare Mixed) (G1 Evacuation Pause) 178M->117M(256M) 2.000ms
[2026-09-03T12:39:00.981+0800][25.518s][info][gc,cpu      ] GC(216) User=0.02s Sys=0.00s Real=0.01s
[2026-09-03T12:39:00.981+0800][25.518s][info][safepoint   ] Safepoint "G1CollectForAllocation", Time since last: 222344708 ns, Reaching safepoint: 36333 ns, At safepoint: 2025417 ns, Leaving safepoint: 42208 ns, Total: 2103958 ns, Threads: 2 runnable, 42 total
[2026-09-03T12:39:01.273+0800][25.809s][info][gc,start    ] GC(217) Pause Young (Mixed) (G1 Evacuation Pause)
[2026-09-03T12:39:01.273+0800][25.809s][info][gc,task     ] GC(217) Using 9 workers of 9 for evacuation
[2026-09-03T12:39:01.275+0800][25.811s][info][gc,phases   ] GC(217)   Pre Evacuate Collection Set: 0.06ms
[2026-09-03T12:39:01.275+0800][25.811s][info][gc,phases   ] GC(217)   Merge Heap Roots: 0.06ms
[2026-09-03T12:39:01.275+0800][25.811s][info][gc,phases   ] GC(217)   Evacuate Collection Set: 1.83ms
[2026-09-03T12:39:01.275+0800][25.811s][info][gc,phases   ] GC(217)   Post Evacuate Collection Set: 0.11ms
[2026-09-03T12:39:01.275+0800][25.811s][info][gc,phases   ] GC(217)   Other: 0.06ms
[2026-09-03T12:39:01.275+0800][25.811s][info][gc,heap     ] GC(217) Eden regions: 97->0(103)
[2026-09-03T12:39:01.275+0800][25.811s][info][gc,heap     ] GC(217) Survivor regions: 12->14(14)
[2026-09-03T12:39:01.275+0800][25.811s][info][gc,heap     ] GC(217) Old regions: 105->95
[2026-09-03T12:39:01.275+0800][25.811s][info][gc,heap     ] GC(217) Humongous regions: 1->1
[2026-09-03T12:39:01.275+0800][25.811s][info][gc,metaspace] GC(217) Metaspace: 1059K(1216K)->1059K(1216K) NonClass: 994K(1088K)->994K(1088K) Class: 64K(128K)->64K(128K)
[2026-09-03T12:39:01.275+0800][25.811s][info][gc          ] GC(217) Pause Young (Mixed) (G1 Evacuation Pause) 214M->109M(256M) 2.280ms
[2026-09-03T12:39:01.275+0800][25.811s][info][gc,cpu      ] GC(217) User=0.02s Sys=0.01s Real=0.00s
[2026-09-03T12:39:01.275+0800][25.812s][info][safepoint   ] Safepoint "G1CollectForAllocation", Time since last: 291365792 ns, Reaching safepoint: 2292 ns, At safepoint: 2307750 ns, Leaving safepoint: 81000 ns, Total: 2391042 ns, Threads: 0 runnable, 42 total
[2026-09-03T12:39:01.588+0800][26.124s][info][gc,start    ] GC(218) Pause Young (Mixed) (G1 Evacuation Pause)
[2026-09-03T12:39:01.588+0800][26.124s][info][gc,task     ] GC(218) Using 9 workers of 9 for evacuation
[2026-09-03T12:39:01.590+0800][26.127s][info][gc,phases   ] GC(218)   Pre Evacuate Collection Set: 0.04ms
[2026-09-03T12:39:01.590+0800][26.127s][info][gc,phases   ] GC(218)   Merge Heap Roots: 0.03ms
[2026-09-03T12:39:01.590+0800][26.127s][info][gc,phases   ] GC(218)   Evacuate Collection Set: 2.08ms
[2026-09-03T12:39:01.590+0800][26.127s][info][gc,phases   ] GC(218)   Post Evacuate Collection Set: 0.17ms
[2026-09-03T12:39:01.590+0800][26.127s][info][gc,phases   ] GC(218)   Other: 0.06ms
[2026-09-03T12:39:01.590+0800][26.127s][info][gc,heap     ] GC(218) Eden regions: 103->0(88)
[2026-09-03T12:39:01.590+0800][26.127s][info][gc,heap     ] GC(218) Survivor regions: 14->15(15)
[2026-09-03T12:39:01.590+0800][26.127s][info][gc,heap     ] GC(218) Old regions: 95->115
[2026-09-03T12:39:01.590+0800][26.127s][info][gc,heap     ] GC(218) Humongous regions: 1->1
[2026-09-03T12:39:01.590+0800][26.127s][info][gc,metaspace] GC(218) Metaspace: 1059K(1216K)->1059K(1216K) NonClass: 994K(1088K)->994K(1088K) Class: 64K(128K)->64K(128K)
[2026-09-03T12:39:01.590+0800][26.127s][info][gc          ] GC(218) Pause Young (Mixed) (G1 Evacuation Pause) 212M->129M(256M) 2.508ms
[2026-09-03T12:39:01.590+0800][26.127s][info][gc,cpu      ] GC(218) User=0.01s Sys=0.00s Real=0.01s
[2026-09-03T12:39:01.590+0800][26.127s][info][safepoint   ] Safepoint "G1CollectForAllocation", Time since last: 312610000 ns, Reaching safepoint: 2791 ns, At safepoint: 2534625 ns, Leaving safepoint: 89292 ns, Total: 2626708 ns, Threads: 0 runnable, 42 total
[2026-09-03T12:39:01.859+0800][26.396s][info][gc,start    ] GC(219) Pause Young (Concurrent Start) (G1 Evacuation Pause)
[2026-09-03T12:39:01.859+0800][26.396s][info][gc,task     ] GC(219) Using 9 workers of 9 for evacuation
[2026-09-03T12:39:01.861+0800][26.398s][info][gc,phases   ] GC(219)   Pre Evacuate Collection Set: 0.07ms
[2026-09-03T12:39:01.861+0800][26.398s][info][gc,phases   ] GC(219)   Merge Heap Roots: 0.02ms
[2026-09-03T12:39:01.861+0800][26.398s][info][gc,phases   ] GC(219)   Evacuate Collection Set: 1.75ms
[2026-09-03T12:39:01.861+0800][26.398s][info][gc,phases   ] GC(219)   Post Evacuate Collection Set: 0.10ms
[2026-09-03T12:39:01.861+0800][26.398s][info][gc,phases   ] GC(219)   Other: 0.09ms
[2026-09-03T12:39:01.861+0800][26.398s][info][gc,heap     ] GC(219) Eden regions: 88->0(75)
[2026-09-03T12:39:01.861+0800][26.398s][info][gc,heap     ] GC(219) Survivor regions: 15->13(13)
[2026-09-03T12:39:01.861+0800][26.398s][info][gc,heap     ] GC(219) Old regions: 115->135
[2026-09-03T12:39:01.861+0800][26.398s][info][gc,heap     ] GC(219) Humongous regions: 1->1
[2026-09-03T12:39:01.861+0800][26.398s][info][gc,metaspace] GC(219) Metaspace: 1059K(1216K)->1059K(1216K) NonClass: 994K(1088K)->994K(1088K) Class: 64K(128K)->64K(128K)
[2026-09-03T12:39:01.861+0800][26.398s][info][gc          ] GC(219) Pause Young (Concurrent Start) (G1 Evacuation Pause) 217M->147M(256M) 2.158ms
[2026-09-03T12:39:01.861+0800][26.398s][info][gc,cpu      ] GC(219) User=0.02s Sys=0.00s Real=0.01s
[2026-09-03T12:39:01.861+0800][26.398s][info][gc          ] GC(220) Concurrent Mark Cycle
[2026-09-03T12:39:01.861+0800][26.398s][info][gc,marking  ] GC(220) Concurrent Scan Root Regions
[2026-09-03T12:39:01.861+0800][26.398s][info][safepoint   ] Safepoint "G1CollectForAllocation", Time since last: 268815083 ns, Reaching safepoint: 7084 ns, At safepoint: 2194666 ns, Leaving safepoint: 42125 ns, Total: 2243875 ns, Threads: 0 runnable, 42 total
[2026-09-03T12:39:01.863+0800][26.400s][info][gc,marking  ] GC(220) Concurrent Scan Root Regions 1.965ms
[2026-09-03T12:39:01.863+0800][26.400s][info][gc,marking  ] GC(220) Concurrent Mark
[2026-09-03T12:39:01.863+0800][26.400s][info][gc,marking  ] GC(220) Concurrent Mark From Roots
[2026-09-03T12:39:01.863+0800][26.400s][info][gc,task     ] GC(220) Concurrent Mark Using 2 of 2 Workers
[2026-09-03T12:39:01.867+0800][26.404s][info][gc,marking  ] GC(220) Concurrent Mark From Roots 4.115ms
[2026-09-03T12:39:01.867+0800][26.404s][info][gc,marking  ] GC(220) Concurrent Preclean
[2026-09-03T12:39:01.867+0800][26.404s][info][gc,marking  ] GC(220) Concurrent Preclean 0.015ms
[2026-09-03T12:39:01.867+0800][26.404s][info][gc,start    ] GC(220) Pause Remark
[2026-09-03T12:39:01.868+0800][26.404s][info][gc          ] GC(220) Pause Remark 151M->106M(256M) 0.441ms
[2026-09-03T12:39:01.868+0800][26.404s][info][gc,cpu      ] GC(220) User=0.00s Sys=0.00s Real=0.00s
[2026-09-03T12:39:01.868+0800][26.404s][info][safepoint   ] Safepoint "G1PauseRemark", Time since last: 6139167 ns, Reaching safepoint: 3333 ns, At safepoint: 464292 ns, Leaving safepoint: 33583 ns, Total: 501208 ns, Threads: 0 runnable, 42 total
[2026-09-03T12:39:01.868+0800][26.405s][info][gc,marking  ] GC(220) Concurrent Mark 4.704ms
[2026-09-03T12:39:01.868+0800][26.405s][info][gc,marking  ] GC(220) Concurrent Rebuild Remembered Sets and Scrub Regions
[2026-09-03T12:39:01.872+0800][26.409s][info][gc,marking  ] GC(220) Concurrent Rebuild Remembered Sets and Scrub Regions 4.015ms
[2026-09-03T12:39:01.872+0800][26.409s][info][gc,start    ] GC(220) Pause Cleanup
[2026-09-03T12:39:01.872+0800][26.409s][info][gc          ] GC(220) Pause Cleanup 108M->108M(256M) 0.040ms
[2026-09-03T12:39:01.872+0800][26.409s][info][gc,cpu      ] GC(220) User=0.00s Sys=0.00s Real=0.00s
[2026-09-03T12:39:01.872+0800][26.409s][info][safepoint   ] Safepoint "G1PauseCleanup", Time since last: 4109250 ns, Reaching safepoint: 2167 ns, At safepoint: 62750 ns, Leaving safepoint: 4667 ns, Total: 69584 ns, Threads: 0 runnable, 42 total
[2026-09-03T12:39:01.872+0800][26.409s][info][gc,marking  ] GC(220) Concurrent Clear Claimed Marks
[2026-09-03T12:39:01.872+0800][26.409s][info][gc,marking  ] GC(220) Concurrent Clear Claimed Marks 0.009ms
[2026-09-03T12:39:01.872+0800][26.409s][info][gc,marking  ] GC(220) Concurrent Cleanup for Next Mark
[2026-09-03T12:39:01.872+0800][26.409s][info][gc,marking  ] GC(220) Concurrent Cleanup for Next Mark 0.093ms
[2026-09-03T12:39:01.872+0800][26.409s][info][gc          ] GC(220) Concurrent Mark Cycle 11.000ms
[2026-09-03T12:39:02.087+0800][26.624s][info][gc,start    ] GC(221) Pause Young (Prepare Mixed) (G1 Evacuation Pause)
[2026-09-03T12:39:02.087+0800][26.624s][info][gc,task     ] GC(221) Using 9 workers of 9 for evacuation
[2026-09-03T12:39:02.089+0800][26.626s][info][gc,phases   ] GC(221)   Pre Evacuate Collection Set: 0.08ms
[2026-09-03T12:39:02.089+0800][26.626s][info][gc,phases   ] GC(221)   Merge Heap Roots: 0.04ms
[2026-09-03T12:39:02.089+0800][26.626s][info][gc,phases   ] GC(221)   Evacuate Collection Set: 1.65ms
[2026-09-03T12:39:02.089+0800][26.626s][info][gc,phases   ] GC(221)   Post Evacuate Collection Set: 0.10ms
[2026-09-03T12:39:02.089+0800][26.626s][info][gc,phases   ] GC(221)   Other: 0.06ms
[2026-09-03T12:39:02.089+0800][26.626s][info][gc,heap     ] GC(221) Eden regions: 75->0(96)
[2026-09-03T12:39:02.089+0800][26.626s][info][gc,heap     ] GC(221) Survivor regions: 13->11(11)
[2026-09-03T12:39:02.089+0800][26.626s][info][gc,heap     ] GC(221) Old regions: 90->107
[2026-09-03T12:39:02.089+0800][26.626s][info][gc,heap     ] GC(221) Humongous regions: 1->1
[2026-09-03T12:39:02.089+0800][26.626s][info][gc,metaspace] GC(221) Metaspace: 1059K(1216K)->1059K(1216K) NonClass: 994K(1088K)->994K(1088K) Class: 64K(128K)->64K(128K)
[2026-09-03T12:39:02.089+0800][26.626s][info][gc          ] GC(221) Pause Young (Prepare Mixed) (G1 Evacuation Pause) 177M->117M(256M) 2.043ms
[2026-09-03T12:39:02.089+0800][26.626s][info][gc,cpu      ] GC(221) User=0.02s Sys=0.00s Real=0.00s
[2026-09-03T12:39:02.089+0800][26.626s][info][safepoint   ] Safepoint "G1CollectForAllocation", Time since last: 215172916 ns, Reaching safepoint: 2667 ns, At safepoint: 2068292 ns, Leaving safepoint: 38625 ns, Total: 2109584 ns, Threads: 0 runnable, 42 total
[2026-09-03T12:39:02.381+0800][26.918s][info][gc,start    ] GC(222) Pause Young (Mixed) (G1 Evacuation Pause)
[2026-09-03T12:39:02.381+0800][26.918s][info][gc,task     ] GC(222) Using 9 workers of 9 for evacuation
[2026-09-03T12:39:02.384+0800][26.920s][info][gc,phases   ] GC(222)   Pre Evacuate Collection Set: 0.04ms
[2026-09-03T12:39:02.384+0800][26.920s][info][gc,phases   ] GC(222)   Merge Heap Roots: 0.07ms
[2026-09-03T12:39:02.384+0800][26.920s][info][gc,phases   ] GC(222)   Evacuate Collection Set: 2.05ms
[2026-09-03T12:39:02.384+0800][26.920s][info][gc,phases   ] GC(222)   Post Evacuate Collection Set: 0.13ms
[2026-09-03T12:39:02.384+0800][26.920s][info][gc,phases   ] GC(222)   Other: 0.06ms
[2026-09-03T12:39:02.384+0800][26.920s][info][gc,heap     ] GC(222) Eden regions: 96->0(102)
[2026-09-03T12:39:02.384+0800][26.920s][info][gc,heap     ] GC(222) Survivor regions: 11->14(14)
[2026-09-03T12:39:02.384+0800][26.920s][info][gc,heap     ] GC(222) Old regions: 107->96
[2026-09-03T12:39:02.384+0800][26.920s][info][gc,heap     ] GC(222) Humongous regions: 1->1
[2026-09-03T12:39:02.384+0800][26.920s][info][gc,metaspace] GC(222) Metaspace: 1059K(1216K)->1059K(1216K) NonClass: 994K(1088K)->994K(1088K) Class: 64K(128K)->64K(128K)
[2026-09-03T12:39:02.384+0800][26.920s][info][gc          ] GC(222) Pause Young (Mixed) (G1 Evacuation Pause) 213M->109M(256M) 2.465ms
[2026-09-03T12:39:02.384+0800][26.920s][info][gc,cpu      ] GC(222) User=0.01s Sys=0.01s Real=0.00s
[2026-09-03T12:39:02.384+0800][26.920s][info][safepoint   ] Safepoint "G1CollectForAllocation", Time since last: 291890916 ns, Reaching safepoint: 2667 ns, At safepoint: 2491208 ns, Leaving safepoint: 44459 ns, Total: 2538334 ns, Threads: 0 runnable, 42 total
[2026-09-03T12:39:02.693+0800][27.229s][info][gc,start    ] GC(223) Pause Young (Mixed) (G1 Evacuation Pause)
[2026-09-03T12:39:02.693+0800][27.229s][info][gc,task     ] GC(223) Using 9 workers of 9 for evacuation
[2026-09-03T12:39:02.695+0800][27.232s][info][gc,phases   ] GC(223)   Pre Evacuate Collection Set: 0.10ms
[2026-09-03T12:39:02.695+0800][27.232s][info][gc,phases   ] GC(223)   Merge Heap Roots: 0.04ms
[2026-09-03T12:39:02.695+0800][27.232s][info][gc,phases   ] GC(223)   Evacuate Collection Set: 1.96ms
[2026-09-03T12:39:02.695+0800][27.232s][info][gc,phases   ] GC(223)   Post Evacuate Collection Set: 0.10ms
[2026-09-03T12:39:02.695+0800][27.232s][info][gc,phases   ] GC(223)   Other: 0.10ms
[2026-09-03T12:39:02.695+0800][27.232s][info][gc,heap     ] GC(223) Eden regions: 102->0(89)
[2026-09-03T12:39:02.695+0800][27.232s][info][gc,heap     ] GC(223) Survivor regions: 14->15(15)
[2026-09-03T12:39:02.695+0800][27.232s][info][gc,heap     ] GC(223) Old regions: 96->113
[2026-09-03T12:39:02.695+0800][27.232s][info][gc,heap     ] GC(223) Humongous regions: 1->1
[2026-09-03T12:39:02.695+0800][27.232s][info][gc,metaspace] GC(223) Metaspace: 1059K(1216K)->1059K(1216K) NonClass: 994K(1088K)->994K(1088K) Class: 64K(128K)->64K(128K)
[2026-09-03T12:39:02.695+0800][27.232s][info][gc          ] GC(223) Pause Young (Mixed) (G1 Evacuation Pause) 211M->127M(256M) 2.467ms
[2026-09-03T12:39:02.695+0800][27.232s][info][gc,cpu      ] GC(223) User=0.02s Sys=0.00s Real=0.00s
[2026-09-03T12:39:02.695+0800][27.232s][info][safepoint   ] Safepoint "G1CollectForAllocation", Time since last: 308853916 ns, Reaching safepoint: 2917 ns, At safepoint: 2493708 ns, Leaving safepoint: 25834 ns, Total: 2522459 ns, Threads: 0 runnable, 42 total
[2026-09-03T12:39:02.962+0800][27.498s][info][gc,start    ] GC(224) Pause Young (Concurrent Start) (G1 Evacuation Pause)
[2026-09-03T12:39:02.962+0800][27.498s][info][gc,task     ] GC(224) Using 9 workers of 9 for evacuation
[2026-09-03T12:39:02.964+0800][27.500s][info][gc,phases   ] GC(224)   Pre Evacuate Collection Set: 0.08ms
[2026-09-03T12:39:02.964+0800][27.500s][info][gc,phases   ] GC(224)   Merge Heap Roots: 0.03ms
[2026-09-03T12:39:02.964+0800][27.500s][info][gc,phases   ] GC(224)   Evacuate Collection Set: 1.90ms
[2026-09-03T12:39:02.964+0800][27.500s][info][gc,phases   ] GC(224)   Post Evacuate Collection Set: 0.11ms
[2026-09-03T12:39:02.964+0800][27.500s][info][gc,phases   ] GC(224)   Other: 0.06ms
[2026-09-03T12:39:02.964+0800][27.501s][info][gc,heap     ] GC(224) Eden regions: 89->0(77)
[2026-09-03T12:39:02.964+0800][27.501s][info][gc,heap     ] GC(224) Survivor regions: 15->13(13)
[2026-09-03T12:39:02.964+0800][27.501s][info][gc,heap     ] GC(224) Old regions: 113->133
[2026-09-03T12:39:02.964+0800][27.501s][info][gc,heap     ] GC(224) Humongous regions: 1->1
[2026-09-03T12:39:02.964+0800][27.501s][info][gc,metaspace] GC(224) Metaspace: 1059K(1216K)->1059K(1216K) NonClass: 994K(1088K)->994K(1088K) Class: 64K(128K)->64K(128K)
[2026-09-03T12:39:02.964+0800][27.501s][info][gc          ] GC(224) Pause Young (Concurrent Start) (G1 Evacuation Pause) 216M->145M(256M) 2.301ms
[2026-09-03T12:39:02.964+0800][27.501s][info][gc          ] GC(225) Concurrent Mark Cycle
[2026-09-03T12:39:02.964+0800][27.501s][info][gc,cpu      ] GC(224) User=0.01s Sys=0.00s Real=0.00s
[2026-09-03T12:39:02.964+0800][27.501s][info][gc,marking  ] GC(225) Concurrent Scan Root Regions
[2026-09-03T12:39:02.964+0800][27.501s][info][safepoint   ] Safepoint "G1CollectForAllocation", Time since last: 266446083 ns, Reaching safepoint: 2833 ns, At safepoint: 2353709 ns, Leaving safepoint: 21833 ns, Total: 2378375 ns, Threads: 0 runnable, 42 total
[2026-09-03T12:39:02.966+0800][27.503s][info][gc,marking  ] GC(225) Concurrent Scan Root Regions 2.362ms
[2026-09-03T12:39:02.966+0800][27.503s][info][gc,marking  ] GC(225) Concurrent Mark
[2026-09-03T12:39:02.966+0800][27.503s][info][gc,marking  ] GC(225) Concurrent Mark From Roots
[2026-09-03T12:39:02.966+0800][27.503s][info][gc,task     ] GC(225) Concurrent Mark Using 2 of 2 Workers
[2026-09-03T12:39:02.970+0800][27.507s][info][gc,marking  ] GC(225) Concurrent Mark From Roots 3.804ms
[2026-09-03T12:39:02.970+0800][27.507s][info][gc,marking  ] GC(225) Concurrent Preclean
[2026-09-03T12:39:02.970+0800][27.507s][info][gc,marking  ] GC(225) Concurrent Preclean 0.009ms
[2026-09-03T12:39:02.970+0800][27.507s][info][gc,start    ] GC(225) Pause Remark
[2026-09-03T12:39:02.971+0800][27.507s][info][gc          ] GC(225) Pause Remark 149M->99M(256M) 0.355ms
[2026-09-03T12:39:02.971+0800][27.507s][info][gc,cpu      ] GC(225) User=0.00s Sys=0.00s Real=0.00s
[2026-09-03T12:39:02.971+0800][27.507s][info][safepoint   ] Safepoint "G1PauseRemark", Time since last: 6228458 ns, Reaching safepoint: 2375 ns, At safepoint: 383917 ns, Leaving safepoint: 20500 ns, Total: 406792 ns, Threads: 0 runnable, 42 total
[2026-09-03T12:39:02.971+0800][27.507s][info][gc,marking  ] GC(225) Concurrent Mark 4.335ms
[2026-09-03T12:39:02.971+0800][27.507s][info][gc,marking  ] GC(225) Concurrent Rebuild Remembered Sets and Scrub Regions
[2026-09-03T12:39:02.974+0800][27.510s][info][gc,marking  ] GC(225) Concurrent Rebuild Remembered Sets and Scrub Regions 3.111ms
[2026-09-03T12:39:02.974+0800][27.510s][info][gc,start    ] GC(225) Pause Cleanup
[2026-09-03T12:39:02.974+0800][27.511s][info][gc          ] GC(225) Pause Cleanup 100M->100M(256M) 0.037ms
[2026-09-03T12:39:02.974+0800][27.511s][info][gc,cpu      ] GC(225) User=0.00s Sys=0.00s Real=0.00s
[2026-09-03T12:39:02.974+0800][27.511s][info][safepoint   ] Safepoint "G1PauseCleanup", Time since last: 3230792 ns, Reaching safepoint: 2541 ns, At safepoint: 56167 ns, Leaving safepoint: 2208 ns, Total: 60916 ns, Threads: 0 runnable, 42 total
[2026-09-03T12:39:02.974+0800][27.511s][info][gc,marking  ] GC(225) Concurrent Clear Claimed Marks
[2026-09-03T12:39:02.974+0800][27.511s][info][gc,marking  ] GC(225) Concurrent Clear Claimed Marks 0.005ms
[2026-09-03T12:39:02.974+0800][27.511s][info][gc,marking  ] GC(225) Concurrent Cleanup for Next Mark
[2026-09-03T12:39:02.974+0800][27.511s][info][gc,marking  ] GC(225) Concurrent Cleanup for Next Mark 0.180ms
[2026-09-03T12:39:02.974+0800][27.511s][info][gc          ] GC(225) Concurrent Mark Cycle 10.194ms
[2026-09-03T12:39:03.196+0800][27.733s][info][gc,start    ] GC(226) Pause Young (Prepare Mixed) (G1 Evacuation Pause)
[2026-09-03T12:39:03.196+0800][27.733s][info][gc,task     ] GC(226) Using 9 workers of 9 for evacuation
[2026-09-03T12:39:03.198+0800][27.735s][info][gc,phases   ] GC(226)   Pre Evacuate Collection Set: 0.05ms
[2026-09-03T12:39:03.198+0800][27.735s][info][gc,phases   ] GC(226)   Merge Heap Roots: 0.02ms
[2026-09-03T12:39:03.198+0800][27.735s][info][gc,phases   ] GC(226)   Evacuate Collection Set: 1.61ms
[2026-09-03T12:39:03.198+0800][27.735s][info][gc,phases   ] GC(226)   Post Evacuate Collection Set: 0.11ms
[2026-09-03T12:39:03.198+0800][27.735s][info][gc,phases   ] GC(226)   Other: 0.06ms
[2026-09-03T12:39:03.198+0800][27.735s][info][gc,heap     ] GC(226) Eden regions: 77->0(101)
[2026-09-03T12:39:03.198+0800][27.735s][info][gc,heap     ] GC(226) Survivor regions: 13->12(12)
[2026-09-03T12:39:03.198+0800][27.735s][info][gc,heap     ] GC(226) Old regions: 83->100
[2026-09-03T12:39:03.198+0800][27.735s][info][gc,heap     ] GC(226) Humongous regions: 1->1
[2026-09-03T12:39:03.198+0800][27.735s][info][gc,metaspace] GC(226) Metaspace: 1059K(1216K)->1059K(1216K) NonClass: 994K(1088K)->994K(1088K) Class: 64K(128K)->64K(128K)
[2026-09-03T12:39:03.198+0800][27.735s][info][gc          ] GC(226) Pause Young (Prepare Mixed) (G1 Evacuation Pause) 172M->111M(256M) 1.977ms
[2026-09-03T12:39:03.198+0800][27.735s][info][gc,cpu      ] GC(226) User=0.01s Sys=0.00s Real=0.00s
[2026-09-03T12:39:03.198+0800][27.735s][info][safepoint   ] Safepoint "G1CollectForAllocation", Time since last: 222298542 ns, Reaching safepoint: 2833 ns, At safepoint: 2003250 ns, Leaving safepoint: 43334 ns, Total: 2049417 ns, Threads: 0 runnable, 42 total
[2026-09-03T12:39:03.502+0800][28.039s][info][gc,start    ] GC(227) Pause Young (Mixed) (G1 Evacuation Pause)
[2026-09-03T12:39:03.502+0800][28.039s][info][gc,task     ] GC(227) Using 9 workers of 9 for evacuation
[2026-09-03T12:39:03.504+0800][28.041s][info][gc,phases   ] GC(227)   Pre Evacuate Collection Set: 0.06ms
[2026-09-03T12:39:03.504+0800][28.041s][info][gc,phases   ] GC(227)   Merge Heap Roots: 0.04ms
[2026-09-03T12:39:03.504+0800][28.041s][info][gc,phases   ] GC(227)   Evacuate Collection Set: 1.98ms
[2026-09-03T12:39:03.504+0800][28.041s][info][gc,phases   ] GC(227)   Post Evacuate Collection Set: 0.10ms
[2026-09-03T12:39:03.504+0800][28.041s][info][gc,phases   ] GC(227)   Other: 0.05ms
[2026-09-03T12:39:03.504+0800][28.041s][info][gc,heap     ] GC(227) Eden regions: 101->0(103)
[2026-09-03T12:39:03.504+0800][28.041s][info][gc,heap     ] GC(227) Survivor regions: 12->15(15)
[2026-09-03T12:39:03.504+0800][28.041s][info][gc,heap     ] GC(227) Old regions: 100->94
[2026-09-03T12:39:03.504+0800][28.041s][info][gc,heap     ] GC(227) Humongous regions: 1->1
[2026-09-03T12:39:03.504+0800][28.041s][info][gc,metaspace] GC(227) Metaspace: 1059K(1216K)->1059K(1216K) NonClass: 994K(1088K)->994K(1088K) Class: 64K(128K)->64K(128K)
[2026-09-03T12:39:03.504+0800][28.041s][info][gc          ] GC(227) Pause Young (Mixed) (G1 Evacuation Pause) 212M->108M(256M) 2.367ms
[2026-09-03T12:39:03.504+0800][28.041s][info][gc,cpu      ] GC(227) User=0.02s Sys=0.00s Real=0.00s
[2026-09-03T12:39:03.504+0800][28.041s][info][safepoint   ] Safepoint "G1CollectForAllocation", Time since last: 303788708 ns, Reaching safepoint: 2750 ns, At safepoint: 2391500 ns, Leaving safepoint: 26750 ns, Total: 2421000 ns, Threads: 0 runnable, 42 total
[2026-09-03T12:39:03.814+0800][28.351s][info][gc,start    ] GC(228) Pause Young (Concurrent Start) (G1 Evacuation Pause)
[2026-09-03T12:39:03.814+0800][28.351s][info][gc,task     ] GC(228) Using 9 workers of 9 for evacuation
[2026-09-03T12:39:03.816+0800][28.353s][info][gc,phases   ] GC(228)   Pre Evacuate Collection Set: 0.07ms
[2026-09-03T12:39:03.816+0800][28.353s][info][gc,phases   ] GC(228)   Merge Heap Roots: 0.02ms
[2026-09-03T12:39:03.816+0800][28.353s][info][gc,phases   ] GC(228)   Evacuate Collection Set: 2.06ms
[2026-09-03T12:39:03.816+0800][28.353s][info][gc,phases   ] GC(228)   Post Evacuate Collection Set: 0.11ms
[2026-09-03T12:39:03.816+0800][28.353s][info][gc,phases   ] GC(228)   Other: 0.05ms
[2026-09-03T12:39:03.816+0800][28.353s][info][gc,heap     ] GC(228) Eden regions: 103->0(89)
[2026-09-03T12:39:03.816+0800][28.353s][info][gc,heap     ] GC(228) Survivor regions: 15->15(15)
[2026-09-03T12:39:03.816+0800][28.353s][info][gc,heap     ] GC(228) Old regions: 94->114
[2026-09-03T12:39:03.816+0800][28.353s][info][gc,heap     ] GC(228) Humongous regions: 1->1
[2026-09-03T12:39:03.816+0800][28.353s][info][gc,metaspace] GC(228) Metaspace: 1059K(1216K)->1059K(1216K) NonClass: 994K(1088K)->994K(1088K) Class: 64K(128K)->64K(128K)
[2026-09-03T12:39:03.816+0800][28.353s][info][gc          ] GC(228) Pause Young (Concurrent Start) (G1 Evacuation Pause) 211M->129M(256M) 2.447ms
[2026-09-03T12:39:03.816+0800][28.353s][info][gc,cpu      ] GC(228) User=0.02s Sys=0.01s Real=0.00s
[2026-09-03T12:39:03.816+0800][28.353s][info][gc          ] GC(229) Concurrent Mark Cycle
[2026-09-03T12:39:03.817+0800][28.353s][info][gc,marking  ] GC(229) Concurrent Scan Root Regions
[2026-09-03T12:39:03.817+0800][28.353s][info][safepoint   ] Safepoint "G1CollectForAllocation", Time since last: 309513042 ns, Reaching safepoint: 2500 ns, At safepoint: 2478083 ns, Leaving safepoint: 65333 ns, Total: 2545916 ns, Threads: 0 runnable, 42 total
[2026-09-03T12:39:03.819+0800][28.356s][info][gc,marking  ] GC(229) Concurrent Scan Root Regions 2.506ms
[2026-09-03T12:39:03.819+0800][28.356s][info][gc,marking  ] GC(229) Concurrent Mark
[2026-09-03T12:39:03.819+0800][28.356s][info][gc,marking  ] GC(229) Concurrent Mark From Roots
[2026-09-03T12:39:03.819+0800][28.356s][info][gc,task     ] GC(229) Concurrent Mark Using 2 of 2 Workers
[2026-09-03T12:39:03.822+0800][28.359s][info][gc,marking  ] GC(229) Concurrent Mark From Roots 3.056ms
[2026-09-03T12:39:03.822+0800][28.359s][info][gc,marking  ] GC(229) Concurrent Preclean
[2026-09-03T12:39:03.822+0800][28.359s][info][gc,marking  ] GC(229) Concurrent Preclean 0.008ms
[2026-09-03T12:39:03.822+0800][28.359s][info][gc,start    ] GC(229) Pause Remark
[2026-09-03T12:39:03.822+0800][28.359s][info][gc          ] GC(229) Pause Remark 133M->92M(256M) 0.346ms
[2026-09-03T12:39:03.822+0800][28.359s][info][gc,cpu      ] GC(229) User=0.00s Sys=0.00s Real=0.00s
[2026-09-03T12:39:03.823+0800][28.359s][info][safepoint   ] Safepoint "G1PauseRemark", Time since last: 5574209 ns, Reaching safepoint: 2875 ns, At safepoint: 368875 ns, Leaving safepoint: 14458 ns, Total: 386208 ns, Threads: 0 runnable, 42 total
[2026-09-03T12:39:03.823+0800][28.359s][info][gc,marking  ] GC(229) Concurrent Mark 3.520ms
[2026-09-03T12:39:03.823+0800][28.359s][info][gc,marking  ] GC(229) Concurrent Rebuild Remembered Sets and Scrub Regions
[2026-09-03T12:39:03.826+0800][28.363s][info][gc,marking  ] GC(229) Concurrent Rebuild Remembered Sets and Scrub Regions 3.398ms
[2026-09-03T12:39:03.826+0800][28.363s][info][gc,start    ] GC(229) Pause Cleanup
[2026-09-03T12:39:03.826+0800][28.363s][info][gc          ] GC(229) Pause Cleanup 92M->92M(256M) 0.038ms
[2026-09-03T12:39:03.826+0800][28.363s][info][gc,cpu      ] GC(229) User=0.00s Sys=0.00s Real=0.00s
[2026-09-03T12:39:03.826+0800][28.363s][info][safepoint   ] Safepoint "G1PauseCleanup", Time since last: 3532542 ns, Reaching safepoint: 17875 ns, At safepoint: 60750 ns, Leaving safepoint: 4416 ns, Total: 83041 ns, Threads: 2 runnable, 42 total
[2026-09-03T12:39:03.826+0800][28.363s][info][gc,marking  ] GC(229) Concurrent Clear Claimed Marks
[2026-09-03T12:39:03.826+0800][28.363s][info][gc,marking  ] GC(229) Concurrent Clear Claimed Marks 0.006ms
[2026-09-03T12:39:03.826+0800][28.363s][info][gc,marking  ] GC(229) Concurrent Cleanup for Next Mark
[2026-09-03T12:39:03.826+0800][28.363s][info][gc,marking  ] GC(229) Concurrent Cleanup for Next Mark 0.107ms
[2026-09-03T12:39:03.826+0800][28.363s][info][gc          ] GC(229) Concurrent Mark Cycle 9.786ms
[2026-09-03T12:39:04.084+0800][28.620s][info][gc,start    ] GC(230) Pause Young (Prepare Mixed) (G1 Evacuation Pause)
[2026-09-03T12:39:04.084+0800][28.621s][info][gc,task     ] GC(230) Using 9 workers of 9 for evacuation
[2026-09-03T12:39:04.086+0800][28.623s][info][gc,phases   ] GC(230)   Pre Evacuate Collection Set: 0.07ms
[2026-09-03T12:39:04.086+0800][28.623s][info][gc,phases   ] GC(230)   Merge Heap Roots: 0.03ms
[2026-09-03T12:39:04.086+0800][28.623s][info][gc,phases   ] GC(230)   Evacuate Collection Set: 1.77ms
[2026-09-03T12:39:04.086+0800][28.623s][info][gc,phases   ] GC(230)   Post Evacuate Collection Set: 0.10ms
[2026-09-03T12:39:04.086+0800][28.623s][info][gc,phases   ] GC(230)   Other: 0.06ms
[2026-09-03T12:39:04.086+0800][28.623s][info][gc,heap     ] GC(230) Eden regions: 89->0(105)
[2026-09-03T12:39:04.086+0800][28.623s][info][gc,heap     ] GC(230) Survivor regions: 15->13(13)
[2026-09-03T12:39:04.086+0800][28.623s][info][gc,heap     ] GC(230) Old regions: 73->93
[2026-09-03T12:39:04.086+0800][28.623s][info][gc,heap     ] GC(230) Humongous regions: 1->1
[2026-09-03T12:39:04.086+0800][28.623s][info][gc,metaspace] GC(230) Metaspace: 1059K(1216K)->1059K(1216K) NonClass: 994K(1088K)->994K(1088K) Class: 64K(128K)->64K(128K)
[2026-09-03T12:39:04.086+0800][28.623s][info][gc          ] GC(230) Pause Young (Prepare Mixed) (G1 Evacuation Pause) 177M->105M(256M) 2.170ms
[2026-09-03T12:39:04.086+0800][28.623s][info][gc,cpu      ] GC(230) User=0.01s Sys=0.00s Real=0.00s
[2026-09-03T12:39:04.086+0800][28.623s][info][safepoint   ] Safepoint "G1CollectForAllocation", Time since last: 257752709 ns, Reaching safepoint: 2250 ns, At safepoint: 2196041 ns, Leaving safepoint: 24000 ns, Total: 2222291 ns, Threads: 0 runnable, 42 total
[2026-09-03T12:39:04.402+0800][28.938s][info][gc,start    ] GC(231) Pause Young (Mixed) (G1 Evacuation Pause)
[2026-09-03T12:39:04.402+0800][28.938s][info][gc,task     ] GC(231) Using 9 workers of 9 for evacuation
[2026-09-03T12:39:04.404+0800][28.940s][info][gc,phases   ] GC(231)   Pre Evacuate Collection Set: 0.07ms
[2026-09-03T12:39:04.404+0800][28.940s][info][gc,phases   ] GC(231)   Merge Heap Roots: 0.04ms
[2026-09-03T12:39:04.404+0800][28.940s][info][gc,phases   ] GC(231)   Evacuate Collection Set: 1.84ms
[2026-09-03T12:39:04.404+0800][28.940s][info][gc,phases   ] GC(231)   Post Evacuate Collection Set: 0.10ms
[2026-09-03T12:39:04.404+0800][28.940s][info][gc,phases   ] GC(231)   Other: 0.06ms
[2026-09-03T12:39:04.404+0800][28.940s][info][gc,heap     ] GC(231) Eden regions: 105->0(102)
[2026-09-03T12:39:04.404+0800][28.940s][info][gc,heap     ] GC(231) Survivor regions: 13->15(15)
[2026-09-03T12:39:04.404+0800][28.940s][info][gc,heap     ] GC(231) Old regions: 93->96
[2026-09-03T12:39:04.404+0800][28.940s][info][gc,heap     ] GC(231) Humongous regions: 1->1
[2026-09-03T12:39:04.404+0800][28.940s][info][gc,metaspace] GC(231) Metaspace: 1059K(1216K)->1059K(1216K) NonClass: 994K(1088K)->994K(1088K) Class: 64K(128K)->64K(128K)
[2026-09-03T12:39:04.404+0800][28.940s][info][gc          ] GC(231) Pause Young (Mixed) (G1 Evacuation Pause) 210M->111M(256M) 2.254ms
[2026-09-03T12:39:04.404+0800][28.940s][info][gc,cpu      ] GC(231) User=0.01s Sys=0.00s Real=0.00s
[2026-09-03T12:39:04.404+0800][28.940s][info][safepoint   ] Safepoint "G1CollectForAllocation", Time since last: 315477917 ns, Reaching safepoint: 4250 ns, At safepoint: 2277750 ns, Leaving safepoint: 37833 ns, Total: 2319833 ns, Threads: 0 runnable, 42 total
[2026-09-03T12:39:04.714+0800][29.251s][info][gc,start    ] GC(232) Pause Young (Concurrent Start) (G1 Evacuation Pause)
[2026-09-03T12:39:04.714+0800][29.251s][info][gc,task     ] GC(232) Using 9 workers of 9 for evacuation
[2026-09-03T12:39:04.717+0800][29.253s][info][gc,phases   ] GC(232)   Pre Evacuate Collection Set: 0.10ms
[2026-09-03T12:39:04.717+0800][29.253s][info][gc,phases   ] GC(232)   Merge Heap Roots: 0.04ms
[2026-09-03T12:39:04.717+0800][29.253s][info][gc,phases   ] GC(232)   Evacuate Collection Set: 2.02ms
[2026-09-03T12:39:04.717+0800][29.253s][info][gc,phases   ] GC(232)   Post Evacuate Collection Set: 0.12ms
[2026-09-03T12:39:04.717+0800][29.253s][info][gc,phases   ] GC(232)   Other: 0.06ms
[2026-09-03T12:39:04.717+0800][29.253s][info][gc,heap     ] GC(232) Eden regions: 102->0(87)
[2026-09-03T12:39:04.717+0800][29.253s][info][gc,heap     ] GC(232) Survivor regions: 15->15(15)
[2026-09-03T12:39:04.717+0800][29.253s][info][gc,heap     ] GC(232) Old regions: 96->116
[2026-09-03T12:39:04.717+0800][29.253s][info][gc,heap     ] GC(232) Humongous regions: 1->1
[2026-09-03T12:39:04.717+0800][29.253s][info][gc,metaspace] GC(232) Metaspace: 1059K(1216K)->1059K(1216K) NonClass: 994K(1088K)->994K(1088K) Class: 64K(128K)->64K(128K)
[2026-09-03T12:39:04.717+0800][29.253s][info][gc          ] GC(232) Pause Young (Concurrent Start) (G1 Evacuation Pause) 213M->131M(256M) 2.452ms
[2026-09-03T12:39:04.717+0800][29.253s][info][gc,cpu      ] GC(232) User=0.01s Sys=0.00s Real=0.00s
[2026-09-03T12:39:04.717+0800][29.253s][info][gc          ] GC(233) Concurrent Mark Cycle
[2026-09-03T12:39:04.717+0800][29.253s][info][gc,marking  ] GC(233) Concurrent Scan Root Regions
[2026-09-03T12:39:04.717+0800][29.253s][info][safepoint   ] Safepoint "G1CollectForAllocation", Time since last: 310283125 ns, Reaching safepoint: 2375 ns, At safepoint: 2479792 ns, Leaving safepoint: 76042 ns, Total: 2558209 ns, Threads: 0 runnable, 42 total
[2026-09-03T12:39:04.719+0800][29.256s][info][gc,marking  ] GC(233) Concurrent Scan Root Regions 2.261ms
[2026-09-03T12:39:04.719+0800][29.256s][info][gc,marking  ] GC(233) Concurrent Mark
[2026-09-03T12:39:04.719+0800][29.256s][info][gc,marking  ] GC(233) Concurrent Mark From Roots
[2026-09-03T12:39:04.719+0800][29.256s][info][gc,task     ] GC(233) Concurrent Mark Using 2 of 2 Workers
[2026-09-03T12:39:04.722+0800][29.259s][info][gc,marking  ] GC(233) Concurrent Mark From Roots 3.201ms
[2026-09-03T12:39:04.722+0800][29.259s][info][gc,marking  ] GC(233) Concurrent Preclean
[2026-09-03T12:39:04.722+0800][29.259s][info][gc,marking  ] GC(233) Concurrent Preclean 0.011ms
[2026-09-03T12:39:04.722+0800][29.259s][info][gc,start    ] GC(233) Pause Remark
[2026-09-03T12:39:04.723+0800][29.259s][info][gc          ] GC(233) Pause Remark 135M->102M(256M) 0.350ms
[2026-09-03T12:39:04.723+0800][29.259s][info][gc,cpu      ] GC(233) User=0.00s Sys=0.00s Real=0.00s
[2026-09-03T12:39:04.723+0800][29.259s][info][safepoint   ] Safepoint "G1PauseRemark", Time since last: 5505208 ns, Reaching safepoint: 2792 ns, At safepoint: 373375 ns, Leaving safepoint: 19666 ns, Total: 395833 ns, Threads: 0 runnable, 42 total
[2026-09-03T12:39:04.723+0800][29.259s][info][gc,marking  ] GC(233) Concurrent Mark 3.725ms
[2026-09-03T12:39:04.723+0800][29.259s][info][gc,marking  ] GC(233) Concurrent Rebuild Remembered Sets and Scrub Regions
[2026-09-03T12:39:04.727+0800][29.263s][info][gc,marking  ] GC(233) Concurrent Rebuild Remembered Sets and Scrub Regions 3.859ms
[2026-09-03T12:39:04.727+0800][29.263s][info][gc,start    ] GC(233) Pause Cleanup
[2026-09-03T12:39:04.727+0800][29.263s][info][gc          ] GC(233) Pause Cleanup 102M->102M(256M) 0.040ms
[2026-09-03T12:39:04.727+0800][29.263s][info][gc,cpu      ] GC(233) User=0.00s Sys=0.00s Real=0.00s
[2026-09-03T12:39:04.727+0800][29.263s][info][safepoint   ] Safepoint "G1PauseCleanup", Time since last: 3940000 ns, Reaching safepoint: 2292 ns, At safepoint: 60000 ns, Leaving safepoint: 1750 ns, Total: 64042 ns, Threads: 0 runnable, 42 total
[2026-09-03T12:39:04.727+0800][29.263s][info][gc,marking  ] GC(233) Concurrent Clear Claimed Marks
[2026-09-03T12:39:04.727+0800][29.263s][info][gc,marking  ] GC(233) Concurrent Clear Claimed Marks 0.006ms
[2026-09-03T12:39:04.727+0800][29.263s][info][gc,marking  ] GC(233) Concurrent Cleanup for Next Mark
[2026-09-03T12:39:04.727+0800][29.263s][info][gc,marking  ] GC(233) Concurrent Cleanup for Next Mark 0.099ms
[2026-09-03T12:39:04.727+0800][29.263s][info][gc          ] GC(233) Concurrent Mark Cycle 10.124ms
[2026-09-03T12:39:04.980+0800][29.517s][info][gc,start    ] GC(234) Pause Young (Prepare Mixed) (G1 Evacuation Pause)
[2026-09-03T12:39:04.980+0800][29.517s][info][gc,task     ] GC(234) Using 9 workers of 9 for evacuation
[2026-09-03T12:39:04.982+0800][29.519s][info][gc,phases   ] GC(234)   Pre Evacuate Collection Set: 0.06ms
[2026-09-03T12:39:04.982+0800][29.519s][info][gc,phases   ] GC(234)   Merge Heap Roots: 0.02ms
[2026-09-03T12:39:04.982+0800][29.519s][info][gc,phases   ] GC(234)   Evacuate Collection Set: 1.77ms
[2026-09-03T12:39:04.982+0800][29.519s][info][gc,phases   ] GC(234)   Post Evacuate Collection Set: 0.10ms
[2026-09-03T12:39:04.982+0800][29.519s][info][gc,phases   ] GC(234)   Other: 0.05ms
[2026-09-03T12:39:04.982+0800][29.519s][info][gc,heap     ] GC(234) Eden regions: 87->0(98)
[2026-09-03T12:39:04.982+0800][29.519s][info][gc,heap     ] GC(234) Survivor regions: 15->13(13)
[2026-09-03T12:39:04.982+0800][29.519s][info][gc,heap     ] GC(234) Old regions: 83->103
[2026-09-03T12:39:04.982+0800][29.519s][info][gc,heap     ] GC(234) Humongous regions: 1->1
[2026-09-03T12:39:04.982+0800][29.519s][info][gc,metaspace] GC(234) Metaspace: 1059K(1216K)->1059K(1216K) NonClass: 994K(1088K)->994K(1088K) Class: 64K(128K)->64K(128K)
[2026-09-03T12:39:04.982+0800][29.519s][info][gc          ] GC(234) Pause Young (Prepare Mixed) (G1 Evacuation Pause) 185M->116M(256M) 2.114ms
[2026-09-03T12:39:04.982+0800][29.519s][info][gc,cpu      ] GC(234) User=0.02s Sys=0.00s Real=0.00s
[2026-09-03T12:39:04.982+0800][29.519s][info][safepoint   ] Safepoint "G1CollectForAllocation", Time since last: 253334750 ns, Reaching safepoint: 2083 ns, At safepoint: 2136584 ns, Leaving safepoint: 39458 ns, Total: 2178125 ns, Threads: 0 runnable, 42 total
[2026-09-03T12:39:05.277+0800][29.813s][info][gc,start    ] GC(235) Pause Young (Mixed) (G1 Evacuation Pause)
[2026-09-03T12:39:05.277+0800][29.813s][info][gc,task     ] GC(235) Using 9 workers of 9 for evacuation
[2026-09-03T12:39:05.279+0800][29.815s][info][gc,phases   ] GC(235)   Pre Evacuate Collection Set: 0.09ms
[2026-09-03T12:39:05.279+0800][29.815s][info][gc,phases   ] GC(235)   Merge Heap Roots: 0.04ms
[2026-09-03T12:39:05.279+0800][29.815s][info][gc,phases   ] GC(235)   Evacuate Collection Set: 1.80ms
[2026-09-03T12:39:05.279+0800][29.815s][info][gc,phases   ] GC(235)   Post Evacuate Collection Set: 0.09ms
[2026-09-03T12:39:05.279+0800][29.815s][info][gc,phases   ] GC(235)   Other: 0.06ms
[2026-09-03T12:39:05.279+0800][29.815s][info][gc,heap     ] GC(235) Eden regions: 98->0(104)
[2026-09-03T12:39:05.279+0800][29.815s][info][gc,heap     ] GC(235) Survivor regions: 13->14(14)
[2026-09-03T12:39:05.279+0800][29.815s][info][gc,heap     ] GC(235) Old regions: 103->93
[2026-09-03T12:39:05.279+0800][29.815s][info][gc,heap     ] GC(235) Humongous regions: 1->1
[2026-09-03T12:39:05.279+0800][29.815s][info][gc,metaspace] GC(235) Metaspace: 1059K(1216K)->1059K(1216K) NonClass: 994K(1088K)->994K(1088K) Class: 64K(128K)->64K(128K)
[2026-09-03T12:39:05.279+0800][29.815s][info][gc          ] GC(235) Pause Young (Mixed) (G1 Evacuation Pause) 214M->106M(256M) 2.227ms
[2026-09-03T12:39:05.279+0800][29.815s][info][gc,cpu      ] GC(235) User=0.02s Sys=0.01s Real=0.00s
[2026-09-03T12:39:05.279+0800][29.815s][info][safepoint   ] Safepoint "G1CollectForAllocation", Time since last: 294422667 ns, Reaching safepoint: 2916 ns, At safepoint: 2255000 ns, Leaving safepoint: 23375 ns, Total: 2281291 ns, Threads: 0 runnable, 42 total
[2026-09-03T12:39:05.595+0800][30.131s][info][gc,start    ] GC(236) Pause Young (Concurrent Start) (G1 Evacuation Pause)
[2026-09-03T12:39:05.595+0800][30.131s][info][gc,task     ] GC(236) Using 9 workers of 9 for evacuation
[2026-09-03T12:39:05.597+0800][30.133s][info][gc,phases   ] GC(236)   Pre Evacuate Collection Set: 0.08ms
[2026-09-03T12:39:05.597+0800][30.134s][info][gc,phases   ] GC(236)   Merge Heap Roots: 0.04ms
[2026-09-03T12:39:05.597+0800][30.134s][info][gc,phases   ] GC(236)   Evacuate Collection Set: 1.86ms
[2026-09-03T12:39:05.597+0800][30.134s][info][gc,phases   ] GC(236)   Post Evacuate Collection Set: 0.08ms
[2026-09-03T12:39:05.597+0800][30.134s][info][gc,phases   ] GC(236)   Other: 0.05ms
[2026-09-03T12:39:05.597+0800][30.134s][info][gc,heap     ] GC(236) Eden regions: 104->0(89)
[2026-09-03T12:39:05.597+0800][30.134s][info][gc,heap     ] GC(236) Survivor regions: 14->15(15)
[2026-09-03T12:39:05.597+0800][30.134s][info][gc,heap     ] GC(236) Old regions: 93->113
[2026-09-03T12:39:05.597+0800][30.134s][info][gc,heap     ] GC(236) Humongous regions: 1->1
[2026-09-03T12:39:05.597+0800][30.134s][info][gc,metaspace] GC(236) Metaspace: 1059K(1216K)->1059K(1216K) NonClass: 994K(1088K)->994K(1088K) Class: 64K(128K)->64K(128K)
[2026-09-03T12:39:05.597+0800][30.134s][info][gc          ] GC(236) Pause Young (Concurrent Start) (G1 Evacuation Pause) 210M->128M(256M) 2.236ms
[2026-09-03T12:39:05.597+0800][30.134s][info][gc,cpu      ] GC(236) User=0.02s Sys=0.00s Real=0.00s
[2026-09-03T12:39:05.597+0800][30.134s][info][gc          ] GC(237) Concurrent Mark Cycle
[2026-09-03T12:39:05.597+0800][30.134s][info][gc,marking  ] GC(237) Concurrent Scan Root Regions
[2026-09-03T12:39:05.597+0800][30.134s][info][safepoint   ] Safepoint "G1CollectForAllocation", Time since last: 315868084 ns, Reaching safepoint: 1833 ns, At safepoint: 2265292 ns, Leaving safepoint: 20208 ns, Total: 2287333 ns, Threads: 0 runnable, 42 total
[2026-09-03T12:39:05.599+0800][30.136s][info][gc,marking  ] GC(237) Concurrent Scan Root Regions 2.046ms
[2026-09-03T12:39:05.599+0800][30.136s][info][gc,marking  ] GC(237) Concurrent Mark
[2026-09-03T12:39:05.599+0800][30.136s][info][gc,marking  ] GC(237) Concurrent Mark From Roots
[2026-09-03T12:39:05.599+0800][30.136s][info][gc,task     ] GC(237) Concurrent Mark Using 2 of 2 Workers
[2026-09-03T12:39:05.603+0800][30.139s][info][gc,marking  ] GC(237) Concurrent Mark From Roots 3.580ms
[2026-09-03T12:39:05.603+0800][30.139s][info][gc,marking  ] GC(237) Concurrent Preclean
[2026-09-03T12:39:05.603+0800][30.139s][info][gc,marking  ] GC(237) Concurrent Preclean 0.009ms
[2026-09-03T12:39:05.603+0800][30.139s][info][gc,start    ] GC(237) Pause Remark
[2026-09-03T12:39:05.603+0800][30.140s][info][gc          ] GC(237) Pause Remark 132M->101M(256M) 0.324ms
[2026-09-03T12:39:05.603+0800][30.140s][info][gc,cpu      ] GC(237) User=0.00s Sys=0.00s Real=0.00s
[2026-09-03T12:39:05.603+0800][30.140s][info][safepoint   ] Safepoint "G1PauseRemark", Time since last: 5693917 ns, Reaching safepoint: 2791 ns, At safepoint: 345709 ns, Leaving safepoint: 27250 ns, Total: 375750 ns, Threads: 0 runnable, 42 total
[2026-09-03T12:39:05.603+0800][30.140s][info][gc,marking  ] GC(237) Concurrent Mark 4.069ms
[2026-09-03T12:39:05.603+0800][30.140s][info][gc,marking  ] GC(237) Concurrent Rebuild Remembered Sets and Scrub Regions
[2026-09-03T12:39:05.606+0800][30.143s][info][gc,marking  ] GC(237) Concurrent Rebuild Remembered Sets and Scrub Regions 3.096ms
[2026-09-03T12:39:05.606+0800][30.143s][info][gc,start    ] GC(237) Pause Cleanup
[2026-09-03T12:39:05.606+0800][30.143s][info][gc          ] GC(237) Pause Cleanup 101M->101M(256M) 0.033ms
[2026-09-03T12:39:05.606+0800][30.143s][info][gc,cpu      ] GC(237) User=0.00s Sys=0.00s Real=0.00s
[2026-09-03T12:39:05.606+0800][30.143s][info][safepoint   ] Safepoint "G1PauseCleanup", Time since last: 3182166 ns, Reaching safepoint: 1584 ns, At safepoint: 50916 ns, Leaving safepoint: 1959 ns, Total: 54459 ns, Threads: 0 runnable, 42 total
[2026-09-03T12:39:05.606+0800][30.143s][info][gc,marking  ] GC(237) Concurrent Clear Claimed Marks
[2026-09-03T12:39:05.606+0800][30.143s][info][gc,marking  ] GC(237) Concurrent Clear Claimed Marks 0.004ms
[2026-09-03T12:39:05.606+0800][30.143s][info][gc,marking  ] GC(237) Concurrent Cleanup for Next Mark
[2026-09-03T12:39:05.606+0800][30.143s][info][gc,marking  ] GC(237) Concurrent Cleanup for Next Mark 0.093ms
[2026-09-03T12:39:05.606+0800][30.143s][info][gc          ] GC(237) Concurrent Mark Cycle 9.453ms
[2026-09-03T12:39:05.864+0800][30.401s][info][gc,start    ] GC(238) Pause Young (Prepare Mixed) (G1 Evacuation Pause)
[2026-09-03T12:39:05.864+0800][30.401s][info][gc,task     ] GC(238) Using 9 workers of 9 for evacuation
[2026-09-03T12:39:05.866+0800][30.403s][info][gc,phases   ] GC(238)   Pre Evacuate Collection Set: 0.07ms
[2026-09-03T12:39:05.866+0800][30.403s][info][gc,phases   ] GC(238)   Merge Heap Roots: 0.03ms
[2026-09-03T12:39:05.866+0800][30.403s][info][gc,phases   ] GC(238)   Evacuate Collection Set: 1.80ms
[2026-09-03T12:39:05.866+0800][30.403s][info][gc,phases   ] GC(238)   Post Evacuate Collection Set: 0.12ms
[2026-09-03T12:39:05.866+0800][30.403s][info][gc,phases   ] GC(238)   Other: 0.06ms
[2026-09-03T12:39:05.866+0800][30.403s][info][gc,heap     ] GC(238) Eden regions: 89->0(98)
[2026-09-03T12:39:05.866+0800][30.403s][info][gc,heap     ] GC(238) Survivor regions: 15->13(13)
[2026-09-03T12:39:05.866+0800][30.403s][info][gc,heap     ] GC(238) Old regions: 82->103
[2026-09-03T12:39:05.866+0800][30.403s][info][gc,heap     ] GC(238) Humongous regions: 1->1
[2026-09-03T12:39:05.866+0800][30.403s][info][gc,metaspace] GC(238) Metaspace: 1059K(1216K)->1059K(1216K) NonClass: 994K(1088K)->994K(1088K) Class: 64K(128K)->64K(128K)
[2026-09-03T12:39:05.866+0800][30.403s][info][gc          ] GC(238) Pause Young (Prepare Mixed) (G1 Evacuation Pause) 186M->115M(256M) 2.187ms
[2026-09-03T12:39:05.866+0800][30.403s][info][gc,cpu      ] GC(238) User=0.01s Sys=0.00s Real=0.00s
[2026-09-03T12:39:05.867+0800][30.403s][info][safepoint   ] Safepoint "G1CollectForAllocation", Time since last: 257921625 ns, Reaching safepoint: 2541 ns, At safepoint: 2209375 ns, Leaving safepoint: 42792 ns, Total: 2254708 ns, Threads: 0 runnable, 42 total
[2026-09-03T12:39:06.161+0800][30.698s][info][gc,start    ] GC(239) Pause Young (Mixed) (G1 Evacuation Pause)
[2026-09-03T12:39:06.161+0800][30.698s][info][gc,task     ] GC(239) Using 9 workers of 9 for evacuation
[2026-09-03T12:39:06.163+0800][30.700s][info][gc,phases   ] GC(239)   Pre Evacuate Collection Set: 0.06ms
[2026-09-03T12:39:06.163+0800][30.700s][info][gc,phases   ] GC(239)   Merge Heap Roots: 0.05ms
[2026-09-03T12:39:06.163+0800][30.700s][info][gc,phases   ] GC(239)   Evacuate Collection Set: 1.79ms
[2026-09-03T12:39:06.163+0800][30.700s][info][gc,phases   ] GC(239)   Post Evacuate Collection Set: 0.11ms
[2026-09-03T12:39:06.163+0800][30.700s][info][gc,phases   ] GC(239)   Other: 0.06ms
[2026-09-03T12:39:06.163+0800][30.700s][info][gc,heap     ] GC(239) Eden regions: 98->0(102)
[2026-09-03T12:39:06.163+0800][30.700s][info][gc,heap     ] GC(239) Survivor regions: 13->14(14)
[2026-09-03T12:39:06.163+0800][30.700s][info][gc,heap     ] GC(239) Old regions: 103->96
[2026-09-03T12:39:06.163+0800][30.700s][info][gc,heap     ] GC(239) Humongous regions: 1->1
[2026-09-03T12:39:06.163+0800][30.700s][info][gc,metaspace] GC(239) Metaspace: 1059K(1216K)->1059K(1216K) NonClass: 994K(1088K)->994K(1088K) Class: 64K(128K)->64K(128K)
[2026-09-03T12:39:06.163+0800][30.700s][info][gc          ] GC(239) Pause Young (Mixed) (G1 Evacuation Pause) 213M->110M(256M) 2.174ms
[2026-09-03T12:39:06.163+0800][30.700s][info][gc,cpu      ] GC(239) User=0.02s Sys=0.00s Real=0.00s
[2026-09-03T12:39:06.163+0800][30.700s][info][safepoint   ] Safepoint "G1CollectForAllocation", Time since last: 294370250 ns, Reaching safepoint: 36917 ns, At safepoint: 2197333 ns, Leaving safepoint: 23250 ns, Total: 2257500 ns, Threads: 2 runnable, 42 total
[2026-09-03T12:39:06.474+0800][31.010s][info][gc,start    ] GC(240) Pause Young (Concurrent Start) (G1 Evacuation Pause)
[2026-09-03T12:39:06.474+0800][31.010s][info][gc,task     ] GC(240) Using 9 workers of 9 for evacuation
[2026-09-03T12:39:06.476+0800][31.012s][info][gc,phases   ] GC(240)   Pre Evacuate Collection Set: 0.06ms
[2026-09-03T12:39:06.476+0800][31.012s][info][gc,phases   ] GC(240)   Merge Heap Roots: 0.03ms
[2026-09-03T12:39:06.476+0800][31.012s][info][gc,phases   ] GC(240)   Evacuate Collection Set: 2.11ms
[2026-09-03T12:39:06.476+0800][31.013s][info][gc,phases   ] GC(240)   Post Evacuate Collection Set: 0.11ms
[2026-09-03T12:39:06.476+0800][31.013s][info][gc,phases   ] GC(240)   Other: 0.05ms
[2026-09-03T12:39:06.476+0800][31.013s][info][gc,heap     ] GC(240) Eden regions: 102->0(87)
[2026-09-03T12:39:06.476+0800][31.013s][info][gc,heap     ] GC(240) Survivor regions: 14->15(15)
[2026-09-03T12:39:06.476+0800][31.013s][info][gc,heap     ] GC(240) Old regions: 96->116
[2026-09-03T12:39:06.476+0800][31.013s][info][gc,heap     ] GC(240) Humongous regions: 1->1
[2026-09-03T12:39:06.476+0800][31.013s][info][gc,metaspace] GC(240) Metaspace: 1059K(1216K)->1059K(1216K) NonClass: 994K(1088K)->994K(1088K) Class: 64K(128K)->64K(128K)
[2026-09-03T12:39:06.476+0800][31.013s][info][gc          ] GC(240) Pause Young (Concurrent Start) (G1 Evacuation Pause) 212M->130M(256M) 2.466ms
[2026-09-03T12:39:06.476+0800][31.013s][info][gc,cpu      ] GC(240) User=0.02s Sys=0.00s Real=0.00s
[2026-09-03T12:39:06.476+0800][31.013s][info][gc          ] GC(241) Concurrent Mark Cycle
[2026-09-03T12:39:06.476+0800][31.013s][info][gc,marking  ] GC(241) Concurrent Scan Root Regions
[2026-09-03T12:39:06.476+0800][31.013s][info][safepoint   ] Safepoint "G1CollectForAllocation", Time since last: 310330875 ns, Reaching safepoint: 20292 ns, At safepoint: 2494375 ns, Leaving safepoint: 21125 ns, Total: 2535792 ns, Threads: 1 runnable, 42 total
[2026-09-03T12:39:06.478+0800][31.015s][info][gc,marking  ] GC(241) Concurrent Scan Root Regions 2.186ms
[2026-09-03T12:39:06.478+0800][31.015s][info][gc,marking  ] GC(241) Concurrent Mark
[2026-09-03T12:39:06.478+0800][31.015s][info][gc,marking  ] GC(241) Concurrent Mark From Roots
[2026-09-03T12:39:06.478+0800][31.015s][info][gc,task     ] GC(241) Concurrent Mark Using 2 of 2 Workers
[2026-09-03T12:39:06.482+0800][31.018s][info][gc,marking  ] GC(241) Concurrent Mark From Roots 3.310ms
[2026-09-03T12:39:06.482+0800][31.018s][info][gc,marking  ] GC(241) Concurrent Preclean
[2026-09-03T12:39:06.482+0800][31.018s][info][gc,marking  ] GC(241) Concurrent Preclean 0.007ms
[2026-09-03T12:39:06.482+0800][31.018s][info][gc,start    ] GC(241) Pause Remark
[2026-09-03T12:39:06.482+0800][31.018s][info][gc          ] GC(241) Pause Remark 134M->103M(256M) 0.338ms
[2026-09-03T12:39:06.482+0800][31.018s][info][gc,cpu      ] GC(241) User=0.00s Sys=0.00s Real=0.00s
[2026-09-03T12:39:06.482+0800][31.019s][info][safepoint   ] Safepoint "G1PauseRemark", Time since last: 5546291 ns, Reaching safepoint: 2000 ns, At safepoint: 367750 ns, Leaving safepoint: 18625 ns, Total: 388375 ns, Threads: 0 runnable, 42 total
[2026-09-03T12:39:06.482+0800][31.019s][info][gc,marking  ] GC(241) Concurrent Mark 3.785ms
[2026-09-03T12:39:06.482+0800][31.019s][info][gc,marking  ] GC(241) Concurrent Rebuild Remembered Sets and Scrub Regions
[2026-09-03T12:39:06.486+0800][31.022s][info][gc,marking  ] GC(241) Concurrent Rebuild Remembered Sets and Scrub Regions 3.850ms
[2026-09-03T12:39:06.486+0800][31.022s][info][gc,start    ] GC(241) Pause Cleanup
[2026-09-03T12:39:06.486+0800][31.022s][info][gc          ] GC(241) Pause Cleanup 105M->105M(256M) 0.038ms
[2026-09-03T12:39:06.486+0800][31.022s][info][gc,cpu      ] GC(241) User=0.00s Sys=0.00s Real=0.00s
[2026-09-03T12:39:06.486+0800][31.023s][info][safepoint   ] Safepoint "G1PauseCleanup", Time since last: 3931167 ns, Reaching safepoint: 2208 ns, At safepoint: 56584 ns, Leaving safepoint: 3500 ns, Total: 62292 ns, Threads: 0 runnable, 42 total
[2026-09-03T12:39:06.486+0800][31.023s][info][gc,marking  ] GC(241) Concurrent Clear Claimed Marks
[2026-09-03T12:39:06.486+0800][31.023s][info][gc,marking  ] GC(241) Concurrent Clear Claimed Marks 0.006ms
[2026-09-03T12:39:06.486+0800][31.023s][info][gc,marking  ] GC(241) Concurrent Cleanup for Next Mark
[2026-09-03T12:39:06.486+0800][31.023s][info][gc,marking  ] GC(241) Concurrent Cleanup for Next Mark 0.094ms
[2026-09-03T12:39:06.486+0800][31.023s][info][gc          ] GC(241) Concurrent Mark Cycle 10.100ms
[2026-09-03T12:39:06.737+0800][31.273s][info][gc,start    ] GC(242) Pause Young (Prepare Mixed) (G1 Evacuation Pause)
[2026-09-03T12:39:06.737+0800][31.273s][info][gc,task     ] GC(242) Using 9 workers of 9 for evacuation
[2026-09-03T12:39:06.739+0800][31.275s][info][gc,phases   ] GC(242)   Pre Evacuate Collection Set: 0.07ms
[2026-09-03T12:39:06.739+0800][31.275s][info][gc,phases   ] GC(242)   Merge Heap Roots: 0.03ms
[2026-09-03T12:39:06.739+0800][31.275s][info][gc,phases   ] GC(242)   Evacuate Collection Set: 1.82ms
[2026-09-03T12:39:06.739+0800][31.275s][info][gc,phases   ] GC(242)   Post Evacuate Collection Set: 0.11ms
[2026-09-03T12:39:06.739+0800][31.275s][info][gc,phases   ] GC(242)   Other: 0.05ms
[2026-09-03T12:39:06.739+0800][31.275s][info][gc,heap     ] GC(242) Eden regions: 87->0(97)
[2026-09-03T12:39:06.739+0800][31.275s][info][gc,heap     ] GC(242) Survivor regions: 15->13(13)
[2026-09-03T12:39:06.739+0800][31.275s][info][gc,heap     ] GC(242) Old regions: 85->104
[2026-09-03T12:39:06.739+0800][31.275s][info][gc,heap     ] GC(242) Humongous regions: 1->1
[2026-09-03T12:39:06.739+0800][31.275s][info][gc,metaspace] GC(242) Metaspace: 1059K(1216K)->1059K(1216K) NonClass: 994K(1088K)->994K(1088K) Class: 64K(128K)->64K(128K)
[2026-09-03T12:39:06.739+0800][31.275s][info][gc          ] GC(242) Pause Young (Prepare Mixed) (G1 Evacuation Pause) 186M->117M(256M) 2.171ms
[2026-09-03T12:39:06.739+0800][31.275s][info][gc,cpu      ] GC(242) User=0.01s Sys=0.00s Real=0.00s
[2026-09-03T12:39:06.739+0800][31.275s][info][safepoint   ] Safepoint "G1CollectForAllocation", Time since last: 250730458 ns, Reaching safepoint: 2083 ns, At safepoint: 2192875 ns, Leaving safepoint: 33792 ns, Total: 2228750 ns, Threads: 0 runnable, 42 total
[2026-09-03T12:39:07.030+0800][31.566s][info][gc,start    ] GC(243) Pause Young (Mixed) (G1 Evacuation Pause)
[2026-09-03T12:39:07.030+0800][31.566s][info][gc,task     ] GC(243) Using 9 workers of 9 for evacuation
[2026-09-03T12:39:07.032+0800][31.568s][info][gc,phases   ] GC(243)   Pre Evacuate Collection Set: 0.05ms
[2026-09-03T12:39:07.032+0800][31.568s][info][gc,phases   ] GC(243)   Merge Heap Roots: 0.05ms
[2026-09-03T12:39:07.032+0800][31.568s][info][gc,phases   ] GC(243)   Evacuate Collection Set: 1.95ms
[2026-09-03T12:39:07.032+0800][31.568s][info][gc,phases   ] GC(243)   Post Evacuate Collection Set: 0.11ms
[2026-09-03T12:39:07.032+0800][31.568s][info][gc,phases   ] GC(243)   Other: 0.06ms
[2026-09-03T12:39:07.032+0800][31.568s][info][gc,heap     ] GC(243) Eden regions: 97->0(104)
[2026-09-03T12:39:07.032+0800][31.568s][info][gc,heap     ] GC(243) Survivor regions: 13->14(14)
[2026-09-03T12:39:07.032+0800][31.568s][info][gc,heap     ] GC(243) Old regions: 104->94
[2026-09-03T12:39:07.032+0800][31.568s][info][gc,heap     ] GC(243) Humongous regions: 1->1
[2026-09-03T12:39:07.032+0800][31.568s][info][gc,metaspace] GC(243) Metaspace: 1059K(1216K)->1059K(1216K) NonClass: 994K(1088K)->994K(1088K) Class: 64K(128K)->64K(128K)
[2026-09-03T12:39:07.032+0800][31.568s][info][gc          ] GC(243) Pause Young (Mixed) (G1 Evacuation Pause) 214M->108M(256M) 2.320ms
[2026-09-03T12:39:07.032+0800][31.568s][info][gc,cpu      ] GC(243) User=0.01s Sys=0.00s Real=0.00s
[2026-09-03T12:39:07.032+0800][31.568s][info][safepoint   ] Safepoint "G1CollectForAllocation", Time since last: 290614875 ns, Reaching safepoint: 3000 ns, At safepoint: 2340833 ns, Leaving safepoint: 46959 ns, Total: 2390792 ns, Threads: 0 runnable, 42 total
[2026-09-03T12:39:07.346+0800][31.883s][info][gc,start    ] GC(244) Pause Young (Mixed) (G1 Evacuation Pause)
[2026-09-03T12:39:07.346+0800][31.883s][info][gc,task     ] GC(244) Using 9 workers of 9 for evacuation
[2026-09-03T12:39:07.348+0800][31.885s][info][gc,phases   ] GC(244)   Pre Evacuate Collection Set: 0.06ms
[2026-09-03T12:39:07.348+0800][31.885s][info][gc,phases   ] GC(244)   Merge Heap Roots: 0.03ms
[2026-09-03T12:39:07.348+0800][31.885s][info][gc,phases   ] GC(244)   Evacuate Collection Set: 1.98ms
[2026-09-03T12:39:07.348+0800][31.885s][info][gc,phases   ] GC(244)   Post Evacuate Collection Set: 0.10ms
[2026-09-03T12:39:07.348+0800][31.885s][info][gc,phases   ] GC(244)   Other: 0.06ms
[2026-09-03T12:39:07.348+0800][31.885s][info][gc,heap     ] GC(244) Eden regions: 104->0(90)
[2026-09-03T12:39:07.348+0800][31.885s][info][gc,heap     ] GC(244) Survivor regions: 14->15(15)
[2026-09-03T12:39:07.348+0800][31.885s][info][gc,heap     ] GC(244) Old regions: 94->113
[2026-09-03T12:39:07.348+0800][31.885s][info][gc,heap     ] GC(244) Humongous regions: 1->1
[2026-09-03T12:39:07.348+0800][31.885s][info][gc,metaspace] GC(244) Metaspace: 1059K(1216K)->1059K(1216K) NonClass: 994K(1088K)->994K(1088K) Class: 64K(128K)->64K(128K)
[2026-09-03T12:39:07.348+0800][31.885s][info][gc          ] GC(244) Pause Young (Mixed) (G1 Evacuation Pause) 212M->128M(256M) 2.331ms
[2026-09-03T12:39:07.348+0800][31.885s][info][gc,cpu      ] GC(244) User=0.01s Sys=0.00s Real=0.00s
[2026-09-03T12:39:07.348+0800][31.885s][info][safepoint   ] Safepoint "G1CollectForAllocation", Time since last: 314064041 ns, Reaching safepoint: 2042 ns, At safepoint: 2353542 ns, Leaving safepoint: 67208 ns, Total: 2422792 ns, Threads: 0 runnable, 42 total
[2026-09-03T12:39:07.621+0800][32.158s][info][gc,start    ] GC(245) Pause Young (Concurrent Start) (G1 Evacuation Pause)
[2026-09-03T12:39:07.621+0800][32.158s][info][gc,task     ] GC(245) Using 9 workers of 9 for evacuation
[2026-09-03T12:39:07.623+0800][32.160s][info][gc,phases   ] GC(245)   Pre Evacuate Collection Set: 0.06ms
[2026-09-03T12:39:07.623+0800][32.160s][info][gc,phases   ] GC(245)   Merge Heap Roots: 0.03ms
[2026-09-03T12:39:07.623+0800][32.160s][info][gc,phases   ] GC(245)   Evacuate Collection Set: 1.86ms
[2026-09-03T12:39:07.623+0800][32.160s][info][gc,phases   ] GC(245)   Post Evacuate Collection Set: 0.10ms
[2026-09-03T12:39:07.623+0800][32.160s][info][gc,phases   ] GC(245)   Other: 0.05ms
[2026-09-03T12:39:07.623+0800][32.160s][info][gc,heap     ] GC(245) Eden regions: 90->0(76)
[2026-09-03T12:39:07.623+0800][32.160s][info][gc,heap     ] GC(245) Survivor regions: 15->14(14)
[2026-09-03T12:39:07.623+0800][32.160s][info][gc,heap     ] GC(245) Old regions: 113->133
[2026-09-03T12:39:07.623+0800][32.160s][info][gc,heap     ] GC(245) Humongous regions: 1->1
[2026-09-03T12:39:07.623+0800][32.160s][info][gc,metaspace] GC(245) Metaspace: 1059K(1216K)->1059K(1216K) NonClass: 994K(1088K)->994K(1088K) Class: 64K(128K)->64K(128K)
[2026-09-03T12:39:07.623+0800][32.160s][info][gc          ] GC(245) Pause Young (Concurrent Start) (G1 Evacuation Pause) 218M->146M(256M) 2.220ms
[2026-09-03T12:39:07.623+0800][32.160s][info][gc,cpu      ] GC(245) User=0.02s Sys=0.01s Real=0.00s
[2026-09-03T12:39:07.623+0800][32.160s][info][gc          ] GC(246) Concurrent Mark Cycle
[2026-09-03T12:39:07.623+0800][32.160s][info][gc,marking  ] GC(246) Concurrent Scan Root Regions
[2026-09-03T12:39:07.623+0800][32.160s][info][safepoint   ] Safepoint "G1CollectForAllocation", Time since last: 272626292 ns, Reaching safepoint: 2458 ns, At safepoint: 2248333 ns, Leaving safepoint: 77292 ns, Total: 2328083 ns, Threads: 0 runnable, 42 total
[2026-09-03T12:39:07.626+0800][32.162s][info][gc,marking  ] GC(246) Concurrent Scan Root Regions 2.230ms
[2026-09-03T12:39:07.626+0800][32.162s][info][gc,marking  ] GC(246) Concurrent Mark
[2026-09-03T12:39:07.626+0800][32.162s][info][gc,marking  ] GC(246) Concurrent Mark From Roots
[2026-09-03T12:39:07.626+0800][32.162s][info][gc,task     ] GC(246) Concurrent Mark Using 2 of 2 Workers
[2026-09-03T12:39:07.629+0800][32.166s][info][gc,marking  ] GC(246) Concurrent Mark From Roots 3.545ms
[2026-09-03T12:39:07.629+0800][32.166s][info][gc,marking  ] GC(246) Concurrent Preclean
[2026-09-03T12:39:07.629+0800][32.166s][info][gc,marking  ] GC(246) Concurrent Preclean 0.008ms
[2026-09-03T12:39:07.629+0800][32.166s][info][gc,start    ] GC(246) Pause Remark
[2026-09-03T12:39:07.629+0800][32.166s][info][gc          ] GC(246) Pause Remark 150M->109M(256M) 0.325ms
[2026-09-03T12:39:07.629+0800][32.166s][info][gc,cpu      ] GC(246) User=0.00s Sys=0.00s Real=0.00s
[2026-09-03T12:39:07.630+0800][32.166s][info][safepoint   ] Safepoint "G1PauseRemark", Time since last: 5784833 ns, Reaching safepoint: 3709 ns, At safepoint: 345500 ns, Leaving safepoint: 20458 ns, Total: 369667 ns, Threads: 0 runnable, 42 total
[2026-09-03T12:39:07.630+0800][32.166s][info][gc,marking  ] GC(246) Concurrent Mark 4.012ms
[2026-09-03T12:39:07.630+0800][32.166s][info][gc,marking  ] GC(246) Concurrent Rebuild Remembered Sets and Scrub Regions
[2026-09-03T12:39:07.632+0800][32.169s][info][gc,marking  ] GC(246) Concurrent Rebuild Remembered Sets and Scrub Regions 2.814ms
[2026-09-03T12:39:07.632+0800][32.169s][info][gc,start    ] GC(246) Pause Cleanup
[2026-09-03T12:39:07.632+0800][32.169s][info][gc          ] GC(246) Pause Cleanup 110M->110M(256M) 0.046ms
[2026-09-03T12:39:07.632+0800][32.169s][info][gc,cpu      ] GC(246) User=0.00s Sys=0.00s Real=0.00s
[2026-09-03T12:39:07.632+0800][32.169s][info][safepoint   ] Safepoint "G1PauseCleanup", Time since last: 2908792 ns, Reaching safepoint: 2291 ns, At safepoint: 69167 ns, Leaving safepoint: 3792 ns, Total: 75250 ns, Threads: 0 runnable, 42 total
[2026-09-03T12:39:07.633+0800][32.169s][info][gc,marking  ] GC(246) Concurrent Clear Claimed Marks
[2026-09-03T12:39:07.633+0800][32.169s][info][gc,marking  ] GC(246) Concurrent Clear Claimed Marks 0.008ms
[2026-09-03T12:39:07.633+0800][32.169s][info][gc,marking  ] GC(246) Concurrent Cleanup for Next Mark
[2026-09-03T12:39:07.633+0800][32.169s][info][gc,marking  ] GC(246) Concurrent Cleanup for Next Mark 0.139ms
[2026-09-03T12:39:07.633+0800][32.169s][info][gc          ] GC(246) Concurrent Mark Cycle 9.403ms
[2026-09-03T12:39:07.852+0800][32.389s][info][gc,start    ] GC(247) Pause Young (Prepare Mixed) (G1 Evacuation Pause)
[2026-09-03T12:39:07.852+0800][32.389s][info][gc,task     ] GC(247) Using 9 workers of 9 for evacuation
[2026-09-03T12:39:07.854+0800][32.390s][info][gc,phases   ] GC(247)   Pre Evacuate Collection Set: 0.07ms
[2026-09-03T12:39:07.854+0800][32.390s][info][gc,phases   ] GC(247)   Merge Heap Roots: 0.02ms
[2026-09-03T12:39:07.854+0800][32.390s][info][gc,phases   ] GC(247)   Evacuate Collection Set: 1.56ms
[2026-09-03T12:39:07.854+0800][32.390s][info][gc,phases   ] GC(247)   Post Evacuate Collection Set: 0.08ms
[2026-09-03T12:39:07.854+0800][32.390s][info][gc,phases   ] GC(247)   Other: 0.07ms
[2026-09-03T12:39:07.854+0800][32.390s][info][gc,heap     ] GC(247) Eden regions: 76->0(94)
[2026-09-03T12:39:07.854+0800][32.390s][info][gc,heap     ] GC(247) Survivor regions: 14->12(12)
[2026-09-03T12:39:07.854+0800][32.390s][info][gc,heap     ] GC(247) Old regions: 92->110
[2026-09-03T12:39:07.854+0800][32.390s][info][gc,heap     ] GC(247) Humongous regions: 1->1
[2026-09-03T12:39:07.854+0800][32.390s][info][gc,metaspace] GC(247) Metaspace: 1059K(1216K)->1059K(1216K) NonClass: 994K(1088K)->994K(1088K) Class: 64K(128K)->64K(128K)
[2026-09-03T12:39:07.854+0800][32.391s][info][gc          ] GC(247) Pause Young (Prepare Mixed) (G1 Evacuation Pause) 181M->121M(256M) 1.894ms
[2026-09-03T12:39:07.854+0800][32.391s][info][gc,cpu      ] GC(247) User=0.01s Sys=0.00s Real=0.00s
[2026-09-03T12:39:07.854+0800][32.391s][info][safepoint   ] Safepoint "G1CollectForAllocation", Time since last: 219548500 ns, Reaching safepoint: 2583 ns, At safepoint: 1917833 ns, Leaving safepoint: 27125 ns, Total: 1947541 ns, Threads: 0 runnable, 42 total
[2026-09-03T12:39:08.137+0800][32.673s][info][gc,start    ] GC(248) Pause Young (Mixed) (G1 Evacuation Pause)
[2026-09-03T12:39:08.137+0800][32.673s][info][gc,task     ] GC(248) Using 9 workers of 9 for evacuation
[2026-09-03T12:39:08.139+0800][32.675s][info][gc,phases   ] GC(248)   Pre Evacuate Collection Set: 0.07ms
[2026-09-03T12:39:08.139+0800][32.675s][info][gc,phases   ] GC(248)   Merge Heap Roots: 0.04ms
[2026-09-03T12:39:08.139+0800][32.675s][info][gc,phases   ] GC(248)   Evacuate Collection Set: 1.86ms
[2026-09-03T12:39:08.139+0800][32.675s][info][gc,phases   ] GC(248)   Post Evacuate Collection Set: 0.10ms
[2026-09-03T12:39:08.139+0800][32.675s][info][gc,phases   ] GC(248)   Other: 0.06ms
[2026-09-03T12:39:08.139+0800][32.675s][info][gc,heap     ] GC(248) Eden regions: 94->0(101)
[2026-09-03T12:39:08.139+0800][32.675s][info][gc,heap     ] GC(248) Survivor regions: 12->14(14)
[2026-09-03T12:39:08.139+0800][32.675s][info][gc,heap     ] GC(248) Old regions: 110->98
[2026-09-03T12:39:08.139+0800][32.675s][info][gc,heap     ] GC(248) Humongous regions: 1->1
[2026-09-03T12:39:08.139+0800][32.675s][info][gc,metaspace] GC(248) Metaspace: 1059K(1216K)->1059K(1216K) NonClass: 994K(1088K)->994K(1088K) Class: 64K(128K)->64K(128K)
[2026-09-03T12:39:08.139+0800][32.675s][info][gc          ] GC(248) Pause Young (Mixed) (G1 Evacuation Pause) 215M->112M(256M) 2.227ms
[2026-09-03T12:39:08.139+0800][32.675s][info][gc,cpu      ] GC(248) User=0.01s Sys=0.00s Real=0.00s
[2026-09-03T12:39:08.139+0800][32.675s][info][safepoint   ] Safepoint "G1CollectForAllocation", Time since last: 282534042 ns, Reaching safepoint: 2667 ns, At safepoint: 2250916 ns, Leaving safepoint: 22750 ns, Total: 2276333 ns, Threads: 0 runnable, 42 total
[2026-09-03T12:39:08.444+0800][32.981s][info][gc,start    ] GC(249) Pause Young (Mixed) (G1 Evacuation Pause)
[2026-09-03T12:39:08.444+0800][32.981s][info][gc,task     ] GC(249) Using 9 workers of 9 for evacuation
[2026-09-03T12:39:08.446+0800][32.983s][info][gc,phases   ] GC(249)   Pre Evacuate Collection Set: 0.07ms
[2026-09-03T12:39:08.446+0800][32.983s][info][gc,phases   ] GC(249)   Merge Heap Roots: 0.03ms
[2026-09-03T12:39:08.446+0800][32.983s][info][gc,phases   ] GC(249)   Evacuate Collection Set: 1.87ms
[2026-09-03T12:39:08.446+0800][32.983s][info][gc,phases   ] GC(249)   Post Evacuate Collection Set: 0.09ms
[2026-09-03T12:39:08.446+0800][32.983s][info][gc,phases   ] GC(249)   Other: 0.06ms
[2026-09-03T12:39:08.446+0800][32.983s][info][gc,heap     ] GC(249) Eden regions: 101->0(90)
[2026-09-03T12:39:08.446+0800][32.983s][info][gc,heap     ] GC(249) Survivor regions: 14->15(15)
[2026-09-03T12:39:08.446+0800][32.983s][info][gc,heap     ] GC(249) Old regions: 98->112
[2026-09-03T12:39:08.446+0800][32.983s][info][gc,heap     ] GC(249) Humongous regions: 1->1
[2026-09-03T12:39:08.446+0800][32.983s][info][gc,metaspace] GC(249) Metaspace: 1059K(1216K)->1059K(1216K) NonClass: 994K(1088K)->994K(1088K) Class: 64K(128K)->64K(128K)
[2026-09-03T12:39:08.446+0800][32.983s][info][gc          ] GC(249) Pause Young (Mixed) (G1 Evacuation Pause) 213M->126M(256M) 2.222ms
[2026-09-03T12:39:08.446+0800][32.983s][info][gc,cpu      ] GC(249) User=0.01s Sys=0.01s Real=0.00s
[2026-09-03T12:39:08.446+0800][32.983s][info][safepoint   ] Safepoint "G1CollectForAllocation", Time since last: 305319500 ns, Reaching safepoint: 2000 ns, At safepoint: 2243834 ns, Leaving safepoint: 22708 ns, Total: 2268542 ns, Threads: 0 runnable, 42 total
[2026-09-03T12:39:08.720+0800][33.257s][info][gc,start    ] GC(250) Pause Young (Concurrent Start) (G1 Evacuation Pause)
[2026-09-03T12:39:08.720+0800][33.257s][info][gc,task     ] GC(250) Using 9 workers of 9 for evacuation
[2026-09-03T12:39:08.722+0800][33.259s][info][gc,phases   ] GC(250)   Pre Evacuate Collection Set: 0.07ms
[2026-09-03T12:39:08.722+0800][33.259s][info][gc,phases   ] GC(250)   Merge Heap Roots: 0.01ms
[2026-09-03T12:39:08.722+0800][33.259s][info][gc,phases   ] GC(250)   Evacuate Collection Set: 1.80ms
[2026-09-03T12:39:08.722+0800][33.259s][info][gc,phases   ] GC(250)   Post Evacuate Collection Set: 0.10ms
[2026-09-03T12:39:08.722+0800][33.259s][info][gc,phases   ] GC(250)   Other: 0.05ms
[2026-09-03T12:39:08.722+0800][33.259s][info][gc,heap     ] GC(250) Eden regions: 90->0(77)
[2026-09-03T12:39:08.722+0800][33.259s][info][gc,heap     ] GC(250) Survivor regions: 15->14(14)
[2026-09-03T12:39:08.722+0800][33.259s][info][gc,heap     ] GC(250) Old regions: 112->131
[2026-09-03T12:39:08.722+0800][33.259s][info][gc,heap     ] GC(250) Humongous regions: 1->1
[2026-09-03T12:39:08.722+0800][33.259s][info][gc,metaspace] GC(250) Metaspace: 1059K(1216K)->1059K(1216K) NonClass: 994K(1088K)->994K(1088K) Class: 64K(128K)->64K(128K)
[2026-09-03T12:39:08.723+0800][33.259s][info][gc          ] GC(250) Pause Young (Concurrent Start) (G1 Evacuation Pause) 216M->145M(256M) 2.142ms
[2026-09-03T12:39:08.723+0800][33.259s][info][gc,cpu      ] GC(250) User=0.02s Sys=0.00s Real=0.00s
[2026-09-03T12:39:08.723+0800][33.259s][info][gc          ] GC(251) Concurrent Mark Cycle
[2026-09-03T12:39:08.723+0800][33.259s][info][gc,marking  ] GC(251) Concurrent Scan Root Regions
[2026-09-03T12:39:08.723+0800][33.259s][info][safepoint   ] Safepoint "G1CollectForAllocation", Time since last: 273965125 ns, Reaching safepoint: 2000 ns, At safepoint: 2169250 ns, Leaving safepoint: 42792 ns, Total: 2214042 ns, Threads: 0 runnable, 42 total
[2026-09-03T12:39:08.724+0800][33.261s][info][gc,marking  ] GC(251) Concurrent Scan Root Regions 1.905ms
[2026-09-03T12:39:08.724+0800][33.261s][info][gc,marking  ] GC(251) Concurrent Mark
[2026-09-03T12:39:08.724+0800][33.261s][info][gc,marking  ] GC(251) Concurrent Mark From Roots
[2026-09-03T12:39:08.724+0800][33.261s][info][gc,task     ] GC(251) Concurrent Mark Using 2 of 2 Workers
[2026-09-03T12:39:08.728+0800][33.265s][info][gc,marking  ] GC(251) Concurrent Mark From Roots 3.646ms
[2026-09-03T12:39:08.728+0800][33.265s][info][gc,marking  ] GC(251) Concurrent Preclean
[2026-09-03T12:39:08.728+0800][33.265s][info][gc,marking  ] GC(251) Concurrent Preclean 0.007ms
[2026-09-03T12:39:08.728+0800][33.265s][info][gc,start    ] GC(251) Pause Remark
[2026-09-03T12:39:08.728+0800][33.265s][info][gc          ] GC(251) Pause Remark 148M->95M(256M) 0.333ms
[2026-09-03T12:39:08.728+0800][33.265s][info][gc,cpu      ] GC(251) User=0.00s Sys=0.01s Real=0.00s
[2026-09-03T12:39:08.729+0800][33.265s][info][safepoint   ] Safepoint "G1PauseRemark", Time since last: 5573541 ns, Reaching safepoint: 2000 ns, At safepoint: 357375 ns, Leaving safepoint: 14167 ns, Total: 373542 ns, Threads: 0 runnable, 42 total
[2026-09-03T12:39:08.729+0800][33.265s][info][gc,marking  ] GC(251) Concurrent Mark 4.107ms
[2026-09-03T12:39:08.729+0800][33.265s][info][gc,marking  ] GC(251) Concurrent Rebuild Remembered Sets and Scrub Regions
[2026-09-03T12:39:08.731+0800][33.268s][info][gc,marking  ] GC(251) Concurrent Rebuild Remembered Sets and Scrub Regions 2.761ms
[2026-09-03T12:39:08.731+0800][33.268s][info][gc,start    ] GC(251) Pause Cleanup
[2026-09-03T12:39:08.731+0800][33.268s][info][gc          ] GC(251) Pause Cleanup 96M->96M(256M) 0.030ms
[2026-09-03T12:39:08.731+0800][33.268s][info][gc,cpu      ] GC(251) User=0.00s Sys=0.00s Real=0.00s
[2026-09-03T12:39:08.731+0800][33.268s][info][safepoint   ] Safepoint "G1PauseCleanup", Time since last: 2832917 ns, Reaching safepoint: 1708 ns, At safepoint: 45750 ns, Leaving safepoint: 1250 ns, Total: 48708 ns, Threads: 0 runnable, 42 total
[2026-09-03T12:39:08.731+0800][33.268s][info][gc,marking  ] GC(251) Concurrent Clear Claimed Marks
[2026-09-03T12:39:08.731+0800][33.268s][info][gc,marking  ] GC(251) Concurrent Clear Claimed Marks 0.004ms
[2026-09-03T12:39:08.731+0800][33.268s][info][gc,marking  ] GC(251) Concurrent Cleanup for Next Mark
[2026-09-03T12:39:08.731+0800][33.268s][info][gc,marking  ] GC(251) Concurrent Cleanup for Next Mark 0.087ms
[2026-09-03T12:39:08.731+0800][33.268s][info][gc          ] GC(251) Concurrent Mark Cycle 8.988ms
[2026-09-03T12:39:08.956+0800][33.493s][info][gc,start    ] GC(252) Pause Young (Prepare Mixed) (G1 Evacuation Pause)
[2026-09-03T12:39:08.956+0800][33.493s][info][gc,task     ] GC(252) Using 9 workers of 9 for evacuation
[2026-09-03T12:39:08.958+0800][33.495s][info][gc,phases   ] GC(252)   Pre Evacuate Collection Set: 0.05ms
[2026-09-03T12:39:08.958+0800][33.495s][info][gc,phases   ] GC(252)   Merge Heap Roots: 0.05ms
[2026-09-03T12:39:08.958+0800][33.495s][info][gc,phases   ] GC(252)   Evacuate Collection Set: 1.86ms
[2026-09-03T12:39:08.958+0800][33.495s][info][gc,phases   ] GC(252)   Post Evacuate Collection Set: 0.09ms
[2026-09-03T12:39:08.958+0800][33.495s][info][gc,phases   ] GC(252)   Other: 0.06ms
[2026-09-03T12:39:08.958+0800][33.495s][info][gc,heap     ] GC(252) Eden regions: 77->0(103)
[2026-09-03T12:39:08.958+0800][33.495s][info][gc,heap     ] GC(252) Survivor regions: 14->12(12)
[2026-09-03T12:39:08.958+0800][33.495s][info][gc,heap     ] GC(252) Old regions: 78->97
[2026-09-03T12:39:08.958+0800][33.495s][info][gc,heap     ] GC(252) Humongous regions: 1->1
[2026-09-03T12:39:08.958+0800][33.495s][info][gc,metaspace] GC(252) Metaspace: 1059K(1216K)->1059K(1216K) NonClass: 994K(1088K)->994K(1088K) Class: 64K(128K)->64K(128K)
[2026-09-03T12:39:08.958+0800][33.495s][info][gc          ] GC(252) Pause Young (Prepare Mixed) (G1 Evacuation Pause) 169M->109M(256M) 2.236ms
[2026-09-03T12:39:08.958+0800][33.495s][info][gc,cpu      ] GC(252) User=0.02s Sys=0.00s Real=0.00s
[2026-09-03T12:39:08.958+0800][33.495s][info][safepoint   ] Safepoint "G1CollectForAllocation", Time since last: 224547333 ns, Reaching safepoint: 1917 ns, At safepoint: 2259500 ns, Leaving safepoint: 24083 ns, Total: 2285500 ns, Threads: 0 runnable, 42 total
[2026-09-03T12:39:09.270+0800][33.806s][info][gc,start    ] GC(253) Pause Young (Mixed) (G1 Evacuation Pause)
[2026-09-03T12:39:09.270+0800][33.806s][info][gc,task     ] GC(253) Using 9 workers of 9 for evacuation
[2026-09-03T12:39:09.272+0800][33.808s][info][gc,phases   ] GC(253)   Pre Evacuate Collection Set: 0.06ms
[2026-09-03T12:39:09.272+0800][33.809s][info][gc,phases   ] GC(253)   Merge Heap Roots: 0.04ms
[2026-09-03T12:39:09.272+0800][33.809s][info][gc,phases   ] GC(253)   Evacuate Collection Set: 1.99ms
[2026-09-03T12:39:09.272+0800][33.809s][info][gc,phases   ] GC(253)   Post Evacuate Collection Set: 0.10ms
[2026-09-03T12:39:09.272+0800][33.809s][info][gc,phases   ] GC(253)   Other: 0.05ms
[2026-09-03T12:39:09.272+0800][33.809s][info][gc,heap     ] GC(253) Eden regions: 103->0(102)
[2026-09-03T12:39:09.272+0800][33.809s][info][gc,heap     ] GC(253) Survivor regions: 12->15(15)
[2026-09-03T12:39:09.272+0800][33.809s][info][gc,heap     ] GC(253) Old regions: 97->96
[2026-09-03T12:39:09.272+0800][33.809s][info][gc,heap     ] GC(253) Humongous regions: 1->1
[2026-09-03T12:39:09.272+0800][33.809s][info][gc,metaspace] GC(253) Metaspace: 1059K(1216K)->1059K(1216K) NonClass: 994K(1088K)->994K(1088K) Class: 64K(128K)->64K(128K)
[2026-09-03T12:39:09.272+0800][33.809s][info][gc          ] GC(253) Pause Young (Mixed) (G1 Evacuation Pause) 212M->110M(256M) 2.350ms
[2026-09-03T12:39:09.272+0800][33.809s][info][gc,cpu      ] GC(253) User=0.02s Sys=0.00s Real=0.00s
[2026-09-03T12:39:09.272+0800][33.809s][info][safepoint   ] Safepoint "G1CollectForAllocation", Time since last: 311399417 ns, Reaching safepoint: 2125 ns, At safepoint: 2372667 ns, Leaving safepoint: 23000 ns, Total: 2397792 ns, Threads: 0 runnable, 42 total
[2026-09-03T12:39:09.583+0800][34.119s][info][gc,start    ] GC(254) Pause Young (Concurrent Start) (G1 Evacuation Pause)
[2026-09-03T12:39:09.583+0800][34.119s][info][gc,task     ] GC(254) Using 9 workers of 9 for evacuation
[2026-09-03T12:39:09.585+0800][34.122s][info][gc,phases   ] GC(254)   Pre Evacuate Collection Set: 0.07ms
[2026-09-03T12:39:09.585+0800][34.122s][info][gc,phases   ] GC(254)   Merge Heap Roots: 0.04ms
[2026-09-03T12:39:09.585+0800][34.122s][info][gc,phases   ] GC(254)   Evacuate Collection Set: 2.01ms
[2026-09-03T12:39:09.585+0800][34.122s][info][gc,phases   ] GC(254)   Post Evacuate Collection Set: 0.10ms
[2026-09-03T12:39:09.585+0800][34.122s][info][gc,phases   ] GC(254)   Other: 0.06ms
[2026-09-03T12:39:09.585+0800][34.122s][info][gc,heap     ] GC(254) Eden regions: 102->0(87)
[2026-09-03T12:39:09.585+0800][34.122s][info][gc,heap     ] GC(254) Survivor regions: 15->15(15)
[2026-09-03T12:39:09.585+0800][34.122s][info][gc,heap     ] GC(254) Old regions: 96->116
[2026-09-03T12:39:09.585+0800][34.122s][info][gc,heap     ] GC(254) Humongous regions: 1->1
[2026-09-03T12:39:09.585+0800][34.122s][info][gc,metaspace] GC(254) Metaspace: 1059K(1216K)->1059K(1216K) NonClass: 994K(1088K)->994K(1088K) Class: 64K(128K)->64K(128K)
[2026-09-03T12:39:09.585+0800][34.122s][info][gc          ] GC(254) Pause Young (Concurrent Start) (G1 Evacuation Pause) 212M->131M(256M) 2.394ms
[2026-09-03T12:39:09.585+0800][34.122s][info][gc,cpu      ] GC(254) User=0.02s Sys=0.00s Real=0.00s
[2026-09-03T12:39:09.585+0800][34.122s][info][gc          ] GC(255) Concurrent Mark Cycle
[2026-09-03T12:39:09.585+0800][34.122s][info][gc,marking  ] GC(255) Concurrent Scan Root Regions
[2026-09-03T12:39:09.585+0800][34.122s][info][safepoint   ] Safepoint "G1CollectForAllocation", Time since last: 310600833 ns, Reaching safepoint: 2875 ns, At safepoint: 2425750 ns, Leaving safepoint: 24125 ns, Total: 2452750 ns, Threads: 0 runnable, 42 total
[2026-09-03T12:39:09.587+0800][34.124s][info][gc,marking  ] GC(255) Concurrent Scan Root Regions 2.096ms
[2026-09-03T12:39:09.587+0800][34.124s][info][gc,marking  ] GC(255) Concurrent Mark
[2026-09-03T12:39:09.587+0800][34.124s][info][gc,marking  ] GC(255) Concurrent Mark From Roots
[2026-09-03T12:39:09.587+0800][34.124s][info][gc,task     ] GC(255) Concurrent Mark Using 2 of 2 Workers
[2026-09-03T12:39:09.590+0800][34.127s][info][gc,marking  ] GC(255) Concurrent Mark From Roots 3.208ms
[2026-09-03T12:39:09.590+0800][34.127s][info][gc,marking  ] GC(255) Concurrent Preclean
[2026-09-03T12:39:09.590+0800][34.127s][info][gc,marking  ] GC(255) Concurrent Preclean 0.008ms
[2026-09-03T12:39:09.590+0800][34.127s][info][gc,start    ] GC(255) Pause Remark
[2026-09-03T12:39:09.591+0800][34.127s][info][gc          ] GC(255) Pause Remark 135M->106M(256M) 0.324ms
[2026-09-03T12:39:09.591+0800][34.127s][info][gc,cpu      ] GC(255) User=0.00s Sys=0.00s Real=0.00s
[2026-09-03T12:39:09.591+0800][34.127s][info][safepoint   ] Safepoint "G1PauseRemark", Time since last: 5348083 ns, Reaching safepoint: 20250 ns, At safepoint: 348334 ns, Leaving safepoint: 15791 ns, Total: 384375 ns, Threads: 1 runnable, 42 total
[2026-09-03T12:39:09.591+0800][34.127s][info][gc,marking  ] GC(255) Concurrent Mark 3.662ms
[2026-09-03T12:39:09.591+0800][34.127s][info][gc,marking  ] GC(255) Concurrent Rebuild Remembered Sets and Scrub Regions
[2026-09-03T12:39:09.594+0800][34.131s][info][gc,marking  ] GC(255) Concurrent Rebuild Remembered Sets and Scrub Regions 3.550ms
[2026-09-03T12:39:09.594+0800][34.131s][info][gc,start    ] GC(255) Pause Cleanup
[2026-09-03T12:39:09.594+0800][34.131s][info][gc          ] GC(255) Pause Cleanup 106M->106M(256M) 0.036ms
[2026-09-03T12:39:09.594+0800][34.131s][info][gc,cpu      ] GC(255) User=0.00s Sys=0.00s Real=0.00s
[2026-09-03T12:39:09.594+0800][34.131s][info][safepoint   ] Safepoint "G1PauseCleanup", Time since last: 3618125 ns, Reaching safepoint: 2209 ns, At safepoint: 52500 ns, Leaving safepoint: 3166 ns, Total: 57875 ns, Threads: 0 runnable, 42 total
[2026-09-03T12:39:09.594+0800][34.131s][info][gc,marking  ] GC(255) Concurrent Clear Claimed Marks
[2026-09-03T12:39:09.594+0800][34.131s][info][gc,marking  ] GC(255) Concurrent Clear Claimed Marks 0.004ms
[2026-09-03T12:39:09.594+0800][34.131s][info][gc,marking  ] GC(255) Concurrent Cleanup for Next Mark
[2026-09-03T12:39:09.595+0800][34.131s][info][gc,marking  ] GC(255) Concurrent Cleanup for Next Mark 0.089ms
[2026-09-03T12:39:09.595+0800][34.131s][info][gc          ] GC(255) Concurrent Mark Cycle 9.560ms
[2026-09-03T12:39:09.847+0800][34.384s][info][gc,start    ] GC(256) Pause Young (Prepare Mixed) (G1 Evacuation Pause)
[2026-09-03T12:39:09.847+0800][34.384s][info][gc,task     ] GC(256) Using 9 workers of 9 for evacuation
[2026-09-03T12:39:09.849+0800][34.386s][info][gc,phases   ] GC(256)   Pre Evacuate Collection Set: 0.04ms
[2026-09-03T12:39:09.849+0800][34.386s][info][gc,phases   ] GC(256)   Merge Heap Roots: 0.02ms
[2026-09-03T12:39:09.849+0800][34.386s][info][gc,phases   ] GC(256)   Evacuate Collection Set: 1.77ms
[2026-09-03T12:39:09.849+0800][34.386s][info][gc,phases   ] GC(256)   Post Evacuate Collection Set: 0.11ms
[2026-09-03T12:39:09.849+0800][34.386s][info][gc,phases   ] GC(256)   Other: 0.06ms
[2026-09-03T12:39:09.849+0800][34.386s][info][gc,heap     ] GC(256) Eden regions: 87->0(95)
[2026-09-03T12:39:09.849+0800][34.386s][info][gc,heap     ] GC(256) Survivor regions: 15->13(13)
[2026-09-03T12:39:09.849+0800][34.386s][info][gc,heap     ] GC(256) Old regions: 87->107
[2026-09-03T12:39:09.849+0800][34.386s][info][gc,heap     ] GC(256) Humongous regions: 1->1
[2026-09-03T12:39:09.849+0800][34.386s][info][gc,metaspace] GC(256) Metaspace: 1059K(1216K)->1059K(1216K) NonClass: 994K(1088K)->994K(1088K) Class: 64K(128K)->64K(128K)
[2026-09-03T12:39:09.849+0800][34.386s][info][gc          ] GC(256) Pause Young (Prepare Mixed) (G1 Evacuation Pause) 189M->120M(256M) 2.120ms
[2026-09-03T12:39:09.849+0800][34.386s][info][gc,cpu      ] GC(256) User=0.01s Sys=0.00s Real=0.00s
[2026-09-03T12:39:09.849+0800][34.386s][info][safepoint   ] Safepoint "G1CollectForAllocation", Time since last: 252697959 ns, Reaching safepoint: 2416 ns, At safepoint: 2142959 ns, Leaving safepoint: 41250 ns, Total: 2186625 ns, Threads: 0 runnable, 42 total
[2026-09-03T12:39:10.137+0800][34.673s][info][gc,start    ] GC(257) Pause Young (Mixed) (G1 Evacuation Pause)
[2026-09-03T12:39:10.137+0800][34.673s][info][gc,task     ] GC(257) Using 9 workers of 9 for evacuation
[2026-09-03T12:39:10.139+0800][34.675s][info][gc,phases   ] GC(257)   Pre Evacuate Collection Set: 0.06ms
[2026-09-03T12:39:10.139+0800][34.675s][info][gc,phases   ] GC(257)   Merge Heap Roots: 0.03ms
[2026-09-03T12:39:10.139+0800][34.675s][info][gc,phases   ] GC(257)   Evacuate Collection Set: 1.89ms
[2026-09-03T12:39:10.139+0800][34.675s][info][gc,phases   ] GC(257)   Post Evacuate Collection Set: 0.12ms
[2026-09-03T12:39:10.139+0800][34.675s][info][gc,phases   ] GC(257)   Other: 0.05ms
[2026-09-03T12:39:10.139+0800][34.675s][info][gc,heap     ] GC(257) Eden regions: 95->0(101)
[2026-09-03T12:39:10.139+0800][34.675s][info][gc,heap     ] GC(257) Survivor regions: 13->14(14)
[2026-09-03T12:39:10.139+0800][34.675s][info][gc,heap     ] GC(257) Old regions: 107->98
[2026-09-03T12:39:10.139+0800][34.675s][info][gc,heap     ] GC(257) Humongous regions: 1->1
[2026-09-03T12:39:10.139+0800][34.675s][info][gc,metaspace] GC(257) Metaspace: 1059K(1216K)->1059K(1216K) NonClass: 994K(1088K)->994K(1088K) Class: 64K(128K)->64K(128K)
[2026-09-03T12:39:10.139+0800][34.675s][info][gc          ] GC(257) Pause Young (Mixed) (G1 Evacuation Pause) 215M->112M(256M) 2.260ms
[2026-09-03T12:39:10.139+0800][34.675s][info][gc,cpu      ] GC(257) User=0.02s Sys=0.00s Real=0.00s
[2026-09-03T12:39:10.139+0800][34.675s][info][safepoint   ] Safepoint "G1CollectForAllocation", Time since last: 287133041 ns, Reaching safepoint: 2084 ns, At safepoint: 2280000 ns, Leaving safepoint: 21458 ns, Total: 2303542 ns, Threads: 0 runnable, 42 total
[2026-09-03T12:39:10.442+0800][34.979s][info][gc,start    ] GC(258) Pause Young (Mixed) (G1 Evacuation Pause)
[2026-09-03T12:39:10.442+0800][34.979s][info][gc,task     ] GC(258) Using 9 workers of 9 for evacuation
[2026-09-03T12:39:10.444+0800][34.981s][info][gc,phases   ] GC(258)   Pre Evacuate Collection Set: 0.05ms
[2026-09-03T12:39:10.444+0800][34.981s][info][gc,phases   ] GC(258)   Merge Heap Roots: 0.03ms
[2026-09-03T12:39:10.444+0800][34.981s][info][gc,phases   ] GC(258)   Evacuate Collection Set: 1.83ms
[2026-09-03T12:39:10.444+0800][34.981s][info][gc,phases   ] GC(258)   Post Evacuate Collection Set: 0.11ms
[2026-09-03T12:39:10.444+0800][34.981s][info][gc,phases   ] GC(258)   Other: 0.09ms
[2026-09-03T12:39:10.444+0800][34.981s][info][gc,heap     ] GC(258) Eden regions: 101->0(88)
[2026-09-03T12:39:10.444+0800][34.981s][info][gc,heap     ] GC(258) Survivor regions: 14->15(15)
[2026-09-03T12:39:10.444+0800][34.981s][info][gc,heap     ] GC(258) Old regions: 98->115
[2026-09-03T12:39:10.444+0800][34.981s][info][gc,heap     ] GC(258) Humongous regions: 1->1
[2026-09-03T12:39:10.444+0800][34.981s][info][gc,metaspace] GC(258) Metaspace: 1059K(1216K)->1059K(1216K) NonClass: 994K(1088K)->994K(1088K) Class: 64K(128K)->64K(128K)
[2026-09-03T12:39:10.444+0800][34.981s][info][gc          ] GC(258) Pause Young (Mixed) (G1 Evacuation Pause) 213M->130M(256M) 2.211ms
[2026-09-03T12:39:10.444+0800][34.981s][info][gc,cpu      ] GC(258) User=0.02s Sys=0.00s Real=0.00s
[2026-09-03T12:39:10.444+0800][34.981s][info][safepoint   ] Safepoint "G1CollectForAllocation", Time since last: 303190292 ns, Reaching safepoint: 20000 ns, At safepoint: 2234500 ns, Leaving safepoint: 26750 ns, Total: 2281250 ns, Threads: 1 runnable, 42 total
[2026-09-03T12:39:10.712+0800][35.249s][info][gc,start    ] GC(259) Pause Young (Concurrent Start) (G1 Evacuation Pause)
[2026-09-03T12:39:10.713+0800][35.249s][info][gc,task     ] GC(259) Using 9 workers of 9 for evacuation
[2026-09-03T12:39:10.715+0800][35.251s][info][gc,phases   ] GC(259)   Pre Evacuate Collection Set: 0.08ms
[2026-09-03T12:39:10.715+0800][35.251s][info][gc,phases   ] GC(259)   Merge Heap Roots: 0.03ms
[2026-09-03T12:39:10.715+0800][35.251s][info][gc,phases   ] GC(259)   Evacuate Collection Set: 1.85ms
[2026-09-03T12:39:10.715+0800][35.251s][info][gc,phases   ] GC(259)   Post Evacuate Collection Set: 0.10ms
[2026-09-03T12:39:10.715+0800][35.251s][info][gc,phases   ] GC(259)   Other: 0.07ms
[2026-09-03T12:39:10.715+0800][35.251s][info][gc,heap     ] GC(259) Eden regions: 88->0(75)
[2026-09-03T12:39:10.715+0800][35.251s][info][gc,heap     ] GC(259) Survivor regions: 15->13(13)
[2026-09-03T12:39:10.715+0800][35.251s][info][gc,heap     ] GC(259) Old regions: 115->135
[2026-09-03T12:39:10.715+0800][35.251s][info][gc,heap     ] GC(259) Humongous regions: 1->1
[2026-09-03T12:39:10.715+0800][35.251s][info][gc,metaspace] GC(259) Metaspace: 1059K(1216K)->1059K(1216K) NonClass: 994K(1088K)->994K(1088K) Class: 64K(128K)->64K(128K)
[2026-09-03T12:39:10.715+0800][35.251s][info][gc          ] GC(259) Pause Young (Concurrent Start) (G1 Evacuation Pause) 218M->148M(256M) 2.236ms
[2026-09-03T12:39:10.715+0800][35.251s][info][gc,cpu      ] GC(259) User=0.02s Sys=0.00s Real=0.00s
[2026-09-03T12:39:10.715+0800][35.251s][info][gc          ] GC(260) Concurrent Mark Cycle
[2026-09-03T12:39:10.715+0800][35.251s][info][gc,marking  ] GC(260) Concurrent Scan Root Regions
[2026-09-03T12:39:10.715+0800][35.251s][info][safepoint   ] Safepoint "G1CollectForAllocation", Time since last: 268178208 ns, Reaching safepoint: 2750 ns, At safepoint: 2264875 ns, Leaving safepoint: 41833 ns, Total: 2309458 ns, Threads: 0 runnable, 42 total
[2026-09-03T12:39:10.717+0800][35.253s][info][gc,marking  ] GC(260) Concurrent Scan Root Regions 2.083ms
[2026-09-03T12:39:10.717+0800][35.253s][info][gc,marking  ] GC(260) Concurrent Mark
[2026-09-03T12:39:10.717+0800][35.253s][info][gc,marking  ] GC(260) Concurrent Mark From Roots
[2026-09-03T12:39:10.717+0800][35.253s][info][gc,task     ] GC(260) Concurrent Mark Using 2 of 2 Workers
[2026-09-03T12:39:10.721+0800][35.257s][info][gc,marking  ] GC(260) Concurrent Mark From Roots 3.847ms
[2026-09-03T12:39:10.721+0800][35.257s][info][gc,marking  ] GC(260) Concurrent Preclean
[2026-09-03T12:39:10.721+0800][35.257s][info][gc,marking  ] GC(260) Concurrent Preclean 0.008ms
[2026-09-03T12:39:10.721+0800][35.257s][info][gc,start    ] GC(260) Pause Remark
[2026-09-03T12:39:10.721+0800][35.258s][info][gc          ] GC(260) Pause Remark 151M->109M(256M) 0.356ms
[2026-09-03T12:39:10.721+0800][35.258s][info][gc,cpu      ] GC(260) User=0.00s Sys=0.00s Real=0.00s
[2026-09-03T12:39:10.721+0800][35.258s][info][safepoint   ] Safepoint "G1PauseRemark", Time since last: 5969084 ns, Reaching safepoint: 2291 ns, At safepoint: 382125 ns, Leaving safepoint: 14959 ns, Total: 399375 ns, Threads: 0 runnable, 42 total
[2026-09-03T12:39:10.721+0800][35.258s][info][gc,marking  ] GC(260) Concurrent Mark 4.344ms
[2026-09-03T12:39:10.721+0800][35.258s][info][gc,marking  ] GC(260) Concurrent Rebuild Remembered Sets and Scrub Regions
[2026-09-03T12:39:10.724+0800][35.261s][info][gc,marking  ] GC(260) Concurrent Rebuild Remembered Sets and Scrub Regions 3.102ms
[2026-09-03T12:39:10.724+0800][35.261s][info][gc,start    ] GC(260) Pause Cleanup
[2026-09-03T12:39:10.724+0800][35.261s][info][gc          ] GC(260) Pause Cleanup 111M->111M(256M) 0.041ms
[2026-09-03T12:39:10.724+0800][35.261s][info][gc,cpu      ] GC(260) User=0.00s Sys=0.00s Real=0.00s
[2026-09-03T12:39:10.724+0800][35.261s][info][safepoint   ] Safepoint "G1PauseCleanup", Time since last: 3212125 ns, Reaching safepoint: 2291 ns, At safepoint: 60250 ns, Leaving safepoint: 3084 ns, Total: 65625 ns, Threads: 0 runnable, 42 total
[2026-09-03T12:39:10.724+0800][35.261s][info][gc,marking  ] GC(260) Concurrent Clear Claimed Marks
[2026-09-03T12:39:10.724+0800][35.261s][info][gc,marking  ] GC(260) Concurrent Clear Claimed Marks 0.013ms
[2026-09-03T12:39:10.724+0800][35.261s][info][gc,marking  ] GC(260) Concurrent Cleanup for Next Mark
[2026-09-03T12:39:10.725+0800][35.261s][info][gc,marking  ] GC(260) Concurrent Cleanup for Next Mark 0.100ms
[2026-09-03T12:39:10.725+0800][35.261s][info][gc          ] GC(260) Concurrent Mark Cycle 9.862ms
[2026-09-03T12:39:10.941+0800][35.477s][info][gc,start    ] GC(261) Pause Young (Prepare Mixed) (G1 Evacuation Pause)
[2026-09-03T12:39:10.941+0800][35.477s][info][gc,task     ] GC(261) Using 9 workers of 9 for evacuation
[2026-09-03T12:39:10.944+0800][35.480s][info][gc,phases   ] GC(261)   Pre Evacuate Collection Set: 0.07ms
[2026-09-03T12:39:10.944+0800][35.480s][info][gc,phases   ] GC(261)   Merge Heap Roots: 0.04ms
[2026-09-03T12:39:10.944+0800][35.480s][info][gc,phases   ] GC(261)   Evacuate Collection Set: 2.54ms
[2026-09-03T12:39:10.944+0800][35.480s][info][gc,phases   ] GC(261)   Post Evacuate Collection Set: 0.08ms
[2026-09-03T12:39:10.944+0800][35.480s][info][gc,phases   ] GC(261)   Other: 0.06ms
[2026-09-03T12:39:10.944+0800][35.480s][info][gc,heap     ] GC(261) Eden regions: 75->0(94)
[2026-09-03T12:39:10.944+0800][35.480s][info][gc,heap     ] GC(261) Survivor regions: 13->11(11)
[2026-09-03T12:39:10.944+0800][35.480s][info][gc,heap     ] GC(261) Old regions: 93->111
[2026-09-03T12:39:10.944+0800][35.480s][info][gc,heap     ] GC(261) Humongous regions: 1->1
[2026-09-03T12:39:10.944+0800][35.480s][info][gc,metaspace] GC(261) Metaspace: 1059K(1216K)->1059K(1216K) NonClass: 994K(1088K)->994K(1088K) Class: 64K(128K)->64K(128K)
[2026-09-03T12:39:10.944+0800][35.480s][info][gc          ] GC(261) Pause Young (Prepare Mixed) (G1 Evacuation Pause) 181M->122M(256M) 2.936ms
[2026-09-03T12:39:10.944+0800][35.480s][info][gc,cpu      ] GC(261) User=0.02s Sys=0.00s Real=0.00s
[2026-09-03T12:39:10.944+0800][35.480s][info][safepoint   ] Safepoint "G1CollectForAllocation", Time since last: 216427958 ns, Reaching safepoint: 4833 ns, At safepoint: 2971334 ns, Leaving safepoint: 19833 ns, Total: 2996000 ns, Threads: 0 runnable, 42 total
[2026-09-03T12:39:11.227+0800][35.764s][info][gc,start    ] GC(262) Pause Young (Mixed) (G1 Evacuation Pause)
[2026-09-03T12:39:11.227+0800][35.764s][info][gc,task     ] GC(262) Using 9 workers of 9 for evacuation
[2026-09-03T12:39:11.230+0800][35.766s][info][gc,phases   ] GC(262)   Pre Evacuate Collection Set: 0.06ms
[2026-09-03T12:39:11.230+0800][35.766s][info][gc,phases   ] GC(262)   Merge Heap Roots: 0.04ms
[2026-09-03T12:39:11.230+0800][35.766s][info][gc,phases   ] GC(262)   Evacuate Collection Set: 1.99ms
[2026-09-03T12:39:11.230+0800][35.766s][info][gc,phases   ] GC(262)   Post Evacuate Collection Set: 0.11ms
[2026-09-03T12:39:11.230+0800][35.766s][info][gc,phases   ] GC(262)   Other: 0.07ms
[2026-09-03T12:39:11.230+0800][35.766s][info][gc,heap     ] GC(262) Eden regions: 94->0(101)
[2026-09-03T12:39:11.230+0800][35.766s][info][gc,heap     ] GC(262) Survivor regions: 11->14(14)
[2026-09-03T12:39:11.230+0800][35.766s][info][gc,heap     ] GC(262) Old regions: 111->97
[2026-09-03T12:39:11.230+0800][35.766s][info][gc,heap     ] GC(262) Humongous regions: 1->1
[2026-09-03T12:39:11.230+0800][35.766s][info][gc,metaspace] GC(262) Metaspace: 1059K(1216K)->1059K(1216K) NonClass: 994K(1088K)->994K(1088K) Class: 64K(128K)->64K(128K)
[2026-09-03T12:39:11.230+0800][35.766s][info][gc          ] GC(262) Pause Young (Mixed) (G1 Evacuation Pause) 216M->111M(256M) 2.395ms
[2026-09-03T12:39:11.230+0800][35.766s][info][gc,cpu      ] GC(262) User=0.01s Sys=0.00s Real=0.01s
[2026-09-03T12:39:11.230+0800][35.766s][info][safepoint   ] Safepoint "G1CollectForAllocation", Time since last: 283363417 ns, Reaching safepoint: 3583 ns, At safepoint: 2423542 ns, Leaving safepoint: 24041 ns, Total: 2451166 ns, Threads: 0 runnable, 42 total
[2026-09-03T12:39:11.536+0800][36.073s][info][gc,start    ] GC(263) Pause Young (Mixed) (G1 Evacuation Pause)
[2026-09-03T12:39:11.536+0800][36.073s][info][gc,task     ] GC(263) Using 9 workers of 9 for evacuation
[2026-09-03T12:39:11.538+0800][36.075s][info][gc,phases   ] GC(263)   Pre Evacuate Collection Set: 0.05ms
[2026-09-03T12:39:11.538+0800][36.075s][info][gc,phases   ] GC(263)   Merge Heap Roots: 0.02ms
[2026-09-03T12:39:11.538+0800][36.075s][info][gc,phases   ] GC(263)   Evacuate Collection Set: 1.86ms
[2026-09-03T12:39:11.538+0800][36.075s][info][gc,phases   ] GC(263)   Post Evacuate Collection Set: 0.08ms
[2026-09-03T12:39:11.538+0800][36.075s][info][gc,phases   ] GC(263)   Other: 0.06ms
[2026-09-03T12:39:11.538+0800][36.075s][info][gc,heap     ] GC(263) Eden regions: 101->0(90)
[2026-09-03T12:39:11.538+0800][36.075s][info][gc,heap     ] GC(263) Survivor regions: 14->15(15)
[2026-09-03T12:39:11.538+0800][36.075s][info][gc,heap     ] GC(263) Old regions: 97->112
[2026-09-03T12:39:11.538+0800][36.075s][info][gc,heap     ] GC(263) Humongous regions: 1->1
[2026-09-03T12:39:11.538+0800][36.075s][info][gc,metaspace] GC(263) Metaspace: 1059K(1216K)->1059K(1216K) NonClass: 994K(1088K)->994K(1088K) Class: 64K(128K)->64K(128K)
[2026-09-03T12:39:11.538+0800][36.075s][info][gc          ] GC(263) Pause Young (Mixed) (G1 Evacuation Pause) 212M->126M(256M) 2.180ms
[2026-09-03T12:39:11.538+0800][36.075s][info][gc,cpu      ] GC(263) User=0.01s Sys=0.01s Real=0.00s
[2026-09-03T12:39:11.538+0800][36.075s][info][safepoint   ] Safepoint "G1CollectForAllocation", Time since last: 306353375 ns, Reaching safepoint: 2500 ns, At safepoint: 2204834 ns, Leaving safepoint: 22875 ns, Total: 2230209 ns, Threads: 0 runnable, 42 total
[2026-09-03T12:39:11.813+0800][36.349s][info][gc,start    ] GC(264) Pause Young (Concurrent Start) (G1 Evacuation Pause)
[2026-09-03T12:39:11.813+0800][36.349s][info][gc,task     ] GC(264) Using 9 workers of 9 for evacuation
[2026-09-03T12:39:11.815+0800][36.351s][info][gc,phases   ] GC(264)   Pre Evacuate Collection Set: 0.08ms
[2026-09-03T12:39:11.815+0800][36.351s][info][gc,phases   ] GC(264)   Merge Heap Roots: 0.03ms
[2026-09-03T12:39:11.815+0800][36.351s][info][gc,phases   ] GC(264)   Evacuate Collection Set: 1.83ms
[2026-09-03T12:39:11.815+0800][36.351s][info][gc,phases   ] GC(264)   Post Evacuate Collection Set: 0.10ms
[2026-09-03T12:39:11.815+0800][36.351s][info][gc,phases   ] GC(264)   Other: 0.06ms
[2026-09-03T12:39:11.815+0800][36.351s][info][gc,heap     ] GC(264) Eden regions: 90->0(77)
[2026-09-03T12:39:11.815+0800][36.351s][info][gc,heap     ] GC(264) Survivor regions: 15->14(14)
[2026-09-03T12:39:11.815+0800][36.351s][info][gc,heap     ] GC(264) Old regions: 112->131
[2026-09-03T12:39:11.815+0800][36.351s][info][gc,heap     ] GC(264) Humongous regions: 1->1
[2026-09-03T12:39:11.815+0800][36.351s][info][gc,metaspace] GC(264) Metaspace: 1059K(1216K)->1059K(1216K) NonClass: 994K(1088K)->994K(1088K) Class: 64K(128K)->64K(128K)
[2026-09-03T12:39:11.815+0800][36.351s][info][gc          ] GC(264) Pause Young (Concurrent Start) (G1 Evacuation Pause) 216M->145M(256M) 2.211ms
[2026-09-03T12:39:11.815+0800][36.351s][info][gc,cpu      ] GC(264) User=0.01s Sys=0.01s Real=0.00s
[2026-09-03T12:39:11.815+0800][36.351s][info][gc          ] GC(265) Concurrent Mark Cycle
[2026-09-03T12:39:11.815+0800][36.351s][info][gc,marking  ] GC(265) Concurrent Scan Root Regions
[2026-09-03T12:39:11.815+0800][36.351s][info][safepoint   ] Safepoint "G1CollectForAllocation", Time since last: 274275458 ns, Reaching safepoint: 2708 ns, At safepoint: 2239709 ns, Leaving safepoint: 68916 ns, Total: 2311333 ns, Threads: 0 runnable, 42 total
[2026-09-03T12:39:11.817+0800][36.354s][info][gc,marking  ] GC(265) Concurrent Scan Root Regions 2.539ms
[2026-09-03T12:39:11.817+0800][36.354s][info][gc,marking  ] GC(265) Concurrent Mark
[2026-09-03T12:39:11.817+0800][36.354s][info][gc,marking  ] GC(265) Concurrent Mark From Roots
[2026-09-03T12:39:11.817+0800][36.354s][info][gc,task     ] GC(265) Concurrent Mark Using 2 of 2 Workers
[2026-09-03T12:39:11.821+0800][36.357s][info][gc,marking  ] GC(265) Concurrent Mark From Roots 3.541ms
[2026-09-03T12:39:11.821+0800][36.357s][info][gc,marking  ] GC(265) Concurrent Preclean
[2026-09-03T12:39:11.821+0800][36.357s][info][gc,marking  ] GC(265) Concurrent Preclean 0.008ms
[2026-09-03T12:39:11.821+0800][36.357s][info][gc,start    ] GC(265) Pause Remark
[2026-09-03T12:39:11.821+0800][36.358s][info][gc          ] GC(265) Pause Remark 148M->94M(256M) 0.304ms
[2026-09-03T12:39:11.821+0800][36.358s][info][gc,cpu      ] GC(265) User=0.00s Sys=0.00s Real=0.00s
[2026-09-03T12:39:11.821+0800][36.358s][info][safepoint   ] Safepoint "G1PauseRemark", Time since last: 6097792 ns, Reaching safepoint: 2375 ns, At safepoint: 326333 ns, Leaving safepoint: 23542 ns, Total: 352250 ns, Threads: 0 runnable, 42 total
[2026-09-03T12:39:11.821+0800][36.358s][info][gc,marking  ] GC(265) Concurrent Mark 3.998ms
[2026-09-03T12:39:11.821+0800][36.358s][info][gc,marking  ] GC(265) Concurrent Rebuild Remembered Sets and Scrub Regions
[2026-09-03T12:39:11.826+0800][36.362s][info][gc,marking  ] GC(265) Concurrent Rebuild Remembered Sets and Scrub Regions 4.361ms
[2026-09-03T12:39:11.826+0800][36.362s][info][gc,start    ] GC(265) Pause Cleanup
[2026-09-03T12:39:11.826+0800][36.362s][info][gc          ] GC(265) Pause Cleanup 96M->96M(256M) 0.035ms
[2026-09-03T12:39:11.826+0800][36.362s][info][gc,cpu      ] GC(265) User=0.00s Sys=0.00s Real=0.00s
[2026-09-03T12:39:11.826+0800][36.362s][info][safepoint   ] Safepoint "G1PauseCleanup", Time since last: 4483292 ns, Reaching safepoint: 2125 ns, At safepoint: 52375 ns, Leaving safepoint: 1291 ns, Total: 55791 ns, Threads: 0 runnable, 42 total
[2026-09-03T12:39:11.826+0800][36.362s][info][gc,marking  ] GC(265) Concurrent Clear Claimed Marks
[2026-09-03T12:39:11.826+0800][36.362s][info][gc,marking  ] GC(265) Concurrent Clear Claimed Marks 0.009ms
[2026-09-03T12:39:11.826+0800][36.362s][info][gc,marking  ] GC(265) Concurrent Cleanup for Next Mark
[2026-09-03T12:39:11.826+0800][36.362s][info][gc,marking  ] GC(265) Concurrent Cleanup for Next Mark 0.089ms
[2026-09-03T12:39:11.826+0800][36.362s][info][gc          ] GC(265) Concurrent Mark Cycle 11.185ms
[2026-09-03T12:39:12.047+0800][36.584s][info][gc,start    ] GC(266) Pause Young (Prepare Mixed) (G1 Evacuation Pause)
[2026-09-03T12:39:12.047+0800][36.584s][info][gc,task     ] GC(266) Using 9 workers of 9 for evacuation
[2026-09-03T12:39:12.049+0800][36.586s][info][gc,phases   ] GC(266)   Pre Evacuate Collection Set: 0.07ms
[2026-09-03T12:39:12.049+0800][36.586s][info][gc,phases   ] GC(266)   Merge Heap Roots: 0.03ms
[2026-09-03T12:39:12.049+0800][36.586s][info][gc,phases   ] GC(266)   Evacuate Collection Set: 1.65ms
[2026-09-03T12:39:12.049+0800][36.586s][info][gc,phases   ] GC(266)   Post Evacuate Collection Set: 0.10ms
[2026-09-03T12:39:12.049+0800][36.586s][info][gc,phases   ] GC(266)   Other: 0.06ms
[2026-09-03T12:39:12.049+0800][36.586s][info][gc,heap     ] GC(266) Eden regions: 77->0(104)
[2026-09-03T12:39:12.049+0800][36.586s][info][gc,heap     ] GC(266) Survivor regions: 14->12(12)
[2026-09-03T12:39:12.049+0800][36.586s][info][gc,heap     ] GC(266) Old regions: 77->95
[2026-09-03T12:39:12.049+0800][36.586s][info][gc,heap     ] GC(266) Humongous regions: 1->1
[2026-09-03T12:39:12.049+0800][36.586s][info][gc,metaspace] GC(266) Metaspace: 1059K(1216K)->1059K(1216K) NonClass: 994K(1088K)->994K(1088K) Class: 64K(128K)->64K(128K)
[2026-09-03T12:39:12.049+0800][36.586s][info][gc          ] GC(266) Pause Young (Prepare Mixed) (G1 Evacuation Pause) 168M->107M(256M) 2.030ms
[2026-09-03T12:39:12.049+0800][36.586s][info][gc,cpu      ] GC(266) User=0.01s Sys=0.00s Real=0.00s
[2026-09-03T12:39:12.050+0800][36.586s][info][safepoint   ] Safepoint "G1CollectForAllocation", Time since last: 221579959 ns, Reaching safepoint: 2625 ns, At safepoint: 2057208 ns, Leaving safepoint: 43042 ns, Total: 2102875 ns, Threads: 0 runnable, 42 total
[2026-09-03T12:39:12.364+0800][36.900s][info][gc,start    ] GC(267) Pause Young (Mixed) (G1 Evacuation Pause)
[2026-09-03T12:39:12.364+0800][36.900s][info][gc,task     ] GC(267) Using 9 workers of 9 for evacuation
[2026-09-03T12:39:12.366+0800][36.902s][info][gc,phases   ] GC(267)   Pre Evacuate Collection Set: 0.06ms
[2026-09-03T12:39:12.366+0800][36.903s][info][gc,phases   ] GC(267)   Merge Heap Roots: 0.04ms
[2026-09-03T12:39:12.366+0800][36.903s][info][gc,phases   ] GC(267)   Evacuate Collection Set: 2.06ms
[2026-09-03T12:39:12.366+0800][36.903s][info][gc,phases   ] GC(267)   Post Evacuate Collection Set: 0.09ms
[2026-09-03T12:39:12.366+0800][36.903s][info][gc,phases   ] GC(267)   Other: 0.06ms
[2026-09-03T12:39:12.366+0800][36.903s][info][gc,heap     ] GC(267) Eden regions: 104->0(103)
[2026-09-03T12:39:12.366+0800][36.903s][info][gc,heap     ] GC(267) Survivor regions: 12->15(15)
[2026-09-03T12:39:12.366+0800][36.903s][info][gc,heap     ] GC(267) Old regions: 95->94
[2026-09-03T12:39:12.366+0800][36.903s][info][gc,heap     ] GC(267) Humongous regions: 1->1
[2026-09-03T12:39:12.366+0800][36.903s][info][gc,metaspace] GC(267) Metaspace: 1059K(1216K)->1059K(1216K) NonClass: 994K(1088K)->994K(1088K) Class: 64K(128K)->64K(128K)
[2026-09-03T12:39:12.366+0800][36.903s][info][gc          ] GC(267) Pause Young (Mixed) (G1 Evacuation Pause) 211M->108M(256M) 2.435ms
[2026-09-03T12:39:12.366+0800][36.903s][info][gc,cpu      ] GC(267) User=0.02s Sys=0.00s Real=0.00s
[2026-09-03T12:39:12.366+0800][36.903s][info][safepoint   ] Safepoint "G1CollectForAllocation", Time since last: 314066958 ns, Reaching safepoint: 2500 ns, At safepoint: 2463083 ns, Leaving safepoint: 27750 ns, Total: 2493333 ns, Threads: 0 runnable, 42 total
[2026-09-03T12:39:12.675+0800][37.212s][info][gc,start    ] GC(268) Pause Young (Concurrent Start) (G1 Evacuation Pause)
[2026-09-03T12:39:12.675+0800][37.212s][info][gc,task     ] GC(268) Using 9 workers of 9 for evacuation
[2026-09-03T12:39:12.677+0800][37.214s][info][gc,phases   ] GC(268)   Pre Evacuate Collection Set: 0.09ms
[2026-09-03T12:39:12.678+0800][37.214s][info][gc,phases   ] GC(268)   Merge Heap Roots: 0.01ms
[2026-09-03T12:39:12.678+0800][37.214s][info][gc,phases   ] GC(268)   Evacuate Collection Set: 1.90ms
[2026-09-03T12:39:12.678+0800][37.214s][info][gc,phases   ] GC(268)   Post Evacuate Collection Set: 0.09ms
[2026-09-03T12:39:12.678+0800][37.214s][info][gc,phases   ] GC(268)   Other: 0.07ms
[2026-09-03T12:39:12.678+0800][37.214s][info][gc,heap     ] GC(268) Eden regions: 103->0(88)
[2026-09-03T12:39:12.678+0800][37.214s][info][gc,heap     ] GC(268) Survivor regions: 15->15(15)
[2026-09-03T12:39:12.678+0800][37.214s][info][gc,heap     ] GC(268) Old regions: 94->115
[2026-09-03T12:39:12.678+0800][37.214s][info][gc,heap     ] GC(268) Humongous regions: 1->1
[2026-09-03T12:39:12.678+0800][37.214s][info][gc,metaspace] GC(268) Metaspace: 1059K(1216K)->1059K(1216K) NonClass: 994K(1088K)->994K(1088K) Class: 64K(128K)->64K(128K)
[2026-09-03T12:39:12.678+0800][37.214s][info][gc          ] GC(268) Pause Young (Concurrent Start) (G1 Evacuation Pause) 211M->129M(256M) 2.294ms
[2026-09-03T12:39:12.678+0800][37.214s][info][gc,cpu      ] GC(268) User=0.02s Sys=0.01s Real=0.00s
[2026-09-03T12:39:12.678+0800][37.214s][info][gc          ] GC(269) Concurrent Mark Cycle
[2026-09-03T12:39:12.678+0800][37.214s][info][gc,marking  ] GC(269) Concurrent Scan Root Regions
[2026-09-03T12:39:12.678+0800][37.214s][info][safepoint   ] Safepoint "G1CollectForAllocation", Time since last: 309202334 ns, Reaching safepoint: 2791 ns, At safepoint: 2322875 ns, Leaving safepoint: 24834 ns, Total: 2350500 ns, Threads: 0 runnable, 42 total
[2026-09-03T12:39:12.680+0800][37.216s][info][gc,marking  ] GC(269) Concurrent Scan Root Regions 2.126ms
[2026-09-03T12:39:12.680+0800][37.216s][info][gc,marking  ] GC(269) Concurrent Mark
[2026-09-03T12:39:12.680+0800][37.216s][info][gc,marking  ] GC(269) Concurrent Mark From Roots
[2026-09-03T12:39:12.680+0800][37.216s][info][gc,task     ] GC(269) Concurrent Mark Using 2 of 2 Workers
[2026-09-03T12:39:12.683+0800][37.220s][info][gc,marking  ] GC(269) Concurrent Mark From Roots 3.234ms
[2026-09-03T12:39:12.683+0800][37.220s][info][gc,marking  ] GC(269) Concurrent Preclean
[2026-09-03T12:39:12.683+0800][37.220s][info][gc,marking  ] GC(269) Concurrent Preclean 0.008ms
[2026-09-03T12:39:12.683+0800][37.220s][info][gc,start    ] GC(269) Pause Remark
[2026-09-03T12:39:12.683+0800][37.220s][info][gc          ] GC(269) Pause Remark 133M->102M(256M) 0.356ms
[2026-09-03T12:39:12.683+0800][37.220s][info][gc,cpu      ] GC(269) User=0.00s Sys=0.00s Real=0.00s
[2026-09-03T12:39:12.683+0800][37.220s][info][safepoint   ] Safepoint "G1PauseRemark", Time since last: 5420541 ns, Reaching safepoint: 20250 ns, At safepoint: 376667 ns, Leaving safepoint: 27458 ns, Total: 424375 ns, Threads: 3 runnable, 42 total
[2026-09-03T12:39:12.684+0800][37.220s][info][gc,marking  ] GC(269) Concurrent Mark 3.776ms
[2026-09-03T12:39:12.684+0800][37.220s][info][gc,marking  ] GC(269) Concurrent Rebuild Remembered Sets and Scrub Regions
[2026-09-03T12:39:12.687+0800][37.223s][info][gc,marking  ] GC(269) Concurrent Rebuild Remembered Sets and Scrub Regions 3.138ms
[2026-09-03T12:39:12.687+0800][37.223s][info][gc,start    ] GC(269) Pause Cleanup
[2026-09-03T12:39:12.687+0800][37.223s][info][gc          ] GC(269) Pause Cleanup 102M->102M(256M) 0.034ms
[2026-09-03T12:39:12.687+0800][37.223s][info][gc,cpu      ] GC(269) User=0.00s Sys=0.00s Real=0.00s
[2026-09-03T12:39:12.687+0800][37.223s][info][safepoint   ] Safepoint "G1PauseCleanup", Time since last: 3266042 ns, Reaching safepoint: 1625 ns, At safepoint: 50208 ns, Leaving safepoint: 5834 ns, Total: 57667 ns, Threads: 0 runnable, 42 total
[2026-09-03T12:39:12.687+0800][37.223s][info][gc,marking  ] GC(269) Concurrent Clear Claimed Marks
[2026-09-03T12:39:12.687+0800][37.223s][info][gc,marking  ] GC(269) Concurrent Clear Claimed Marks 0.009ms
[2026-09-03T12:39:12.687+0800][37.223s][info][gc,marking  ] GC(269) Concurrent Cleanup for Next Mark
[2026-09-03T12:39:12.687+0800][37.223s][info][gc,marking  ] GC(269) Concurrent Cleanup for Next Mark 0.108ms
[2026-09-03T12:39:12.687+0800][37.223s][info][gc          ] GC(269) Concurrent Mark Cycle 9.344ms
[2026-09-03T12:39:12.944+0800][37.480s][info][gc,start    ] GC(270) Pause Young (Prepare Mixed) (G1 Evacuation Pause)
[2026-09-03T12:39:12.944+0800][37.480s][info][gc,task     ] GC(270) Using 9 workers of 9 for evacuation
[2026-09-03T12:39:12.946+0800][37.482s][info][gc,phases   ] GC(270)   Pre Evacuate Collection Set: 0.07ms
[2026-09-03T12:39:12.946+0800][37.482s][info][gc,phases   ] GC(270)   Merge Heap Roots: 0.03ms
[2026-09-03T12:39:12.946+0800][37.482s][info][gc,phases   ] GC(270)   Evacuate Collection Set: 1.80ms
[2026-09-03T12:39:12.946+0800][37.482s][info][gc,phases   ] GC(270)   Post Evacuate Collection Set: 0.10ms
[2026-09-03T12:39:12.946+0800][37.482s][info][gc,phases   ] GC(270)   Other: 0.06ms
[2026-09-03T12:39:12.946+0800][37.482s][info][gc,heap     ] GC(270) Eden regions: 88->0(97)
[2026-09-03T12:39:12.946+0800][37.482s][info][gc,heap     ] GC(270) Survivor regions: 15->13(13)
[2026-09-03T12:39:12.946+0800][37.482s][info][gc,heap     ] GC(270) Old regions: 84->104
[2026-09-03T12:39:12.946+0800][37.482s][info][gc,heap     ] GC(270) Humongous regions: 1->1
[2026-09-03T12:39:12.946+0800][37.482s][info][gc,metaspace] GC(270) Metaspace: 1059K(1216K)->1059K(1216K) NonClass: 994K(1088K)->994K(1088K) Class: 64K(128K)->64K(128K)
[2026-09-03T12:39:12.946+0800][37.482s][info][gc          ] GC(270) Pause Young (Prepare Mixed) (G1 Evacuation Pause) 186M->116M(256M) 2.175ms
[2026-09-03T12:39:12.946+0800][37.482s][info][gc,cpu      ] GC(270) User=0.01s Sys=0.00s Real=0.00s
[2026-09-03T12:39:12.946+0800][37.482s][info][safepoint   ] Safepoint "G1CollectForAllocation", Time since last: 256748208 ns, Reaching safepoint: 21917 ns, At safepoint: 2203125 ns, Leaving safepoint: 19125 ns, Total: 2244167 ns, Threads: 2 runnable, 42 total
[2026-09-03T12:39:13.238+0800][37.775s][info][gc,start    ] GC(271) Pause Young (Mixed) (G1 Evacuation Pause)
[2026-09-03T12:39:13.238+0800][37.775s][info][gc,task     ] GC(271) Using 9 workers of 9 for evacuation
[2026-09-03T12:39:13.240+0800][37.777s][info][gc,phases   ] GC(271)   Pre Evacuate Collection Set: 0.05ms
[2026-09-03T12:39:13.240+0800][37.777s][info][gc,phases   ] GC(271)   Merge Heap Roots: 0.03ms
[2026-09-03T12:39:13.240+0800][37.777s][info][gc,phases   ] GC(271)   Evacuate Collection Set: 1.96ms
[2026-09-03T12:39:13.240+0800][37.777s][info][gc,phases   ] GC(271)   Post Evacuate Collection Set: 0.10ms
[2026-09-03T12:39:13.240+0800][37.777s][info][gc,phases   ] GC(271)   Other: 0.06ms
[2026-09-03T12:39:13.240+0800][37.777s][info][gc,heap     ] GC(271) Eden regions: 97->0(102)
[2026-09-03T12:39:13.240+0800][37.777s][info][gc,heap     ] GC(271) Survivor regions: 13->14(14)
[2026-09-03T12:39:13.240+0800][37.777s][info][gc,heap     ] GC(271) Old regions: 104->97
[2026-09-03T12:39:13.240+0800][37.777s][info][gc,heap     ] GC(271) Humongous regions: 1->1
[2026-09-03T12:39:13.240+0800][37.777s][info][gc,metaspace] GC(271) Metaspace: 1059K(1216K)->1059K(1216K) NonClass: 994K(1088K)->994K(1088K) Class: 64K(128K)->64K(128K)
[2026-09-03T12:39:13.240+0800][37.777s][info][gc          ] GC(271) Pause Young (Mixed) (G1 Evacuation Pause) 213M->110M(256M) 2.304ms
[2026-09-03T12:39:13.240+0800][37.777s][info][gc,cpu      ] GC(271) User=0.01s Sys=0.00s Real=0.01s
[2026-09-03T12:39:13.240+0800][37.777s][info][safepoint   ] Safepoint "G1CollectForAllocation", Time since last: 292269958 ns, Reaching safepoint: 19750 ns, At safepoint: 2328500 ns, Leaving safepoint: 37917 ns, Total: 2386167 ns, Threads: 2 runnable, 42 total
[2026-09-03T12:39:13.549+0800][38.085s][info][gc,start    ] GC(272) Pause Young (Concurrent Start) (G1 Evacuation Pause)
[2026-09-03T12:39:13.549+0800][38.085s][info][gc,task     ] GC(272) Using 9 workers of 9 for evacuation
[2026-09-03T12:39:13.551+0800][38.087s][info][gc,phases   ] GC(272)   Pre Evacuate Collection Set: 0.08ms
[2026-09-03T12:39:13.551+0800][38.087s][info][gc,phases   ] GC(272)   Merge Heap Roots: 0.04ms
[2026-09-03T12:39:13.551+0800][38.088s][info][gc,phases   ] GC(272)   Evacuate Collection Set: 2.07ms
[2026-09-03T12:39:13.551+0800][38.088s][info][gc,phases   ] GC(272)   Post Evacuate Collection Set: 0.11ms
[2026-09-03T12:39:13.551+0800][38.088s][info][gc,phases   ] GC(272)   Other: 0.05ms
[2026-09-03T12:39:13.551+0800][38.088s][info][gc,heap     ] GC(272) Eden regions: 102->0(87)
[2026-09-03T12:39:13.551+0800][38.088s][info][gc,heap     ] GC(272) Survivor regions: 14->15(15)
[2026-09-03T12:39:13.551+0800][38.088s][info][gc,heap     ] GC(272) Old regions: 97->116
[2026-09-03T12:39:13.551+0800][38.088s][info][gc,heap     ] GC(272) Humongous regions: 1->1
[2026-09-03T12:39:13.551+0800][38.088s][info][gc,metaspace] GC(272) Metaspace: 1059K(1216K)->1059K(1216K) NonClass: 994K(1088K)->994K(1088K) Class: 64K(128K)->64K(128K)
[2026-09-03T12:39:13.551+0800][38.088s][info][gc          ] GC(272) Pause Young (Concurrent Start) (G1 Evacuation Pause) 212M->131M(256M) 2.475ms
[2026-09-03T12:39:13.551+0800][38.088s][info][gc,cpu      ] GC(272) User=0.01s Sys=0.00s Real=0.01s
[2026-09-03T12:39:13.551+0800][38.088s][info][gc          ] GC(273) Concurrent Mark Cycle
[2026-09-03T12:39:13.551+0800][38.088s][info][gc,marking  ] GC(273) Concurrent Scan Root Regions
[2026-09-03T12:39:13.551+0800][38.088s][info][safepoint   ] Safepoint "G1CollectForAllocation", Time since last: 308055708 ns, Reaching safepoint: 21333 ns, At safepoint: 2506709 ns, Leaving safepoint: 21458 ns, Total: 2549500 ns, Threads: 2 runnable, 42 total
[2026-09-03T12:39:13.553+0800][38.090s][info][gc,marking  ] GC(273) Concurrent Scan Root Regions 2.054ms
[2026-09-03T12:39:13.553+0800][38.090s][info][gc,marking  ] GC(273) Concurrent Mark
[2026-09-03T12:39:13.553+0800][38.090s][info][gc,marking  ] GC(273) Concurrent Mark From Roots
[2026-09-03T12:39:13.553+0800][38.090s][info][gc,task     ] GC(273) Concurrent Mark Using 2 of 2 Workers
[2026-09-03T12:39:13.556+0800][38.093s][info][gc,marking  ] GC(273) Concurrent Mark From Roots 3.329ms
[2026-09-03T12:39:13.556+0800][38.093s][info][gc,marking  ] GC(273) Concurrent Preclean
[2026-09-03T12:39:13.556+0800][38.093s][info][gc,marking  ] GC(273) Concurrent Preclean 0.007ms
[2026-09-03T12:39:13.556+0800][38.093s][info][gc,start    ] GC(273) Pause Remark
[2026-09-03T12:39:13.557+0800][38.093s][info][gc          ] GC(273) Pause Remark 135M->102M(256M) 0.286ms
[2026-09-03T12:39:13.557+0800][38.093s][info][gc,cpu      ] GC(273) User=0.01s Sys=0.00s Real=0.00s
[2026-09-03T12:39:13.557+0800][38.093s][info][safepoint   ] Safepoint "G1PauseRemark", Time since last: 5421875 ns, Reaching safepoint: 2167 ns, At safepoint: 307625 ns, Leaving safepoint: 33833 ns, Total: 343625 ns, Threads: 0 runnable, 42 total
[2026-09-03T12:39:13.557+0800][38.093s][info][gc,marking  ] GC(273) Concurrent Mark 3.760ms
[2026-09-03T12:39:13.557+0800][38.093s][info][gc,marking  ] GC(273) Concurrent Rebuild Remembered Sets and Scrub Regions
[2026-09-03T12:39:13.562+0800][38.098s][info][gc,marking  ] GC(273) Concurrent Rebuild Remembered Sets and Scrub Regions 4.823ms
[2026-09-03T12:39:13.562+0800][38.098s][info][gc,start    ] GC(273) Pause Cleanup
[2026-09-03T12:39:13.562+0800][38.098s][info][gc          ] GC(273) Pause Cleanup 104M->104M(256M) 0.039ms
[2026-09-03T12:39:13.562+0800][38.098s][info][gc,cpu      ] GC(273) User=0.00s Sys=0.00s Real=0.00s
[2026-09-03T12:39:13.562+0800][38.098s][info][safepoint   ] Safepoint "G1PauseCleanup", Time since last: 4938792 ns, Reaching safepoint: 2750 ns, At safepoint: 59875 ns, Leaving safepoint: 5583 ns, Total: 68208 ns, Threads: 0 runnable, 42 total
[2026-09-03T12:39:13.562+0800][38.098s][info][gc,marking  ] GC(273) Concurrent Clear Claimed Marks
[2026-09-03T12:39:13.562+0800][38.098s][info][gc,marking  ] GC(273) Concurrent Clear Claimed Marks 0.012ms
[2026-09-03T12:39:13.562+0800][38.098s][info][gc,marking  ] GC(273) Concurrent Cleanup for Next Mark
[2026-09-03T12:39:13.562+0800][38.098s][info][gc,marking  ] GC(273) Concurrent Cleanup for Next Mark 0.086ms
[2026-09-03T12:39:13.562+0800][38.098s][info][gc          ] GC(273) Concurrent Mark Cycle 10.929ms
[2026-09-03T12:39:13.812+0800][38.349s][info][gc,start    ] GC(274) Pause Young (Prepare Mixed) (G1 Evacuation Pause)
[2026-09-03T12:39:13.812+0800][38.349s][info][gc,task     ] GC(274) Using 9 workers of 9 for evacuation
[2026-09-03T12:39:13.814+0800][38.351s][info][gc,phases   ] GC(274)   Pre Evacuate Collection Set: 0.05ms
[2026-09-03T12:39:13.814+0800][38.351s][info][gc,phases   ] GC(274)   Merge Heap Roots: 0.02ms
[2026-09-03T12:39:13.814+0800][38.351s][info][gc,phases   ] GC(274)   Evacuate Collection Set: 1.79ms
[2026-09-03T12:39:13.814+0800][38.351s][info][gc,phases   ] GC(274)   Post Evacuate Collection Set: 0.10ms
[2026-09-03T12:39:13.814+0800][38.351s][info][gc,phases   ] GC(274)   Other: 0.06ms
[2026-09-03T12:39:13.814+0800][38.351s][info][gc,heap     ] GC(274) Eden regions: 87->0(98)
[2026-09-03T12:39:13.814+0800][38.351s][info][gc,heap     ] GC(274) Survivor regions: 15->13(13)
[2026-09-03T12:39:13.814+0800][38.351s][info][gc,heap     ] GC(274) Old regions: 83->103
[2026-09-03T12:39:13.814+0800][38.351s][info][gc,heap     ] GC(274) Humongous regions: 1->1
[2026-09-03T12:39:13.814+0800][38.351s][info][gc,metaspace] GC(274) Metaspace: 1059K(1216K)->1059K(1216K) NonClass: 994K(1088K)->994K(1088K) Class: 64K(128K)->64K(128K)
[2026-09-03T12:39:13.814+0800][38.351s][info][gc          ] GC(274) Pause Young (Prepare Mixed) (G1 Evacuation Pause) 185M->116M(256M) 2.142ms
[2026-09-03T12:39:13.814+0800][38.351s][info][gc,cpu      ] GC(274) User=0.02s Sys=0.00s Real=0.00s
[2026-09-03T12:39:13.814+0800][38.351s][info][safepoint   ] Safepoint "G1CollectForAllocation", Time since last: 250473167 ns, Reaching safepoint: 2416 ns, At safepoint: 2167167 ns, Leaving safepoint: 40167 ns, Total: 2209750 ns, Threads: 0 runnable, 42 total
[2026-09-03T12:39:14.108+0800][38.645s][info][gc,start    ] GC(275) Pause Young (Mixed) (G1 Evacuation Pause)
[2026-09-03T12:39:14.108+0800][38.645s][info][gc,task     ] GC(275) Using 9 workers of 9 for evacuation
[2026-09-03T12:39:14.111+0800][38.647s][info][gc,phases   ] GC(275)   Pre Evacuate Collection Set: 0.05ms
[2026-09-03T12:39:14.111+0800][38.647s][info][gc,phases   ] GC(275)   Merge Heap Roots: 0.04ms
[2026-09-03T12:39:14.111+0800][38.647s][info][gc,phases   ] GC(275)   Evacuate Collection Set: 1.96ms
[2026-09-03T12:39:14.111+0800][38.647s][info][gc,phases   ] GC(275)   Post Evacuate Collection Set: 0.10ms
[2026-09-03T12:39:14.111+0800][38.647s][info][gc,phases   ] GC(275)   Other: 0.06ms
[2026-09-03T12:39:14.111+0800][38.647s][info][gc,heap     ] GC(275) Eden regions: 98->0(104)
[2026-09-03T12:39:14.111+0800][38.647s][info][gc,heap     ] GC(275) Survivor regions: 13->14(14)
[2026-09-03T12:39:14.111+0800][38.647s][info][gc,heap     ] GC(275) Old regions: 103->94
[2026-09-03T12:39:14.111+0800][38.647s][info][gc,heap     ] GC(275) Humongous regions: 1->1
[2026-09-03T12:39:14.111+0800][38.647s][info][gc,metaspace] GC(275) Metaspace: 1059K(1216K)->1059K(1216K) NonClass: 994K(1088K)->994K(1088K) Class: 64K(128K)->64K(128K)
[2026-09-03T12:39:14.111+0800][38.647s][info][gc          ] GC(275) Pause Young (Mixed) (G1 Evacuation Pause) 214M->108M(256M) 2.320ms
[2026-09-03T12:39:14.111+0800][38.647s][info][gc,cpu      ] GC(275) User=0.02s Sys=0.00s Real=0.01s
[2026-09-03T12:39:14.111+0800][38.647s][info][safepoint   ] Safepoint "G1CollectForAllocation", Time since last: 293754958 ns, Reaching safepoint: 2750 ns, At safepoint: 2345917 ns, Leaving safepoint: 25166 ns, Total: 2373833 ns, Threads: 0 runnable, 42 total
[2026-09-03T12:39:14.427+0800][38.964s][info][gc,start    ] GC(276) Pause Young (Concurrent Start) (G1 Evacuation Pause)
[2026-09-03T12:39:14.427+0800][38.964s][info][gc,task     ] GC(276) Using 9 workers of 9 for evacuation
[2026-09-03T12:39:14.429+0800][38.966s][info][gc,phases   ] GC(276)   Pre Evacuate Collection Set: 0.10ms
[2026-09-03T12:39:14.429+0800][38.966s][info][gc,phases   ] GC(276)   Merge Heap Roots: 0.02ms
[2026-09-03T12:39:14.429+0800][38.966s][info][gc,phases   ] GC(276)   Evacuate Collection Set: 1.87ms
[2026-09-03T12:39:14.429+0800][38.966s][info][gc,phases   ] GC(276)   Post Evacuate Collection Set: 0.11ms
[2026-09-03T12:39:14.429+0800][38.966s][info][gc,phases   ] GC(276)   Other: 0.05ms
[2026-09-03T12:39:14.429+0800][38.966s][info][gc,heap     ] GC(276) Eden regions: 104->0(89)
[2026-09-03T12:39:14.429+0800][38.966s][info][gc,heap     ] GC(276) Survivor regions: 14->15(15)
[2026-09-03T12:39:14.429+0800][38.966s][info][gc,heap     ] GC(276) Old regions: 94->114
[2026-09-03T12:39:14.429+0800][38.966s][info][gc,heap     ] GC(276) Humongous regions: 1->1
[2026-09-03T12:39:14.429+0800][38.966s][info][gc,metaspace] GC(276) Metaspace: 1059K(1216K)->1059K(1216K) NonClass: 994K(1088K)->994K(1088K) Class: 64K(128K)->64K(128K)
[2026-09-03T12:39:14.429+0800][38.966s][info][gc          ] GC(276) Pause Young (Concurrent Start) (G1 Evacuation Pause) 212M->129M(256M) 2.275ms
[2026-09-03T12:39:14.429+0800][38.966s][info][gc,cpu      ] GC(276) User=0.02s Sys=0.00s Real=0.00s
[2026-09-03T12:39:14.429+0800][38.966s][info][gc          ] GC(277) Concurrent Mark Cycle
[2026-09-03T12:39:14.430+0800][38.966s][info][gc,marking  ] GC(277) Concurrent Scan Root Regions
[2026-09-03T12:39:14.430+0800][38.966s][info][safepoint   ] Safepoint "G1CollectForAllocation", Time since last: 316562500 ns, Reaching safepoint: 2292 ns, At safepoint: 2309167 ns, Leaving safepoint: 38416 ns, Total: 2349875 ns, Threads: 0 runnable, 42 total
[2026-09-03T12:39:14.432+0800][38.968s][info][gc,marking  ] GC(277) Concurrent Scan Root Regions 2.027ms
[2026-09-03T12:39:14.432+0800][38.968s][info][gc,marking  ] GC(277) Concurrent Mark
[2026-09-03T12:39:14.432+0800][38.968s][info][gc,marking  ] GC(277) Concurrent Mark From Roots
[2026-09-03T12:39:14.432+0800][38.968s][info][gc,task     ] GC(277) Concurrent Mark Using 2 of 2 Workers
[2026-09-03T12:39:14.435+0800][38.972s][info][gc,marking  ] GC(277) Concurrent Mark From Roots 3.601ms
[2026-09-03T12:39:14.435+0800][38.972s][info][gc,marking  ] GC(277) Concurrent Preclean
[2026-09-03T12:39:14.435+0800][38.972s][info][gc,marking  ] GC(277) Concurrent Preclean 0.009ms
[2026-09-03T12:39:14.435+0800][38.972s][info][gc,start    ] GC(277) Pause Remark
[2026-09-03T12:39:14.436+0800][38.972s][info][gc          ] GC(277) Pause Remark 133M->99M(256M) 0.305ms
[2026-09-03T12:39:14.436+0800][38.972s][info][gc,cpu      ] GC(277) User=0.00s Sys=0.00s Real=0.00s
[2026-09-03T12:39:14.436+0800][38.972s][info][safepoint   ] Safepoint "G1PauseRemark", Time since last: 5668959 ns, Reaching safepoint: 2291 ns, At safepoint: 325417 ns, Leaving safepoint: 17833 ns, Total: 345541 ns, Threads: 0 runnable, 42 total
[2026-09-03T12:39:14.436+0800][38.972s][info][gc,marking  ] GC(277) Concurrent Mark 4.032ms
[2026-09-03T12:39:14.436+0800][38.972s][info][gc,marking  ] GC(277) Concurrent Rebuild Remembered Sets and Scrub Regions
[2026-09-03T12:39:14.439+0800][38.975s][info][gc,marking  ] GC(277) Concurrent Rebuild Remembered Sets and Scrub Regions 2.923ms
[2026-09-03T12:39:14.439+0800][38.975s][info][gc,start    ] GC(277) Pause Cleanup
[2026-09-03T12:39:14.439+0800][38.975s][info][gc          ] GC(277) Pause Cleanup 99M->99M(256M) 0.035ms
[2026-09-03T12:39:14.439+0800][38.975s][info][gc,cpu      ] GC(277) User=0.00s Sys=0.00s Real=0.00s
[2026-09-03T12:39:14.439+0800][38.975s][info][safepoint   ] Safepoint "G1PauseCleanup", Time since last: 2989584 ns, Reaching safepoint: 1500 ns, At safepoint: 54166 ns, Leaving safepoint: 3000 ns, Total: 58666 ns, Threads: 0 runnable, 42 total
[2026-09-03T12:39:14.439+0800][38.975s][info][gc,marking  ] GC(277) Concurrent Clear Claimed Marks
[2026-09-03T12:39:14.439+0800][38.975s][info][gc,marking  ] GC(277) Concurrent Clear Claimed Marks 0.007ms
[2026-09-03T12:39:14.439+0800][38.975s][info][gc,marking  ] GC(277) Concurrent Cleanup for Next Mark
[2026-09-03T12:39:14.439+0800][38.975s][info][gc,marking  ] GC(277) Concurrent Cleanup for Next Mark 0.086ms
[2026-09-03T12:39:14.439+0800][38.975s][info][gc          ] GC(277) Concurrent Mark Cycle 9.229ms
[2026-09-03T12:39:14.696+0800][39.233s][info][gc,start    ] GC(278) Pause Young (Prepare Mixed) (G1 Evacuation Pause)
[2026-09-03T12:39:14.696+0800][39.233s][info][gc,task     ] GC(278) Using 9 workers of 9 for evacuation
[2026-09-03T12:39:14.699+0800][39.235s][info][gc,phases   ] GC(278)   Pre Evacuate Collection Set: 0.04ms
[2026-09-03T12:39:14.699+0800][39.235s][info][gc,phases   ] GC(278)   Merge Heap Roots: 0.02ms
[2026-09-03T12:39:14.699+0800][39.235s][info][gc,phases   ] GC(278)   Evacuate Collection Set: 1.92ms
[2026-09-03T12:39:14.699+0800][39.235s][info][gc,phases   ] GC(278)   Post Evacuate Collection Set: 0.11ms
[2026-09-03T12:39:14.699+0800][39.235s][info][gc,phases   ] GC(278)   Other: 0.06ms
[2026-09-03T12:39:14.699+0800][39.235s][info][gc,heap     ] GC(278) Eden regions: 89->0(100)
[2026-09-03T12:39:14.699+0800][39.235s][info][gc,heap     ] GC(278) Survivor regions: 15->13(13)
[2026-09-03T12:39:14.699+0800][39.235s][info][gc,heap     ] GC(278) Old regions: 80->100
[2026-09-03T12:39:14.699+0800][39.235s][info][gc,heap     ] GC(278) Humongous regions: 1->1
[2026-09-03T12:39:14.699+0800][39.235s][info][gc,metaspace] GC(278) Metaspace: 1059K(1216K)->1059K(1216K) NonClass: 994K(1088K)->994K(1088K) Class: 64K(128K)->64K(128K)
[2026-09-03T12:39:14.699+0800][39.235s][info][gc          ] GC(278) Pause Young (Prepare Mixed) (G1 Evacuation Pause) 184M->113M(256M) 2.275ms
[2026-09-03T12:39:14.699+0800][39.235s][info][gc,cpu      ] GC(278) User=0.01s Sys=0.00s Real=0.00s
[2026-09-03T12:39:14.699+0800][39.235s][info][safepoint   ] Safepoint "G1CollectForAllocation", Time since last: 257841250 ns, Reaching safepoint: 3042 ns, At safepoint: 2303042 ns, Leaving safepoint: 73208 ns, Total: 2379292 ns, Threads: 0 runnable, 42 total
[2026-09-03T12:39:14.999+0800][39.536s][info][gc,start    ] GC(279) Pause Young (Mixed) (G1 Evacuation Pause)
[2026-09-03T12:39:14.999+0800][39.536s][info][gc,task     ] GC(279) Using 9 workers of 9 for evacuation
[2026-09-03T12:39:15.002+0800][39.538s][info][gc,phases   ] GC(279)   Pre Evacuate Collection Set: 0.07ms
[2026-09-03T12:39:15.002+0800][39.538s][info][gc,phases   ] GC(279)   Merge Heap Roots: 0.05ms
[2026-09-03T12:39:15.002+0800][39.538s][info][gc,phases   ] GC(279)   Evacuate Collection Set: 2.07ms
[2026-09-03T12:39:15.002+0800][39.538s][info][gc,phases   ] GC(279)   Post Evacuate Collection Set: 0.13ms
[2026-09-03T12:39:15.002+0800][39.538s][info][gc,phases   ] GC(279)   Other: 0.06ms
[2026-09-03T12:39:15.002+0800][39.538s][info][gc,heap     ] GC(279) Eden regions: 100->0(103)
[2026-09-03T12:39:15.002+0800][39.538s][info][gc,heap     ] GC(279) Survivor regions: 13->15(15)
[2026-09-03T12:39:15.002+0800][39.538s][info][gc,heap     ] GC(279) Old regions: 100->94
[2026-09-03T12:39:15.002+0800][39.538s][info][gc,heap     ] GC(279) Humongous regions: 1->1
[2026-09-03T12:39:15.002+0800][39.538s][info][gc,metaspace] GC(279) Metaspace: 1059K(1216K)->1059K(1216K) NonClass: 994K(1088K)->994K(1088K) Class: 64K(128K)->64K(128K)
[2026-09-03T12:39:15.002+0800][39.538s][info][gc          ] GC(279) Pause Young (Mixed) (G1 Evacuation Pause) 213M->108M(256M) 2.487ms
[2026-09-03T12:39:15.002+0800][39.538s][info][gc,cpu      ] GC(279) User=0.02s Sys=0.00s Real=0.01s
[2026-09-03T12:39:15.002+0800][39.538s][info][safepoint   ] Safepoint "G1CollectForAllocation", Time since last: 300563500 ns, Reaching safepoint: 21292 ns, At safepoint: 2513958 ns, Leaving safepoint: 28500 ns, Total: 2563750 ns, Threads: 1 runnable, 42 total
[2026-09-03T12:39:15.312+0800][39.848s][info][gc,start    ] GC(280) Pause Young (Concurrent Start) (G1 Evacuation Pause)
[2026-09-03T12:39:15.312+0800][39.849s][info][gc,task     ] GC(280) Using 9 workers of 9 for evacuation
[2026-09-03T12:39:15.314+0800][39.851s][info][gc,phases   ] GC(280)   Pre Evacuate Collection Set: 0.07ms
[2026-09-03T12:39:15.314+0800][39.851s][info][gc,phases   ] GC(280)   Merge Heap Roots: 0.02ms
[2026-09-03T12:39:15.314+0800][39.851s][info][gc,phases   ] GC(280)   Evacuate Collection Set: 1.91ms
[2026-09-03T12:39:15.314+0800][39.851s][info][gc,phases   ] GC(280)   Post Evacuate Collection Set: 0.11ms
[2026-09-03T12:39:15.314+0800][39.851s][info][gc,phases   ] GC(280)   Other: 0.06ms
[2026-09-03T12:39:15.314+0800][39.851s][info][gc,heap     ] GC(280) Eden regions: 103->0(88)
[2026-09-03T12:39:15.314+0800][39.851s][info][gc,heap     ] GC(280) Survivor regions: 15->15(15)
[2026-09-03T12:39:15.314+0800][39.851s][info][gc,heap     ] GC(280) Old regions: 94->115
[2026-09-03T12:39:15.314+0800][39.851s][info][gc,heap     ] GC(280) Humongous regions: 1->1
[2026-09-03T12:39:15.314+0800][39.851s][info][gc,metaspace] GC(280) Metaspace: 1059K(1216K)->1059K(1216K) NonClass: 994K(1088K)->994K(1088K) Class: 64K(128K)->64K(128K)
[2026-09-03T12:39:15.314+0800][39.851s][info][gc          ] GC(280) Pause Young (Concurrent Start) (G1 Evacuation Pause) 211M->130M(256M) 2.286ms
[2026-09-03T12:39:15.314+0800][39.851s][info][gc,cpu      ] GC(280) User=0.02s Sys=0.00s Real=0.00s
[2026-09-03T12:39:15.314+0800][39.851s][info][gc          ] GC(281) Concurrent Mark Cycle
[2026-09-03T12:39:15.314+0800][39.851s][info][gc,marking  ] GC(281) Concurrent Scan Root Regions
[2026-09-03T12:39:15.314+0800][39.851s][info][safepoint   ] Safepoint "G1CollectForAllocation", Time since last: 309975625 ns, Reaching safepoint: 2833 ns, At safepoint: 2317459 ns, Leaving safepoint: 39375 ns, Total: 2359667 ns, Threads: 0 runnable, 42 total
[2026-09-03T12:39:15.316+0800][39.853s][info][gc,marking  ] GC(281) Concurrent Scan Root Regions 2.057ms
[2026-09-03T12:39:15.316+0800][39.853s][info][gc,marking  ] GC(281) Concurrent Mark
[2026-09-03T12:39:15.316+0800][39.853s][info][gc,marking  ] GC(281) Concurrent Mark From Roots
[2026-09-03T12:39:15.316+0800][39.853s][info][gc,task     ] GC(281) Concurrent Mark Using 2 of 2 Workers
[2026-09-03T12:39:15.320+0800][39.857s][info][gc,marking  ] GC(281) Concurrent Mark From Roots 3.691ms
[2026-09-03T12:39:15.320+0800][39.857s][info][gc,marking  ] GC(281) Concurrent Preclean
[2026-09-03T12:39:15.320+0800][39.857s][info][gc,marking  ] GC(281) Concurrent Preclean 0.008ms
[2026-09-03T12:39:15.320+0800][39.857s][info][gc,start    ] GC(281) Pause Remark
[2026-09-03T12:39:15.320+0800][39.857s][info][gc          ] GC(281) Pause Remark 134M->103M(256M) 0.335ms
[2026-09-03T12:39:15.320+0800][39.857s][info][gc,cpu      ] GC(281) User=0.00s Sys=0.01s Real=0.00s
[2026-09-03T12:39:15.320+0800][39.857s][info][safepoint   ] Safepoint "G1PauseRemark", Time since last: 5780000 ns, Reaching safepoint: 2250 ns, At safepoint: 353625 ns, Leaving safepoint: 26083 ns, Total: 381958 ns, Threads: 0 runnable, 42 total
[2026-09-03T12:39:15.321+0800][39.857s][info][gc,marking  ] GC(281) Concurrent Mark 4.192ms
[2026-09-03T12:39:15.321+0800][39.857s][info][gc,marking  ] GC(281) Concurrent Rebuild Remembered Sets and Scrub Regions
[2026-09-03T12:39:15.324+0800][39.860s][info][gc,marking  ] GC(281) Concurrent Rebuild Remembered Sets and Scrub Regions 3.029ms
[2026-09-03T12:39:15.324+0800][39.860s][info][gc,start    ] GC(281) Pause Cleanup
[2026-09-03T12:39:15.324+0800][39.860s][info][gc          ] GC(281) Pause Cleanup 103M->103M(256M) 0.033ms
[2026-09-03T12:39:15.324+0800][39.860s][info][gc,cpu      ] GC(281) User=0.00s Sys=0.00s Real=0.00s
[2026-09-03T12:39:15.324+0800][39.860s][info][safepoint   ] Safepoint "G1PauseCleanup", Time since last: 3155167 ns, Reaching safepoint: 20333 ns, At safepoint: 48833 ns, Leaving safepoint: 2875 ns, Total: 72041 ns, Threads: 1 runnable, 42 total
[2026-09-03T12:39:15.324+0800][39.860s][info][gc,marking  ] GC(281) Concurrent Clear Claimed Marks
[2026-09-03T12:39:15.324+0800][39.860s][info][gc,marking  ] GC(281) Concurrent Clear Claimed Marks 0.012ms
[2026-09-03T12:39:15.324+0800][39.860s][info][gc,marking  ] GC(281) Concurrent Cleanup for Next Mark
[2026-09-03T12:39:15.324+0800][39.860s][info][gc,marking  ] GC(281) Concurrent Cleanup for Next Mark 0.105ms
[2026-09-03T12:39:15.324+0800][39.860s][info][gc          ] GC(281) Concurrent Mark Cycle 9.578ms
[2026-09-03T12:39:15.581+0800][40.118s][info][gc,start    ] GC(282) Pause Young (Prepare Mixed) (G1 Evacuation Pause)
[2026-09-03T12:39:15.581+0800][40.118s][info][gc,task     ] GC(282) Using 9 workers of 9 for evacuation
[2026-09-03T12:39:15.584+0800][40.120s][info][gc,phases   ] GC(282)   Pre Evacuate Collection Set: 0.05ms
[2026-09-03T12:39:15.584+0800][40.120s][info][gc,phases   ] GC(282)   Merge Heap Roots: 0.02ms
[2026-09-03T12:39:15.584+0800][40.120s][info][gc,phases   ] GC(282)   Evacuate Collection Set: 2.07ms
[2026-09-03T12:39:15.584+0800][40.120s][info][gc,phases   ] GC(282)   Post Evacuate Collection Set: 0.09ms
[2026-09-03T12:39:15.584+0800][40.120s][info][gc,phases   ] GC(282)   Other: 0.06ms
[2026-09-03T12:39:15.584+0800][40.120s][info][gc,heap     ] GC(282) Eden regions: 88->0(97)
[2026-09-03T12:39:15.584+0800][40.120s][info][gc,heap     ] GC(282) Survivor regions: 15->13(13)
[2026-09-03T12:39:15.584+0800][40.120s][info][gc,heap     ] GC(282) Old regions: 84->105
[2026-09-03T12:39:15.584+0800][40.120s][info][gc,heap     ] GC(282) Humongous regions: 1->1
[2026-09-03T12:39:15.584+0800][40.120s][info][gc,metaspace] GC(282) Metaspace: 1059K(1216K)->1059K(1216K) NonClass: 994K(1088K)->994K(1088K) Class: 64K(128K)->64K(128K)
[2026-09-03T12:39:15.584+0800][40.120s][info][gc          ] GC(282) Pause Young (Prepare Mixed) (G1 Evacuation Pause) 187M->117M(256M) 2.404ms
[2026-09-03T12:39:15.584+0800][40.120s][info][gc,cpu      ] GC(282) User=0.01s Sys=0.01s Real=0.00s
[2026-09-03T12:39:15.584+0800][40.120s][info][safepoint   ] Safepoint "G1CollectForAllocation", Time since last: 257537792 ns, Reaching safepoint: 2375 ns, At safepoint: 2427958 ns, Leaving safepoint: 33250 ns, Total: 2463583 ns, Threads: 0 runnable, 42 total
[2026-09-03T12:39:15.865+0800][40.402s][info][gc,exit     ] Heap
[2026-09-03T12:39:15.865+0800][40.402s][info][gc,exit     ]  garbage-first heap   total reserved 262144K, committed 262144K, used 208242K [0x00000007f0000000, 0x0000000800000000)
[2026-09-03T12:39:15.865+0800][40.402s][info][gc,exit     ]   region size 1M, 86 eden (86M), 13 survivor (13M), 105 old (105M), 1 humongous (1M), 51 free (51M)
[2026-09-03T12:39:15.865+0800][40.402s][info][gc,exit     ]  Metaspace       used 1141K, committed 1344K, reserved 1114112K
[2026-09-03T12:39:15.865+0800][40.402s][info][gc,exit     ]   class space    used 76K, committed 192K, reserved 1048576K
